store,category,name,brand,price,promo_price,unit_price,unit,url,scraped_at
Delhaize,Sport en gezondheid,Gerlinéa Drinkmaaltijd | Ijskoffie,Gerlinéa,2.99,,"12,67 €/l",,https://www.delhaize.be/nl/shop/Sport-and-Gezondheid/Diet/Maaltijdvervangers/Drinkmaaltijd-Ijskoffie/p/S2018072400087790000,2026-05-10T15:05:09.257186
Delhaize,Sport en gezondheid,Gerlinéa Drinkmaaltijd | Vanille,Gerlinéa,2.99,,"12,67 €/l",,https://www.delhaize.be/nl/shop/Sport-and-Gezondheid/Diet/Maaltijdvervangers/Drinkmaaltijd-Vanille/p/S2018072300086980000,2026-05-10T15:05:09.784379
Delhaize,Sport en gezondheid,Isostar High protein bar | Hazelnoot,Isostar,2.55,,"72,86 €/kg",,https://www.delhaize.be/nl/shop/Sport-and-Gezondheid/Sportvoeding/Eiwitrijke-snacks/High-protein-bar-Hazelnoot/p/S2007022100206200000,2026-05-10T15:05:10.320473
Delhaize,Sport en gezondheid,Isostar High energy | Banaan,Isostar,4.59,,"38,25 €/kg",,https://www.delhaize.be/nl/shop/Sport-and-Gezondheid/Sportvoeding/Eiwitrijke-snacks/High-energy-Banaan/p/S2008031800051810000,2026-05-10T15:05:10.863458
Delhaize,Sport en gezondheid,Isostar Hydrate&Perform | Citroensmaak,Isostar,9.09,,"22,73 €/kg",,https://www.delhaize.be/nl/shop/Sport-and-Gezondheid/Sportvoeding/Eiwitpoeder/Hydrate-and-Perform-Citroensmaak/p/S2004022000206010000,2026-05-10T15:05:11.408827
Delhaize,Sport en gezondheid,Gerlinéa Reep | Pinda nougat | Maaltijdvervangend,Gerlinéa,4.55,,"39,22 €/kg",,https://www.delhaize.be/nl/shop/Sport-and-Gezondheid/Diet/Snacks/Reep-Pinda-nougat-Maaltijdvervangend/p/S2015091200392340000,2026-05-10T15:05:11.971634
Delhaize,Sport en gezondheid,Biover Vitamine C | Bruistabletten,Biover,4.89,,"0,24 €/st",,https://www.delhaize.be/nl/shop/Sport-and-Gezondheid/Vitaminen-and-supplementen/Vitamine-C-Bruistabletten/p/S2021122000595270000,2026-05-10T15:05:12.533512
Delhaize,Sport en gezondheid,Biover Magnesium forte | Tabs,Biover,10.79,,"0,24 €/st",,https://www.delhaize.be/nl/shop/Sport-and-Gezondheid/Vitaminen-and-supplementen/Magnesium-forte-Tabs/p/S2021122000595160000,2026-05-10T15:05:13.096711
Delhaize,Sport en gezondheid,Gerlinéa Reep | Chocolade-Hazelnoot,Gerlinéa,7.79,,"48,69 €/kg",,https://www.delhaize.be/nl/shop/Sport-and-Gezondheid/Diet/Snacks/Reep-Chocolade-Hazelnoot/p/S2009031700209410000,2026-05-10T15:05:13.669829
Delhaize,Sport en gezondheid,Davitamon Junior Multivitamine | Framboos,Davitamon,21.49,,"0,36 €/st",,https://www.delhaize.be/nl/shop/Sport-and-Gezondheid/Vitaminen-and-supplementen/Junior-Multivitamine-Framboos/p/S2022041900619880000,2026-05-10T15:05:14.239735
Delhaize,Sport en gezondheid,Gerlinéa Crusty snack | Pure chocolade,Gerlinéa,4.65,,"45,59 €/kg",,https://www.delhaize.be/nl/shop/Sport-and-Gezondheid/Diet/Snacks/Crusty-snack-Pure-chocolade/p/S2019072300282570000,2026-05-10T15:05:14.808565
Delhaize,Sport en gezondheid,Gerlinéa Reep | Choco crisp | Maaltijdvervangend,Gerlinéa,4.55,,"39,22 €/kg",,https://www.delhaize.be/nl/shop/Sport-and-Gezondheid/Diet/Snacks/Reep-Choco-crisp-Maaltijdvervangend/p/S2015091200392420000,2026-05-10T15:05:15.380342
Delhaize,Sport en gezondheid,Biover Hoestsiroop | 120ml,Biover,12.85,,"107,08 €/l",,https://www.delhaize.be/nl/shop/Sport-and-Gezondheid/Vitaminen-and-supplementen/Hoestsiroop-120ml/p/S2020111700471180000,2026-05-10T15:05:15.949875
Delhaize,Sport en gezondheid,Biover Energie+ | 20 bruistabletten,Biover,5.79,,"0,29 €/st",,https://www.delhaize.be/nl/shop/Sport-and-Gezondheid/Vitaminen-and-supplementen/Energie-20-bruistabletten/p/S2020111700471150000,2026-05-10T15:05:16.517985
Delhaize,Sport en gezondheid,Biover Vitamine D3 | Caps,Biover,8.15,,"0,27 €/st",,https://www.delhaize.be/nl/shop/Sport-and-Gezondheid/Vitaminen-and-supplementen/Vitamine-D3-Caps/p/S2021122000595320000,2026-05-10T15:05:17.089045
Delhaize,Sport en gezondheid,Isostar Reep | Chocolade,Isostar,4.99,,"47,52 €/kg",,https://www.delhaize.be/nl/shop/Sport-and-Gezondheid/Sportvoeding/Eiwitrijke-snacks/Reep-Chocolade/p/S2014031800215190000,2026-05-10T15:05:17.662440
Delhaize,Sport en gezondheid,Biover Triple Magnesium | 30 tabs,Biover,17.15,,"0,57 €/st",,https://www.delhaize.be/nl/shop/Sport-and-Gezondheid/Vitaminen-and-supplementen/Triple-Magnesium-30-tabs/p/S2022020100602890000,2026-05-10T15:05:18.237001
Delhaize,Sport en gezondheid,Gerlinéa Reep | Melkchocolade,Gerlinéa,15.29,,"41,10 €/kg",,https://www.delhaize.be/nl/shop/Sport-and-Gezondheid/Diet/Snacks/Reep-Melkchocolade/p/S2018081000099460000,2026-05-10T15:05:18.807749
Delhaize,Sport en gezondheid,Isostar Hydrate&Perform | Sinaaspoeder,Isostar,10.19,,"25,48 €/kg",,https://www.delhaize.be/nl/shop/Sport-and-Gezondheid/Sportvoeding/Eiwitpoeder/Hydrate-and-Perform-Sinaaspoeder/p/S2002020800206020000,2026-05-10T15:05:19.376127
Delhaize,Sport en gezondheid,Isostar Power tabs | Fast Hydration | Citroen,Isostar,8.09,,"67,42 €/kg",,https://www.delhaize.be/nl/shop/Sport-and-Gezondheid/Sportvoeding/Eiwitpoeder/Power-tabs-Fast-Hydration-Citroen/p/S2004092200209320000,2026-05-10T15:05:19.941821
Delhaize,Sport en gezondheid,Biover Vitamine C + Zink | Tablets,Biover,11.29,,"0,19 €/st",,https://www.delhaize.be/nl/shop/Sport-and-Gezondheid/Vitaminen-and-supplementen/Vitamine-C-Zink-Tablets/p/S2022033100616470000,2026-05-10T15:05:20.508342
Delhaize,Sport en gezondheid,Isostar High energy | Fruit boos | Aardbei smaak,Isostar,7.09,,"70,90 €/kg",,https://www.delhaize.be/nl/shop/Sport-and-Gezondheid/Sportvoeding/Eiwitrijke-snacks/High-energy-Fruit-boos-Aardbei-smaak/p/S2013021800213590000,2026-05-10T15:05:21.078565
Delhaize,Sport en gezondheid,Biover Triple Energy | 20tabs,Biover,16.19,,"0,81 €/st",,https://www.delhaize.be/nl/shop/Sport-and-Gezondheid/Vitaminen-and-supplementen/Triple-Energy-20tabs/p/S2020061100436290000,2026-05-10T15:05:21.647772
Delhaize,Sport en gezondheid,Isostar Recovery bar | Chocolade,Isostar,2.55,,"63,75 €/kg",,https://www.delhaize.be/nl/shop/Sport-and-Gezondheid/Sportvoeding/Eiwitrijke-snacks/Recovery-bar-Chocolade/p/S2007022100206160000,2026-05-10T15:05:22.210142
Delhaize,Sport en gezondheid,Isostar Acti food | Energy | Appelsmaak,Isostar,3.89,,"43,22 €/kg",,https://www.delhaize.be/nl/shop/Sport-and-Gezondheid/Sportvoeding/Eiwitrijke-snacks/Acti-food-Energy-Appelsmaak/p/S2013021800213540000,2026-05-10T15:05:22.774132
Delhaize,Sport en gezondheid,Isostar Sort Bars | Antioxidant | Cranberry,Isostar,5.79,,"48,25 €/kg",,https://www.delhaize.be/nl/shop/Sport-and-Gezondheid/Sportvoeding/Eiwitrijke-snacks/Sort-Bars-Antioxidant-Cranberry/p/S2015012100206090000,2026-05-10T15:05:23.343063
Delhaize,Sport en gezondheid,Dextro Energy Blauwe bes,Dextro Energy,2.99,,"21,21 €/kg",,https://www.delhaize.be/nl/shop/Sport-and-Gezondheid/Sportvoeding/Eiwitrijke-snacks/Blauwe-bes/p/S2021031100525870000,2026-05-10T15:05:23.909069
Delhaize,Sport en gezondheid,Biover B-Complex | Tabs,Biover,11.99,,"0,27 €/st",,https://www.delhaize.be/nl/shop/Sport-and-Gezondheid/Vitaminen-and-supplementen/B-Complex-Tabs/p/S2021122000595290000,2026-05-10T15:05:24.480695
Delhaize,Sport en gezondheid,Gerlinéa Barre | Caramel,Gerlinéa,15.29,,"41,10 €/kg",,https://www.delhaize.be/nl/shop/Sport-and-Gezondheid/Diet/Snacks/Barre-Caramel/p/S2015101600399040000,2026-05-10T15:05:25.042506
Delhaize,Sport en gezondheid,Biover Neusspoeling | 100ml,Biover,11.45,,"114,50 €/l",,https://www.delhaize.be/nl/shop/Sport-and-Gezondheid/Vitaminen-and-supplementen/Neusspoeling-100ml/p/S2020111700471170000,2026-05-10T15:05:25.608654
Delhaize,Sport en gezondheid,Biover Multivitamine+ | Bruistabletten,Biover,6.39,,"0,32 €/st",,https://www.delhaize.be/nl/shop/Sport-and-Gezondheid/Vitaminen-and-supplementen/Multivitamine-Bruistabletten/p/S2022012800602420000,2026-05-10T15:05:26.178943
Delhaize,Sport en gezondheid,Biover Echinacea forte | Caps,Biover,10.19,,"0,34 €/st",,https://www.delhaize.be/nl/shop/Sport-and-Gezondheid/Vitaminen-and-supplementen/Echinacea-forte-Caps/p/S2022033000616360000,2026-05-10T15:05:26.743587
Delhaize,Sport en gezondheid,Isostar Power tabs | Fast hydration | Sinaasappel,Isostar,8.09,,"67,42 €/kg",,https://www.delhaize.be/nl/shop/Sport-and-Gezondheid/Sportvoeding/Eiwitpoeder/Power-tabs-Fast-hydration-Sinaasappel/p/S2004092200209360000,2026-05-10T15:05:27.315995
Delhaize,Sport en gezondheid,Davitamon Teens Multivitamins | 60 tabs,Davitamon,17.99,,"0,30 €/st",,https://www.delhaize.be/nl/shop/Sport-and-Gezondheid/Vitaminen-and-supplementen/Teens-Multivitamins-60-tabs/p/S2022041200618930000,2026-05-10T15:05:27.881087
Delhaize,Sport en gezondheid,Biover Dennensiroop | Bio,Biover,12.75,,"85,00 €/l",,https://www.delhaize.be/nl/shop/Bio-Eco-en-Fairtrade/Bio/Hygiene-en-verzorging/Parafarmaceutische-producten/Dennensiroop-Bio/p/S2003010200124910000,2026-05-10T15:05:28.448602
Delhaize,Sport en gezondheid,Biover Valerania forte | Caps,Biover,12.99,,"0,29 €/st",,https://www.delhaize.be/nl/shop/Sport-and-Gezondheid/Vitaminen-and-supplementen/Valerania-forte-Caps/p/S2022033100616460000,2026-05-10T15:05:29.006485
Delhaize,Sport en gezondheid,Biover Keelspray | 20ml,Biover,10.15,,"507,50 €/l",,https://www.delhaize.be/nl/shop/Sport-and-Gezondheid/Vitaminen-and-supplementen/Keelspray-20ml/p/S2020111700471190000,2026-05-10T15:05:29.566768
Delhaize,Sport en gezondheid,Biover Neusspray | 20ml,Biover,10.25,,"512,50 €/l",,https://www.delhaize.be/nl/shop/Sport-and-Gezondheid/Vitaminen-and-supplementen/Neusspray-20ml/p/S2020111700471160000,2026-05-10T15:05:30.141004
Delhaize,Sport en gezondheid,Biover Vitamine E | 100 caps,Biover,16.59,,"0,17 €/st",,https://www.delhaize.be/nl/shop/Sport-and-Gezondheid/Vitaminen-and-supplementen/Vitamine-E-100-caps/p/S2020111700471110000,2026-05-10T15:05:30.706061
Delhaize,Sport en gezondheid,Ymea Platte buik | 64 caps,Ymea,25.49,,"0,40 €/st",,https://www.delhaize.be/nl/shop/Sport-and-Gezondheid/Vitaminen-and-supplementen/Platte-buik-64-caps/p/S2020120700474990000,2026-05-10T15:05:31.275617
Delhaize,Sport en gezondheid,Isostar Eiwitrijke reep | Chocolade,Isostar,2.65,,"48,18 €/kg",,https://www.delhaize.be/nl/shop/Sport-and-Gezondheid/Sportvoeding/Eiwitrijke-snacks/Eiwitrijke-reep-Chocolade/p/S2023060800706170000,2026-05-10T15:05:31.843233
Delhaize,Sport en gezondheid,Gerlinéa Reep | Proteïne | Chocolade-noten,Gerlinéa,2.29,,"50,89 €/kg",,https://www.delhaize.be/nl/shop/Sport-and-Gezondheid/Diet/Snacks/Reep-Proteine-Chocolade-noten/p/S2024092000790940000,2026-05-10T15:05:32.402621
Delhaize,Sport en gezondheid,Pulse Proteïnepoeder | Chocolade,Pulse,29.99,,"39,99 €/kg",,https://www.delhaize.be/nl/shop/Sport-and-Gezondheid/Sportvoeding/Eiwitpoeder/Proteinepoeder-Chocolade/p/S2024121300812740000,2026-05-10T15:05:32.971136
Delhaize,Sport en gezondheid,Isostar Eiwitrijke reep | Karamel,Isostar,2.65,,"48,18 €/kg",,https://www.delhaize.be/nl/shop/Sport-and-Gezondheid/Sportvoeding/Eiwitrijke-snacks/Eiwitrijke-reep-Karamel/p/S2023060800706210000,2026-05-10T15:05:33.532639
Delhaize,Sport en gezondheid,Isostar Eiwitrijke reep,Isostar,2.65,,"48,18 €/kg",,https://www.delhaize.be/nl/shop/Sport-and-Gezondheid/Sportvoeding/Eiwitrijke-snacks/Eiwitrijke-reep/p/S2023060800706130000,2026-05-10T15:05:34.101245
Delhaize,Sport en gezondheid,Gerlinéa Reep | Proteïne | Chocolade-amandel,Gerlinéa,2.29,,"50,89 €/kg",,https://www.delhaize.be/nl/shop/Sport-and-Gezondheid/Diet/Snacks/Reep-Proteine-Chocolade-amandel/p/S2024092000791000000,2026-05-10T15:05:34.659938
Delhaize,Sport en gezondheid,Isostar ISO | PoeDER WHEY PROTEIN VANILLE,Isostar,26.15,,"45,88 €/kg",,https://www.delhaize.be/nl/shop/Sport-and-Gezondheid/Sportvoeding/Eiwitpoeder/ISO-PoeDER-WHEY-PROTEIN-VANILLE/p/S2024060800773110000,2026-05-10T15:05:35.224810
Delhaize,Sport en gezondheid,Isostar ISO PoeDER| HIGH PROTEIN | CHOCOLATE,Isostar,19.85,,"49,63 €/kg",,https://www.delhaize.be/nl/shop/Sport-and-Gezondheid/Sportvoeding/Eiwitrijke-snacks/ISO-PoeDER-HIGH-PROTEIN-CHOCOLATE/p/S2024060800773070000,2026-05-10T15:05:35.788787
Delhaize,Sport en gezondheid,Isostar ISO | PoeDER WHEY PROTEIN CHOCOLATE,Isostar,26.15,,"45,88 €/kg",,https://www.delhaize.be/nl/shop/Sport-and-Gezondheid/Sportvoeding/Eiwitpoeder/ISO-PoeDER-WHEY-PROTEIN-CHOCOLATE/p/S2024060800773100000,2026-05-10T15:05:36.348323
Delhaize,Sport en gezondheid,NXT Level Sports Nutrition Eiwitrepen | Karamel & Cookie,NXT Level Sports Nutrition,2.49,,"45,27 €/kg",,https://www.delhaize.be/nl/shop/Sport-and-Gezondheid/Sportvoeding/Eiwitrijke-snacks/Eiwitrepen-Karamel-and-Cookie/p/S2025051600863760000,2026-05-10T15:05:36.908392
Delhaize,Sport en gezondheid,NXT Level Sports Nutrition Proteinen | Poeder | Whey | Chocolade,NXT Level Sports Nutrition,19.99,,"39,98 €/kg",,https://www.delhaize.be/nl/shop/Sport-and-Gezondheid/Sportvoeding/Eiwitpoeder/Proteinen-Poeder-Whey-Chocolade/p/S2025051900102900000,2026-05-10T15:05:37.485239
Delhaize,Sport en gezondheid,Purasana Acaibes poeder | Bio,Purasana,12.69,,"253,80 €/kg",,https://www.delhaize.be/nl/shop/Sport-and-Gezondheid/Vitaminen-and-supplementen/Acaibes-poeder-Bio/p/S2025043000857780000,2026-05-10T15:05:38.048912
Delhaize,Sport en gezondheid,XXL Nutrition Proteinen | Creatine | Sinaasappel,XXL Nutrition,9.99,2de tegen -50%,"39,96 €/kg",,https://www.delhaize.be/nl/shop/Sport-and-Gezondheid/Sportvoeding/Creatine/Proteinen-Creatine-Sinaasappel/p/S2025073000883230000,2026-05-10T15:05:38.117858
Delhaize,Sport en gezondheid,XXL Nutrition Proteinen | Whey | Vanille,XXL Nutrition,17.99,2de tegen -50%,"39,98 €/kg",,https://www.delhaize.be/nl/shop/Sport-and-Gezondheid/Sportvoeding/Eiwitpoeder/Proteinen-Whey-Vanille/p/S2025073000883350000,2026-05-10T15:05:38.177020
Delhaize,Sport en gezondheid,XXL Nutrition Proteinen | Whey | Gezouten Karamel,XXL Nutrition,17.99,2de tegen -50%,"39,98 €/kg",,https://www.delhaize.be/nl/shop/Sport-and-Gezondheid/Sportvoeding/Eiwitpoeder/Proteinen-Whey-Gezouten-Karamel/p/S2025073000883310000,2026-05-10T15:05:38.245001
Delhaize,Sport en gezondheid,XXL Nutrition Proteinen | Whey | Perzik-Mango,XXL Nutrition,17.99,2de tegen -50%,"39,98 €/kg",,https://www.delhaize.be/nl/shop/Sport-and-Gezondheid/Sportvoeding/Eiwitpoeder/Proteinen-Whey-Perzik-Mango/p/S2025073000883650000,2026-05-10T15:05:38.310947
Delhaize,Sport en gezondheid,XXL Nutrition Proteinen | Creatine | Citroen,XXL Nutrition,9.99,2de tegen -50%,"39,96 €/kg",,https://www.delhaize.be/nl/shop/Sport-and-Gezondheid/Sportvoeding/Creatine/Proteinen-Creatine-Citroen/p/S2025073000883710000,2026-05-10T15:05:38.369168
Delhaize,Sport en gezondheid,XXL Nutrition Proteinen | Whey | Pistache,XXL Nutrition,17.99,2de tegen -50%,"39,98 €/kg",,https://www.delhaize.be/nl/shop/Sport-and-Gezondheid/Sportvoeding/Eiwitpoeder/Proteinen-Whey-Pistache/p/S2025073000883750000,2026-05-10T15:05:38.429134
Delhaize,Sport en gezondheid,XXL Nutrition Proteinen | Whey | Vanille-Caramel,XXL Nutrition,17.99,2de tegen -50%,"39,98 €/kg",,https://www.delhaize.be/nl/shop/Sport-and-Gezondheid/Sportvoeding/Eiwitpoeder/Proteinen-Whey-Vanille-Caramel/p/S2025073000883740000,2026-05-10T15:05:38.493584
Delhaize,Sport en gezondheid,XXL Nutrition Proteinen | Whey | Snickerdoodle,XXL Nutrition,17.99,2de tegen -50%,"39,98 €/kg",,https://www.delhaize.be/nl/shop/Sport-and-Gezondheid/Sportvoeding/Eiwitpoeder/Proteinen-Whey-Snickerdoodle/p/S2025073000883780000,2026-05-10T15:05:38.571877
Delhaize,Sport en gezondheid,XXL Nutrition Proteinen | Whey | Cookie & Cream,XXL Nutrition,17.99,2de tegen -50%,"39,98 €/kg",,https://www.delhaize.be/nl/shop/Sport-and-Gezondheid/Sportvoeding/Eiwitpoeder/Proteinen-Whey-Cookie-and-Cream/p/S2025080100884740000,2026-05-10T15:05:38.635025
Delhaize,Sport en gezondheid,XXL Nutrition Proteinen | Whey | Bosvruchten,XXL Nutrition,17.99,2de tegen -50%,"39,98 €/kg",,https://www.delhaize.be/nl/shop/Sport-and-Gezondheid/Sportvoeding/Eiwitpoeder/Proteinen-Whey-Bosvruchten/p/S2025080600886330000,2026-05-10T15:05:38.699195
Delhaize,Sport en gezondheid,XXL Nutrition Proteinen | Whey | Banaan,XXL Nutrition,17.99,2de tegen -50%,"39,98 €/kg",,https://www.delhaize.be/nl/shop/Sport-and-Gezondheid/Sportvoeding/Eiwitpoeder/Proteinen-Whey-Banaan/p/S2025082000889060000,2026-05-10T15:05:38.764210
Delhaize,Sport en gezondheid,Kazidomi Essentiele Olie | Sinaasappel | Bio,Kazidomi,2.79,,"279,00 €/l",,https://www.delhaize.be/nl/shop/Sport-and-Gezondheid/Aromatherapie/Essentiele-Olie-Sinaasappel-Bio/p/S2025052000129900000,2026-05-10T15:05:39.324160
Delhaize,Sport en gezondheid,Gerlinea Reep | Proteïne | Chocolade,Gerlinea,3.69,,"45,56 €/kg",,https://www.delhaize.be/nl/shop/Sport-and-Gezondheid/Diet/Snacks/Reep-Proteine-Chocolade/p/S2024092000790900000,2026-05-10T15:05:39.902601
Delhaize,Sport en gezondheid,Dextro Energy Tabletten | Direct Energy | Zure Bes,Dextro Energy,2.99,,"21,21 €/kg",,https://www.delhaize.be/nl/shop/Sport-and-Gezondheid/Sportvoeding/Eiwitrijke-snacks/Tabletten-Direct-Energy-Zure-Bes/p/S2025012000819630000,2026-05-10T15:05:40.477986
Delhaize,Sport en gezondheid,Isostar Actifood | Exotic,Isostar,3.89,,"43,22 €/kg",,https://www.delhaize.be/nl/shop/Sport-and-Gezondheid/Sportvoeding/Eiwitrijke-snacks/Actifood-Exotic/p/S2014031800215260000,2026-05-10T15:05:41.035240
Delhaize,Sport en gezondheid,Biover Hoestpastilles,Biover,10.99,,"0,55 €/st",,https://www.delhaize.be/nl/shop/Sport-and-Gezondheid/Vitaminen-and-supplementen/Hoestpastilles/p/S2021050500540570000,2026-05-10T15:05:41.608148
Delhaize,Sport en gezondheid,Davitamon Davitamon | Vitamine D Forte | tabletten,Davitamon,11.65,,"0,16 €/st",,https://www.delhaize.be/nl/shop/Sport-and-Gezondheid/Vitaminen-and-supplementen/Davitamon-Vitamine-D-Forte-tabletten/p/S2023010500670720000,2026-05-10T15:05:42.187446
Delhaize,Sport en gezondheid,Purasana Premium Matcha poeder | Bio,Purasana,13.69,,"273,80 €/kg",,https://www.delhaize.be/nl/shop/Sport-and-Gezondheid/Vitaminen-and-supplementen/Premium-Matcha-poeder-Bio/p/S2025043000857700000,2026-05-10T15:05:42.762814
Delhaize,Sport en gezondheid,Purasana Cacaokernen | Bio,Purasana,9.49,,"79,08 €/kg",,https://www.delhaize.be/nl/shop/Sport-and-Gezondheid/Vitaminen-and-supplementen/Cacaokernen-Bio/p/S2025043000857610000,2026-05-10T15:05:43.335537
Delhaize,Sport en gezondheid,Purasana Hennepzaden | Bio,Purasana,6.99,,"58,25 €/kg",,https://www.delhaize.be/nl/shop/Sport-and-Gezondheid/Vitaminen-and-supplementen/Hennepzaden-Bio/p/S2025043000857660000,2026-05-10T15:05:43.901941
Delhaize,Sport en gezondheid,Purasana Kurkumapoeder | Bio,Purasana,6.99,,"69,90 €/kg",,https://www.delhaize.be/nl/shop/Sport-and-Gezondheid/Vitaminen-and-supplementen/Kurkumapoeder-Bio/p/S2025043000857740000,2026-05-10T15:05:44.465932
Delhaize,Sport en gezondheid,Purasana Cacapoeder,Purasana,8.49,,"70,75 €/kg",,https://www.delhaize.be/nl/shop/Sport-and-Gezondheid/Vitaminen-and-supplementen/Cacapoeder/p/S2025043000857750000,2026-05-10T15:05:45.023929
Delhaize,Sport en gezondheid,Purasana Rode Bietensap Poeder | Bio,Purasana,9.99,,"99,90 €/kg",,https://www.delhaize.be/nl/shop/Sport-and-Gezondheid/Vitaminen-and-supplementen/Rode-Bietensap-Poeder-Bio/p/S2025043000857770000,2026-05-10T15:05:45.596907
Delhaize,Sport en gezondheid,Purasana Spirulina poeder | Bio,Purasana,7.39,,"73,90 €/kg",,https://www.delhaize.be/nl/shop/Sport-and-Gezondheid/Vitaminen-and-supplementen/Spirulina-poeder-Bio/p/S2025043000857840000,2026-05-10T15:05:46.174413
Delhaize,Sport en gezondheid,Purasana Maca Poeder | Bio,Purasana,6.99,,"69,90 €/kg",,https://www.delhaize.be/nl/shop/Sport-and-Gezondheid/Vitaminen-and-supplementen/Maca-Poeder-Bio/p/S2025043000857830000,2026-05-10T15:05:46.733816
Delhaize,Sport en gezondheid,Kazidomi Teunisbloem Borage 100mg,Kazidomi,16.65,,"193,60 €/kg",,https://www.delhaize.be/nl/shop/Sport-and-Gezondheid/Vitaminen-and-supplementen/Teunisbloem-Borage-100mg/p/S2025052000126410000,2026-05-10T15:05:47.299223
Delhaize,Sport en gezondheid,Purasana Matchapoeder | Bio,Purasana,10.59,,"211,80 €/kg",,https://www.delhaize.be/nl/shop/Sport-and-Gezondheid/Vitaminen-and-supplementen/Matchapoeder-Bio/p/S2025043000857870000,2026-05-10T15:05:47.869512
Delhaize,Sport en gezondheid,Purasana Gember poeder | Bio,Purasana,6.99,,"69,90 €/kg",,https://www.delhaize.be/nl/shop/Sport-and-Gezondheid/Vitaminen-and-supplementen/Gember-poeder-Bio/p/S2025043000858140000,2026-05-10T15:05:48.434797
Delhaize,Sport en gezondheid,Kazidomi Passiebloem - Valeriaan | Bio,Kazidomi,9.75,,"121,88 €/kg",,https://www.delhaize.be/nl/shop/Sport-and-Gezondheid/Vitaminen-and-supplementen/Passiebloem-Valeriaan-Bio/p/S2025050700861380000,2026-05-10T15:05:49.003924
Delhaize,Sport en gezondheid,Kazidomi Zinktabletten,Kazidomi,9.75,,"289,32 €/kg",,https://www.delhaize.be/nl/shop/Sport-and-Gezondheid/Vitaminen-and-supplementen/Zinktabletten/p/S2025051900104100000,2026-05-10T15:05:49.580926
Delhaize,Sport en gezondheid,Kazidomi Spriruline | Bio,Kazidomi,9.95,,"110,56 €/kg",,https://www.delhaize.be/nl/shop/Sport-and-Gezondheid/Vitaminen-and-supplementen/Spriruline-Bio/p/S2025052000125000000,2026-05-10T15:05:50.140269
Delhaize,Sport en gezondheid,Kazidomi Magnesium B6+,Kazidomi,15.75,,"291,67 €/kg",,https://www.delhaize.be/nl/shop/Sport-and-Gezondheid/Vitaminen-and-supplementen/Magnesium-B6-/p/S2025052000126500000,2026-05-10T15:05:50.700564
Delhaize,Sport en gezondheid,Kazidomi Essentiele Olie | Ravintsara | Bio,Kazidomi,3.99,,"399,00 €/l",,https://www.delhaize.be/nl/shop/Sport-and-Gezondheid/Aromatherapie/Essentiele-Olie-Ravintsara-Bio/p/S2025052000129800000,2026-05-10T15:05:51.268117
Delhaize,Sport en gezondheid,Kazidomi Vitamine D3 & K2 | Bio,Kazidomi,11.85,,"282,14 €/kg",,https://www.delhaize.be/nl/shop/Sport-and-Gezondheid/Vitaminen-and-supplementen/Vitamine-D3-and-K2-Bio/p/S2025052000127000000,2026-05-10T15:05:51.851748
Delhaize,Sport en gezondheid,Kazidomi Vitamine B12,Kazidomi,10.45,,"522,50 €/kg",,https://www.delhaize.be/nl/shop/Sport-and-Gezondheid/Vitaminen-and-supplementen/Vitamine-B12/p/S2025052000126800000,2026-05-10T15:05:52.421810
Delhaize,Sport en gezondheid,Kazidomi Essentiele Olie | Citroen | Bio,Kazidomi,3.99,,"399,00 €/l",,https://www.delhaize.be/nl/shop/Sport-and-Gezondheid/Aromatherapie/Essentiele-Olie-Citroen-Bio/p/S2025052000127550000,2026-05-10T15:05:52.984865
Delhaize,Sport en gezondheid,Kazidomi Essentiele Olie | Pepermunt | Bio,Kazidomi,4.35,,"435,00 €/l",,https://www.delhaize.be/nl/shop/Sport-and-Gezondheid/Aromatherapie/Essentiele-Olie-Pepermunt-Bio/p/S2025052000129400000,2026-05-10T15:05:53.560505
Delhaize,Sport en gezondheid,Kazidomi Essentiele Olie | Teatree | Bio,Kazidomi,3.99,,"399,00 €/l",,https://www.delhaize.be/nl/shop/Sport-and-Gezondheid/Aromatherapie/Essentiele-Olie-Teatree-Bio/p/S2025052000130000000,2026-05-10T15:05:54.119600
Delhaize,Sport en gezondheid,NXT Level Sports Nutrition Clear Whey Perzik,NXT Level Sports Nutrition,19.99,,"66,63 €/kg",,https://www.delhaize.be/nl/shop/Sport-and-Gezondheid/Sportvoeding/Eiwitpoeder/Clear-Whey-Perzik/p/S2025053000867510000,2026-05-10T15:05:54.674343
Delhaize,Sport en gezondheid,Vital Proteins Collagen Peptides | Marine Collagen,Vital Proteins,39.99,,"180,95 €/kg",,https://www.delhaize.be/nl/shop/Sport-and-Gezondheid/Vitaminen-and-supplementen/Collagen-Peptides-Marine-Collagen/p/S2025061000869470000,2026-05-10T15:05:55.232504
Delhaize,Sport en gezondheid,Vital Proteins Vital Protein|Collageen Peptides|Chocolade,Vital Proteins,34.99,,"117,81 €/kg",,https://www.delhaize.be/nl/shop/Sport-and-Gezondheid/Vitaminen-and-supplementen/Vital-Protein-Collageen-Peptides-Chocolade/p/S2025061000869460000,2026-05-10T15:05:55.796976
Delhaize,Sport en gezondheid,Optimum Nutrition Proteinen | Creatine poeder,Optimum Nutrition,20.99,,"69,97 €/kg",,https://www.delhaize.be/nl/shop/Sport-and-Gezondheid/Sportvoeding/Creatine/Proteinen-Creatine-poeder/p/S2025070200876650000,2026-05-10T15:05:56.355538
Delhaize,Sport en gezondheid,NXT Level Sports Nutrition Proteinen | Whey | Tropical,NXT Level Sports Nutrition,19.99,,"66,63 €/kg",,https://www.delhaize.be/nl/shop/Sport-and-Gezondheid/Sportvoeding/Eiwitpoeder/Proteinen-Whey-Tropical/p/S2025070400877140000,2026-05-10T15:05:56.912948
Delhaize,Sport en gezondheid,Optimum Nutrition Proteinen | Reep | Marshmallow Crunch,Optimum Nutrition,2.85,,"43,85 €/kg",,https://www.delhaize.be/nl/shop/Sport-and-Gezondheid/Sportvoeding/Eiwitrijke-snacks/Proteinen-Reep-Marshmallow-Crunch/p/S2025070300876970000,2026-05-10T15:05:57.470498
Delhaize,Sport en gezondheid,NXT Level Sports Nutrition Proteinen | Reep | Brownie,NXT Level Sports Nutrition,2.49,,"45,27 €/kg",,https://www.delhaize.be/nl/shop/Sport-and-Gezondheid/Sportvoeding/Eiwitrijke-snacks/Proteinen-Reep-Brownie/p/S2025070400877290000,2026-05-10T15:05:58.030289
Delhaize,Sport en gezondheid,NXT Level Sports Nutrition Proteinen | Erwt | Vanille,NXT Level Sports Nutrition,16.99,,"33,98 €/kg",,https://www.delhaize.be/nl/shop/Sport-and-Gezondheid/Sportvoeding/Eiwitpoeder/Proteinen-Erwt-Vanille/p/S2025070400877280000,2026-05-10T15:05:58.597069
Delhaize,Sport en gezondheid,Optimum Nutrition Proteinen | Clear Proteinen | Limoen,Optimum Nutrition,24.99,,"89,25 €/kg",,https://www.delhaize.be/nl/shop/Sport-and-Gezondheid/Sportvoeding/Eiwitpoeder/Proteinen-Clear-Proteinen-Limoen/p/S2025070700877360000,2026-05-10T15:05:59.152446
Delhaize,Sport en gezondheid,Optimum Nutrition Proteinen | Reep | Chocolade Brownie,Optimum Nutrition,2.85,,"43,85 €/kg",,https://www.delhaize.be/nl/shop/Sport-and-Gezondheid/Sportvoeding/Eiwitrijke-snacks/Proteinen-Reep-Chocolade-Brownie/p/S2025070300877030000,2026-05-10T15:05:59.711357
Delhaize,Sport en gezondheid,Optimum Nutrition Proteinen | Poeder | Vegan | Vanille,Optimum Nutrition,25.99,,"38,00 €/kg",,https://www.delhaize.be/nl/shop/Sport-and-Gezondheid/Sportvoeding/Eiwitpoeder/Proteinen-Poeder-Vegan-Vanille/p/S2025070700877370000,2026-05-10T15:06:00.275544
Delhaize,Sport en gezondheid,Optimum Nutrition Proteinen | Whey | Vanille Ice Cream,Optimum Nutrition,25.99,,"57,76 €/kg",,https://www.delhaize.be/nl/shop/Sport-and-Gezondheid/Sportvoeding/Eiwitpoeder/Proteinen-Whey-Vanille-Ice-Cream/p/S2025070700877950000,2026-05-10T15:06:00.845404
Delhaize,Sport en gezondheid,Optimum Nutrition Proteinen | Whey | Aardbei,Optimum Nutrition,15.99,,"53,30 €/kg",,https://www.delhaize.be/nl/shop/Sport-and-Gezondheid/Sportvoeding/Eiwitpoeder/Proteinen-Whey-Aardbei/p/S2025070700877420000,2026-05-10T15:06:01.417860
Delhaize,Sport en gezondheid,Optimum Nutrition Proteinen | Whey | Cookie & Cream,Optimum Nutrition,25.99,,"54,15 €/kg",,https://www.delhaize.be/nl/shop/Sport-and-Gezondheid/Sportvoeding/Eiwitpoeder/Proteinen-Whey-Cookie-and-Cream/p/S2025070700877460000,2026-05-10T15:06:01.983291
Delhaize,Sport en gezondheid,Optimum Nutrition Proteinen | Whey | Pindakaas,Optimum Nutrition,25.99,,"54,15 €/kg",,https://www.delhaize.be/nl/shop/Sport-and-Gezondheid/Sportvoeding/Eiwitpoeder/Proteinen-Whey-Pindakaas/p/S2025070700877470000,2026-05-10T15:06:02.537986
Delhaize,Sport en gezondheid,Pulse Proteinepoeder | Rood Fruit,Pulse,29.99,,"39,99 €/kg",,https://www.delhaize.be/nl/shop/Sport-and-Gezondheid/Sportvoeding/Eiwitpoeder/Proteinepoeder-Rood-Fruit/p/S2025070700877990000,2026-05-10T15:06:03.101861
Delhaize,Sport en gezondheid,Pulse Proteinepoeder | Natuur,Pulse,29.99,,"39,99 €/kg",,https://www.delhaize.be/nl/shop/Sport-and-Gezondheid/Sportvoeding/Eiwitpoeder/Proteinepoeder-Natuur/p/S2025070700877960000,2026-05-10T15:06:03.659125
Delhaize,Sport en gezondheid,Pulse Proteinepoeder | Koffie,Pulse,29.99,,"39,99 €/kg",,https://www.delhaize.be/nl/shop/Sport-and-Gezondheid/Sportvoeding/Eiwitpoeder/Proteinepoeder-Koffie/p/S2025070700878040000,2026-05-10T15:06:04.224140
Delhaize,Sport en gezondheid,NXT Level Sports Nutrition Proteine | Whey | Aardbei,NXT Level Sports Nutrition,19.99,,"39,98 €/kg",,https://www.delhaize.be/nl/shop/Sport-and-Gezondheid/Sportvoeding/Eiwitpoeder/Proteine-Whey-Aardbei/p/S2025071600880550000,2026-05-10T15:06:04.784085
Delhaize,Sport en gezondheid,Isostar Sport Drink | Isotonic fast Hydrat | Lemon,Isostar,1.32,,"2,64 €/l",,https://www.delhaize.be/nl/shop/Sport-and-Gezondheid/Sportvoeding/Sportdranken/Sport-Drink-Isotonic-fast-Hydrat-Lemon/p/S2025071800880980000,2026-05-10T15:06:05.366061
Delhaize,Sport en gezondheid,NXT Level Sports Nutrition Gember Shot,NXT Level Sports Nutrition,2.25,,"37,50 €/l",,https://www.delhaize.be/nl/shop/Sport-and-Gezondheid/Sportvoeding/Sportdranken/Gember-Shot/p/S2025072900882540000,2026-05-10T15:06:05.936530
Delhaize,Sport en gezondheid,XXL Nutrition Proteinen | Whey | Ice tea Perzik,XXL Nutrition,29.99,2de tegen -50%,"59,98 €/kg",,https://www.delhaize.be/nl/shop/Sport-and-Gezondheid/Sportvoeding/Eiwitpoeder/Proteinen-Whey-Ice-tea-Perzik/p/S2025073000883410000,2026-05-10T15:06:06.004737
Delhaize,Sport en gezondheid,XXL Nutrition Proteinen | Whey | Sinaasappel,XXL Nutrition,29.99,2de tegen -50%,"59,98 €/kg",,https://www.delhaize.be/nl/shop/Sport-and-Gezondheid/Sportvoeding/Eiwitpoeder/Proteinen-Whey-Sinaasappel/p/S2025073000883380000,2026-05-10T15:06:06.076934
Delhaize,Sport en gezondheid,XXL Nutrition Proteinen | Whey | Cappuccino,XXL Nutrition,17.99,2de tegen -50%,"39,98 €/kg",,https://www.delhaize.be/nl/shop/Sport-and-Gezondheid/Sportvoeding/Eiwitpoeder/Proteinen-Whey-Cappuccino/p/S2025073000883530000,2026-05-10T15:06:06.145974
Delhaize,Sport en gezondheid,XXL Nutrition Proteinen | Drink | Chocolade,XXL Nutrition,2.89,2de tegen -50%,"9,32 €/l",,https://www.delhaize.be/nl/shop/Sport-and-Gezondheid/Sportvoeding/Sportdranken/Proteinen-Drink-Chocolade/p/S2025073000883810000,2026-05-10T15:06:06.212641
Delhaize,Sport en gezondheid,XXL Nutrition Proteinen | Drink | Vanille,XXL Nutrition,2.89,2de tegen -50%,"9,32 €/l",,https://www.delhaize.be/nl/shop/Sport-and-Gezondheid/Sportvoeding/Sportdranken/Proteinen-Drink-Vanille/p/S2025073000883860000,2026-05-10T15:06:06.279015
Delhaize,Sport en gezondheid,XXL Nutrition Proteinen | Snack | Chocolade-Karamel,XXL Nutrition,2.39,2de tegen -50%,"43,45 €/kg",,https://www.delhaize.be/nl/shop/Sport-and-Gezondheid/Sportvoeding/Eiwitrijke-snacks/Proteinen-Snack-Chocolade-Karamel/p/S2025080100884670000,2026-05-10T15:06:06.346606
Delhaize,Sport en gezondheid,XXL Nutrition Proteinen | Snack | Banaan Brownie,XXL Nutrition,2.49,2de tegen -50%,"45,27 €/kg",,https://www.delhaize.be/nl/shop/Sport-and-Gezondheid/Sportvoeding/Eiwitrijke-snacks/Proteinen-Snack-Banaan-Brownie/p/S2025080100884660000,2026-05-10T15:06:06.409981
Delhaize,Sport en gezondheid,XXL Nutrition Proteinen | Whey | Appel,XXL Nutrition,29.99,2de tegen -50%,"59,98 €/kg",,https://www.delhaize.be/nl/shop/Sport-and-Gezondheid/Sportvoeding/Eiwitpoeder/Proteinen-Whey-Appel/p/S2025080100884730000,2026-05-10T15:06:06.472789
Delhaize,Sport en gezondheid,XXL Nutrition Proteinen | Snack | Witte Chocolade-Bosbes,XXL Nutrition,2.39,2de tegen -50%,"43,45 €/kg",,https://www.delhaize.be/nl/shop/Sport-and-Gezondheid/Sportvoeding/Eiwitrijke-snacks/Proteinen-Snack-Witte-Chocolade-Bosbes/p/S2025080100884760000,2026-05-10T15:06:06.533446
Delhaize,Sport en gezondheid,XXL Nutrition Proteinen | Creatine | Sinaansappel,XXL Nutrition,13.99,2de tegen -50%,"27,98 €/kg",,https://www.delhaize.be/nl/shop/Sport-and-Gezondheid/Sportvoeding/Creatine/Proteinen-Creatine-Sinaansappel/p/S2025080100884850000,2026-05-10T15:06:06.596703
Delhaize,Sport en gezondheid,XXL Nutrition Proteinen | Creatine | Citroen,XXL Nutrition,13.99,2de tegen -50%,"27,98 €/kg",,https://www.delhaize.be/nl/shop/Sport-and-Gezondheid/Sportvoeding/Creatine/Proteinen-Creatine-Citroen/p/S2025080100884860000,2026-05-10T15:06:06.668604
Delhaize,Sport en gezondheid,XXL Nutrition Proeinen | Whey | Aardbei,XXL Nutrition,17.99,2de tegen -50%,"39,98 €/kg",,https://www.delhaize.be/nl/shop/Sport-and-Gezondheid/Sportvoeding/Eiwitpoeder/Proeinen-Whey-Aardbei/p/S2025080400884910000,2026-05-10T15:06:06.738519
Delhaize,Sport en gezondheid,Yfood Maaltijddrink | Koffie,Yfood,4.39,,"8,78 €/l",,https://www.delhaize.be/nl/shop/Sport-and-Gezondheid/Diet/Maaltijdvervangers/Maaltijddrink-Koffie/p/S2025080400884890000,2026-05-10T15:06:07.302618
Delhaize,Sport en gezondheid,Isostar Sport Drink | Isotonic Fast Hydra | Orange,Isostar,1.32,,"2,64 €/l",,https://www.delhaize.be/nl/shop/Sport-and-Gezondheid/Sportvoeding/Sportdranken/Sport-Drink-Isotonic-Fast-Hydra-Orange/p/S2025071800881110000,2026-05-10T15:06:07.864549
Delhaize,Sport en gezondheid,XXL Nutrition Proteinen | Snack | Gezouten Karamel,XXL Nutrition,2.49,2de tegen -50%,"41,50 €/kg",,https://www.delhaize.be/nl/shop/Sport-and-Gezondheid/Sportvoeding/Eiwitrijke-snacks/Proteinen-Snack-Gezouten-Karamel/p/S2025081800888180000,2026-05-10T15:06:07.933553
Delhaize,Sport en gezondheid,NXT Level Sports Nutrition Preworkout | Shot | Sinaasappel,NXT Level Sports Nutrition,2.25,,"37,50 €/l",,https://www.delhaize.be/nl/shop/Sport-and-Gezondheid/Sportvoeding/Sportdranken/Preworkout-Shot-Sinaasappel/p/S2025051900100900000,2026-05-10T15:06:08.494100
Delhaize,Sport en gezondheid,NXT Level Sports Nutrition Eiwitrepen | Pinda,NXT Level Sports Nutrition,2.35,,"39,17 €/kg",,https://www.delhaize.be/nl/shop/Sport-and-Gezondheid/Sportvoeding/Eiwitrijke-snacks/Eiwitrepen-Pinda/p/S2025051900008020000,2026-05-10T15:06:09.055000
Delhaize,Sport en gezondheid,NXT Level Sports Nutrition Eiwit Shakes | Aardbei,NXT Level Sports Nutrition,2.39,,"7,24 €/l",,https://www.delhaize.be/nl/shop/Sport-and-Gezondheid/Sportvoeding/Sportdranken/Eiwit-Shakes-Aardbei/p/S2025051900009180000,2026-05-10T15:06:09.616501
Delhaize,Sport en gezondheid,NXT Level Sports Nutrition Eiwitrepen | Framboos-Cheesecake,NXT Level Sports Nutrition,2.49,,"45,27 €/kg",,https://www.delhaize.be/nl/shop/Sport-and-Gezondheid/Sportvoeding/Eiwitrijke-snacks/Eiwitrepen-Framboos-Cheesecake/p/S2025051900101610000,2026-05-10T15:06:10.180952
Delhaize,Sport en gezondheid,NXT Level Sports Nutrition Creatine Monohydraat,NXT Level Sports Nutrition,14.99,,"49,97 €/kg",,https://www.delhaize.be/nl/shop/Sport-and-Gezondheid/Sportvoeding/Creatine/Creatine-Monohydraat/p/S2025060400868180000,2026-05-10T15:06:10.754745
Delhaize,Sport en gezondheid,Biover Multivitaminen,Biover,10.99,,"0,37 €/st",,https://www.delhaize.be/nl/shop/Sport-and-Gezondheid/Vitaminen-and-supplementen/Multivitaminen/p/S2025030600828890000,2026-05-10T15:06:11.328752
Delhaize,Sport en gezondheid,Gerlinéa Snack | Chocolade Wafel,Gerlinéa,4.49,,"69,61 €/kg",,https://www.delhaize.be/nl/shop/Sport-and-Gezondheid/Diet/Snacks/Snack-Chocolade-Wafel/p/S2025032500836200000,2026-05-10T15:06:11.900142
Delhaize,Sport en gezondheid,Gerlinéa Pudding | Koffie,Gerlinéa,6.09,,"14,50 €/kg",,https://www.delhaize.be/nl/shop/Sport-and-Gezondheid/Diet/Snacks/Pudding-Koffie/p/S2025032500836210000,2026-05-10T15:06:12.477176
Delhaize,Sport en gezondheid,Gerlinéa Pudding | Vanille & Karamel,Gerlinéa,6.09,,"14,50 €/kg",,https://www.delhaize.be/nl/shop/Sport-and-Gezondheid/Diet/Snacks/Pudding-Vanille-and-Karamel/p/S2025032600838320000,2026-05-10T15:06:13.048367
Delhaize,Sport en gezondheid,Gerlinéa Pudding | Chocolade,Gerlinéa,6.09,,"14,50 €/kg",,https://www.delhaize.be/nl/shop/Sport-and-Gezondheid/Diet/Snacks/Pudding-Chocolade/p/S2025032600838340000,2026-05-10T15:06:13.617865
Delhaize,Sport en gezondheid,NXT Level Sports Nutrition Proteinen | Shake | Koffie,NXT Level Sports Nutrition,2.49,,"7,55 €/l",,https://www.delhaize.be/nl/shop/Sport-and-Gezondheid/Sportvoeding/Sportdranken/Proteinen-Shake-Koffie/p/S2025070300876930000,2026-05-10T15:06:14.177737
Delhaize,Sport en gezondheid,Buddy Elektrolyten | Sticks | Perzik-citrus,Buddy,14.90,,"298,00 €/kg",,https://www.delhaize.be/nl/shop/Sport-and-Gezondheid/Sportvoeding/Creatine/Elektrolyten-Sticks-Perzik-citrus/p/S2025121600913540099,2026-05-10T15:06:14.741168
Delhaize,Sport en gezondheid,Buddy Elektrolyten | Stick | Munt-citroen,Buddy,14.99,,"299,80 €/kg",,https://www.delhaize.be/nl/shop/Sport-and-Gezondheid/Sportvoeding/Creatine/Elektrolyten-Stick-Munt-citroen/p/S2025121800914210099,2026-05-10T15:06:15.303819
Delhaize,Sport en gezondheid,Gerlinéa Snack | Reep | Sinaasappel-pure chocolade,Gerlinéa,11.99,,"38,68 €/kg",,https://www.delhaize.be/nl/shop/Sport-and-Gezondheid/Diet/Snacks/Snack-Reep-Sinaasappel-pure-chocolade/p/S2025121200912960000,2026-05-10T15:06:15.871201
Delhaize,Sport en gezondheid,Gerlinéa Snack | Reep | Pure-witte chocolade,Gerlinéa,11.99,,"38,68 €/kg",,https://www.delhaize.be/nl/shop/Sport-and-Gezondheid/Diet/Snacks/Snack-Reep-Pure-witte-chocolade/p/S2025121200913110000,2026-05-10T15:06:16.430992
Delhaize,Sport en gezondheid,Gerlinéa Shake | Maaltijdvervanger | Chocolade,Gerlinéa,17.65,,"40,48 €/kg",,https://www.delhaize.be/nl/shop/Sport-and-Gezondheid/Diet/Maaltijdvervangers/Shake-Maaltijdvervanger-Chocolade/p/S2025123100918620000,2026-05-10T15:06:16.998065
Delhaize,Sport en gezondheid,Gerlinéa Shake | Maaltijdvervanger | Banaan,Gerlinéa,16.09,,"36,90 €/kg",,https://www.delhaize.be/nl/shop/Sport-and-Gezondheid/Diet/Maaltijdvervangers/Shake-Maaltijdvervanger-Banaan/p/S2025123100918630000,2026-05-10T15:06:17.557499
Delhaize,Sport en gezondheid,Optimum Nutrition Proteinen | Shake | Vanille,Optimum Nutrition,2.69,,"8,15 €/l",,https://www.delhaize.be/nl/shop/Sport-and-Gezondheid/Sportvoeding/Sportdranken/Proteinen-Shake-Vanille/p/S2025070300876710000,2026-05-10T15:06:18.133951
Delhaize,Sport en gezondheid,Yfood Maaltijddrank | Classic Choco,Yfood,4.39,,"8,78 €/l",,https://www.delhaize.be/nl/shop/Sport-and-Gezondheid/Diet/Maaltijdvervangers/Maaltijddrank-Classic-Choco/p/S2025080400884880000,2026-05-10T15:06:18.704017
Delhaize,Sport en gezondheid,Kazidomi Essentiele Olie | Eucalyptus | Bio,Kazidomi,4.25,,"425,00 €/l",,https://www.delhaize.be/nl/shop/Sport-and-Gezondheid/Aromatherapie/Essentiele-Olie-Eucalyptus-Bio/p/S2025052000127600000,2026-05-10T15:06:19.275202
Delhaize,Sport en gezondheid,NXT Level Sports Nutrition Proteinen | Shake | Vanille,NXT Level Sports Nutrition,3.49,,"6,98 €/l",,https://www.delhaize.be/nl/shop/Sport-and-Gezondheid/Sportvoeding/Sportdranken/Proteinen-Shake-Vanille/p/S2025070300876910000,2026-05-10T15:06:19.833144
Delhaize,Sport en gezondheid,Kazidomi Essentiele Olie | Lavendel | Bio,Kazidomi,6.25,,"625,00 €/l",,https://www.delhaize.be/nl/shop/Sport-and-Gezondheid/Aromatherapie/Essentiele-Olie-Lavendel-Bio/p/S2025052000128700000,2026-05-10T15:06:20.394494
Delhaize,Sport en gezondheid,Optimum Nutrition Proteinen | Shaker,Optimum Nutrition,9.99,,"11,10 €/l",,https://www.delhaize.be/nl/shop/Sport-and-Gezondheid/Sportvoeding/Eiwitpoeder/Proteinen-Shaker/p/S2025070700877980000,2026-05-10T15:06:20.955720
Delhaize,Sport en gezondheid,XXL Nutrition Proteinen | Drink | Banaan,XXL Nutrition,2.89,2de tegen -50%,"9,32 €/l",,https://www.delhaize.be/nl/shop/Sport-and-Gezondheid/Sportvoeding/Sportdranken/Proteinen-Drink-Banaan/p/S2025073000883850000,2026-05-10T15:06:21.022824
Delhaize,Sport en gezondheid,Pulse Proteïnepoeder | Matcha,Pulse,24.99,,"54,33 €/kg",,https://www.delhaize.be/nl/shop/Sport-and-Gezondheid/Sportvoeding/Eiwitpoeder/Proteinepoeder-Matcha/p/S2026012300926840000,2026-05-10T15:06:21.582609
Delhaize,Sport en gezondheid,Optimum Nutrition Proteïnen| Collageen | Appel-framboos,Optimum Nutrition,19.99,,"83,29 €/kg",,https://www.delhaize.be/nl/shop/Sport-and-Gezondheid/Sportvoeding/Eiwitpoeder/Proteinen-Collageen-Appel-framboos/p/S2026021300935630000,2026-05-10T15:06:22.142352
Delhaize,Sport en gezondheid,XXL Nutrition Limonade | Proteïne | Ice tea citroen,XXL Nutrition,1.99,2de tegen -50%,"0,06 €/st",,https://www.delhaize.be/nl/shop/Sport-and-Gezondheid/Sportvoeding/Sportdranken/Limonade-Proteine-Ice-tea-citroen/p/S2026030400941840000,2026-05-10T15:06:22.207041
Delhaize,Sport en gezondheid,XXL Nutrition Limonade | Proteïne | Perzik,XXL Nutrition,1.99,2de tegen -50%,"0,06 €/st",,https://www.delhaize.be/nl/shop/Sport-and-Gezondheid/Sportvoeding/Sportdranken/Limonade-Proteine-Perzik/p/S2026030400941850000,2026-05-10T15:06:22.278436
Delhaize,Sport en gezondheid,XXL Nutrition Limonade | Proteïne | Sinaasappel,XXL Nutrition,1.99,2de tegen -50%,"0,06 €/st",,https://www.delhaize.be/nl/shop/Sport-and-Gezondheid/Sportvoeding/Sportdranken/Limonade-Proteine-Sinaasappel/p/S2026030400941900000,2026-05-10T15:06:22.350545
Delhaize,Sport en gezondheid,XXL Nutrition Energiedrank | Gember-citroen,XXL Nutrition,1.89,2de tegen -50%,"0,06 €/st",,https://www.delhaize.be/nl/shop/Sport-and-Gezondheid/Sportvoeding/Sportdranken/Energiedrank-Gember-citroen/p/S2026030500942050000,2026-05-10T15:06:22.416219
Delhaize,Sport en gezondheid,NXT Level Sports Nutrition Pre-workout | Poeder | Kers,NXT Level Sports Nutrition,19.99,,"66,63 €/kg",,https://www.delhaize.be/nl/shop/Sport-and-Gezondheid/Sportvoeding/Eiwitpoeder/Pre-workout-Poeder-Kers/p/S2026030500942090000,2026-05-10T15:06:22.978103
Delhaize,Sport en gezondheid,Delhaize Snoep | Collagen | Spiralen,Delhaize,2.99,,"29,90 €/kg",,https://www.delhaize.be/nl/shop/Sport-and-Gezondheid/Vitaminen-and-supplementen/Snoep-Collagen-Spiralen/p/S2025071100879410000,2026-05-10T15:06:23.538977
Delhaize,Sport en gezondheid,Delhaize Snoep | Collagen | Ster,Delhaize,2.99,,"29,90 €/kg",,https://www.delhaize.be/nl/shop/Sport-and-Gezondheid/Vitaminen-and-supplementen/Snoep-Collagen-Ster/p/S2025070400877310000,2026-05-10T15:06:24.098592
Delhaize,Sport en gezondheid,Optimum Nutrition Creatine | Sinaasappel,Optimum Nutrition,14.99,,"60,57 €/kg",,https://www.delhaize.be/nl/shop/Sport-and-Gezondheid/Sportvoeding/Creatine/Creatine-Sinaasappel/p/S2026021600936280000,2026-05-10T15:06:24.660971
Delhaize,Verse groenten en fruit,Delhaize Aardbei,Delhaize,4.69,2 voor €5 Online,,,https://www.delhaize.be/nl/shop/Verse-groenten-en-fruit/Vers-fruit/Rode-vruchten-en-bessen/Aardbeien/Aardbei/p/F2023110700127590000,2026-05-10T15:06:33.237823
Delhaize,Verse groenten en fruit,Delhaize Prinsessenbonen,Delhaize,2.09,,"4,18 €/kg",,https://www.delhaize.be/nl/shop/Verse-groenten-en-fruit/Verse-groenten/Bonen-en-andere-peulvruchten/Prinsessenbonen/p/F1986053100310700000,2026-05-10T15:06:34.004643
Delhaize,Verse groenten en fruit,Delhaize Aardappelen | Nicola,Delhaize,3.99,,"2,00 €/kg",,https://www.delhaize.be/nl/shop/Verse-groenten-en-fruit/Verse-groenten/Aardappelen/Vastkokende-aardappelen/Aardappelen-Nicola/p/F1989011800378500000,2026-05-10T15:06:34.561949
Delhaize,Verse groenten en fruit,Delhaize Witte champignons | Belgisch,Delhaize,1.49,,"5,96 €/kg",,https://www.delhaize.be/nl/shop/Verse-groenten-en-fruit/Verse-groenten/Champignons/Witte-champignons/Witte-champignons-Belgisch/p/F2015021100304010000,2026-05-10T15:06:35.102527
Delhaize,Verse groenten en fruit,Delhaize Frambozen,Delhaize,2.99,,"23,92 €/kg",,https://www.delhaize.be/nl/shop/Verse-groenten-en-fruit/Vers-fruit/Rode-vruchten-en-bessen/Frambozen/Frambozen/p/F2018122000028370000,2026-05-10T15:06:35.645471
Delhaize,Verse groenten en fruit,Delhaize Tomaten | Datterino,Delhaize,3.99,,"9,98 €/kg",,https://www.delhaize.be/nl/shop/Verse-groenten-en-fruit/Verse-groenten/Tomaten/Kerstomaten/Tomaten-Datterino/p/F2006101900323700000,2026-05-10T15:06:36.192903
Delhaize,Verse groenten en fruit,Delhaize Blauwe bessen | Schaal,Delhaize,3.29,,"21,93 €/kg",,https://www.delhaize.be/nl/shop/Verse-groenten-en-fruit/Vers-fruit/Rode-vruchten-en-bessen/Bosbessen/Blauwe-bessen-Schaal/p/F2001070900327320000,2026-05-10T15:06:36.734582
Delhaize,Verse groenten en fruit,Delhaize Druiven | Wit | Zonder pit | Verpakt,Delhaize,2.29,,"4,58 €/kg",,https://www.delhaize.be/nl/shop/Verse-groenten-en-fruit/Vers-fruit/Druiven/Druiven-zonder-pitten/Druiven-Wit-Zonder-pit-Verpakt/p/F1986053100336900000,2026-05-10T15:06:37.281234
Delhaize,Verse groenten en fruit,Delhaize Wortelen,Delhaize,1.49,,"1,49 €/kg",,https://www.delhaize.be/nl/shop/Verse-groenten-en-fruit/Verse-groenten/Wortelen-en-andere-wortelgroenten/Wortelen/Wortelen/p/F2013100800315600000,2026-05-10T15:06:37.823868
Delhaize,Verse groenten en fruit,Delhaize Broccoli,Delhaize,1.35,-20%,"1,35 €/st",,https://www.delhaize.be/nl/shop/Verse-groenten-en-fruit/Verse-groenten/Kolen-broccoli-en-spruiten/Broccoli-spruiten-en-andere-kolen/Broccoli/p/F2013100800316100000,2026-05-10T15:06:37.868651
Delhaize,Verse groenten en fruit,Delhaize Bloemige Aardappelen | Primeur,Delhaize,3.45,,"1,73 €/kg",,https://www.delhaize.be/nl/shop/Verse-groenten-en-fruit/Verse-groenten/Aardappelen/Bloemige-aardappelen/Bloemige-Aardappelen-Primeur/p/F1986053100381300000,2026-05-10T15:06:38.410654
Delhaize,Verse groenten en fruit,Delhaize Jonge uien | Bussel,Delhaize,1.09,,"1,09 €/st",,https://www.delhaize.be/nl/shop/Verse-groenten-en-fruit/Verse-groenten/Andere-verse-groenten/Andere-kleine-groenten/Jonge-uien-Bussel/p/F1987042300314800000,2026-05-10T15:06:38.954043
Delhaize,Verse groenten en fruit,Delhaize Smaaktrostomaten,Delhaize,4.45,,"9,89 €/kg",,https://www.delhaize.be/nl/shop/Verse-groenten-en-fruit/Verse-groenten/Tomaten/Klassieke-tomaten/Smaaktrostomaten/p/F1998040200321320000,2026-05-10T15:06:39.496032
Delhaize,Verse groenten en fruit,Delhaize Verpakte | kookvaste aardappelen.,Delhaize,3.75,,"1,88 €/kg",,https://www.delhaize.be/nl/shop/Verse-groenten-en-fruit/Verse-groenten/Aardappelen/Vastkokende-aardappelen/Verpakte-kookvaste-aardappelen-/p/F2009111600377730000,2026-05-10T15:06:40.037617
Delhaize,Verse groenten en fruit,Delhaize Witte champignons | Belgisch,Delhaize,1.89,,"3,78 €/kg",,https://www.delhaize.be/nl/shop/Verse-groenten-en-fruit/Verse-groenten/Champignons/Witte-champignons/Witte-champignons-Belgisch/p/F2015021100304110000,2026-05-10T15:06:40.581909
Delhaize,Verse groenten en fruit,Delhaize Druiven | Rode | Pitloos,Delhaize,2.59,,"5,18 €/kg",,https://www.delhaize.be/nl/shop/Verse-groenten-en-fruit/Vers-fruit/Druiven/Druiven-zonder-pitten/Druiven-Rode-Pitloos/p/F2016111000336720000,2026-05-10T15:06:41.132172
Delhaize,Verse groenten en fruit,Delhaize Eetsinaas | 4ST,Delhaize,3.29,,"3,29 €/kg",,https://www.delhaize.be/nl/shop/Verse-groenten-en-fruit/Vers-fruit/Citrusvruchten/Klassieke-appelsienen/Eetsinaas-4ST/p/F2018110500026520000,2026-05-10T15:06:41.679580
Delhaize,Verse groenten en fruit,Delhaize Wortelen | Bio,Delhaize,1.99,,"1,99 €/kg",,https://www.delhaize.be/nl/shop/Verse-groenten-en-fruit/Verse-groenten/Wortelen-en-andere-wortelgroenten/Wortelen/Wortelen-Bio/p/F2018103100026340000,2026-05-10T15:06:42.221182
Delhaize,Verse groenten en fruit,Delhaize Courgette,Delhaize,0.75,,"0,75 €/st",,https://www.delhaize.be/nl/shop/Verse-groenten-en-fruit/Verse-groenten/Aubergines-courgetten-komkommers-en-paprika-s/Courgetten/Courgette/p/F2020032400055530000,2026-05-10T15:06:42.764965
Delhaize,Verse groenten en fruit,Delhaize Paprika | Rood,Delhaize,0.79,,"0,79 €/st",,https://www.delhaize.be/nl/shop/Verse-groenten-en-fruit/Verse-groenten/Aubergines-courgetten-komkommers-en-paprika-s/Paprika-s/Paprika-Rood/p/F2020032400055550000,2026-05-10T15:06:43.310168
Delhaize,"Vlees, vis en vegetarische producten",Delhaize Butcher | Burger | Angus,Delhaize,6.19,,"20,63 €/kg",,https://www.delhaize.be/nl/shop/Vlees-vis-en-vegetarische-producten/Bereidingen/Burger/Butcher-Burger-Angus/p/F2024020900131010000,2026-05-10T15:06:56.621518
Delhaize,"Vlees, vis en vegetarische producten",Valess Schnitzel Gouda | Veggie,Valess,3.79,,"21,06 €/kg",,https://www.delhaize.be/nl/shop/Vlees-vis-en-vegetarische-producten/Vegetarisch/Vleesvervangers/Vegetarische-schnitzels-en-filets/Schnitzel-Gouda-Veggie/p/F2023041400119890000,2026-05-10T15:06:57.204400
Delhaize,"Vlees, vis en vegetarische producten",Delhaize Spekjes | Gerookt,Delhaize,1.91,,"7,64 €/kg",,https://www.delhaize.be/nl/shop/Vlees-vis-en-vegetarische-producten/Charcuterie/Spek/Spekblokjes/Spekjes-Gerookt/p/F2009070100510810000,2026-05-10T15:06:57.762803
Delhaize,"Vlees, vis en vegetarische producten",Delhaize Zalmfilet | Met vel,Delhaize,5.51,,"+/-21,19€/kg",,https://www.delhaize.be/nl/shop/Vlees-vis-en-vegetarische-producten/Vis/Verse-vis/Zalm/Zalmfilet-Met-vel/p/F1996110400213800000,2026-05-10T15:06:58.316979
Delhaize,"Vlees, vis en vegetarische producten",Delhaize Beenham | Gekookt | Ambachtelijk | Sneden,Delhaize,2.33,,"15,53 €/kg",,https://www.delhaize.be/nl/shop/Vlees-vis-en-vegetarische-producten/Charcuterie/Gekookte-ham/Klassieke-ham/Beenham-Gekookt-Ambachtelijk-Sneden/p/F2006110200592200000,2026-05-10T15:06:58.910939
Delhaize,"Vlees, vis en vegetarische producten",Delhaize Schouderham in sneetjes,Delhaize,2.49,,"8,30 €/kg",,https://www.delhaize.be/nl/shop/Vlees-vis-en-vegetarische-producten/Charcuterie/Gekookte-ham/Klassieke-ham/Schouderham-in-sneetjes/p/F2009081300550210000,2026-05-10T15:06:59.461595
Delhaize,"Vlees, vis en vegetarische producten",Delhaize Filet | Kip,Delhaize,7.80,,"13,00 €/kg",,https://www.delhaize.be/nl/shop/Vlees-vis-en-vegetarische-producten/Gevogelte/Kip/Versneden-kip/Filet-Kip/p/F2012073100286900000,2026-05-10T15:07:00.015378
Delhaize,"Vlees, vis en vegetarische producten",Delhaize Zalm | Gerookt,Delhaize,4.39,,"21,95 €/kg",,https://www.delhaize.be/nl/shop/Vlees-vis-en-vegetarische-producten/Vis/Gerookte-vis/Zalm/Zalm-Gerookt/p/F2020021700052090000,2026-05-10T15:07:00.579019
Delhaize,"Vlees, vis en vegetarische producten",Delhaize Ontvette | Kookham,Delhaize,3.45,,"15,33 €/kg",,https://www.delhaize.be/nl/shop/Vlees-vis-en-vegetarische-producten/Charcuterie/Gekookte-ham/Klassieke-ham/Ontvette-Kookham/p/F2021011800074870000,2026-05-10T15:07:01.130570
Delhaize,"Vlees, vis en vegetarische producten",Delhaize Croc | Kip | Ham en kaas,Delhaize,3.29,,"13,16 €/kg",,https://www.delhaize.be/nl/shop/Vlees-vis-en-vegetarische-producten/Gevogelte/Kip/Bereidingen-van-kip/Croc-Kip-Ham-en-kaas/p/F2019081300042220000,2026-05-10T15:07:01.694559
Delhaize,"Vlees, vis en vegetarische producten",Delhaize Gehakt | Kip | Gekruid,Delhaize,4.75,,"9,50 €/kg",,https://www.delhaize.be/nl/shop/Vlees-vis-en-vegetarische-producten/Gevogelte/Kip/Bereidingen-van-kip/Gehakt-Kip-Gekruid/p/F2022100500108390000,2026-05-10T15:07:02.250636
Delhaize,"Vlees, vis en vegetarische producten",Delhaize Haasjes | Kip,Delhaize,5.86,2de tegen -40%,"+/-12,89€/kg",,https://www.delhaize.be/nl/shop/Vlees-vis-en-vegetarische-producten/Gevogelte/Kip/Versneden-kip/Haasjes-Kip/p/F2019081300042310000,2026-05-10T15:07:02.312760
Delhaize,"Vlees, vis en vegetarische producten",Delhaize Filet | Kip | Bio,Delhaize,9.80,,"+/-27,99€/kg",,https://www.delhaize.be/nl/shop/Vlees-vis-en-vegetarische-producten/Gevogelte/Kip/Versneden-kip/Filet-Kip-Bio/p/F2009081200271710000,2026-05-10T15:07:02.866626
Delhaize,"Vlees, vis en vegetarische producten",Delhaize Filethaasjes | Kip | Extra fijn,Delhaize,6.80,,"+/-16,99€/kg",,https://www.delhaize.be/nl/shop/Vlees-vis-en-vegetarische-producten/Gevogelte/Kip/Versneden-kip/Filethaasjes-Kip-Extra-fijn/p/F2000111300905200000,2026-05-10T15:07:03.415519
Delhaize,"Vlees, vis en vegetarische producten",Delhaize Filetblokjes | Kip,Delhaize,5.60,,"+/-13,99€/kg",,https://www.delhaize.be/nl/shop/Vlees-vis-en-vegetarische-producten/Gevogelte/Kip/Versneden-kip/Filetblokjes-Kip/p/F2019081300042380000,2026-05-10T15:07:03.970169
Delhaize,"Vlees, vis en vegetarische producten",Delhaize Zalm | Gerookt | Noors,Delhaize,6.29,,"48,38 €/kg",,https://www.delhaize.be/nl/shop/Vlees-vis-en-vegetarische-producten/Vis/Gerookte-vis/Zalm/Zalm-Gerookt-Noors/p/F1993061800218400000,2026-05-10T15:07:04.537012
Delhaize,"Vlees, vis en vegetarische producten",Delhaize Zalmfilet | Zonder vel,Delhaize,6.67,Promo,"27,44 €/kg",,https://www.delhaize.be/nl/shop/Vlees-vis-en-vegetarische-producten/Vis/Verse-vis/Zalm/Zalmfilet-Zonder-vel/p/F1990031300249400000,2026-05-10T15:07:04.604162
Delhaize,"Vlees, vis en vegetarische producten",Delhaize Kippewit,Delhaize,2.85,,"19,00 €/kg",,https://www.delhaize.be/nl/shop/Vlees-vis-en-vegetarische-producten/Charcuterie/Gekookte-vleesproducten/Gekookt-kippenvlees/Kippewit/p/F2017122900371510000,2026-05-10T15:07:05.155856
Delhaize,"Vlees, vis en vegetarische producten",Delhaize Gekookte hamblokjes | Max. 5% de graisses,Delhaize,1.99,,"9,95 €/kg",,https://www.delhaize.be/nl/shop/Vlees-vis-en-vegetarische-producten/Charcuterie/Gekookte-ham/Klassieke-ham/Gekookte-hamblokjes-Max-5-de-graisses/p/F2015102200522000000,2026-05-10T15:07:05.710696
Delhaize,"Vlees, vis en vegetarische producten",Delhaize Hespenworst in sneden,Delhaize,1.33,,"8,87 €/kg",,https://www.delhaize.be/nl/shop/Vlees-vis-en-vegetarische-producten/Charcuterie/Gekookte-vleesproducten/Gekookt-varkensvlees/Hespenworst-in-sneden/p/F2018011600011260000,2026-05-10T15:07:06.263124
Delhaize,"Vlees, vis en vegetarische producten",Delhaize Kipfilet,Delhaize,1.09,,"7,27 €/kg",,https://www.delhaize.be/nl/shop/Vlees-vis-en-vegetarische-producten/Charcuterie/Gekookte-vleesproducten/Gekookt-kippenvlees/Kipfilet/p/F2018080200021360000,2026-05-10T15:07:06.810349
Delhaize,"Vlees, vis en vegetarische producten",Delhaize Zalmfilet | Zonder vel | Bio,Delhaize,8.36,,"+/-37,99€/kg",,https://www.delhaize.be/nl/shop/Vlees-vis-en-vegetarische-producten/Vis/Verse-vis/Zalm/Zalmfilet-Zonder-vel-Bio/p/F2022012700094440000,2026-05-10T15:07:07.367314
Delhaize,"Vlees, vis en vegetarische producten",Delhaize Zalm | Gerookt | Bio,Delhaize,7.59,,"54,21 €/kg",,https://www.delhaize.be/nl/shop/Vlees-vis-en-vegetarische-producten/Vis/Gerookte-vis/Zalm/Zalm-Gerookt-Bio/p/F1996100700202900000,2026-05-10T15:07:07.922327
Delhaize,"Vlees, vis en vegetarische producten",Herta Hesp | Superieur | Sneden,Herta,2.59,2de tegen -50%,"25,90 €/kg",,https://www.delhaize.be/nl/shop/Vlees-vis-en-vegetarische-producten/Charcuterie/Gekookte-ham/Klassieke-ham/Hesp-Superieur-Sneden/p/F2010010700558010000,2026-05-10T15:07:07.975087
Delhaize,"Vlees, vis en vegetarische producten",Delhaize Ambachtelijke beenham | Glutenvrij,Delhaize,4.87,,"+/-32,49€/kg",,https://www.delhaize.be/nl/shop/Vlees-vis-en-vegetarische-producten/Charcuterie/Andere-charcuterie/Ambachtelijke-beenham-Glutenvrij/p/F2016041200588400000,2026-05-10T15:07:08.520145
Delhaize,"Vlees, vis en vegetarische producten",Delhaize Kipfilet | Sneden,Delhaize,2.39,,"15,93 €/kg",,https://www.delhaize.be/nl/shop/Vlees-vis-en-vegetarische-producten/Charcuterie/Gekookte-vleesproducten/Gekookt-kippenvlees/Kipfilet-Sneden/p/F2018011000371710000,2026-05-10T15:07:09.074058
Delhaize,"Vlees, vis en vegetarische producten",Delhaize Kabeljauwfilet,Delhaize,10.23,2de tegen -40%,"+/-30,99€/kg",,https://www.delhaize.be/nl/shop/Vlees-vis-en-vegetarische-producten/Vis/Verse-vis/Witte-vissen/Kabeljauwfilet/p/F1981081100229000000,2026-05-10T15:07:09.131703
Delhaize,"Vlees, vis en vegetarische producten",Delhaize Zalmhaasje,Delhaize,9.87,,"+/-39,49€/kg",,https://www.delhaize.be/nl/shop/Vlees-vis-en-vegetarische-producten/Vis/Verse-vis/Zalm/Zalmhaasje/p/F1990031300249200000,2026-05-10T15:07:09.685567
Delhaize,"Vlees, vis en vegetarische producten",Delhaize Merguez | 100% Lam | Celtic,Delhaize,3.75,,"+/-18,75€/kg",,https://www.delhaize.be/nl/shop/Vlees-vis-en-vegetarische-producten/Bereidingen/Worsten/Merguez-100-Lam-Celtic/p/F2014021100504910000,2026-05-10T15:07:10.247627
Delhaize,"Vlees, vis en vegetarische producten",Delhaize Ovengebakken | Ham,Delhaize,3.89,,"25,93 €/kg",,https://www.delhaize.be/nl/shop/Vlees-vis-en-vegetarische-producten/Charcuterie/Gekookte-ham/Klassieke-ham/Ovengebakken-Ham/p/F2021011800074940000,2026-05-10T15:07:10.804432
Delhaize,"Vlees, vis en vegetarische producten",Delhaize Ontvette | Kookham,Delhaize,2.35,,"15,67 €/kg",,https://www.delhaize.be/nl/shop/Vlees-vis-en-vegetarische-producten/Charcuterie/Gekookte-ham/Klassieke-ham/Ontvette-Kookham/p/F2021011800074860000,2026-05-10T15:07:11.354812
Delhaize,"Vlees, vis en vegetarische producten",Delhaize Zalm | Gerookt | Schots,Delhaize,7.59,,"58,38 €/kg",,https://www.delhaize.be/nl/shop/Vlees-vis-en-vegetarische-producten/Vis/Gerookte-vis/Zalm/Zalm-Gerookt-Schots/p/F2017122700371230000,2026-05-10T15:07:11.915651
Delhaize,"Vlees, vis en vegetarische producten",Delhaize Salami Zonder Look,Delhaize,2.19,,"14,60 €/kg",,https://www.delhaize.be/nl/shop/Vlees-vis-en-vegetarische-producten/Charcuterie/Salami/Varkenssalami/Salami-Zonder-Look/p/F2019120900048100000,2026-05-10T15:07:12.481514
Delhaize,"Vlees, vis en vegetarische producten",Delhaize Chipolata | Kip,Delhaize,3.79,,"11,66 €/kg",,https://www.delhaize.be/nl/shop/Vlees-vis-en-vegetarische-producten/Gevogelte/Kip/Bereidingen-van-kip/Chipolata-Kip/p/F2022100500108420000,2026-05-10T15:07:13.031950
Delhaize,"Vlees, vis en vegetarische producten",Delhaize Droge worsten | Mini sticks,Delhaize,2.25,,"22,50 €/kg",,https://www.delhaize.be/nl/shop/Vlees-vis-en-vegetarische-producten/Charcuterie/Gedroogde-worsten/Franse-worsten/Droge-worsten-Mini-sticks/p/F2009042200500910000,2026-05-10T15:07:13.590147
Delhaize,"Vlees, vis en vegetarische producten",Delhaize Gerookte spekjes,Delhaize,2.45,,"12,25 €/kg",,https://www.delhaize.be/nl/shop/Vlees-vis-en-vegetarische-producten/Charcuterie/Spek/Spekblokjes/Gerookte-spekjes/p/F2009112400500610000,2026-05-10T15:07:14.159532
Delhaize,"Vlees, vis en vegetarische producten",Delhaize Pure varkensrosette | Sneetjes,Delhaize,1.99,,"19,90 €/kg",,https://www.delhaize.be/nl/shop/Vlees-vis-en-vegetarische-producten/Charcuterie/Salami/Varkenssalami/Pure-varkensrosette-Sneetjes/p/F2018011800011480000,2026-05-10T15:07:14.715614
Delhaize,"Vlees, vis en vegetarische producten",Delhaize Braadkip | 900G-1400G,Delhaize,5.22,,"+/-4,35€/kg",,https://www.delhaize.be/nl/shop/Vlees-vis-en-vegetarische-producten/Gevogelte/Kip/Volledige-kip/Braadkip-900G-1400G/p/F2020121400072940000,2026-05-10T15:07:15.276447
Delhaize,"Vlees, vis en vegetarische producten",Delhaize Boutfilet | Kip | Bio,Delhaize,9.37,,"+/-24,99€/kg",,https://www.delhaize.be/nl/shop/Vlees-vis-en-vegetarische-producten/Gevogelte/Kip/Versneden-kip/Boutfilet-Kip-Bio/p/F2009082100919210000,2026-05-10T15:07:15.837021
Delhaize,"Vlees, vis en vegetarische producten",Delhaize Spek | Ontbijt,Delhaize,2.39,,"11,95 €/kg",,https://www.delhaize.be/nl/shop/Vlees-vis-en-vegetarische-producten/Charcuterie/Spek/Spek-in-sneden/Spek-Ontbijt/p/F2007103000571510000,2026-05-10T15:07:16.392415
Delhaize,"Vlees, vis en vegetarische producten",Delhaize Spekreepjes | Gerookt,Delhaize,2.29,,"11,45 €/kg",,https://www.delhaize.be/nl/shop/Vlees-vis-en-vegetarische-producten/Charcuterie/Spek/Spekblokjes/Spekreepjes-Gerookt/p/F2017100500008980000,2026-05-10T15:07:16.948119
Delhaize,"Vlees, vis en vegetarische producten",Delhaize Croc | Kip | Krokant,Delhaize,3.89,,"15,56 €/kg",,https://www.delhaize.be/nl/shop/Vlees-vis-en-vegetarische-producten/Gevogelte/Kip/Bereidingen-van-kip/Croc-Kip-Krokant/p/F2019081300042260000,2026-05-10T15:07:17.505382
Delhaize,"Vlees, vis en vegetarische producten",Delhaize Rauwe ham | Italiaans | Sneden | Maxi pack,Delhaize,5.15,,"20,60 €/kg",,https://www.delhaize.be/nl/shop/Vlees-vis-en-vegetarische-producten/Charcuterie/Gedroogde-en-gerookte-ham/Gedroogde-ham/Rauwe-ham-Italiaans-Sneden-Maxi-pack/p/F2009060400506110000,2026-05-10T15:07:18.059387
Delhaize,"Vlees, vis en vegetarische producten",Delhaize Beenham,Delhaize,3.29,,"21,93 €/kg",,https://www.delhaize.be/nl/shop/Vlees-vis-en-vegetarische-producten/Charcuterie/Gekookte-ham/Klassieke-ham/Beenham/p/F2021011800074990000,2026-05-10T15:07:18.614740
Delhaize,"Vlees, vis en vegetarische producten",Aoste Kalkoengebraad,Aoste,3.85,,"32,08 €/kg",,https://www.delhaize.be/nl/shop/Vlees-vis-en-vegetarische-producten/Charcuterie/Gekookte-vleesproducten/Gekookt-kalkoensvlees/Kalkoengebraad/p/F2019030800032970000,2026-05-10T15:07:19.166295
Delhaize,"Vlees, vis en vegetarische producten",Herta Superieur Ham Natuur | 10 Sneden | MP,Herta,7.45,2de tegen -50%,"21,91 €/kg",,https://www.delhaize.be/nl/shop/Vlees-vis-en-vegetarische-producten/Charcuterie/Gekookte-ham/Klassieke-ham/Superieur-Ham-Natuur-10-Sneden-MP/p/F2019020800031140000,2026-05-10T15:07:19.220800
Delhaize,"Vlees, vis en vegetarische producten",Delhaize Roodbaarsfilet,Delhaize,5.72,,"+/-25,99€/kg",,https://www.delhaize.be/nl/shop/Vlees-vis-en-vegetarische-producten/Vis/Verse-vis/Witte-vissen/Roodbaarsfilet/p/F1981081100228900000,2026-05-10T15:07:19.773281
Delhaize,"Vlees, vis en vegetarische producten",Delhaize Chorizo extra sneden,Delhaize,1.16,,"11,60 €/kg",,https://www.delhaize.be/nl/shop/Vlees-vis-en-vegetarische-producten/Charcuterie/Salami/Varkenssalami/Chorizo-extra-sneden/p/F2018011800011500000,2026-05-10T15:07:20.326377
Delhaize,"Vlees, vis en vegetarische producten",Delhaize Salami | zonder look,Delhaize,1.09,,"7,27 €/kg",,https://www.delhaize.be/nl/shop/Vlees-vis-en-vegetarische-producten/Charcuterie/Salami/Varkenssalami/Salami-zonder-look/p/F2018072700021120000,2026-05-10T15:07:20.880323
Delhaize,"Vlees, vis en vegetarische producten",Delhaize Filet De Saxe,Delhaize,1.99,,"19,90 €/kg",,https://www.delhaize.be/nl/shop/Vlees-vis-en-vegetarische-producten/Charcuterie/Gedroogde-en-gerookte-vleesproducten/Rauw-en-gerookt-varkensvlees/Filet-De-Saxe/p/F2019120900048130000,2026-05-10T15:07:21.440201
Delhaize,"Vlees, vis en vegetarische producten",Rosa Dell Angelo Pancetta per carbonara,Rosa Dell Angelo,4.99,,"41,58 €/kg",,https://www.delhaize.be/nl/shop/Vlees-vis-en-vegetarische-producten/Charcuterie/Spek/Authentieke-gamma-spek/Pancetta-per-carbonara/p/F2012041200572900000,2026-05-10T15:07:21.991867
Delhaize,"Vlees, vis en vegetarische producten",Delhaize Kalkoenfilet,Delhaize,2.05,,"16,40 €/kg",,https://www.delhaize.be/nl/shop/Vlees-vis-en-vegetarische-producten/Charcuterie/Gekookte-vleesproducten/Gekookt-kalkoensvlees/Kalkoenfilet/p/F2018011000371660000,2026-05-10T15:07:22.535597
Delhaize,"Vlees, vis en vegetarische producten",Taste of Inspirations Mortadella | Bologna | Sneden,Taste of Inspirations,2.79,,"17,44 €/kg",,https://www.delhaize.be/nl/shop/Vlees-vis-en-vegetarische-producten/Charcuterie/Authentieke-gamma-charcuterie/Gekookte-vleesproducten/Mortadella-Bologna-Sneden/p/F2018031200013970000,2026-05-10T15:07:23.084244
Delhaize,"Vlees, vis en vegetarische producten",Delhaize Borst| Eend,Delhaize,13.12,,"+/-34,99€/kg",,https://www.delhaize.be/nl/shop/Vlees-vis-en-vegetarische-producten/Gevogelte/Eend/Versneden-eend/Borst-Eend/p/F2009082100263710000,2026-05-10T15:07:23.655480
Delhaize,"Vlees, vis en vegetarische producten",Delhaize Lapjes | Kalkoen,Delhaize,4.81,,"+/-12,49€/kg",,https://www.delhaize.be/nl/shop/Vlees-vis-en-vegetarische-producten/Gevogelte/Kalkoen/Versneden-kalkoen/Lapjes-Kalkoen/p/F1993022600239300000,2026-05-10T15:07:24.214868
Delhaize,"Vlees, vis en vegetarische producten",Delhaize Sint-Jacobsnoten,Delhaize,11.01,,"+/-63,99€/kg",,https://www.delhaize.be/nl/shop/Vlees-vis-en-vegetarische-producten/Vis/Zeevruchten-en-schaaldieren/Andere-zeevruchten-en-schaaldieren/Sint-Jacobsnoten/p/F2005061600279500000,2026-05-10T15:07:24.770622
Delhaize,"Vlees, vis en vegetarische producten",Delhaize Hespenworst,Delhaize,2.55,,"+/-16,99€/kg",,https://www.delhaize.be/nl/shop/Vlees-vis-en-vegetarische-producten/Charcuterie/Andere-charcuterie/Hespenworst/p/F2019051300037650000,2026-05-10T15:07:25.326177
Delhaize,"Vlees, vis en vegetarische producten",Delhaize Baconreepjes,Delhaize,2.85,,"14,25 €/kg",,https://www.delhaize.be/nl/shop/Vlees-vis-en-vegetarische-producten/Charcuterie/Spek/Spekblokjes/Baconreepjes/p/F2009070100510910000,2026-05-10T15:07:25.875403
Delhaize,"Vlees, vis en vegetarische producten",Delhaize Zalm | Gerookt | -25% zout | Noors,Delhaize,6.49,,"49,92 €/kg",,https://www.delhaize.be/nl/shop/Vlees-vis-en-vegetarische-producten/Vis/Gerookte-vis/Zalm/Zalm-Gerookt-25-zout-Noors/p/F2021061000082050000,2026-05-10T15:07:26.426435
Delhaize,"Vlees, vis en vegetarische producten",Delhaize Gehakt | Kip | Gekruid | Bio,Delhaize,7.65,,"+/-16,99€/kg",,https://www.delhaize.be/nl/shop/Vlees-vis-en-vegetarische-producten/Gevogelte/Kip/Bereidingen-van-kip/Gehakt-Kip-Gekruid-Bio/p/F2009101900544610000,2026-05-10T15:07:26.979302
Delhaize,"Vlees, vis en vegetarische producten",Delhaize Luikse gehaktballetjes,Delhaize,3.09,,"6,87 €/kg",,https://www.delhaize.be/nl/shop/Vlees-vis-en-vegetarische-producten/Charcuterie/Gekookte-vleesproducten/Gekookt-varkensvlees/Luikse-gehaktballetjes/p/F2009112400530700000,2026-05-10T15:07:27.528984
Delhaize,"Vlees, vis en vegetarische producten",Delhaize Croc | Kip | Champignon,Delhaize,3.95,,"15,80 €/kg",,https://www.delhaize.be/nl/shop/Vlees-vis-en-vegetarische-producten/Gevogelte/Kip/Bereidingen-van-kip/Croc-Kip-Champignon/p/F2019081300042250000,2026-05-10T15:07:28.080537
Delhaize,"Vlees, vis en vegetarische producten",St Sever Filets | Hoevekip | Geel | Label Rouge,St Sever,10.56,,"+/-31,99€/kg",,https://www.delhaize.be/nl/shop/Vlees-vis-en-vegetarische-producten/Gevogelte/Kip/Versneden-kip/Filets-Hoevekip-Geel-Label-Rouge/p/F2009072200915810000,2026-05-10T15:07:28.644506
Delhaize,"Vlees, vis en vegetarische producten",Delhaize Spekreepjes | Gezouten,Delhaize,2.29,,"11,45 €/kg",,https://www.delhaize.be/nl/shop/Vlees-vis-en-vegetarische-producten/Charcuterie/Spek/Spekblokjes/Spekreepjes-Gezouten/p/F2009112400511010000,2026-05-10T15:07:29.193345
Delhaize,"Vlees, vis en vegetarische producten",Aoste Disney Mini kippenworstjes,Aoste,3.29,,"21,93 €/kg",,https://www.delhaize.be/nl/shop/Vlees-vis-en-vegetarische-producten/Charcuterie/Gekookte-vleesproducten/Gekookt-kippenvlees/Disney-Mini-kippenworstjes/p/F2018030700013770000,2026-05-10T15:07:29.750007
Delhaize,"Vlees, vis en vegetarische producten",Delhaize Rosette,Delhaize,3.99,,"+/-26,59€/kg",,https://www.delhaize.be/nl/shop/Vlees-vis-en-vegetarische-producten/Charcuterie/Andere-charcuterie/Rosette/p/F2019051300037670000,2026-05-10T15:07:30.304170
Delhaize,"Vlees, vis en vegetarische producten",Herta Spekreepjes | Gerookt,Herta,2.99,,"14,95 €/kg",,https://www.delhaize.be/nl/shop/Vlees-vis-en-vegetarische-producten/Charcuterie/Spek/Spekblokjes/Spekreepjes-Gerookt/p/F1995072800578800000,2026-05-10T15:07:30.857521
Delhaize,"Vlees, vis en vegetarische producten",Delhaize Bereide Gehakte Biefstuk,Delhaize,2.19,,"13,69 €/kg",,https://www.delhaize.be/nl/shop/Vlees-vis-en-vegetarische-producten/Bereidingen/Gehakt/Bereide-Gehakte-Biefstuk/p/F2022061300101730000,2026-05-10T15:07:31.404292
Delhaize,"Vlees, vis en vegetarische producten",Taste of Inspirations Prosc. di Parma,Taste of Inspirations,4.95,,"61,88 €/kg",,https://www.delhaize.be/nl/shop/Vlees-vis-en-vegetarische-producten/Charcuterie/Gedroogde-en-gerookte-ham/Authentieke-gamma-ham/Prosc-di-Parma/p/F2019030600033270000,2026-05-10T15:07:31.954050
Delhaize,"Vlees, vis en vegetarische producten",Delhaize Gerookte Cobourg | Sneden,Delhaize,2.15,,"14,33 €/kg",,https://www.delhaize.be/nl/shop/Vlees-vis-en-vegetarische-producten/Charcuterie/Gedroogde-en-gerookte-ham/Gerookte-ham/Gerookte-Cobourg-Sneden/p/F2009082500527810000,2026-05-10T15:07:32.501853
Delhaize,"Vlees, vis en vegetarische producten",Delhaize Kipfilet curry,Delhaize,3.54,,"+/-23,59€/kg",,https://www.delhaize.be/nl/shop/Vlees-vis-en-vegetarische-producten/Charcuterie/Andere-charcuterie/Kipfilet-curry/p/F2019051000037560000,2026-05-10T15:07:33.054318
Delhaize,"Vlees, vis en vegetarische producten",Delhaize Pensen | Wit | Fijne kruiden | Varken,Delhaize,2.57,,"+/-10,69€/kg",,https://www.delhaize.be/nl/shop/Vlees-vis-en-vegetarische-producten/Bereidingen/Pensen/Pensen-Wit-Fijne-kruiden-Varken/p/F2001041100563000000,2026-05-10T15:07:33.619949
Delhaize,"Vlees, vis en vegetarische producten",Delhaize Zalm | Gerookt | Noors,Delhaize,11.25,,"43,27 €/kg",,https://www.delhaize.be/nl/shop/Vlees-vis-en-vegetarische-producten/Vis/Gerookte-vis/Zalm/Zalm-Gerookt-Noors/p/F2010031200247800000,2026-05-10T15:07:34.176078
Delhaize,"Vlees, vis en vegetarische producten",Delhaize Salade | Tonijn | MSC,Delhaize,1.99,,"10,76 €/kg",,https://www.delhaize.be/nl/shop/Vlees-vis-en-vegetarische-producten/Vlees-vis-en-vegetarische-salades/Vissalades/Salade-Tonijn-MSC/p/F2010022200216350000,2026-05-10T15:07:34.729606
Delhaize,"Vlees, vis en vegetarische producten",Aoste Kipfilet,Aoste,4.29,,"35,75 €/kg",,https://www.delhaize.be/nl/shop/Vlees-vis-en-vegetarische-producten/Charcuterie/Gekookte-vleesproducten/Gekookt-kippenvlees/Kipfilet/p/F2022012800094570000,2026-05-10T15:07:35.283167
Delhaize,"Vlees, vis en vegetarische producten",Delhaize Scampi's | Gekookt | Gepeld,Delhaize,5.39,,"26,95 €/kg",,https://www.delhaize.be/nl/shop/Vlees-vis-en-vegetarische-producten/Vis/Zeevruchten-en-schaaldieren/Scampi-s-en-gamba-s/Scampi-s-Gekookt-Gepeld/p/F2019052700038510000,2026-05-10T15:07:35.840825
Delhaize,"Vlees, vis en vegetarische producten",Delhaize Salade | Kip | Kerriesaus,Delhaize,2.09,,"11,30 €/kg",,https://www.delhaize.be/nl/shop/Vlees-vis-en-vegetarische-producten/Vlees-vis-en-vegetarische-salades/Vleessalades/Salade-Kip-Kerriesaus/p/F2009070700249510000,2026-05-10T15:07:36.396053
Delhaize,"Vlees, vis en vegetarische producten",Herta Ontbijtspek Gerookt | 10 sneden,Herta,2.09,,"20,90 €/kg",,https://www.delhaize.be/nl/shop/Vlees-vis-en-vegetarische-producten/Charcuterie/Spek/Spek-in-sneden/Ontbijtspek-Gerookt-10-sneden/p/F2013012100549220000,2026-05-10T15:07:36.948394
Delhaize,"Vlees, vis en vegetarische producten",Delhaize Bereide Biefstuk | Martino,Delhaize,2.69,,"16,81 €/kg",,https://www.delhaize.be/nl/shop/Vlees-vis-en-vegetarische-producten/Bereidingen/Gehakt/Bereide-Biefstuk-Martino/p/F2022061300101750000,2026-05-10T15:07:37.509326
Delhaize,"Vlees, vis en vegetarische producten",Delhaize Onderbouten | Kip,Delhaize,5.99,,"5,99 €/kg",,https://www.delhaize.be/nl/shop/Vlees-vis-en-vegetarische-producten/Gevogelte/Kip/Versneden-kip/Onderbouten-Kip/p/F2022051200100010000,2026-05-10T15:07:38.061702
Delhaize,"Vlees, vis en vegetarische producten",Delhaize Kippenvleesbrood,Delhaize,1.64,,"10,93 €/kg",,https://www.delhaize.be/nl/shop/Vlees-vis-en-vegetarische-producten/Charcuterie/Gekookte-vleesproducten/Gekookt-kippenvlees/Kippenvleesbrood/p/F2018011100371810000,2026-05-10T15:07:38.628044
Delhaize,"Vlees, vis en vegetarische producten",Delhaize Salami Met Look,Delhaize,2.19,,"14,60 €/kg",,https://www.delhaize.be/nl/shop/Vlees-vis-en-vegetarische-producten/Charcuterie/Salami/Varkenssalami/Salami-Met-Look/p/F2019120900048110000,2026-05-10T15:07:39.181495
Delhaize,"Vlees, vis en vegetarische producten",Delhaize Chipolota | Kip | Bio,Delhaize,7.21,,"+/-20,59€/kg",,https://www.delhaize.be/nl/shop/Vlees-vis-en-vegetarische-producten/Gevogelte/Kip/Bereidingen-van-kip/Chipolota-Kip-Bio/p/F2007040300252300000,2026-05-10T15:07:39.735584
Delhaize,"Vlees, vis en vegetarische producten",Delhaize Ontvette | Kookham | MP,Delhaize,5.69,,"13,55 €/kg",,https://www.delhaize.be/nl/shop/Vlees-vis-en-vegetarische-producten/Charcuterie/Gekookte-ham/Klassieke-ham/Ontvette-Kookham-MP/p/F2021011800074880000,2026-05-10T15:07:40.295933
Delhaize,"Vlees, vis en vegetarische producten",Delhaize Salami | look,Delhaize,1.19,,"7,93 €/kg",,https://www.delhaize.be/nl/shop/Vlees-vis-en-vegetarische-producten/Charcuterie/Salami/Varkenssalami/Salami-look/p/F2018072700021110000,2026-05-10T15:07:40.849636
Delhaize,"Vlees, vis en vegetarische producten",Delhaize Vleugels | Kip | Bio,Delhaize,5.01,,"+/-8,35€/kg",,https://www.delhaize.be/nl/shop/Vlees-vis-en-vegetarische-producten/Gevogelte/Kip/Versneden-kip/Vleugels-Kip-Bio/p/F1999072300236700000,2026-05-10T15:07:41.409320
Delhaize,"Vlees, vis en vegetarische producten",Delhaize Ardeens gebraad | Kruiden | Sneden,Delhaize,3.27,-20%,"+/-15,55€/kg",,https://www.delhaize.be/nl/shop/Vlees-vis-en-vegetarische-producten/Vers-vlees/Varken/Ardeens-gebraad-Kruiden-Sneden/p/F2011030200507030000,2026-05-10T15:07:41.472574
Delhaize,"Vlees, vis en vegetarische producten",Delhaize Filet | Maïskip | Coqardenne,Delhaize,7.35,,"+/-20,99€/kg",,https://www.delhaize.be/nl/shop/Vlees-vis-en-vegetarische-producten/Gevogelte/Kip/Versneden-kip/Filet-Maiskip-Coqardenne/p/F2019021200031430000,2026-05-10T15:07:42.029209
Delhaize,"Vlees, vis en vegetarische producten",Delhaize PANCETTA,Delhaize,2.05,,"20,50 €/kg",,https://www.delhaize.be/nl/shop/Vlees-vis-en-vegetarische-producten/Charcuterie/Gedroogde-en-gerookte-vleesproducten/Rauw-en-gerookt-varkensvlees/PANCETTA/p/F2018011100371840000,2026-05-10T15:07:42.593000
Delhaize,"Vlees, vis en vegetarische producten",Delhaize Bouten met rug| Kip | Maxi pack,Delhaize,7.63,,"+/-5,45€/kg",,https://www.delhaize.be/nl/shop/Vlees-vis-en-vegetarische-producten/Gevogelte/Kip/Versneden-kip/Bouten-met-rug-Kip-Maxi-pack/p/F1991102200240100000,2026-05-10T15:07:43.146823
Delhaize,"Vlees, vis en vegetarische producten",Delhaize Brochette | Kip | Gemarineerd,Delhaize,8.32,,"+/-18,49€/kg",,https://www.delhaize.be/nl/shop/Vlees-vis-en-vegetarische-producten/Gevogelte/Kip/Kip-voor-op-de-barbecue/Brochette-Kip-Gemarineerd/p/F2009082800931810000,2026-05-10T15:07:43.704438
Delhaize,"Vlees, vis en vegetarische producten",Delhaize Garnalenkroon | Gekookt | Cocktailsaus,Delhaize,4.99,,"38,38 €/kg",,https://www.delhaize.be/nl/shop/Vlees-vis-en-vegetarische-producten/Vis/Zeevruchten-en-schaaldieren/Scampi-s-en-gamba-s/Garnalenkroon-Gekookt-Cocktailsaus/p/F2015031900253500000,2026-05-10T15:07:44.258606
Delhaize,"Vlees, vis en vegetarische producten",Delhaize Kleine droge worsten,Delhaize,2.59,,"20,72 €/kg",,https://www.delhaize.be/nl/shop/Vlees-vis-en-vegetarische-producten/Charcuterie/Gedroogde-worsten/Belgische-worsten/Kleine-droge-worsten/p/F2009102600564610000,2026-05-10T15:07:44.807387
Delhaize,"Vlees, vis en vegetarische producten",Aoste Kippenstukjes | Natuur,Aoste,5.69,,"47,42 €/kg",,https://www.delhaize.be/nl/shop/Vlees-vis-en-vegetarische-producten/Charcuterie/Gekookte-vleesproducten/Gekookt-kippenvlees/Kippenstukjes-Natuur/p/F2022012800094550000,2026-05-10T15:07:45.359823
Delhaize,"Vlees, vis en vegetarische producten",Delhaize Préparé van de chef,Delhaize,2.29,,"15,27 €/kg",,https://www.delhaize.be/nl/shop/Vlees-vis-en-vegetarische-producten/Vlees-vis-en-vegetarische-salades/Vleessalades/Prepare-van-de-chef/p/F2011081700543900000,2026-05-10T15:07:45.916378
Delhaize,"Vlees, vis en vegetarische producten",Delhaize Surimi | Staafjes,Delhaize,1.59,,"7,95 €/kg",,https://www.delhaize.be/nl/shop/Vlees-vis-en-vegetarische-producten/Vis/Specialiteiten/Surimi/Surimi-Staafjes/p/F2010022400200500000,2026-05-10T15:07:46.462326
Delhaize,"Vlees, vis en vegetarische producten",Herta Spekreepjes | Natuur,Herta,2.69,,"13,45 €/kg",,https://www.delhaize.be/nl/shop/Vlees-vis-en-vegetarische-producten/Charcuterie/Spek/Spekblokjes/Spekreepjes-Natuur/p/F1996041700579600000,2026-05-10T15:07:47.021182
Delhaize,"Vlees, vis en vegetarische producten",Taste of Inspirations Grisonvlees | Sneden,Taste of Inspirations,5.19,,"64,88 €/kg",,https://www.delhaize.be/nl/shop/Vlees-vis-en-vegetarische-producten/Charcuterie/Gedroogde-en-gerookte-vleesproducten/Authentieke-gamma-rauw-en-gerookt-vlees/Grisonvlees-Sneden/p/F2009060400504110000,2026-05-10T15:07:47.575602
Delhaize,"Vlees, vis en vegetarische producten",Delhaize Droge worst,Delhaize,2.79,,"13,95 €/kg",,https://www.delhaize.be/nl/shop/Vlees-vis-en-vegetarische-producten/Charcuterie/Gedroogde-worsten/Belgische-worsten/Droge-worst/p/F2009071500580910000,2026-05-10T15:07:48.125486
Delhaize,"Vlees, vis en vegetarische producten",Delhaize Ontbijtspek | 2x100g,Delhaize,3.95,,"19,75 €/kg",,https://www.delhaize.be/nl/shop/Vlees-vis-en-vegetarische-producten/Charcuterie/Spek/Spek-in-sneden/Ontbijtspek-2x100g/p/F2017111000010520000,2026-05-10T15:07:48.687571
Delhaize,"Zuivel, kaas en plantaardige alternatieven",Delhaize Eieren | Medium | Vrije uitloop,Delhaize,2.15,,"0,36 €/st",,https://www.delhaize.be/nl/shop/Zuivel-kaas-en-plantaardige-alternatieven/Eieren/Verse-eieren/Eieren-Medium-Vrije-uitloop/p/F2010083100116000000,2026-05-10T15:08:03.421063
Delhaize,"Zuivel, kaas en plantaardige alternatieven",Delhaize Room 20%,Delhaize,0.92,,"3,68 €/l",,https://www.delhaize.be/nl/shop/Zuivel-kaas-en-plantaardige-alternatieven/Room-en-alternatieven/Lichte-room/Room-20-/p/F2023040500119640000,2026-05-10T15:08:03.951726
Delhaize,"Zuivel, kaas en plantaardige alternatieven",Delhaize Eieren | Mix kaliber | Bio,Delhaize,3.09,,"0,52 €/st",,https://www.delhaize.be/nl/shop/Zuivel-kaas-en-plantaardige-alternatieven/Eieren/Verse-eieren/Eieren-Mix-kaliber-Bio/p/F1993101900107900000,2026-05-10T15:08:04.482349
Delhaize,"Zuivel, kaas en plantaardige alternatieven",Delhaize Room | Light 7%,Delhaize,0.77,,"3,08 €/l",,https://www.delhaize.be/nl/shop/Zuivel-kaas-en-plantaardige-alternatieven/Room-en-alternatieven/Lichte-room/Room-Light-7-/p/F2023041700119970000,2026-05-10T15:08:05.026722
Delhaize,"Zuivel, kaas en plantaardige alternatieven",Delhaize Bladerdeeg | Vers,Delhaize,0.76,,"3,30 €/kg",,https://www.delhaize.be/nl/shop/Zuivel-kaas-en-plantaardige-alternatieven/Vers-deeg/Klassiek-vers-deeg/Bladerdeeg-Vers/p/F2012031300129700000,2026-05-10T15:08:05.589032
Delhaize,"Zuivel, kaas en plantaardige alternatieven",Delhaize Room | 20% V.G.,Delhaize,0.95,,"3,80 €/l",,https://www.delhaize.be/nl/shop/Zuivel-kaas-en-plantaardige-alternatieven/Room-en-alternatieven/Lichte-room/Room-20-V-G-/p/F2019121300048420000,2026-05-10T15:08:06.154326
Delhaize,"Zuivel, kaas en plantaardige alternatieven",Delhaize Mozzarella | Classica | Mini-bolletjes,Delhaize,1.19,,"7,93 €/kg",,https://www.delhaize.be/nl/shop/Zuivel-kaas-en-plantaardige-alternatieven/Kaas/Ricotta-mascarpone-feta-en-mozzarella/Feta-en-mozzarella/Mozzarella-Classica-Mini-bolletjes/p/F2011062100191100000,2026-05-10T15:08:06.719366
Delhaize,"Zuivel, kaas en plantaardige alternatieven",Delhaize Kaas | Raclette | Sneden,Delhaize,4.29,,"10,73 €/kg",,https://www.delhaize.be/nl/shop/Zuivel-kaas-en-plantaardige-alternatieven/Kaas/Fondue-raclette-en-tartiflette/Fondue-raclette-en-tartiflette/Kaas-Raclette-Sneden/p/F2004091500107500000,2026-05-10T15:08:07.282306
Delhaize,"Zuivel, kaas en plantaardige alternatieven",Delhaize Room | Zuur | 30% V.G.,Delhaize,1.38,,"6,90 €/kg",,https://www.delhaize.be/nl/shop/Zuivel-kaas-en-plantaardige-alternatieven/Room-en-alternatieven/Volle-room/Room-Zuur-30-V-G-/p/F2020050400057880000,2026-05-10T15:08:07.862536
Delhaize,"Zuivel, kaas en plantaardige alternatieven",Delhaize Room 35% | Bio,Delhaize,1.86,,"7,44 €/l",,https://www.delhaize.be/nl/shop/Zuivel-kaas-en-plantaardige-alternatieven/Room-en-alternatieven/Volle-room/Room-35-Bio/p/F2018041900016110000,2026-05-10T15:08:08.443400
Delhaize,"Zuivel, kaas en plantaardige alternatieven",Delhaize Pizzadeeg | Vers,Delhaize,1.09,,"4,19 €/kg",,https://www.delhaize.be/nl/shop/Zuivel-kaas-en-plantaardige-alternatieven/Vers-deeg/Pizzadeeg/Pizzadeeg-Vers/p/F2008091100155300000,2026-05-10T15:08:09.011746
Delhaize,"Zuivel, kaas en plantaardige alternatieven",Delhaize Room 35%,Delhaize,1.23,,"4,92 €/l",,https://www.delhaize.be/nl/shop/Zuivel-kaas-en-plantaardige-alternatieven/Room-en-alternatieven/Volle-room/Room-35-/p/F2023040400119590000,2026-05-10T15:08:09.583257
Delhaize,"Zuivel, kaas en plantaardige alternatieven",Delhaize Kruimeldeeg | Vers,Delhaize,0.88,,"3,83 €/kg",,https://www.delhaize.be/nl/shop/Zuivel-kaas-en-plantaardige-alternatieven/Vers-deeg/Klassiek-vers-deeg/Kruimeldeeg-Vers/p/F2012031300134000000,2026-05-10T15:08:10.150285
Delhaize,"Zuivel, kaas en plantaardige alternatieven",Delhaize Mascarpone,Delhaize,1.65,,"6,60 €/kg",,https://www.delhaize.be/nl/shop/Zuivel-kaas-en-plantaardige-alternatieven/Kaas/Ricotta-mascarpone-feta-en-mozzarella/Ricotta-en-mascarpone/Mascarpone/p/F1996111200141700000,2026-05-10T15:08:10.726879
Delhaize,"Zuivel, kaas en plantaardige alternatieven",Delhaize Fondue | Zwitsers,Delhaize,4.59,,"11,48 €/kg",,https://www.delhaize.be/nl/shop/Zuivel-kaas-en-plantaardige-alternatieven/Kaas/Fondue-raclette-en-tartiflette/Fondue-raclette-en-tartiflette/Fondue-Zwitsers/p/F2011071800164700000,2026-05-10T15:08:11.320825
Delhaize,"Zuivel, kaas en plantaardige alternatieven",Delhaize Ricotta | Classico,Delhaize,0.99,,"3,96 €/kg",,https://www.delhaize.be/nl/shop/Zuivel-kaas-en-plantaardige-alternatieven/Kaas/Ricotta-mascarpone-feta-en-mozzarella/Ricotta-en-mascarpone/Ricotta-Classico/p/F1996111200141800000,2026-05-10T15:08:11.880011
Delhaize,"Zuivel, kaas en plantaardige alternatieven",Delhaize Room | Zuur | 15 % V.G.,Delhaize,1.09,,"5,45 €/kg",,https://www.delhaize.be/nl/shop/Zuivel-kaas-en-plantaardige-alternatieven/Room-en-alternatieven/Lichte-room/Room-Zuur-15-V-G-/p/F2020050400057890000,2026-05-10T15:08:12.438929
Delhaize,"Zuivel, kaas en plantaardige alternatieven",Delhaize Slagroom,Delhaize,1.35,,"5,40 €/l",,https://www.delhaize.be/nl/shop/Zuivel-kaas-en-plantaardige-alternatieven/Room-en-alternatieven/Slagroom/Slagroom/p/F2004052400131000000,2026-05-10T15:08:13.003813
Delhaize,"Zuivel, kaas en plantaardige alternatieven",Delhaize Mousse | Melkchocolade,Delhaize,1.09,,"14,53 €/kg",,https://www.delhaize.be/nl/shop/Zuivel-kaas-en-plantaardige-alternatieven/Desserts/Mousse/Mousse-Melkchocolade/p/F1988102100140700000,2026-05-10T15:08:13.565214
Delhaize,"Zuivel, kaas en plantaardige alternatieven",Delhaize Mousse | Koffie,Delhaize,1.25,,"16,67 €/kg",,https://www.delhaize.be/nl/shop/Zuivel-kaas-en-plantaardige-alternatieven/Desserts/Mousse/Mousse-Koffie/p/F1999101800141500000,2026-05-10T15:08:14.125490
Delhaize,"Zuivel, kaas en plantaardige alternatieven",Delhaize Gouda | Jong | Sneden,Delhaize,3.49,,"10,58 €/kg",,https://www.delhaize.be/nl/shop/Zuivel-kaas-en-plantaardige-alternatieven/Kaas/Kaas-in-sneden-en-smeerkaas/Kaas-in-sneden/Gouda-Jong-Sneden/p/F2009122900150300000,2026-05-10T15:08:14.692779
Delhaize,"Zuivel, kaas en plantaardige alternatieven",Delhaize Kaas | Gouda | Jong | Sneden,Delhaize,3.29,,"6,58 €/kg",,https://www.delhaize.be/nl/shop/Zuivel-kaas-en-plantaardige-alternatieven/Kaas/Kaas-in-sneden-en-smeerkaas/Kaas-in-sneden/Kaas-Gouda-Jong-Sneden/p/F2017122200371170000,2026-05-10T15:08:15.253231
Delhaize,"Zuivel, kaas en plantaardige alternatieven",Delhaize Grana padano | BOB,Delhaize,1.99,,"19,90 €/kg",,https://www.delhaize.be/nl/shop/Zuivel-kaas-en-plantaardige-alternatieven/Kaas/Geraspte-kaas/Grana-padano-BOB/p/F2018070600020160000,2026-05-10T15:08:15.823597
Delhaize,"Zuivel, kaas en plantaardige alternatieven",Campina Melk | Halfvolle | Plastiek flessen,Campina,8.19,,"1,37 €/l",,https://www.delhaize.be/nl/shop/Zuivel-kaas-en-plantaardige-alternatieven/Melk/Halfvol/Melk-Halfvolle-Plastiek-flessen/p/S2018032200041460099,2026-05-10T15:08:16.382790
Delhaize,"Zuivel, kaas en plantaardige alternatieven",Delhaize Melk | Halfvolle | Belgische,Delhaize,7.29,,"1,22 €/l",,https://www.delhaize.be/nl/shop/Zuivel-kaas-en-plantaardige-alternatieven/Melk/Halfvol/Melk-Halfvolle-Belgische/p/S2018032200041860099,2026-05-10T15:08:16.943023
Delhaize,"Zuivel, kaas en plantaardige alternatieven",Delhaize Emmental | Geraspt,Delhaize,1.65,,"11,00 €/kg",,https://www.delhaize.be/nl/shop/Zuivel-kaas-en-plantaardige-alternatieven/Kaas/Geraspte-kaas/Emmental-Geraspt/p/F2020090900067890000,2026-05-10T15:08:17.510667
Delhaize,"Zuivel, kaas en plantaardige alternatieven",Delhaize Gouda | Jong | Sneden | Maxi Pack,Delhaize,4.61,,"9,22 €/kg",,https://www.delhaize.be/nl/shop/Zuivel-kaas-en-plantaardige-alternatieven/Kaas/Kaas-in-sneden-en-smeerkaas/Kaas-in-sneden/Gouda-Jong-Sneden-Maxi-Pack/p/F2009122900132900000,2026-05-10T15:08:18.083205
Delhaize,"Zuivel, kaas en plantaardige alternatieven",Delhaize Emmental | Geraspt,Delhaize,1.64,,"8,20 €/kg",,https://www.delhaize.be/nl/shop/Zuivel-kaas-en-plantaardige-alternatieven/Kaas/Geraspte-kaas/Emmental-Geraspt/p/F2020060900060200000,2026-05-10T15:08:18.647020
Delhaize,"Zuivel, kaas en plantaardige alternatieven",Delhaize Mozzarella | Geraspt,Delhaize,1.49,,"9,93 €/kg",,https://www.delhaize.be/nl/shop/Zuivel-kaas-en-plantaardige-alternatieven/Kaas/Geraspte-kaas/Mozzarella-Geraspt/p/F2020090900067850000,2026-05-10T15:08:19.213194
Delhaize,"Zuivel, kaas en plantaardige alternatieven",Delhaize Parmigiano reggiano | BOB,Delhaize,2.85,,"28,50 €/kg",,https://www.delhaize.be/nl/shop/Zuivel-kaas-en-plantaardige-alternatieven/Kaas/Geraspte-kaas/Parmigiano-reggiano-BOB/p/F2018070600020220000,2026-05-10T15:08:19.783159
Delhaize,"Zuivel, kaas en plantaardige alternatieven",Delhaize Eieren | Verschillende grootte | Scharreleieren,Delhaize,2.59,,"0,22 €/st",,https://www.delhaize.be/nl/shop/Zuivel-kaas-en-plantaardige-alternatieven/Eieren/Verse-eieren/Eieren-Verschillende-grootte-Scharreleieren/p/F2010020200105000000,2026-05-10T15:08:20.348988
Delhaize,"Zuivel, kaas en plantaardige alternatieven",Delhaize Mozzarella,Delhaize,1.35,,"10,80 €/kg",,https://www.delhaize.be/nl/shop/Zuivel-kaas-en-plantaardige-alternatieven/Kaas/Ricotta-mascarpone-feta-en-mozzarella/Feta-en-mozzarella/Mozzarella/p/F2017082800005890000,2026-05-10T15:08:20.921533
Delhaize,"Zuivel, kaas en plantaardige alternatieven",Delhaize Melk | Halfvolle | BIo,Delhaize,8.09,175 punten,"1,35 €/l",,https://www.delhaize.be/nl/shop/Zuivel-kaas-en-plantaardige-alternatieven/Melk/Halfvol/Melk-Halfvolle-BIo/p/S2018041800051210099,2026-05-10T15:08:20.995905
Delhaize,"Zuivel, kaas en plantaardige alternatieven",Delhaize Melk | Halfvolle | Lactosevrij,Delhaize,7.09,,"1,18 €/l",,https://www.delhaize.be/nl/shop/Bewuste-voeding/Lactosevrij/Lactosevrije-melk/Melk-Halfvolle-Lactosevrij/p/S2018032200041700099,2026-05-10T15:08:21.559031
Delhaize,"Zuivel, kaas en plantaardige alternatieven",Delhaize UHT room | 30 % V.G.,Delhaize,0.79,,"3,95 €/l",,https://www.delhaize.be/nl/shop/Zuivel-kaas-en-plantaardige-alternatieven/Room-en-alternatieven/Volle-room/UHT-room-30-V-G-/p/S2017080804171550000,2026-05-10T15:08:22.126404
Delhaize,"Zuivel, kaas en plantaardige alternatieven",Delhaize Emmental | Geraspt,Delhaize,5.35,,"10,70 €/kg",,https://www.delhaize.be/nl/shop/Zuivel-kaas-en-plantaardige-alternatieven/Kaas/Geraspte-kaas/Emmental-Geraspt/p/F2020090900067880000,2026-05-10T15:08:22.688083
Delhaize,"Zuivel, kaas en plantaardige alternatieven",Delhaize Mozzarella | Bol,Delhaize,0.79,,"6,32 €/kg",,https://www.delhaize.be/nl/shop/Zuivel-kaas-en-plantaardige-alternatieven/Kaas/Ricotta-mascarpone-feta-en-mozzarella/Feta-en-mozzarella/Mozzarella-Bol/p/F2007062700176300000,2026-05-10T15:08:23.250857
Delhaize,"Zuivel, kaas en plantaardige alternatieven",Delhaize Parmigiano reggiano | Hard | Blok,Delhaize,8.49,,"33,96 €/kg",,https://www.delhaize.be/nl/shop/Zuivel-kaas-en-plantaardige-alternatieven/Kaas/Fondue-raclette-en-tartiflette/Andere/Parmigiano-reggiano-Hard-Blok/p/F2013060500731700000,2026-05-10T15:08:23.816100
Delhaize,"Zuivel, kaas en plantaardige alternatieven",Oatly Haverdrink | Barista Edition | Eco,Oatly,3.15,,"3,15 €/l",,https://www.delhaize.be/nl/shop/Bio-Eco-en-Fairtrade/Eco/Dranken-bieren-en-alcohol/Melk-en-alternatieven/Haverdrink-Barista-Edition-Eco/p/S2020122300480730000,2026-05-10T15:08:24.375782
Delhaize,"Zuivel, kaas en plantaardige alternatieven",Delhaize Karneboter,Delhaize,3.09,75 punten,"12,36 €/kg",,https://www.delhaize.be/nl/shop/Zuivel-kaas-en-plantaardige-alternatieven/Boter-en-margarine/Ongezouten-boter/Karneboter/p/F1981081800104400000,2026-05-10T15:08:24.441637
Delhaize,"Zuivel, kaas en plantaardige alternatieven",Delhaize Geitenkaas | Chevridou,Delhaize,1.75,,"11,67 €/kg",,https://www.delhaize.be/nl/shop/Zuivel-kaas-en-plantaardige-alternatieven/Kaas/Kaas-in-sneden-en-smeerkaas/Smeerkaas/Geitenkaas-Chevridou/p/F1996041700175600000,2026-05-10T15:08:25.001608
Delhaize,"Zuivel, kaas en plantaardige alternatieven",Balade Boter | Zachte | Halfvolle | 41% v.g.,Balade,3.45,,"13,80 €/kg",,https://www.delhaize.be/nl/shop/Zuivel-kaas-en-plantaardige-alternatieven/Boter-en-margarine/Ongezouten-boter/Boter-Zachte-Halfvolle-41-v-g-/p/F1990011100102200000,2026-05-10T15:08:25.572711
Delhaize,"Zuivel, kaas en plantaardige alternatieven",Delhaize Feta | Bio,Delhaize,2.55,,"17,00 €/kg",,https://www.delhaize.be/nl/shop/Zuivel-kaas-en-plantaardige-alternatieven/Kaas/Ricotta-mascarpone-feta-en-mozzarella/Feta-en-mozzarella/Feta-Bio/p/F2015020900181100000,2026-05-10T15:08:26.133309
Delhaize,"Zuivel, kaas en plantaardige alternatieven",Delhaize Karneboter | Bio,Delhaize,3.75,75 punten,"15,00 €/kg",,https://www.delhaize.be/nl/shop/Zuivel-kaas-en-plantaardige-alternatieven/Boter-en-margarine/Ongezouten-boter/Karneboter-Bio/p/F1994112900100500000,2026-05-10T15:08:26.204662
Delhaize,"Zuivel, kaas en plantaardige alternatieven",Oikos Yoghurt | Natuur | Vol | Griekse wijze,Oikos,2.61,-20% voor 3,"5,67 €/kg",,https://www.delhaize.be/nl/shop/Zuivel-kaas-en-plantaardige-alternatieven/Yoghurt-en-plantaardige-alternatieven/Griekse-yoghurt/Yoghurt-Natuur-Vol-Griekse-wijze/p/F2015042300139400000,2026-05-10T15:08:26.274397
Delhaize,"Zuivel, kaas en plantaardige alternatieven",Maredsous Kaas Sneden | Tradition | 200g,Maredsous,4.39,,"21,95 €/kg",,https://www.delhaize.be/nl/shop/Zuivel-kaas-en-plantaardige-alternatieven/Kaas/Kaas-in-sneden-en-smeerkaas/Kaas-in-sneden/Kaas-Sneden-Tradition-200g/p/F1991102500188200000,2026-05-10T15:08:26.833976
Delhaize,"Zuivel, kaas en plantaardige alternatieven",Campina Melk | Halfvol,Campina,5.09,,"1,70 €/l",,https://www.delhaize.be/nl/shop/Zuivel-kaas-en-plantaardige-alternatieven/Melk/Halfvol/Melk-Halfvol/p/S2006091800000210000,2026-05-10T15:08:27.395333
Delhaize,"Zuivel, kaas en plantaardige alternatieven",Galbani Kaas | Mozzarella | Bol,Galbani,1.39,3+1 gratis,"11,12 €/kg",,https://www.delhaize.be/nl/shop/Zuivel-kaas-en-plantaardige-alternatieven/Kaas/Ricotta-mascarpone-feta-en-mozzarella/Feta-en-mozzarella/Kaas-Mozzarella-Bol/p/F1985012200137100000,2026-05-10T15:08:27.465876
Delhaize,"Zuivel, kaas en plantaardige alternatieven",Babybel Snacking Kaas | Original | 12P | FP,Babybel,4.15,,"17,29 €/kg",,https://www.delhaize.be/nl/shop/Zuivel-kaas-en-plantaardige-alternatieven/Kaas/Kinderkaas/Snacking-Kaas-Original-12P-FP/p/F1984121100162570000,2026-05-10T15:08:28.026380
Delhaize,"Zuivel, kaas en plantaardige alternatieven",Cécémel Chocolademelk,Cécémel,2.59,,"2,16 €/l",,https://www.delhaize.be/nl/shop/Zuivel-kaas-en-plantaardige-alternatieven/Melk/Gearomatiseerd/Chocolademelk/p/S2008013000000240000,2026-05-10T15:08:28.589330
Delhaize,"Zuivel, kaas en plantaardige alternatieven",Philadelphia Smeerkaas | Original,Philadelphia,2.99,,"9,06 €/kg",,https://www.delhaize.be/nl/shop/Zuivel-kaas-en-plantaardige-alternatieven/Kaas/Kaas-in-sneden-en-smeerkaas/Smeerkaas/Smeerkaas-Original/p/F2018091400024200000,2026-05-10T15:08:29.147562
Delhaize,"Zuivel, kaas en plantaardige alternatieven","Fairebel Melk | Halfvol | 1,5%",Fairebel,8.09,300 punten,"1,35 €/l",,https://www.delhaize.be/nl/shop/Zuivel-kaas-en-plantaardige-alternatieven/Melk/Halfvol/Melk-Halfvol-1-5-/p/S2018030700034550099,2026-05-10T15:08:29.219641
Delhaize,"Zuivel, kaas en plantaardige alternatieven",Delhaize Gouda | Belegen | Sneden,Delhaize,4.70,,"14,24 €/kg",,https://www.delhaize.be/nl/shop/Zuivel-kaas-en-plantaardige-alternatieven/Kaas/Kaas-in-sneden-en-smeerkaas/Kaas-in-sneden/Gouda-Belegen-Sneden/p/F2009122200155200000,2026-05-10T15:08:29.778136
Delhaize,"Zuivel, kaas en plantaardige alternatieven",Leerdammer Original | 8 Sneden,Leerdammer,2.55,,"14,17 €/kg",,https://www.delhaize.be/nl/shop/Zuivel-kaas-en-plantaardige-alternatieven/Kaas/Kaas-in-sneden-en-smeerkaas/Kaas-in-sneden/Original-8-Sneden/p/F2020030200053300000,2026-05-10T15:08:30.339550
Delhaize,"Zuivel, kaas en plantaardige alternatieven",Caprice des Dieux Zachte kaas,Caprice des Dieux,2.65,,"13,25 €/kg",,https://www.delhaize.be/nl/shop/Zuivel-kaas-en-plantaardige-alternatieven/Kaas/Dessert-kazen/Andere-kazen/Zachte-kaas/p/F1981081800171800000,2026-05-10T15:08:30.901810
Delhaize,"Zuivel, kaas en plantaardige alternatieven",Delhaize Emmental | Sneden,Delhaize,1.99,,"9,95 €/kg",,https://www.delhaize.be/nl/shop/Zuivel-kaas-en-plantaardige-alternatieven/Kaas/Kaas-in-sneden-en-smeerkaas/Kaas-in-sneden/Emmental-Sneden/p/F2016080900158000000,2026-05-10T15:08:31.461748
Delhaize,"Zuivel, kaas en plantaardige alternatieven",Danette Dessert | Room | Vanille,Danette,2.39,,"4,78 €/kg",,https://www.delhaize.be/nl/shop/Zuivel-kaas-en-plantaardige-alternatieven/Desserts/Pudding-en-flan/Dessert-Room-Vanille/p/F2008110500126800000,2026-05-10T15:08:32.022665
Delhaize,"Zuivel, kaas en plantaardige alternatieven",Carlsbourg Boter | Zacht | Ardens,Carlsbourg,3.85,,"15,40 €/kg",,https://www.delhaize.be/nl/shop/Zuivel-kaas-en-plantaardige-alternatieven/Boter-en-margarine/Ongezouten-boter/Boter-Zacht-Ardens/p/F2012010200174400000,2026-05-10T15:08:32.586568
Delhaize,"Zuivel, kaas en plantaardige alternatieven",Galbani Mozzarella | Mini-bolletjes,Galbani,2.35,3+1 gratis,"15,67 €/kg",,https://www.delhaize.be/nl/shop/Zuivel-kaas-en-plantaardige-alternatieven/Kaas/Ricotta-mascarpone-feta-en-mozzarella/Feta-en-mozzarella/Mozzarella-Mini-bolletjes/p/F2008031900760600000,2026-05-10T15:08:32.651112
Delhaize,"Zuivel, kaas en plantaardige alternatieven",Delhaize Pasta | Mix | Geraspt,Delhaize,1.89,,"12,60 €/kg",,https://www.delhaize.be/nl/shop/Zuivel-kaas-en-plantaardige-alternatieven/Kaas/Geraspte-kaas/Pasta-Mix-Geraspt/p/F2020090900067910000,2026-05-10T15:08:33.214240
Delhaize,"Zuivel, kaas en plantaardige alternatieven",Delhaize Melk | Halfvolle,Delhaize,4.09,,"1,36 €/l",,https://www.delhaize.be/nl/shop/Zuivel-kaas-en-plantaardige-alternatieven/Melk/Halfvol/Melk-Halfvolle/p/S2020110900470490099,2026-05-10T15:08:33.779515
Delhaize,"Zuivel, kaas en plantaardige alternatieven",Delhaize Karneboter | Gezouten,Delhaize,3.09,75 punten,"12,36 €/kg",,https://www.delhaize.be/nl/shop/Zuivel-kaas-en-plantaardige-alternatieven/Boter-en-margarine/Gezouten-boter/Karneboter-Gezouten/p/F2007042300161600000,2026-05-10T15:08:33.851242
Delhaize,"Zuivel, kaas en plantaardige alternatieven",Entremont Emmental geraspt,Entremont,5.09,-20%,"16,97 €/kg",,https://www.delhaize.be/nl/shop/Zuivel-kaas-en-plantaardige-alternatieven/Kaas/Geraspte-kaas/Emmental-geraspt/p/F2019080500041650000,2026-05-10T15:08:33.917661
Delhaize,"Zuivel, kaas en plantaardige alternatieven",Alpro Amandel | Geroosterd | Zonder Suikers,Alpro,2.45,,"2,45 €/l",,https://www.delhaize.be/nl/shop/Zuivel-kaas-en-plantaardige-alternatieven/Plantaardige-dranken/Noten/Amandel-Geroosterd-Zonder-Suikers/p/S2015040200002440000,2026-05-10T15:08:34.476603
Delhaize,"Zuivel, kaas en plantaardige alternatieven",Actimel Drinkyoghurt | Aardbei | Immuniteit | FP,Actimel,4.79,,"3,99 €/l",,https://www.delhaize.be/nl/shop/Zuivel-kaas-en-plantaardige-alternatieven/Yoghurt-en-plantaardige-alternatieven/Voor-de-gezondheid/Drinkyoghurt-Aardbei-Immuniteit-FP/p/F2008040200112300000,2026-05-10T15:08:35.043165
Delhaize,"Zuivel, kaas en plantaardige alternatieven",Cécémel De enige echte,Cécémel,1.29,,"1,29 €/l",,https://www.delhaize.be/nl/shop/Zuivel-kaas-en-plantaardige-alternatieven/Melk/Gearomatiseerd/De-enige-echte/p/S2021030800524540000,2026-05-10T15:08:35.606964
Delhaize,"Zuivel, kaas en plantaardige alternatieven",Columbus Eieren | Omega-3 | Bio,Columbus,4.59,,"0,77 €/st",,https://www.delhaize.be/nl/shop/Zuivel-kaas-en-plantaardige-alternatieven/Eieren/Verse-eieren/Eieren-Omega-3-Bio/p/F2021021700076840000,2026-05-10T15:08:36.159631
Delhaize,"Zuivel, kaas en plantaardige alternatieven",Marcel Petite Comté AOP + 6 maanden | Finesse,Marcel Petite,5.45,,"27,25 €/kg",,https://www.delhaize.be/nl/shop/Zuivel-kaas-en-plantaardige-alternatieven/Kaas/Kaas-in-blok/Comte-AOP-6-maanden-Finesse/p/F2016040100718900000,2026-05-10T15:08:36.719071
Delhaize,"Zuivel, kaas en plantaardige alternatieven",Kiri Snacking Kaas | Dippi Natuur | 5 porties,Kiri,3.09,,"17,66 €/kg",,https://www.delhaize.be/nl/shop/Zuivel-kaas-en-plantaardige-alternatieven/Kaas/Kinderkaas/Snacking-Kaas-Dippi-Natuur-5-porties/p/F2008011800168300000,2026-05-10T15:08:37.275346
Delhaize,"Zuivel, kaas en plantaardige alternatieven",Danonino Verse Kaas | Fruit | Mix | Mini,Danonino,3.15,,"5,25 €/kg",,https://www.delhaize.be/nl/shop/Zuivel-kaas-en-plantaardige-alternatieven/Yoghurt-en-plantaardige-alternatieven/Yoghurt-voor-kinderen/Verse-Kaas-Fruit-Mix-Mini/p/F1985012200116200000,2026-05-10T15:08:37.830925
Delhaize,"Zuivel, kaas en plantaardige alternatieven",Delhaize Cheddar | Geraspt,Delhaize,3.49,,"23,27 €/kg",,https://www.delhaize.be/nl/shop/Zuivel-kaas-en-plantaardige-alternatieven/Kaas/Geraspte-kaas/Cheddar-Geraspt/p/F2020090900067920000,2026-05-10T15:08:38.386046
Delhaize,"Zuivel, kaas en plantaardige alternatieven",Delhaize Gruyère | Geraspt,Delhaize,4.99,,"33,27 €/kg",,https://www.delhaize.be/nl/shop/Zuivel-kaas-en-plantaardige-alternatieven/Kaas/Geraspte-kaas/Gruyere-Geraspt/p/F2020090900067860000,2026-05-10T15:08:38.945555
Delhaize,"Zuivel, kaas en plantaardige alternatieven",Delhaize Mozzarella bufala,Delhaize,1.64,,"13,12 €/kg",,https://www.delhaize.be/nl/shop/Zuivel-kaas-en-plantaardige-alternatieven/Kaas/Ricotta-mascarpone-feta-en-mozzarella/Feta-en-mozzarella/Mozzarella-bufala/p/F2017091400007520000,2026-05-10T15:08:39.510945
Delhaize,"Zuivel, kaas en plantaardige alternatieven",Laiterie des Ardennes Melk | Halfvol,Laiterie des Ardennes,6.29,,"1,05 €/l",,https://www.delhaize.be/nl/shop/Zuivel-kaas-en-plantaardige-alternatieven/Melk/Halfvol/Melk-Halfvol/p/S2018032200041330099,2026-05-10T15:08:40.075781
Delhaize,"Zuivel, kaas en plantaardige alternatieven",Delhaize Melk | Mager | Belgische,Delhaize,6.89,,"1,15 €/l",,https://www.delhaize.be/nl/shop/Zuivel-kaas-en-plantaardige-alternatieven/Melk/Mager/Melk-Mager-Belgische/p/S2018032200041900099,2026-05-10T15:08:40.635183
Delhaize,"Zuivel, kaas en plantaardige alternatieven",Carlsbourg Room | Finesse | 20%,Carlsbourg,2.79,,"11,16 €/l",,https://www.delhaize.be/nl/shop/Zuivel-kaas-en-plantaardige-alternatieven/Room-en-alternatieven/Lichte-room/Room-Finesse-20-/p/F2015060200141200000,2026-05-10T15:08:41.197088
Delhaize,"Zuivel, kaas en plantaardige alternatieven",Delhaize Verse kaas | Natuur,Delhaize,1.19,,"5,95 €/kg",,https://www.delhaize.be/nl/shop/Zuivel-kaas-en-plantaardige-alternatieven/Kaas/Kaas-in-sneden-en-smeerkaas/Smeerkaas/Verse-kaas-Natuur/p/F2012022200183900000,2026-05-10T15:08:41.758028
Delhaize,"Zuivel, kaas en plantaardige alternatieven",Delhaize Yoghurt | Fruit | 0% V.G.,Delhaize,2.09,,"2,09 €/kg",,https://www.delhaize.be/nl/shop/Zuivel-kaas-en-plantaardige-alternatieven/Yoghurt-en-plantaardige-alternatieven/Fruit/Yoghurt-met-fruit/Yoghurt-Fruit-0-V-G-/p/F2004112900131300000,2026-05-10T15:08:42.325396
Delhaize,"Zuivel, kaas en plantaardige alternatieven",Fattorie Garofalo Kaas | Burrata bufala,Fattorie Garofalo,3.59,,"28,72 €/kg",,https://www.delhaize.be/nl/shop/Zuivel-kaas-en-plantaardige-alternatieven/Kaas/Ricotta-mascarpone-feta-en-mozzarella/Feta-en-mozzarella/Kaas-Burrata-bufala/p/F2016021700164900000,2026-05-10T15:08:42.886936
Delhaize,"Zuivel, kaas en plantaardige alternatieven",Delhaize Brie,Delhaize,1.53,,"7,65 €/kg",,https://www.delhaize.be/nl/shop/Zuivel-kaas-en-plantaardige-alternatieven/Kaas/Dessert-kazen/Andere-kazen/Brie/p/F2017122900371350000,2026-05-10T15:08:43.446470
Delhaize,"Zuivel, kaas en plantaardige alternatieven",Dodoni Kaas | Feta | Grieks | Blokjes,Dodoni,7.59,,"18,98 €/kg",,https://www.delhaize.be/nl/shop/Zuivel-kaas-en-plantaardige-alternatieven/Kaas/Ricotta-mascarpone-feta-en-mozzarella/Feta-en-mozzarella/Kaas-Feta-Grieks-Blokjes/p/F2004040600760700000,2026-05-10T15:08:44.005574
Delhaize,"Zuivel, kaas en plantaardige alternatieven",Philadelphia Smeerkaas | Kruidenkaas | Fijne Kruiden,Philadelphia,2.39,,"12,92 €/kg",,https://www.delhaize.be/nl/shop/Zuivel-kaas-en-plantaardige-alternatieven/Kaas/Kaas-in-sneden-en-smeerkaas/Smeerkaas/Smeerkaas-Kruidenkaas-Fijne-Kruiden/p/F2019010200028640000,2026-05-10T15:08:44.565068
Delhaize,"Zuivel, kaas en plantaardige alternatieven",Oikos Yoghurt | Framboos | Vol | Griekse wijze,Oikos,2.89,-20% voor 3,"6,28 €/kg",,https://www.delhaize.be/nl/shop/Zuivel-kaas-en-plantaardige-alternatieven/Yoghurt-en-plantaardige-alternatieven/Griekse-yoghurt/Yoghurt-Framboos-Vol-Griekse-wijze/p/F2016052000165600000,2026-05-10T15:08:44.630823
Delhaize,"Zuivel, kaas en plantaardige alternatieven",Chavroux Geitenkaas,Chavroux,2.15,,"14,33 €/kg",,https://www.delhaize.be/nl/shop/Zuivel-kaas-en-plantaardige-alternatieven/Kaas/Kaas-in-sneden-en-smeerkaas/Smeerkaas/Geitenkaas/p/F1985051500176900000,2026-05-10T15:08:45.191862
Delhaize,"Zuivel, kaas en plantaardige alternatieven",Pur Natur Yoghurt | Natuur | Bio,Pur Natur,1.45,,"2,90 €/kg",,https://www.delhaize.be/nl/shop/Zuivel-kaas-en-plantaardige-alternatieven/Yoghurt-en-plantaardige-alternatieven/Natuur/Yoghurt-natuur/Yoghurt-Natuur-Bio/p/F1991090400131500000,2026-05-10T15:08:45.749661
Delhaize,"Zuivel, kaas en plantaardige alternatieven",Galbani Mozzarella | Rol | Maxi,Galbani,2.85,3+1 gratis,"11,40 €/kg",,https://www.delhaize.be/nl/shop/Zuivel-kaas-en-plantaardige-alternatieven/Kaas/Ricotta-mascarpone-feta-en-mozzarella/Feta-en-mozzarella/Mozzarella-Rol-Maxi/p/F1997043000114400000,2026-05-10T15:08:45.816907
Delhaize,"Zuivel, kaas en plantaardige alternatieven",Delhaize Gratin | Mix | Geraspt,Delhaize,2.79,,"13,95 €/kg",,https://www.delhaize.be/nl/shop/Zuivel-kaas-en-plantaardige-alternatieven/Kaas/Geraspte-kaas/Gratin-Mix-Geraspt/p/F2020090900067900000,2026-05-10T15:08:46.377961
Delhaize,"Zuivel, kaas en plantaardige alternatieven",Delhaize Geit | Buche St Maure,Delhaize,1.77,,"8,85 €/kg",,https://www.delhaize.be/nl/shop/Zuivel-kaas-en-plantaardige-alternatieven/Kaas/Dessert-kazen/Schapen-en-geitenkazen/Geit-Buche-St-Maure/p/F2018121100028180000,2026-05-10T15:08:46.944453
Delhaize,"Zuivel, kaas en plantaardige alternatieven",Delhaize Yoghurt | Grieks | 2% v.g.,Delhaize,1.95,,"3,90 €/kg",,https://www.delhaize.be/nl/shop/Zuivel-kaas-en-plantaardige-alternatieven/Yoghurt-en-plantaardige-alternatieven/Griekse-yoghurt/Yoghurt-Grieks-2-v-g-/p/F2012031200154600000,2026-05-10T15:08:47.504662
Delhaize,"Zuivel, kaas en plantaardige alternatieven",Geal Pannenkoeken | Brugge,Geal,4.29,,"8,58 €/kg",,https://www.delhaize.be/nl/shop/Zuivel-kaas-en-plantaardige-alternatieven/Pannenkoeken/Pannenkoeken-Brugge/p/F1993110900128400000,2026-05-10T15:08:48.066570
Delhaize,"Zuivel, kaas en plantaardige alternatieven",Alambra Halloumi kaas | Classic,Alambra,3.85,,"17,11 €/kg",,https://www.delhaize.be/nl/shop/Zuivel-kaas-en-plantaardige-alternatieven/Kaas/Fondue-raclette-en-tartiflette/Andere/Halloumi-kaas-Classic/p/F2020043000057840000,2026-05-10T15:08:48.634794
Delhaize,"Zuivel, kaas en plantaardige alternatieven",Delhaize Pannenkoeken,Delhaize,1.79,,"2,98 €/kg",,https://www.delhaize.be/nl/shop/Zuivel-kaas-en-plantaardige-alternatieven/Pannenkoeken/Pannenkoeken/p/F2007100300145800000,2026-05-10T15:08:49.193390
Delhaize,"Zuivel, kaas en plantaardige alternatieven",Philadelphia Smeerkaas | Original,Philadelphia,2.79,,"11,87 €/kg",,https://www.delhaize.be/nl/shop/Zuivel-kaas-en-plantaardige-alternatieven/Kaas/Kaas-in-sneden-en-smeerkaas/Smeerkaas/Smeerkaas-Original/p/F2018091400024230000,2026-05-10T15:08:49.751440
Delhaize,"Zuivel, kaas en plantaardige alternatieven",Delhaize Yoghurt | Grieks | 10% v.g.,Delhaize,1.99,,"3,98 €/kg",,https://www.delhaize.be/nl/shop/Zuivel-kaas-en-plantaardige-alternatieven/Yoghurt-en-plantaardige-alternatieven/Griekse-yoghurt/Yoghurt-Grieks-10-v-g-/p/F2012022700154500000,2026-05-10T15:08:50.310470
Delhaize,"Zuivel, kaas en plantaardige alternatieven",Delhaize Cottage cheese,Delhaize,0.99,,"4,95 €/kg",,https://www.delhaize.be/nl/shop/Zuivel-kaas-en-plantaardige-alternatieven/Kaas/Kaas-in-sneden-en-smeerkaas/Smeerkaas/Cottage-cheese/p/F2013091900121000000,2026-05-10T15:08:50.875038
Delhaize,"Zuivel, kaas en plantaardige alternatieven",Nutroma Koffiemelk | Romig,Nutroma,2.85,,"5,70 €/l",,https://www.delhaize.be/nl/shop/Zuivel-kaas-en-plantaardige-alternatieven/Melk/Gecondenseerd/Koffiemelk-Romig/p/S1978051700000640000,2026-05-10T15:08:51.432012
Delhaize,"Zuivel, kaas en plantaardige alternatieven",Yakult Melkdrank | Original,Yakult,3.99,,"7,67 €/l",,https://www.delhaize.be/nl/shop/Zuivel-kaas-en-plantaardige-alternatieven/Yoghurt-en-plantaardige-alternatieven/Voor-de-gezondheid/Melkdrank-Original/p/F2020040200056180000,2026-05-10T15:08:51.992602
Delhaize,"Zuivel, kaas en plantaardige alternatieven",Delhaize Melkerijboter,Delhaize,1.99,,"7,96 €/kg",,https://www.delhaize.be/nl/shop/Zuivel-kaas-en-plantaardige-alternatieven/Boter-en-margarine/Ongezouten-boter/Melkerijboter/p/F2022122100113870000,2026-05-10T15:08:52.557492
Delhaize,"Zuivel, kaas en plantaardige alternatieven",Delhaize Eieren | Bruin | Groot,Delhaize,4.85,,"0,40 €/st",,https://www.delhaize.be/nl/shop/Zuivel-kaas-en-plantaardige-alternatieven/Eieren/Verse-eieren/Eieren-Bruin-Groot/p/F2003032600107800000,2026-05-10T15:08:53.116495
Delhaize,"Zuivel, kaas en plantaardige alternatieven",Dilea Emmental | Geraspt,Dilea,2.25,,"22,50 €/kg",,https://www.delhaize.be/nl/shop/Bewuste-voeding/Lactosevrij/Emmental-Geraspt/p/F2008011100181600000,2026-05-10T15:08:53.677502
Delhaize,"Zuivel, kaas en plantaardige alternatieven",Alpro Alpro | Soja | Cuisine,Alpro,4.89,,"9,78 €/l",,https://www.delhaize.be/nl/shop/Zuivel-kaas-en-plantaardige-alternatieven/Room-en-alternatieven/Plantaardig/Alpro-Soja-Cuisine/p/S2015121603617190099,2026-05-10T15:08:54.237912
Delhaize,"Zuivel, kaas en plantaardige alternatieven",Delhaize Melk | Halfvolle | Bio,Delhaize,8.29,175 punten,"1,38 €/l",,https://www.delhaize.be/nl/shop/Zuivel-kaas-en-plantaardige-alternatieven/Melk/Halfvol/Melk-Halfvolle-Bio/p/S2018032200041810099,2026-05-10T15:08:54.308048
Delhaize,"Zuivel, kaas en plantaardige alternatieven",Ferme bois du roi Bois du roi eieren | Vrije uitloop | Groot,Ferme bois du roi,2.69,,"0,45 €/st",,https://www.delhaize.be/nl/shop/Zuivel-kaas-en-plantaardige-alternatieven/Eieren/Verse-eieren/Bois-du-roi-eieren-Vrije-uitloop-Groot/p/F2021052700081420000,2026-05-10T15:08:54.864836
Delhaize,"Zuivel, kaas en plantaardige alternatieven",Danio Verse kaas specialiteit | Aardbei | Snack,Danio,1.59,,"9,64 €/kg",,https://www.delhaize.be/nl/shop/Zuivel-kaas-en-plantaardige-alternatieven/Yoghurt-en-plantaardige-alternatieven/Fruit/Verse-kaas-met-fruit/Verse-kaas-specialiteit-Aardbei-Snack/p/F2008072200153800000,2026-05-10T15:08:55.424537
Delhaize,"Zuivel, kaas en plantaardige alternatieven",Danette Dessert | Pop | Room | Chocolade,Danette,3.99,,"8,53 €/kg",,https://www.delhaize.be/nl/shop/Zuivel-kaas-en-plantaardige-alternatieven/Desserts/Pudding-en-flan/Dessert-Pop-Room-Chocolade/p/F2009011200103400000,2026-05-10T15:08:55.983442
Delhaize,"Zuivel, kaas en plantaardige alternatieven",Danette Dessert | Pop | Room | Vanille,Danette,3.99,,"8,53 €/kg",,https://www.delhaize.be/nl/shop/Zuivel-kaas-en-plantaardige-alternatieven/Desserts/Pudding-en-flan/Dessert-Pop-Room-Vanille/p/F2010080900141300000,2026-05-10T15:08:56.543700
Delhaize,"Zuivel, kaas en plantaardige alternatieven",Hipro Om te lepelen | Pudding | Vanille | Proteïne,Hipro,2.20,4=gratis levering,"11,02 €/kg",,https://www.delhaize.be/nl/shop/Zuivel-kaas-en-plantaardige-alternatieven/Yoghurt-en-plantaardige-alternatieven/Proteine-yoghurt/Om-te-lepelen-Pudding-Vanille-Proteine/p/F2022062700102750000,2026-05-10T15:08:56.614498
Delhaize,"Zuivel, kaas en plantaardige alternatieven",Leerdammer Le moelleux | Sneden,Leerdammer,4.25,,"28,33 €/kg",,https://www.delhaize.be/nl/shop/Zuivel-kaas-en-plantaardige-alternatieven/Kaas/Kaas-in-sneden-en-smeerkaas/Kaas-in-sneden/Le-moelleux-Sneden/p/F2008100100781900000,2026-05-10T15:08:57.174209
Delhaize,"Zuivel, kaas en plantaardige alternatieven",Pamesello Pamesello | Geraspt,Pamesello,1.85,,"46,25 €/kg",,https://www.delhaize.be/nl/shop/Zuivel-kaas-en-plantaardige-alternatieven/Kaas/Geraspte-kaas/Pamesello-Geraspt/p/F2009032600162900000,2026-05-10T15:08:57.733327
Delhaize,"Zuivel, kaas en plantaardige alternatieven",Pur Natur Yoghurt | Natuur | Bio,Pur Natur,2.99,,"3,99 €/kg",,https://www.delhaize.be/nl/shop/Zuivel-kaas-en-plantaardige-alternatieven/Yoghurt-en-plantaardige-alternatieven/Natuur/Yoghurt-natuur/Yoghurt-Natuur-Bio/p/F2010020200104600000,2026-05-10T15:08:58.291480
Delhaize,"Zuivel, kaas en plantaardige alternatieven",Maredsous Smeerkaas|Dubbelroom|200g,Maredsous,3.45,,"17,25 €/kg",,https://www.delhaize.be/nl/shop/Zuivel-kaas-en-plantaardige-alternatieven/Kaas/Kaas-in-sneden-en-smeerkaas/Smeerkaas/Smeerkaas-Dubbelroom-200g/p/F2015052800149900000,2026-05-10T15:08:58.850618
Delhaize,"Zuivel, kaas en plantaardige alternatieven",Président Kaas | Brie,Président,2.09,,"10,45 €/kg",,https://www.delhaize.be/nl/shop/Zuivel-kaas-en-plantaardige-alternatieven/Kaas/Dessert-kazen/Andere-kazen/Kaas-Brie/p/F2016033100180200000,2026-05-10T15:08:59.410026
Delhaize,"Zuivel, kaas en plantaardige alternatieven",Alpro Margarine | Bakken en braden,Alpro,2.49,2+1 gratis,"4,98 €/kg",,https://www.delhaize.be/nl/shop/Zuivel-kaas-en-plantaardige-alternatieven/Boter-en-margarine/Margarine-om-te-koken/Margarine-Bakken-en-braden/p/F2020040600056350000,2026-05-10T15:08:59.477629
Delhaize,"Zuivel, kaas en plantaardige alternatieven",Kiri Smeerkaas | Natuur | 8 porties,Kiri,4.19,,"29,10 €/kg",,https://www.delhaize.be/nl/shop/Zuivel-kaas-en-plantaardige-alternatieven/Kaas/Kaas-in-sneden-en-smeerkaas/Smeerkaas/Smeerkaas-Natuur-8-porties/p/F2019120200047670000,2026-05-10T15:09:00.038081
Delhaize,"Zuivel, kaas en plantaardige alternatieven",Delhaize Grana padano | Hard | Blok,Delhaize,5.99,,"23,96 €/kg",,https://www.delhaize.be/nl/shop/Zuivel-kaas-en-plantaardige-alternatieven/Kaas/Fondue-raclette-en-tartiflette/Andere/Grana-padano-Hard-Blok/p/F2013060500731600000,2026-05-10T15:09:00.598443
Delhaize,"Zuivel, kaas en plantaardige alternatieven",Taste of Inspirations Kaas | Comté | AOP | 12 maanden | Blok,Taste of Inspirations,5.99,,"29,95 €/kg",,https://www.delhaize.be/nl/shop/Zuivel-kaas-en-plantaardige-alternatieven/Kaas/Dessert-kazen/Andere-kazen/Kaas-Comte-AOP-12-maanden-Blok/p/F2015072300718600000,2026-05-10T15:09:01.161777
Delhaize,"Zuivel, kaas en plantaardige alternatieven",Fairebel Melk | Volle,Fairebel,9.99,300 punten,"1,67 €/l",,https://www.delhaize.be/nl/shop/Zuivel-kaas-en-plantaardige-alternatieven/Melk/Vol/Melk-Volle/p/S2018032200041840099,2026-05-10T15:09:01.227235
Delhaize,"Zuivel, kaas en plantaardige alternatieven",Danette Dessert | Room | Chocolade,Danette,2.79,,"5,58 €/kg",,https://www.delhaize.be/nl/shop/Zuivel-kaas-en-plantaardige-alternatieven/Desserts/Pudding-en-flan/Dessert-Room-Chocolade/p/F2008110500127000000,2026-05-10T15:09:01.790917
Delhaize,"Zuivel, kaas en plantaardige alternatieven",Leerdammer Light | 8 Sneden,Leerdammer,2.95,,"16,39 €/kg",,https://www.delhaize.be/nl/shop/Zuivel-kaas-en-plantaardige-alternatieven/Kaas/Kaas-in-sneden-en-smeerkaas/Kaas-in-sneden/Light-8-Sneden/p/F2020030200053290000,2026-05-10T15:09:02.348422
Delhaize,"Zuivel, kaas en plantaardige alternatieven",Dilea Gouda | Sneden,Dilea,4.35,,"29,00 €/kg",,https://www.delhaize.be/nl/shop/Bewuste-voeding/Lactosevrij/Gouda-Sneden/p/F2008011100183600000,2026-05-10T15:09:02.911268
Delhaize,"Zuivel, kaas en plantaardige alternatieven",Maredsous Smeerkaas | Ham | 200g,Maredsous,3.49,,"17,45 €/kg",,https://www.delhaize.be/nl/shop/Zuivel-kaas-en-plantaardige-alternatieven/Kaas/Kaas-in-sneden-en-smeerkaas/Smeerkaas/Smeerkaas-Ham-200g/p/F2015052800158100000,2026-05-10T15:09:03.468795
Delhaize,"Zuivel, kaas en plantaardige alternatieven",Le Rustique Kaas | Camembert,Le Rustique,2.49,,"9,96 €/kg",,https://www.delhaize.be/nl/shop/Zuivel-kaas-en-plantaardige-alternatieven/Kaas/Dessert-kazen/Andere-kazen/Kaas-Camembert/p/F1993092200169300000,2026-05-10T15:09:04.028620
Delhaize,"Zuivel, kaas en plantaardige alternatieven",Delhaize Pannenkoeken | Bio,Delhaize,2.09,,"5,97 €/kg",,https://www.delhaize.be/nl/shop/Zuivel-kaas-en-plantaardige-alternatieven/Pannenkoeken/Pannenkoeken-Bio/p/F2000051800131800000,2026-05-10T15:09:04.591074
Delhaize,"Zuivel, kaas en plantaardige alternatieven",Alpro Vanille | Plantaardig alternatief voor yoghurt,Alpro,1.99,,"3,98 €/kg",,https://www.delhaize.be/nl/shop/Zuivel-kaas-en-plantaardige-alternatieven/Yoghurt-en-plantaardige-alternatieven/Plantaardige-alternatieven/Vanille-Plantaardig-alternatief-voor-yoghurt/p/F2010080400149600000,2026-05-10T15:09:05.149277
Delhaize,"Zuivel, kaas en plantaardige alternatieven",Hipro Drink | Aardbei-Framboos | Proteïne | 0%,Hipro,2.89,4=gratis levering,"9,63 €/l",,https://www.delhaize.be/nl/shop/Zuivel-kaas-en-plantaardige-alternatieven/Yoghurt-en-plantaardige-alternatieven/Proteine-yoghurt/Drink-Aardbei-Framboos-Proteine-0-/p/F2021031700078520000,2026-05-10T15:09:05.215986
Delhaize,"Zuivel, kaas en plantaardige alternatieven",Delhaize Flan | Caramel,Delhaize,0.99,,"2,48 €/kg",,https://www.delhaize.be/nl/shop/Zuivel-kaas-en-plantaardige-alternatieven/Desserts/Pudding-en-flan/Flan-Caramel/p/F2012030200140100000,2026-05-10T15:09:05.776153
Delhaize,"Zuivel, kaas en plantaardige alternatieven",Columbus Eieren | Large,Columbus,3.85,,"0,64 €/st",,https://www.delhaize.be/nl/shop/Zuivel-kaas-en-plantaardige-alternatieven/Eieren/Verse-eieren/Eieren-Large/p/F1998011200108200000,2026-05-10T15:09:06.338236
Delhaize,"Zuivel, kaas en plantaardige alternatieven",Dilea Melk | Halfvol | Zonder lactose,Dilea,2.79,,"2,79 €/l",,https://www.delhaize.be/nl/shop/Bewuste-voeding/Lactosevrij/Melk-Halfvol-Zonder-lactose/p/S2014010900000060000,2026-05-10T15:09:06.899361
Delhaize,"Zuivel, kaas en plantaardige alternatieven",Boursin Verse kaas|Knoflook & Fijne Kruiden,Boursin,1.89,2+1 gratis,"12,60 €/kg",,https://www.delhaize.be/nl/shop/Zuivel-kaas-en-plantaardige-alternatieven/Kaas/Kaas-in-sneden-en-smeerkaas/Smeerkaas/Verse-kaas-Knoflook-and-Fijne-Kruiden/p/F2018040400015090000,2026-05-10T15:09:06.975179
Delhaize,"Zuivel, kaas en plantaardige alternatieven",Fage Authentieke Griekse yoghurt | natuur | 0% v.g.,Fage,1.85,,"12,33 €/kg",,https://www.delhaize.be/nl/shop/Zuivel-kaas-en-plantaardige-alternatieven/Yoghurt-en-plantaardige-alternatieven/Griekse-yoghurt/Authentieke-Griekse-yoghurt-natuur-0-v-g-/p/F2017020100118600000,2026-05-10T15:09:07.534403
Delhaize,"Zuivel, kaas en plantaardige alternatieven",Delhaize Verse kaas | Gezoet | Vruchten,Delhaize,1.46,,"2,43 €/kg",,https://www.delhaize.be/nl/shop/Zuivel-kaas-en-plantaardige-alternatieven/Yoghurt-en-plantaardige-alternatieven/Yoghurt-voor-kinderen/Verse-kaas-Gezoet-Vruchten/p/F2007032100153000000,2026-05-10T15:09:08.093477
Delhaize,"Zuivel, kaas en plantaardige alternatieven",Delhaize Omega-3 | Vloeibaar | Bakken en braden,Delhaize,1.45,,"2,90 €/l",,https://www.delhaize.be/nl/shop/Zuivel-kaas-en-plantaardige-alternatieven/Boter-en-margarine/Margarine-om-te-koken/Omega-3-Vloeibaar-Bakken-en-braden/p/F2020062900062230000,2026-05-10T15:09:08.653991
Delhaize,"Zuivel, kaas en plantaardige alternatieven",Campina Melk | Vol,Campina,7.09,,"2,36 €/l",,https://www.delhaize.be/nl/shop/Zuivel-kaas-en-plantaardige-alternatieven/Melk/Vol/Melk-Vol/p/S2006091800000200000,2026-05-10T15:09:09.213870
Delhaize,"Zuivel, kaas en plantaardige alternatieven",Alpro Plantaardige drank | Haver | This is Not M*lk | Halfvol 1.8%,Alpro,2.49,,"2,49 €/l",,https://www.delhaize.be/nl/shop/Bewuste-voeding/Lactosevrij/Plantaardige-dranken/Granen/Plantaardige-drank-Haver-This-is-Not-M-lk-Halfvol-1-8-/p/S2021041900537090000,2026-05-10T15:09:09.774254
Delhaize,"Zuivel, kaas en plantaardige alternatieven",St Môret Smeerkaas | Natuur,St Môret,3.99,,"26,60 €/kg",,https://www.delhaize.be/nl/shop/Zuivel-kaas-en-plantaardige-alternatieven/Kaas/Kaas-in-sneden-en-smeerkaas/Smeerkaas/Smeerkaas-Natuur/p/F2012100900174100000,2026-05-10T15:09:10.332589
Delhaize,"Zuivel, kaas en plantaardige alternatieven",Pur Natur Yoghurt | Natuur | Greek style| Bio,Pur Natur,5.29,2de tegen -40%,"7,56 €/kg",,https://www.delhaize.be/nl/shop/Bio-Eco-en-Fairtrade/Bio/Zuivel-kaas-en-plantaardige-alternatieven/Yoghurt-en-plantaardige-alternatieven/Yoghurt-Natuur-Greek-style-Bio/p/F2015012700196200000,2026-05-10T15:09:10.405463
Delhaize,"Zuivel, kaas en plantaardige alternatieven",Balade Boter | Zeezout | Halfvolle | 41% v.g.,Balade,3.45,,"13,80 €/kg",,https://www.delhaize.be/nl/shop/Zuivel-kaas-en-plantaardige-alternatieven/Boter-en-margarine/Gezouten-boter/Boter-Zeezout-Halfvolle-41-v-g-/p/F1996051000102100000,2026-05-10T15:09:10.964165
Delhaize,"Zuivel, kaas en plantaardige alternatieven",Danio Verse kaas specialiteit | Vanille | Snack,Danio,1.39,,"8,42 €/kg",,https://www.delhaize.be/nl/shop/Zuivel-kaas-en-plantaardige-alternatieven/Yoghurt-en-plantaardige-alternatieven/Fruit/Verse-kaas-met-fruit/Verse-kaas-specialiteit-Vanille-Snack/p/F2008072200152300000,2026-05-10T15:09:11.522988
Delhaize,"Zuivel, kaas en plantaardige alternatieven",Danio Verse kaas specialiteit | Perzik | Snack,Danio,1.59,,"9,64 €/kg",,https://www.delhaize.be/nl/shop/Zuivel-kaas-en-plantaardige-alternatieven/Yoghurt-en-plantaardige-alternatieven/Fruit/Verse-kaas-met-fruit/Verse-kaas-specialiteit-Perzik-Snack/p/F2008072200188100000,2026-05-10T15:09:12.081946
Delhaize,"Zuivel, kaas en plantaardige alternatieven",Actimel Drinkyoghurt | Multifruit | Immuniteit,Actimel,4.29,,"5,36 €/kg",,https://www.delhaize.be/nl/shop/Zuivel-kaas-en-plantaardige-alternatieven/Yoghurt-en-plantaardige-alternatieven/Voor-de-gezondheid/Drinkyoghurt-Multifruit-Immuniteit/p/F2012090400111400000,2026-05-10T15:09:12.643664
Delhaize,Apero en voorgerechten,Kettle Chips | Honing | Barbecue,Kettle,2.55,2+1 gratis,"19,62 €/kg",,https://www.delhaize.be/nl/shop/Zoute-kruidenierswaren/Chips-en-aperitief-snacks/Chips/Klassieke-chips/Chips-Honing-Barbecue/p/S2023010400670390000,2026-05-10T15:09:50.260830
Delhaize,Apero en voorgerechten,Lay's Gerookt | Snacks | Chips,Lay's,1.39,5=gratis levering,"11,12 €/kg",,https://www.delhaize.be/nl/shop/Zoute-kruidenierswaren/Chips-en-aperitief-snacks/Chips/Chips-met-speciale-vorm/Gerookt-Snacks-Chips/p/S2008102300026390000,2026-05-10T15:09:50.347610
Delhaize,Apero en voorgerechten,Delhaize Hummus,Delhaize,2.19,,"10,95 €/kg",,https://www.delhaize.be/nl/shop/Apero-en-voorgerechten/Dips-en-tapenades/Hummus/Hummus/p/F2009100800386420000,2026-05-10T15:09:50.901535
Delhaize,Apero en voorgerechten,Lay's Chips | Paprika,Lay's,1.83,,"9,89 €/kg",,https://www.delhaize.be/nl/shop/Zoute-kruidenierswaren/Chips-en-aperitief-snacks/Chips/Klassieke-chips/Chips-Paprika/p/S2022012500600580000,2026-05-10T15:09:51.453316
Delhaize,Apero en voorgerechten,Lay's Chips | Zout en Zwart Peper Smaak,Lay's,1.85,,"10,00 €/kg",,https://www.delhaize.be/nl/shop/Zoute-kruidenierswaren/Chips-en-aperitief-snacks/Chips/Klassieke-chips/Chips-Zout-en-Zwart-Peper-Smaak/p/S2022012500600660000,2026-05-10T15:09:52.033818
Delhaize,Apero en voorgerechten,Lay's Chips | Nacho Cheese,Lay's,1.49,5=gratis levering,"11,92 €/kg",,https://www.delhaize.be/nl/shop/Zoute-kruidenierswaren/Chips-en-aperitief-snacks/Chips/Chips-met-speciale-vorm/Chips-Nacho-Cheese/p/S2022030700611950000,2026-05-10T15:09:52.125253
Delhaize,Apero en voorgerechten,Duyvis Paprika | Nuts | Nootjes,Duyvis,1.95,2de tegen -40%,"9,75 €/kg",,https://www.delhaize.be/nl/shop/Zoute-kruidenierswaren/Chips-en-aperitief-snacks/Noten/Omhulde-noten/Paprika-Nuts-Nootjes/p/S2006122700027560001,2026-05-10T15:09:52.208366
Delhaize,Apero en voorgerechten,Lay's Chips | Paprika,Lay's,1.99,2 voor €3,"9,95 €/kg",,https://www.delhaize.be/nl/shop/Zoute-kruidenierswaren/Chips-en-aperitief-snacks/Chips/Klassieke-chips/Chips-Paprika/p/S2022072800600660098,2026-05-10T15:09:52.297390
Delhaize,Apero en voorgerechten,Cheetos Chips | Chipito | Fromage,Cheetos,1.89,,"15,12 €/kg",,https://www.delhaize.be/nl/shop/Zoute-kruidenierswaren/Chips-en-aperitief-snacks/Chips/Chips-met-speciale-vorm/Chips-Chipito-Fromage/p/S2021061100030200000,2026-05-10T15:09:52.875896
Delhaize,Apero en voorgerechten,Lay's Chips | Naturel,Lay's,2.05,,"11,08 €/kg",,https://www.delhaize.be/nl/shop/Zoute-kruidenierswaren/Chips-en-aperitief-snacks/Chips/Klassieke-chips/Chips-Naturel/p/S2022012500600560000,2026-05-10T15:09:53.461910
Delhaize,Apero en voorgerechten,Delhaize Olijven met kaas,Delhaize,2.99,,"19,93 €/kg",,https://www.delhaize.be/nl/shop/Apero-en-voorgerechten/Koude-aperitiefhapjes/Olijven/Olijven-met-kaas/p/F2018022300013140000,2026-05-10T15:09:54.039475
Delhaize,Apero en voorgerechten,Lay's Ajuin & Fijne Kruiden | Snacks | Chips,Lay's,1.79,,"14,32 €/kg",,https://www.delhaize.be/nl/shop/Zoute-kruidenierswaren/Chips-en-aperitief-snacks/Chips/Chips-met-speciale-vorm/Ajuin-and-Fijne-Kruiden-Snacks-Chips/p/S2008102300026380000,2026-05-10T15:09:54.617646
Delhaize,Apero en voorgerechten,Delhaize Droge worsten | Mini sticks,Delhaize,2.25,,"22,50 €/kg",,https://www.delhaize.be/nl/shop/Vlees-vis-en-vegetarische-producten/Charcuterie/Gedroogde-worsten/Franse-worsten/Droge-worsten-Mini-sticks/p/F2009042200500910000,2026-05-10T15:09:55.197498
Delhaize,Apero en voorgerechten,Lay's Chips | Naturel,Lay's,1.57,5=gratis levering,"10,50 €/kg",,https://www.delhaize.be/nl/shop/Zoute-kruidenierswaren/Chips-en-aperitief-snacks/Chips/Klassieke-chips/Chips-Naturel/p/S2010061000025970000,2026-05-10T15:09:55.292718
Delhaize,Apero en voorgerechten,LU Crackers | Original | Toastjes | Zout,LU,1.68,,"11,20 €/kg",,https://www.delhaize.be/nl/shop/Zoute-kruidenierswaren/Chips-en-aperitief-snacks/Aperitiefkoekjes-en-toasts/Crackers-en-creppies/Crackers-Original-Toastjes-Zout/p/S2005082400031460000,2026-05-10T15:09:55.877009
Delhaize,Apero en voorgerechten,Delhaize Guacamole | Mild,Delhaize,2.99,,"14,95 €/kg",,https://www.delhaize.be/nl/shop/Apero-en-voorgerechten/Dips-en-tapenades/Dips/Guacamole-Mild/p/F2009090200388530000,2026-05-10T15:09:56.459534
Delhaize,Apero en voorgerechten,Lay's Paprika Kaas | Snacks | Chips,Lay's,1.79,5=gratis levering,"14,32 €/kg",,https://www.delhaize.be/nl/shop/Zoute-kruidenierswaren/Chips-en-aperitief-snacks/Chips/Chips-met-speciale-vorm/Paprika-Kaas-Snacks-Chips/p/S2008102300026370000,2026-05-10T15:09:56.559425
Delhaize,Apero en voorgerechten,Lay's Chips | Ketchup,Lay's,1.55,2 voor €3,"7,75 €/kg",,https://www.delhaize.be/nl/shop/Zoute-kruidenierswaren/Chips-en-aperitief-snacks/Chips/Klassieke-chips/Chips-Ketchup/p/S2022072800600550098,2026-05-10T15:09:56.657480
Delhaize,Apero en voorgerechten,Lorenz Chips | Original,Lorenz,1.95,,"26,00 €/kg",,https://www.delhaize.be/nl/shop/Zoute-kruidenierswaren/Chips-en-aperitief-snacks/Chips/Chips-met-speciale-vorm/Chips-Original/p/S2011010300027740000,2026-05-10T15:09:57.243925
Delhaize,Apero en voorgerechten,Doritos Tortilla chips | Nacho cheese,Doritos,1.59,,"9,35 €/kg",,https://www.delhaize.be/nl/shop/Zoute-kruidenierswaren/Chips-en-aperitief-snacks/Chips/Tortilla-s-en-dips/Tortilla-chips-Nacho-cheese/p/S2022020100602540000,2026-05-10T15:09:57.826001
Delhaize,Apero en voorgerechten,Lay's Chips | Pickles Smaak,Lay's,2.05,,"11,08 €/kg",,https://www.delhaize.be/nl/shop/Zoute-kruidenierswaren/Chips-en-aperitief-snacks/Chips/Klassieke-chips/Chips-Pickles-Smaak/p/S2022012500600610000,2026-05-10T15:09:58.409999
Delhaize,Apero en voorgerechten,LU Toasts | Mini | Olijfolie | Oregano,LU,2.25,,"9,00 €/kg",,https://www.delhaize.be/nl/shop/Zoute-kruidenierswaren/Chips-en-aperitief-snacks/Aperitiefkoekjes-en-toasts/Crackers-en-creppies/Toasts-Mini-Olijfolie-Oregano/p/S1998052800043350000,2026-05-10T15:09:58.994902
Delhaize,Apero en voorgerechten,Doritos Tortilla chips | Sweet chilli pepper,Doritos,1.59,,"9,35 €/kg",,https://www.delhaize.be/nl/shop/Zoute-kruidenierswaren/Chips-en-aperitief-snacks/Chips/Tortilla-s-en-dips/Tortilla-chips-Sweet-chilli-pepper/p/S2022020100602570000,2026-05-10T15:09:59.576722
Delhaize,Apero en voorgerechten,Delhaize Chips | Zout,Delhaize,0.99,,"3,96 €/kg",,https://www.delhaize.be/nl/shop/Zoute-kruidenierswaren/Chips-en-aperitief-snacks/Chips/Klassieke-chips/Chips-Zout/p/S2012112600028020000,2026-05-10T15:10:00.159803
Delhaize,Apero en voorgerechten,Lay's Bbq | Ribbled | Chips,Lay's,1.70,5=gratis levering,"11,34 €/kg",,https://www.delhaize.be/nl/shop/Zoute-kruidenierswaren/Chips-en-aperitief-snacks/Chips/Klassieke-chips/Bbq-Ribbled-Chips/p/S2010061000026010000,2026-05-10T15:10:00.249973
Delhaize,Apero en voorgerechten,Lay's Chips | Pickles,Lay's,1.55,2 voor €3,"7,75 €/kg",,https://www.delhaize.be/nl/shop/Zoute-kruidenierswaren/Chips-en-aperitief-snacks/Chips/Klassieke-chips/Chips-Pickles/p/S2022072800600560098,2026-05-10T15:10:00.344292
Delhaize,Apero en voorgerechten,Delhaize Guacamole | Mild | Bio,Delhaize,3.69,,"20,50 €/kg",,https://www.delhaize.be/nl/shop/Apero-en-voorgerechten/Dips-en-tapenades/Dips/Guacamole-Mild-Bio/p/F2017033100342500000,2026-05-10T15:10:00.927327
Delhaize,Apero en voorgerechten,Lay's Chips | Mediterranean herbs,Lay's,1.66,5=gratis levering,"11,10 €/kg",,https://www.delhaize.be/nl/shop/Zoute-kruidenierswaren/Chips-en-aperitief-snacks/Chips/Klassieke-chips/Chips-Mediterranean-herbs/p/S2010061000025980000,2026-05-10T15:10:01.024181
Delhaize,Apero en voorgerechten,Delhaize Truffelsalami Met Parmezaan,Delhaize,3.49,,"58,17 €/kg",,https://www.delhaize.be/nl/shop/Apero-en-voorgerechten/Koude-aperitiefhapjes/Charcuterie/Truffelsalami-Met-Parmezaan/p/F2018040300014890000,2026-05-10T15:10:01.609068
Delhaize,Apero en voorgerechten,Delhaize Olijven | Groen | Kaas | Maxi Pack,Delhaize,3.99,,"14,00 €/kg",,https://www.delhaize.be/nl/shop/Apero-en-voorgerechten/Koude-aperitiefhapjes/Olijven/Olijven-Groen-Kaas-Maxi-Pack/p/F2018030100013330000,2026-05-10T15:10:02.194852
Delhaize,Apero en voorgerechten,Duyvis Tiger Bbq Paprika | Nuts | Nootjes,Duyvis,2.19,2de tegen -40%,"14,60 €/kg",,https://www.delhaize.be/nl/shop/Zoute-kruidenierswaren/Chips-en-aperitief-snacks/Noten/Omhulde-noten/Tiger-Bbq-Paprika-Nuts-Nootjes/p/S2006122700027030001,2026-05-10T15:10:02.300147
Delhaize,Apero en voorgerechten,Lay's Chips | Bugles | Paprika,Lay's,1.62,5=gratis levering,"12,96 €/kg",,https://www.delhaize.be/nl/shop/Zoute-kruidenierswaren/Chips-en-aperitief-snacks/Chips/Chips-met-speciale-vorm/Chips-Bugles-Paprika/p/S2022030700611960000,2026-05-10T15:10:02.399894
Delhaize,Apero en voorgerechten,Delhaize Tortilla chips | Naturel | Bio,Delhaize,1.89,,"12,60 €/kg",,https://www.delhaize.be/nl/shop/Zoute-kruidenierswaren/Chips-en-aperitief-snacks/Chips/Tortilla-s-en-dips/Tortilla-chips-Naturel-Bio/p/S2000120100026880000,2026-05-10T15:10:02.984588
Delhaize,Apero en voorgerechten,Delhaize Gouda | Kaasblokjes | Jong,Delhaize,2.29,,"19,08 €/kg",,https://www.delhaize.be/nl/shop/Apero-en-voorgerechten/Koude-aperitiefhapjes/Kaas/Gouda-Kaasblokjes-Jong/p/F2021080300084640000,2026-05-10T15:10:03.563236
Delhaize,Apero en voorgerechten,Delhaize Hummus | Maxi pack,Delhaize,2.99,,"7,48 €/kg",,https://www.delhaize.be/nl/shop/Apero-en-voorgerechten/Dips-en-tapenades/Hummus/Hummus-Maxi-pack/p/F2018062000018870000,2026-05-10T15:10:04.145788
Delhaize,Apero en voorgerechten,LU Crackers | Toastjes | Sweet Red Paprika,LU,1.59,,"15,90 €/kg",,https://www.delhaize.be/nl/shop/Zoute-kruidenierswaren/Chips-en-aperitief-snacks/Aperitiefkoekjes-en-toasts/Crackers-en-creppies/Crackers-Toastjes-Sweet-Red-Paprika/p/S2016020403624500000,2026-05-10T15:10:04.723704
Delhaize,Apero en voorgerechten,Delhaize Kleine droge worsten,Delhaize,2.59,,"20,72 €/kg",,https://www.delhaize.be/nl/shop/Vlees-vis-en-vegetarische-producten/Charcuterie/Gedroogde-worsten/Belgische-worsten/Kleine-droge-worsten/p/F2009102600564610000,2026-05-10T15:10:05.296347
Delhaize,Apero en voorgerechten,Upignac Eendenlever | Blok,Upignac,13.49,,"168,63 €/kg",,https://www.delhaize.be/nl/shop/Apero-en-voorgerechten/Voorgerechten/Fois-gras-en-complementaire-producten/Eendenlever-Blok/p/F2010022500213930000,2026-05-10T15:10:05.878236
Delhaize,Apero en voorgerechten,Delhaize Droge worst,Delhaize,2.79,,"13,95 €/kg",,https://www.delhaize.be/nl/shop/Vlees-vis-en-vegetarische-producten/Charcuterie/Gedroogde-worsten/Belgische-worsten/Droge-worst/p/F2009071500580910000,2026-05-10T15:10:06.451050
Delhaize,Apero en voorgerechten,Delhaize Olijven Queen basilicum,Delhaize,2.99,,"19,93 €/kg",,https://www.delhaize.be/nl/shop/Apero-en-voorgerechten/Koude-aperitiefhapjes/Olijven/Olijven-Queen-basilicum/p/F2018030200013520000,2026-05-10T15:10:07.035707
Delhaize,Apero en voorgerechten,Lay's Chips | Classic burger,Lay's,2.19,2 voor €3,"10,95 €/kg",,https://www.delhaize.be/nl/shop/Zoute-kruidenierswaren/Chips-en-aperitief-snacks/Chips/Klassieke-chips/Chips-Classic-burger/p/S2022072600600540098,2026-05-10T15:10:07.119956
Delhaize,Apero en voorgerechten,Delhaize 20 Aperitiefhapjes,Delhaize,8.99,,"29,00 €/kg",,https://www.delhaize.be/nl/shop/Apero-en-voorgerechten/Warme-aperitiefhapjes/20-Aperitiefhapjes/p/F2009081300283210000,2026-05-10T15:10:07.709016
Delhaize,Apero en voorgerechten,Duyvis Cocktail | Nuts | Nootjes,Duyvis,1.99,2de tegen -40%,"9,95 €/kg",,https://www.delhaize.be/nl/shop/Zoute-kruidenierswaren/Chips-en-aperitief-snacks/Noten/Omhulde-noten/Cocktail-Nuts-Nootjes/p/S2017060604154750000,2026-05-10T15:10:07.799021
Delhaize,Apero en voorgerechten,Wagner Mini pizza | Piccolinis | Prosciutto,Wagner,3.99,,"14,78 €/kg",,https://www.delhaize.be/nl/shop/Diepvries/Bereide-schotels-en-apero/Aperitiefhapjes/Mini-pizza-Piccolinis-Prosciutto/p/S2011032800279420000,2026-05-10T15:10:08.370006
Delhaize,Apero en voorgerechten,Delhaize Snackworteltjes,Delhaize,1.99,,"8,29 €/kg",,https://www.delhaize.be/nl/shop/Apero-en-voorgerechten/Koude-aperitiefhapjes/Groentehapjes/Snackworteltjes/p/F2021080900085320000,2026-05-10T15:10:08.945158
Delhaize,Apero en voorgerechten,Cheetos Cheetos | Goals | Edition Limited,Cheetos,2.49,,"24,90 €/kg",,https://www.delhaize.be/nl/shop/Zoute-kruidenierswaren/Chips-en-aperitief-snacks/Chips/Chips-met-speciale-vorm/Cheetos-Goals-Edition-Limited/p/S2021020800506350000,2026-05-10T15:10:09.525417
Delhaize,Apero en voorgerechten,Lay's Chips | Roasted Naturel,Lay's,2.29,,"18,32 €/kg",,https://www.delhaize.be/nl/shop/Zoute-kruidenierswaren/Chips-en-aperitief-snacks/Chips/Chips-met-speciale-vorm/Chips-Roasted-Naturel/p/S2021051200542830000,2026-05-10T15:10:10.097116
Delhaize,Apero en voorgerechten,LU Crackers | Mini Snackies | Toastjes | Zout,LU,1.93,,"19,30 €/kg",,https://www.delhaize.be/nl/shop/Zoute-kruidenierswaren/Chips-en-aperitief-snacks/Aperitiefkoekjes-en-toasts/Crackers-en-creppies/Crackers-Mini-Snackies-Toastjes-Zout/p/S2018060600066890000,2026-05-10T15:10:10.678878
Delhaize,Apero en voorgerechten,LU Crackers | Toastjes | Kaas Smaak,LU,1.49,,"14,90 €/kg",,https://www.delhaize.be/nl/shop/Zoute-kruidenierswaren/Chips-en-aperitief-snacks/Aperitiefkoekjes-en-toasts/Crackers-en-creppies/Crackers-Toastjes-Kaas-Smaak/p/S2011051000031510000,2026-05-10T15:10:11.259924
Delhaize,Apero en voorgerechten,Delhaize 9 Mini Burger | Rund,Delhaize,8.49,,"47,17 €/kg",,https://www.delhaize.be/nl/shop/Apero-en-voorgerechten/Warme-aperitiefhapjes/9-Mini-Burger-Rund/p/F2014080600267400000,2026-05-10T15:10:11.830292
Delhaize,Apero en voorgerechten,Delhaize Mini hapjes | 16st,Delhaize,4.09,,"15,98 €/kg",,https://www.delhaize.be/nl/shop/Diepvries/Bereide-schotels-en-apero/Aperitiefhapjes/Mini-hapjes-16st/p/S2018111600130090000,2026-05-10T15:10:12.402413
Delhaize,Apero en voorgerechten,Marcassou Marcastick | Zonder look,Marcassou,4.89,,"24,45 €/kg",,https://www.delhaize.be/nl/shop/Vlees-vis-en-vegetarische-producten/Charcuterie/Gedroogde-worsten/Belgische-worsten/Marcastick-Zonder-look/p/F2009072000589210000,2026-05-10T15:10:12.991606
Delhaize,Apero en voorgerechten,Delhaize Zwarte olijventapenade,Delhaize,2.19,,"19,91 €/kg",,https://www.delhaize.be/nl/shop/Apero-en-voorgerechten/Dips-en-tapenades/Tapenades/Zwarte-olijventapenade/p/F2018061100018460000,2026-05-10T15:10:13.576140
Delhaize,Apero en voorgerechten,St Môret Verse kaas | Provençaals,St Môret,4.25,,"42,50 €/kg",,https://www.delhaize.be/nl/shop/Zuivel-kaas-en-plantaardige-alternatieven/Kaas/Aperitief-en-snackkazen/Aperitief-kazen/Verse-kaas-Provencaals/p/F1990112100167600000,2026-05-10T15:10:14.156025
Delhaize,Apero en voorgerechten,Delhaize Pindanoten | Niet gezouten,Delhaize,1.12,,"4,07 €/kg",,https://www.delhaize.be/nl/shop/Zoute-kruidenierswaren/Chips-en-aperitief-snacks/Noten/Omhulde-noten/Pindanoten-Niet-gezouten/p/S2013040200028310000,2026-05-10T15:10:14.728225
Delhaize,Apero en voorgerechten,Citterio Salamistaafjes,Citterio,3.09,,"51,50 €/kg",,https://www.delhaize.be/nl/shop/Vlees-vis-en-vegetarische-producten/Charcuterie/Gedroogde-worsten/Italiaanse-worsten/Salamistaafjes/p/F2009070200518910000,2026-05-10T15:10:15.312353
Delhaize,Apero en voorgerechten,Delhaize Fuet,Delhaize,3.29,,"19,35 €/kg",,https://www.delhaize.be/nl/shop/Vlees-vis-en-vegetarische-producten/Charcuterie/Gedroogde-worsten/Spaanse-worsten/Fuet/p/F2021092100086890000,2026-05-10T15:10:15.895813
Delhaize,Apero en voorgerechten,Lay's Chips | Sweet Chili,Lay's,1.75,,"14,00 €/kg",,https://www.delhaize.be/nl/shop/Zoute-kruidenierswaren/Chips-en-aperitief-snacks/Chips/Chips-met-speciale-vorm/Chips-Sweet-Chili/p/S2022072800542830098,2026-05-10T15:10:16.475061
Delhaize,Apero en voorgerechten,Delhaize Gedroogde boerenworsten,Delhaize,5.29,,"19,24 €/kg",,https://www.delhaize.be/nl/shop/Vlees-vis-en-vegetarische-producten/Charcuterie/Gedroogde-worsten/Belgische-worsten/Gedroogde-boerenworsten/p/F2009071000582010000,2026-05-10T15:10:17.050425
Delhaize,Apero en voorgerechten,Delhaize Guacamole | Gekruid,Delhaize,2.99,,"14,95 €/kg",,https://www.delhaize.be/nl/shop/Apero-en-voorgerechten/Dips-en-tapenades/Dips/Guacamole-Gekruid/p/F2009090200388540000,2026-05-10T15:10:17.624629
Delhaize,Apero en voorgerechten,Lay's Chips | Thai sweet chili,Lay's,1.85,5=gratis levering,"12,33 €/kg",,https://www.delhaize.be/nl/shop/Zoute-kruidenierswaren/Chips-en-aperitief-snacks/Chips/Klassieke-chips/Chips-Thai-sweet-chili/p/S2022030700611970000,2026-05-10T15:10:17.707789
Delhaize,Apero en voorgerechten,Delhaize Chips | Kikkererwten | Bio,Delhaize,1.85,,"24,67 €/kg",,https://www.delhaize.be/nl/shop/Zoute-kruidenierswaren/Chips-en-aperitief-snacks/Chips/Chips-op-basis-van-groenten-granen-en-glutenvrij/Chips-Kikkererwten-Bio/p/S2020051500428830000,2026-05-10T15:10:18.284092
Delhaize,Apero en voorgerechten,Delhaize Aperogroenten 280g,Delhaize,2.49,,"8,89 €/kg",,https://www.delhaize.be/nl/shop/Apero-en-voorgerechten/Koude-aperitiefhapjes/Groentehapjes/Aperogroenten-280g/p/F2021080900085350000,2026-05-10T15:10:18.869452
Delhaize,Apero en voorgerechten,Delhaize Aperogroente | Radijs 230g,Delhaize,2.49,,"10,83 €/kg",,https://www.delhaize.be/nl/shop/Apero-en-voorgerechten/Koude-aperitiefhapjes/Groentehapjes/Aperogroente-Radijs-230g/p/F2021080900085330000,2026-05-10T15:10:19.444083
Delhaize,Apero en voorgerechten,LU Crackers | Toastjes | Bacon Smaak,LU,1.49,,"14,90 €/kg",,https://www.delhaize.be/nl/shop/Zoute-kruidenierswaren/Chips-en-aperitief-snacks/Aperitiefkoekjes-en-toasts/Crackers-en-creppies/Crackers-Toastjes-Bacon-Smaak/p/S2016020403625630000,2026-05-10T15:10:20.018828
Delhaize,Apero en voorgerechten,Delhaize Pindanoten | Geroosterd-Gezouten,Delhaize,0.94,,"3,42 €/kg",,https://www.delhaize.be/nl/shop/Zoute-kruidenierswaren/Chips-en-aperitief-snacks/Noten/Omhulde-noten/Pindanoten-Geroosterd-Gezouten/p/S2013040200028230000,2026-05-10T15:10:20.597290
Delhaize,Apero en voorgerechten,Delhaize Chips | Sticks | Zout,Delhaize,0.91,,"6,07 €/kg",,https://www.delhaize.be/nl/shop/Zoute-kruidenierswaren/Chips-en-aperitief-snacks/Chips/Chips-met-speciale-vorm/Chips-Sticks-Zout/p/S2015021200026080000,2026-05-10T15:10:21.176352
Delhaize,Apero en voorgerechten,Delhaize Hummus mediterranees,Delhaize,2.29,,"11,45 €/kg",,https://www.delhaize.be/nl/shop/Apero-en-voorgerechten/Dips-en-tapenades/Hummus/Hummus-mediterranees/p/F2015090100362400000,2026-05-10T15:10:21.748733
Delhaize,Apero en voorgerechten,Cully and Sully Soep | Tomaten-Basilicum,Cully and Sully,2.79,,"6,98 €/l",,https://www.delhaize.be/nl/shop/Apero-en-voorgerechten/Voorgerechten/Verse-soepen/Soep-Tomaten-Basilicum/p/F2013061800299730000,2026-05-10T15:10:22.327789
Delhaize,Apero en voorgerechten,Delhaize Grissini | Olijven,Delhaize,1.39,,"11,58 €/kg",,https://www.delhaize.be/nl/shop/Zoute-kruidenierswaren/Chips-en-aperitief-snacks/Aperitiefkoekjes-en-toasts/Grissinis-twists-en-andere-broodstengels/Grissini-Olijven/p/S2010101500042680000,2026-05-10T15:10:22.910795
Delhaize,Apero en voorgerechten,Delhaize Marokkaanse Hummus,Delhaize,2.49,,"12,45 €/kg",,https://www.delhaize.be/nl/shop/Apero-en-voorgerechten/Dips-en-tapenades/Hummus/Marokkaanse-Hummus/p/F2017031700349700000,2026-05-10T15:10:23.492534
Delhaize,Apero en voorgerechten,Delhaize Kaas pesto | Dip,Delhaize,2.69,,"29,89 €/kg",,https://www.delhaize.be/nl/shop/Apero-en-voorgerechten/Dips-en-tapenades/Dips/Kaas-pesto-Dip/p/F2019110500046290000,2026-05-10T15:10:24.079001
Delhaize,Apero en voorgerechten,Delhaize Gouda | Kaasblokjes | Mosterd | 120g,Delhaize,2.99,,"24,92 €/kg",,https://www.delhaize.be/nl/shop/Apero-en-voorgerechten/Koude-aperitiefhapjes/Kaas/Gouda-Kaasblokjes-Mosterd-120g/p/F2021080300084730000,2026-05-10T15:10:24.659074
Delhaize,Apero en voorgerechten,Mora Oven&Airfryer | Fun | Mix,Mora,7.09,,"21,36 €/kg",,https://www.delhaize.be/nl/shop/Diepvries/Bereide-schotels-en-apero/Aperitiefhapjes/Oven-and-Airfryer-Fun-Mix/p/S2020091600463670000,2026-05-10T15:10:25.245518
Delhaize,Apero en voorgerechten,Delhaize Gazpacho | Mediterraans,Delhaize,2.19,,"2,19 €/l",,https://www.delhaize.be/nl/shop/Verse-groenten-en-fruit/Verse-soepen/Koude-soepen/Gazpacho-Mediterraans/p/F2012012700217600000,2026-05-10T15:10:25.825979
Delhaize,Apero en voorgerechten,Marcassou Marcastick | Met look,Marcassou,4.25,,"21,25 €/kg",,https://www.delhaize.be/nl/shop/Vlees-vis-en-vegetarische-producten/Charcuterie/Gedroogde-worsten/Belgische-worsten/Marcastick-Met-look/p/F2009072000582610000,2026-05-10T15:10:26.410453
Delhaize,Apero en voorgerechten,Aoste Mini-Salamis|Droge puur varkensvl.|Classique,Aoste,2.49,,"35,57 €/kg",,https://www.delhaize.be/nl/shop/Vlees-vis-en-vegetarische-producten/Charcuterie/Gedroogde-worsten/Belgische-worsten/Mini-Salamis-Droge-puur-varkensvl-Classique/p/F2009081900595110000,2026-05-10T15:10:26.977485
Delhaize,Apero en voorgerechten,Aoste 'Time | Fijne worst,Aoste,4.09,,"27,27 €/kg",,https://www.delhaize.be/nl/shop/Vlees-vis-en-vegetarische-producten/Charcuterie/Gedroogde-worsten/Belgische-worsten/-Time-Fijne-worst/p/F2015091000560260000,2026-05-10T15:10:27.563914
Delhaize,Apero en voorgerechten,Delhaize Copparolletjes met roomkaas en vijg,Delhaize,2.99,,"42,71 €/kg",,https://www.delhaize.be/nl/shop/Apero-en-voorgerechten/Koude-aperitiefhapjes/Charcuterie/Copparolletjes-met-roomkaas-en-vijg/p/F2018040400014970000,2026-05-10T15:10:28.145031
Delhaize,Apero en voorgerechten,Delhaize Cheese | Gouda | Belegen | 50+120G | Bio,Delhaize,2.99,,"24,92 €/kg",,https://www.delhaize.be/nl/shop/Apero-en-voorgerechten/Koude-aperitiefhapjes/Kaas/Cheese-Gouda-Belegen-50-120G-Bio/p/F2019052100038330000,2026-05-10T15:10:28.728531
Delhaize,Apero en voorgerechten,Delhaize Chips | Linzen | Sweet Chili | Bio,Delhaize,1.85,,"24,67 €/kg",,https://www.delhaize.be/nl/shop/Zoute-kruidenierswaren/Chips-en-aperitief-snacks/Chips/Chips-op-basis-van-groenten-granen-en-glutenvrij/Chips-Linzen-Sweet-Chili-Bio/p/S2020071400446840000,2026-05-10T15:10:29.316494
Delhaize,Apero en voorgerechten,Delhaize Chorizo Extra Zacht,Delhaize,2.99,,"11,96 €/kg",,https://www.delhaize.be/nl/shop/Vlees-vis-en-vegetarische-producten/Charcuterie/Gedroogde-worsten/Spaanse-worsten/Chorizo-Extra-Zacht/p/F2021122300092800000,2026-05-10T15:10:29.883546
Delhaize,Apero en voorgerechten,Delhaize Hummus | Fijne kruiden,Delhaize,2.29,,"11,45 €/kg",,https://www.delhaize.be/nl/shop/Apero-en-voorgerechten/Dips-en-tapenades/Hummus/Hummus-Fijne-kruiden/p/F2009100800388920000,2026-05-10T15:10:30.448448
Delhaize,Apero en voorgerechten,Delhaize Dolmades,Delhaize,2.49,,"20,75 €/kg",,https://www.delhaize.be/nl/shop/Apero-en-voorgerechten/Koude-aperitiefhapjes/Groentehapjes/Dolmades/p/F2018080800021920000,2026-05-10T15:10:31.024485
Delhaize,Apero en voorgerechten,Delhaize Zakouskis,Delhaize,6.15,,"26,74 €/kg",,https://www.delhaize.be/nl/shop/Diepvries/Bereide-schotels-en-apero/Aperitiefhapjes/Zakouskis/p/S1995100900278520000,2026-05-10T15:10:31.612060
Delhaize,Apero en voorgerechten,Aoste Bistro | Time,Aoste,3.79,,"31,58 €/kg",,https://www.delhaize.be/nl/shop/Vlees-vis-en-vegetarische-producten/Charcuterie/Gedroogde-worsten/Belgische-worsten/Bistro-Time/p/F2020120700072440000,2026-05-10T15:10:32.186869
Delhaize,Apero en voorgerechten,LU Crackers | Mini | Toastjes | Kaas,LU,1.54,,"15,40 €/kg",,https://www.delhaize.be/nl/shop/Zoute-kruidenierswaren/Chips-en-aperitief-snacks/Aperitiefkoekjes-en-toasts/Crackers-en-creppies/Crackers-Mini-Toastjes-Kaas/p/S2021122300287400000,2026-05-10T15:10:32.764233
Delhaize,Apero en voorgerechten,Mora Oven Goudse Kaasballetjes,Mora,7.29,,"26,04 €/kg",,https://www.delhaize.be/nl/shop/Diepvries/Bereide-schotels-en-apero/Aperitiefhapjes/Oven-Goudse-Kaasballetjes/p/S2017081104172100000,2026-05-10T15:10:33.354005
Delhaize,Apero en voorgerechten,Delhaize Mini | Loemp | Veggie | 10,Delhaize,1.39,,"6,95 €/kg",,https://www.delhaize.be/nl/shop/Diepvries/Bereide-schotels-en-apero/Aperitiefhapjes/Mini-Loemp-Veggie-10/p/S2020052800431720000,2026-05-10T15:10:33.930476
Delhaize,Apero en voorgerechten,Delhaize Toast | Melba | Vierhoekig,Delhaize,0.77,,"7,70 €/kg",,https://www.delhaize.be/nl/shop/Zoute-kruidenierswaren/Chips-en-aperitief-snacks/Aperitiefkoekjes-en-toasts/Toasts-en-bruschettas/Toast-Melba-Vierhoekig/p/S2020112500472620000,2026-05-10T15:10:34.513105
Delhaize,Apero en voorgerechten,Elephant Bretzels | Sesame,Elephant,3.15,,"17,50 €/kg",,https://www.delhaize.be/nl/shop/Zoute-kruidenierswaren/Chips-en-aperitief-snacks/Aperitiefkoekjes-en-toasts/Crackers-en-creppies/Bretzels-Sesame/p/S2022033103625630093,2026-05-10T15:10:35.768657
Delhaize,Apero en voorgerechten,Delhaize Nem | Kip | Mini,Delhaize,5.25,,"43,75 €/kg",,https://www.delhaize.be/nl/shop/Apero-en-voorgerechten/Aziatische-aperitiefhapjes/Nem-Kip-Mini/p/F2021021900077180000,2026-05-10T15:10:36.355922
Delhaize,Apero en voorgerechten,Croky Chips | Barbecue,Croky,1.89,,"18,90 €/kg",,https://www.delhaize.be/nl/shop/Zoute-kruidenierswaren/Chips-en-aperitief-snacks/Chips/Chips-met-speciale-vorm/Chips-Barbecue/p/S2021012100498960000,2026-05-10T15:10:36.934385
Delhaize,Apero en voorgerechten,Haust Toast | Krokant,Haust,1.27,,"12,70 €/kg",,https://www.delhaize.be/nl/shop/Zoute-kruidenierswaren/Chips-en-aperitief-snacks/Aperitiefkoekjes-en-toasts/Toasts-en-bruschettas/Toast-Krokant/p/S1979121100043590000,2026-05-10T15:10:37.518680
Delhaize,Apero en voorgerechten,Duyvis Barbecue | Nuts | Nootjes | 200G,Duyvis,1.99,2de tegen -40%,"9,95 €/kg",,https://www.delhaize.be/nl/shop/Zoute-kruidenierswaren/Chips-en-aperitief-snacks/Noten/Omhulde-noten/Barbecue-Nuts-Nootjes-200G/p/S2007103000027550000,2026-05-10T15:10:37.616141
Delhaize,Apero en voorgerechten,Delhaize Toast | Mini,Delhaize,0.75,,"9,38 €/kg",,https://www.delhaize.be/nl/shop/Zoute-kruidenierswaren/Chips-en-aperitief-snacks/Aperitiefkoekjes-en-toasts/Toasts-en-bruschettas/Toast-Mini/p/S1980070200044450000,2026-05-10T15:10:38.201387
Delhaize,Apero en voorgerechten,Brugge Oud | Brugge | Kaasbl,Brugge,4.29,2+1 gratis,"34,32 €/kg",,https://www.delhaize.be/nl/shop/Apero-en-voorgerechten/Koude-aperitiefhapjes/Kaas/Oud-Brugge-Kaasbl/p/F2020112400072150000,2026-05-10T15:10:38.299202
Delhaize,Apero en voorgerechten,Doritos Chips Tortilla | Bbq Style,Doritos,2.15,,"12,65 €/kg",,https://www.delhaize.be/nl/shop/Zoute-kruidenierswaren/Chips-en-aperitief-snacks/Chips/Tortilla-s-en-dips/Chips-Tortilla-Bbq-Style/p/S2022012100259620000,2026-05-10T15:10:38.884347
Delhaize,Apero en voorgerechten,Palacios Chorizo | Espagnol | Pikant,Palacios,4.79,,"21,29 €/kg",,https://www.delhaize.be/nl/shop/Vlees-vis-en-vegetarische-producten/Charcuterie/Gedroogde-worsten/Spaanse-worsten/Chorizo-Espagnol-Pikant/p/F2009102300544410000,2026-05-10T15:10:39.468607
Delhaize,Apero en voorgerechten,Delhaize Yakitori Soja,Delhaize,3.15,,"21,88 €/kg",,https://www.delhaize.be/nl/shop/Diepvries/Bereide-schotels-en-apero/Aperitiefhapjes/Yakitori-Soja/p/S2017020603687260000,2026-05-10T15:10:40.052379
Delhaize,Apero en voorgerechten,Delhaize Popcorn | Zout | Microwave,Delhaize,2.79,Gratis,"10,33 €/kg",,https://www.delhaize.be/nl/shop/Zoute-kruidenierswaren/Chips-en-aperitief-snacks/Popcorn-en-maiskorrels/Niet-gepofte-maiskorrels/Popcorn-Zout-Microwave/p/S2017032204139500000,2026-05-10T15:10:40.149409
Delhaize,Apero en voorgerechten,Delhaize Soep | Tomaat | Balletjes,Delhaize,3.49,,"3,67 €/kg",,https://www.delhaize.be/nl/shop/Zoute-kruidenierswaren/Soepen/Verse-soep/Warme-soep/Soep-Tomaat-Balletjes/p/F2021072800084190000,2026-05-10T15:10:40.734278
Delhaize,Apero en voorgerechten,Torres Chips | Truffel | Zwart,Torres,3.35,,"26,80 €/kg",,https://www.delhaize.be/nl/shop/Zoute-kruidenierswaren/Chips-en-aperitief-snacks/Chips/Klassieke-chips/Chips-Truffel-Zwart/p/S2021100800581450000,2026-05-10T15:10:41.319130
Delhaize,Apero en voorgerechten,Cully and Sully Soep | Kip-Groenten,Cully and Sully,2.79,,"6,98 €/l",,https://www.delhaize.be/nl/shop/Apero-en-voorgerechten/Voorgerechten/Verse-soepen/Soep-Kip-Groenten/p/F2013061800232820000,2026-05-10T15:10:41.901936
Delhaize,Apero en voorgerechten,Delhaize Tempura | Garnalen,Delhaize,5.29,,"26,45 €/kg",,https://www.delhaize.be/nl/shop/Diepvries/Bereide-schotels-en-apero/Aperitiefhapjes/Tempura-Garnalen/p/S2020081300456750000,2026-05-10T15:10:42.487082
Delhaize,Apero en voorgerechten,Delhaize Aperitiefschotel op Italiaanse wijze,Delhaize,12.79,,"39,97 €/kg",,https://www.delhaize.be/nl/shop/Vlees-vis-en-vegetarische-producten/Charcuterie/Andere-charcuterie/Charcuterie-mix/Aperitiefschotel-op-Italiaanse-wijze/p/F2020072400063630000,2026-05-10T15:10:43.070042
Delhaize,Apero en voorgerechten,Delhaize 8 Mini pizzas,Delhaize,6.79,,"33,95 €/kg",,https://www.delhaize.be/nl/shop/Apero-en-voorgerechten/Warme-aperitiefhapjes/8-Mini-pizzas/p/F2009081300283410000,2026-05-10T15:10:43.651514
Delhaize,Apero en voorgerechten,Deli Di Paolo Picos | Olijfolie,Deli Di Paolo,1.79,,"11,93 €/kg",,https://www.delhaize.be/nl/shop/Zoute-kruidenierswaren/Chips-en-aperitief-snacks/Aperitiefkoekjes-en-toasts/Grissinis-twists-en-andere-broodstengels/Picos-Olijfolie/p/S2016030103635090000,2026-05-10T15:10:44.237051
Delhaize,Apero en voorgerechten,Lay's Chips | Cheddar | Onion,Lay's,2.25,,"15,00 €/kg",,https://www.delhaize.be/nl/shop/Zoute-kruidenierswaren/Chips-en-aperitief-snacks/Chips/Klassieke-chips/Chips-Cheddar-Onion/p/S2022072700642100000,2026-05-10T15:10:44.821604
Delhaize,Apero en voorgerechten,Cully and Sully Soep | Thaïse kip,Cully and Sully,2.79,,"6,98 €/l",,https://www.delhaize.be/nl/shop/Apero-en-voorgerechten/Voorgerechten/Verse-soepen/Soep-Thaise-kip/p/F2013061800296020000,2026-05-10T15:10:45.402070
Delhaize,Apero en voorgerechten,Delhaize Focaccia | Olijfolie IRozemarijn,Delhaize,1.99,,"14,21 €/kg",,https://www.delhaize.be/nl/shop/Apero-en-voorgerechten/Voorgerechten/Focaccia/Focaccia-Olijfolie-IRozemarijn/p/F2015012600213500000,2026-05-10T15:10:45.986060
Delhaize,Apero en voorgerechten,Delhaize Yakitori teriyaki,Delhaize,4.79,,"43,55 €/kg",,https://www.delhaize.be/nl/shop/Apero-en-voorgerechten/Aziatische-aperitiefhapjes/Yakitori-teriyaki/p/F2021021900077160000,2026-05-10T15:10:46.565875
Delhaize,Apero en voorgerechten,Delhaize Groenteloempias,Delhaize,3.95,,"30,38 €/kg",,https://www.delhaize.be/nl/shop/Apero-en-voorgerechten/Aziatische-aperitiefhapjes/Groenteloempias/p/F2021021900077210000,2026-05-10T15:10:47.150635
Delhaize,Apero en voorgerechten,Roka Snack | Cheese crispies | Gouda,Roka,5.19,,"34,60 €/kg",,https://www.delhaize.be/nl/shop/Zoute-kruidenierswaren/Chips-en-aperitief-snacks/Aperitiefkoekjes-en-toasts/Crackers-en-creppies/Snack-Cheese-crispies-Gouda/p/S2001082700031180000,2026-05-10T15:10:47.740625
Delhaize,Apero en voorgerechten,Delacre Wafeltjes | Gevuld | Gouda,Delacre,2.49,,"33,20 €/kg",,https://www.delhaize.be/nl/shop/Zoute-kruidenierswaren/Chips-en-aperitief-snacks/Aperitiefkoekjes-en-toasts/Andere-aperitiefkoekjes-en-toasts/Wafeltjes-Gevuld-Gouda/p/S1985091300030510000,2026-05-10T15:10:48.319856
Delhaize,Apero en voorgerechten,Delhaize Salami | Zonder look,Delhaize,3.65,,"9,13 €/kg",,https://www.delhaize.be/nl/shop/Vlees-vis-en-vegetarische-producten/Charcuterie/Gedroogde-worsten/Belgische-worsten/Salami-Zonder-look/p/F2017060800001010000,2026-05-10T15:10:48.905891
Delhaize,Apero en voorgerechten,Delhaize Rode bol | Boerenworsten,Delhaize,2.99,,"10,87 €/kg",,https://www.delhaize.be/nl/shop/Vlees-vis-en-vegetarische-producten/Charcuterie/Gedroogde-worsten/Belgische-worsten/Rode-bol-Boerenworsten/p/F2007102500521210000,2026-05-10T15:10:49.483642
Delhaize,Apero en voorgerechten,Delhaize Toast | Melba | Rond,Delhaize,1.09,,"9,91 €/kg",,https://www.delhaize.be/nl/shop/Zoute-kruidenierswaren/Chips-en-aperitief-snacks/Aperitiefkoekjes-en-toasts/Toasts-en-bruschettas/Toast-Melba-Rond/p/S2020112600301310000,2026-05-10T15:10:50.059192
Delhaize,Apero en voorgerechten,Palacios Chorizo | Espagnol | Zacht,Palacios,4.79,,"21,29 €/kg",,https://www.delhaize.be/nl/shop/Vlees-vis-en-vegetarische-producten/Charcuterie/Gedroogde-worsten/Spaanse-worsten/Chorizo-Espagnol-Zacht/p/F2009102300544510000,2026-05-10T15:10:50.639164
Delhaize,Apero en voorgerechten,Marcassou Ardense Worst | Zonder Look,Marcassou,3.09,,"13,73 €/kg",,https://www.delhaize.be/nl/shop/Vlees-vis-en-vegetarische-producten/Charcuterie/Gedroogde-worsten/Belgische-worsten/Ardense-Worst-Zonder-Look/p/F2021041900079880000,2026-05-10T15:10:51.224869
Delhaize,Apero en voorgerechten,Elephant Bretzels | Tomato & Herbs,Elephant,3.09,,"19,31 €/kg",,https://www.delhaize.be/nl/shop/Zoute-kruidenierswaren/Chips-en-aperitief-snacks/Aperitiefkoekjes-en-toasts/Crackers-en-creppies/Bretzels-Tomato-and-Herbs/p/S2022033103625630092,2026-05-10T15:10:51.813795
Delhaize,Apero en voorgerechten,LU Crackers | Original | Toastjes | Zout,LU,2.49,,"8,30 €/kg",,https://www.delhaize.be/nl/shop/Zoute-kruidenierswaren/Chips-en-aperitief-snacks/Aperitiefkoekjes-en-toasts/Crackers-en-creppies/Crackers-Original-Toastjes-Zout/p/S2020061100435890000,2026-05-10T15:10:52.404972
Delhaize,Apero en voorgerechten,Michel et Augustin Koekje | Parmigiano,Michel et Augustin,3.95,,"39,50 €/kg",,https://www.delhaize.be/nl/shop/Zoute-kruidenierswaren/Chips-en-aperitief-snacks/Aperitiefkoekjes-en-toasts/Crackers-en-creppies/Koekje-Parmigiano/p/S2022061400632000000,2026-05-10T15:10:52.985283
Delhaize,Apero en voorgerechten,Michel et Augustin Koekje | Comté,Michel et Augustin,3.75,,"37,50 €/kg",,https://www.delhaize.be/nl/shop/Zoute-kruidenierswaren/Chips-en-aperitief-snacks/Aperitiefkoekjes-en-toasts/Crackers-en-creppies/Koekje-Comte/p/S2022061400632010000,2026-05-10T15:10:53.561016
Delhaize,Apero en voorgerechten,Saint Agaune Fine St Agaune,Saint Agaune,5.09,,"31,81 €/kg",,https://www.delhaize.be/nl/shop/Vlees-vis-en-vegetarische-producten/Charcuterie/Gedroogde-worsten/Franse-worsten/Fine-St-Agaune/p/F2009081400577610000,2026-05-10T15:10:54.134675
Delhaize,Apero en voorgerechten,Delhaize Chips | Sticks | Paprika,Delhaize,0.91,,"6,07 €/kg",,https://www.delhaize.be/nl/shop/Zoute-kruidenierswaren/Chips-en-aperitief-snacks/Chips/Chips-met-speciale-vorm/Chips-Sticks-Paprika/p/S2015021200026190000,2026-05-10T15:10:54.709376
Delhaize,Apero en voorgerechten,Delhaize Popcorn | Zoet | Microwave,Delhaize,1.99,Gratis,"7,37 €/kg",,https://www.delhaize.be/nl/shop/Zoute-kruidenierswaren/Chips-en-aperitief-snacks/Popcorn-en-maiskorrels/Niet-gepofte-maiskorrels/Popcorn-Zoet-Microwave/p/S2017032204139570000,2026-05-10T15:10:54.795333
Delhaize,Apero en voorgerechten,Croky Chips | Paprika,Croky,2.05,,"10,25 €/kg",,https://www.delhaize.be/nl/shop/Zoute-kruidenierswaren/Chips-en-aperitief-snacks/Chips/Klassieke-chips/Chips-Paprika/p/S2014020400027770000,2026-05-10T15:10:55.371149
Delhaize,Apero en voorgerechten,Delhaize Chorizo Extra Pikant,Delhaize,2.55,,"10,20 €/kg",,https://www.delhaize.be/nl/shop/Vlees-vis-en-vegetarische-producten/Charcuterie/Gedroogde-worsten/Spaanse-worsten/Chorizo-Extra-Pikant/p/F2021122300092790000,2026-05-10T15:10:55.949550
Delhaize,Apero en voorgerechten,LU Crackers | Toastjes | Zout & Peper,LU,1.49,,"14,90 €/kg",,https://www.delhaize.be/nl/shop/Zoute-kruidenierswaren/Chips-en-aperitief-snacks/Aperitiefkoekjes-en-toasts/Crackers-en-creppies/Crackers-Toastjes-Zout-and-Peper/p/S2005012700031480000,2026-05-10T15:10:56.534308
Delhaize,Apero en voorgerechten,Delhaize Pure varkensworst | Aveyron,Delhaize,6.49,,"23,18 €/kg",,https://www.delhaize.be/nl/shop/Vlees-vis-en-vegetarische-producten/Charcuterie/Gedroogde-worsten/Franse-worsten/Pure-varkensworst-Aveyron/p/F2012091100590700000,2026-05-10T15:10:57.114213
Delhaize,Apero en voorgerechten,Croky Chips | Ancienne | Naturel,Croky,2.49,,"12,45 €/kg",,https://www.delhaize.be/nl/shop/Zoute-kruidenierswaren/Chips-en-aperitief-snacks/Chips/Klassieke-chips/Chips-Ancienne-Naturel/p/S2014031900026330000,2026-05-10T15:10:57.698393
Delhaize,Apero en voorgerechten,Delhaize Olijven met look,Delhaize,3.99,,"15,35 €/kg",,https://www.delhaize.be/nl/shop/Apero-en-voorgerechten/Koude-aperitiefhapjes/Olijven/Olijven-met-look/p/F2022072700104240000,2026-05-10T15:10:58.278674
Delhaize,Apero en voorgerechten,Delhaize Olijven met look,Delhaize,2.99,,"19,93 €/kg",,https://www.delhaize.be/nl/shop/Apero-en-voorgerechten/Koude-aperitiefhapjes/Olijven/Olijven-met-look/p/F2022072700104250000,2026-05-10T15:10:58.859269
Delhaize,Apero en voorgerechten,Delhaize Mini broodjes | Worst,Delhaize,4.55,,"14,22 €/kg",,https://www.delhaize.be/nl/shop/Diepvries/Bereide-schotels-en-apero/Aperitiefhapjes/Mini-broodjes-Worst/p/S2016050603648830000,2026-05-10T15:10:59.435214
Delhaize,Apero en voorgerechten,Cheetos Chips | Crunchitos | Sweet Chili,Cheetos,2.11,-10% Online,"19,22 €/kg",,https://www.delhaize.be/nl/shop/Zoute-kruidenierswaren/Chips-en-aperitief-snacks/Chips/Chips-met-speciale-vorm/Chips-Crunchitos-Sweet-Chili/p/S2023032300559910000,2026-05-10T15:10:59.541872
Delhaize,Apero en voorgerechten,Aoste Mini salamis | 100% Varken,Aoste,4.09,,"51,13 €/kg",,https://www.delhaize.be/nl/shop/Vlees-vis-en-vegetarische-producten/Charcuterie/Gedroogde-worsten/Belgische-worsten/Mini-salamis-100-Varken/p/F2009072200560110000,2026-05-10T15:11:00.130247
Delhaize,Apero en voorgerechten,Delhaize Droge worst | Walnoten,Delhaize,5.15,,"25,75 €/kg",,https://www.delhaize.be/nl/shop/Vlees-vis-en-vegetarische-producten/Charcuterie/Gedroogde-worsten/Belgische-worsten/Droge-worst-Walnoten/p/F2012071000566100000,2026-05-10T15:11:00.708942
Delhaize,Apero en voorgerechten,Delhaize Pindanoten | Peper-Zout,Delhaize,1.79,,"10,23 €/kg",,https://www.delhaize.be/nl/shop/Zoute-kruidenierswaren/Chips-en-aperitief-snacks/Noten/Omhulde-noten/Pindanoten-Peper-Zout/p/S2013040200028220000,2026-05-10T15:11:01.284421
Delhaize,Apero en voorgerechten,Croky Chips | Sweet Chilli,Croky,1.89,2+2 gratis,"12,60 €/kg",,https://www.delhaize.be/nl/shop/Zoute-kruidenierswaren/Chips-en-aperitief-snacks/Chips/Klassieke-chips/Chips-Sweet-Chilli/p/S2021072600361550097,2026-05-10T15:11:01.370446
Delhaize,Apero en voorgerechten,Lay's Chips | Roast | Onion | Sour cream,Lay's,2.29,,"12,38 €/kg",,https://www.delhaize.be/nl/shop/Zoute-kruidenierswaren/Chips-en-aperitief-snacks/Chips/Klassieke-chips/Chips-Roast-Onion-Sour-cream/p/S2023032300569460000,2026-05-10T15:11:01.949658
Delhaize,Apero en voorgerechten,Aoste Patron | Droge worst | 100% varken,Aoste,4.09,,"17,78 €/kg",,https://www.delhaize.be/nl/shop/Vlees-vis-en-vegetarische-producten/Charcuterie/Gedroogde-worsten/Belgische-worsten/Patron-Droge-worst-100-varken/p/F2009072200588610000,2026-05-10T15:11:02.527319
Delhaize,Apero en voorgerechten,Taste of Inspirations Fuet de Vic,Taste of Inspirations,4.55,,"25,28 €/kg",,https://www.delhaize.be/nl/shop/Vlees-vis-en-vegetarische-producten/Charcuterie/Gedroogde-worsten/Spaanse-worsten/Fuet-de-Vic/p/F2021080900085310000,2026-05-10T15:11:03.102794
Delhaize,Apero en voorgerechten,Delhaize Salami | Zonder look,Delhaize,3.29,,"14,62 €/kg",,https://www.delhaize.be/nl/shop/Vlees-vis-en-vegetarische-producten/Charcuterie/Gedroogde-worsten/Belgische-worsten/Salami-Zonder-look/p/F2009022300599500000,2026-05-10T15:11:03.683364
Delhaize,Apero en voorgerechten,Delhaize Gouda | Kaasblokjes | Oud | 120g,Delhaize,3.49,,"29,08 €/kg",,https://www.delhaize.be/nl/shop/Apero-en-voorgerechten/Koude-aperitiefhapjes/Kaas/Gouda-Kaasblokjes-Oud-120g/p/F2021080300084710000,2026-05-10T15:11:04.266250
Delhaize,Apero en voorgerechten,Croky Chips | Thai Curry,Croky,1.89,2+2 gratis,"12,60 €/kg",,https://www.delhaize.be/nl/shop/Zoute-kruidenierswaren/Chips-en-aperitief-snacks/Chips/Klassieke-chips/Chips-Thai-Curry/p/S2021072600361550098,2026-05-10T15:11:04.364423
Delhaize,Apero en voorgerechten,La Abuela Nieves Chips | Artisan | Gezouten,La Abuela Nieves,2.35,,"15,67 €/kg",,https://www.delhaize.be/nl/shop/Zoute-kruidenierswaren/Chips-en-aperitief-snacks/Chips/Klassieke-chips/Chips-Artisan-Gezouten/p/S2019032200221150000,2026-05-10T15:11:04.943326
Delhaize,Apero en voorgerechten,Delhaize 2 Kaaskroketten,Delhaize,3.95,,"24,69 €/kg",,https://www.delhaize.be/nl/shop/Apero-en-voorgerechten/Voorgerechten/Andere-voorgerechten/2-Kaaskroketten/p/F2020021400052000000,2026-05-10T15:11:05.518524
Delhaize,Apero en voorgerechten,Delhaize Chips | Pickles,Delhaize,1.53,,"6,12 €/kg",,https://www.delhaize.be/nl/shop/Zoute-kruidenierswaren/Chips-en-aperitief-snacks/Chips/Klassieke-chips/Chips-Pickles/p/S2012112900028070000,2026-05-10T15:11:06.101738
Delhaize,Apero en voorgerechten,Haust Snack | Cups rond,Haust,1.27,,"12,70 €/kg",,https://www.delhaize.be/nl/shop/Zoute-kruidenierswaren/Chips-en-aperitief-snacks/Aperitiefkoekjes-en-toasts/Toasts-en-bruschettas/Snack-Cups-rond/p/S1979122400043600000,2026-05-10T15:11:06.677366
Delhaize,Apero en voorgerechten,Delhaize Apero croques,Delhaize,8.75,,"35,00 €/kg",,https://www.delhaize.be/nl/shop/Apero-en-voorgerechten/Warme-aperitiefhapjes/Apero-croques/p/F2021021800077030000,2026-05-10T15:11:07.256288
Delhaize,Apero en voorgerechten,Mora FUN | MIX | SELECT.32ST,Mora,7.85,,"15,58 €/kg",,https://www.delhaize.be/nl/shop/Diepvries/Bereide-schotels-en-apero/Aperitiefhapjes/FUN-MIX-SELECT-32ST/p/S2011082400279560000,2026-05-10T15:11:07.847703
Delhaize,Apero en voorgerechten,Croky Chips | Paprika,Croky,1.89,,"18,90 €/kg",,https://www.delhaize.be/nl/shop/Zoute-kruidenierswaren/Chips-en-aperitief-snacks/Chips/Chips-met-speciale-vorm/Chips-Paprika/p/S2021012100498950000,2026-05-10T15:11:08.438063
Delhaize,Apero en voorgerechten,Delhaize Gedroogde Tomaten | Met Basilicum,Delhaize,2.69,,"29,89 €/kg",,https://www.delhaize.be/nl/shop/Apero-en-voorgerechten/Koude-aperitiefhapjes/Groentehapjes/Gedroogde-Tomaten-Met-Basilicum/p/F2018080100021300000,2026-05-10T15:11:09.017284
Delhaize,Apero en voorgerechten,Aoste Mini salamis | XL | Puur varkenvlees,Aoste,7.85,,"39,25 €/kg",,https://www.delhaize.be/nl/shop/Vlees-vis-en-vegetarische-producten/Charcuterie/Gedroogde-worsten/Belgische-worsten/Mini-salamis-XL-Puur-varkenvlees/p/F2011072500565000000,2026-05-10T15:11:09.612166
Delhaize,Apero en voorgerechten,Aoste Mini salamis | 100% Kip,Aoste,5.65,,"70,63 €/kg",,https://www.delhaize.be/nl/shop/Vlees-vis-en-vegetarische-producten/Charcuterie/Gedroogde-worsten/Belgische-worsten/Mini-salamis-100-Kip/p/F2012021400555000000,2026-05-10T15:11:10.208218
Delhaize,Apero en voorgerechten,Delhaize Kaasrollen ham,Delhaize,5.99,,"22,19 €/kg",,https://www.delhaize.be/nl/shop/Apero-en-voorgerechten/Voorgerechten/Andere-voorgerechten/Kaasrollen-ham/p/F2019120500047970000,2026-05-10T15:11:10.795338
Delhaize,Apero en voorgerechten,Delhaize Tomatensoep | Bio,Delhaize,2.39,,"9,56 €/kg",,https://www.delhaize.be/nl/shop/Apero-en-voorgerechten/Voorgerechten/Verse-soepen/Tomatensoep-Bio/p/F2019093000045260000,2026-05-10T15:11:11.371695
Delhaize,Apero en voorgerechten,Delhaize Worstenbroodjes | Mini,Delhaize,5.49,,"42,23 €/kg",,https://www.delhaize.be/nl/shop/Apero-en-voorgerechten/Warme-aperitiefhapjes/Worstenbroodjes-Mini/p/F2020073100064250000,2026-05-10T15:11:11.948891
Delhaize,Apero en voorgerechten,Mora vegetarische Mini loempia's,Mora,11.45,,"31,81 €/kg",,https://www.delhaize.be/nl/shop/Diepvries/Bereide-schotels-en-apero/Aperitiefhapjes/vegetarische-Mini-loempia-s/p/S2008091200278650000,2026-05-10T15:11:12.527984
Delhaize,Apero en voorgerechten,Croky Chips | Bolognese,Croky,2.05,,"10,25 €/kg",,https://www.delhaize.be/nl/shop/Zoute-kruidenierswaren/Chips-en-aperitief-snacks/Chips/Klassieke-chips/Chips-Bolognese/p/S2014020400027900000,2026-05-10T15:11:13.117458
Delhaize,Apero en voorgerechten,Delhaize Hummus | Olijven | Bio,Delhaize,2.69,,"13,45 €/kg",,https://www.delhaize.be/nl/shop/Apero-en-voorgerechten/Dips-en-tapenades/Hummus/Hummus-Olijven-Bio/p/F2019070800040100000,2026-05-10T15:11:13.698785
Delhaize,Apero en voorgerechten,Au Pays des Bastides Droge worst | Label rouge,Au Pays des Bastides,5.45,,"27,25 €/kg",,https://www.delhaize.be/nl/shop/Vlees-vis-en-vegetarische-producten/Charcuterie/Gedroogde-worsten/Franse-worsten/Droge-worst-Label-rouge/p/F2010081300571910000,2026-05-10T15:11:14.272245
Delhaize,Apero en voorgerechten,Delhaize Hapjes | Bladerdeeg | 30st,Delhaize,5.09,,"11,95 €/kg",,https://www.delhaize.be/nl/shop/Diepvries/Bereide-schotels-en-apero/Aperitiefhapjes/Hapjes-Bladerdeeg-30st/p/S2022033000616210000,2026-05-10T15:11:14.854027
Delhaize,Apero en voorgerechten,Delhaize Chips | Paprika,Delhaize,0.89,,"7,42 €/kg",,https://www.delhaize.be/nl/shop/Zoute-kruidenierswaren/Chips-en-aperitief-snacks/Chips/Klassieke-chips/Chips-Paprika/p/S2012112600027890000,2026-05-10T15:11:15.434332
Delhaize,Apero en voorgerechten,Delhaize Pizza | Mini | Italiaans,Delhaize,5.99,,"24,96 €/kg",,https://www.delhaize.be/nl/shop/Apero-en-voorgerechten/Warme-aperitiefhapjes/Pizza-Mini-Italiaans/p/F2021071400083500000,2026-05-10T15:11:16.018697
Delhaize,Apero en voorgerechten,Alvalle Gazpacho | Tomaten,Alvalle,3.49,,"6,98 €/l",,https://www.delhaize.be/nl/shop/Verse-groenten-en-fruit/Verse-soepen/Koude-soepen/Gazpacho-Tomaten/p/F2012042300281500000,2026-05-10T15:11:16.599674
Delhaize,Apero en voorgerechten,Delhaize Ansjovis | Olijf,Delhaize,2.99,,"27,18 €/kg",,https://www.delhaize.be/nl/shop/Apero-en-voorgerechten/Koude-aperitiefhapjes/Vishapjes/Ansjovis-Olijf/p/F2020122100073560000,2026-05-10T15:11:17.170411
Delhaize,Apero en voorgerechten,Bibigo Gyoza | Chicken | Vegetable,Bibigo,5.15,,"17,17 €/kg",,https://www.delhaize.be/nl/shop/Diepvries/Bereide-schotels-en-apero/Aperitiefhapjes/Gyoza-Chicken-Vegetable/p/S2023052503685200097,2026-05-10T15:11:17.739607
Delhaize,Apero en voorgerechten,Chio Chips | Paprika,Chio,2.25,2de tegen -50%,"22,50 €/kg",,https://www.delhaize.be/nl/shop/Zoute-kruidenierswaren/Chips-en-aperitief-snacks/Chips/Chips-met-speciale-vorm/Chips-Paprika/p/S2022030200611140000,2026-05-10T15:11:17.822433
Delhaize,Apero en voorgerechten,Delhaize Tortilla chips | Chili | Bio,Delhaize,1.89,,"12,60 €/kg",,https://www.delhaize.be/nl/shop/Zoute-kruidenierswaren/Chips-en-aperitief-snacks/Chips/Tortilla-s-en-dips/Tortilla-chips-Chili-Bio/p/S2000120100026890000,2026-05-10T15:11:18.396783
Delhaize,Apero en voorgerechten,Aoste Mini-Salamis | Noten,Aoste,2.49,,"35,57 €/kg",,https://www.delhaize.be/nl/shop/Vlees-vis-en-vegetarische-producten/Charcuterie/Gedroogde-worsten/Belgische-worsten/Mini-Salamis-Noten/p/F2009081900595010000,2026-05-10T15:11:18.991851
Delhaize,Apero en voorgerechten,Mora Nacho | Cheese | O&a,Mora,5.39,,"19,53 €/kg",,https://www.delhaize.be/nl/shop/Diepvries/Bereide-schotels-en-apero/Aperitiefhapjes/Nacho-Cheese-O-and-a/p/S2021042800539170000,2026-05-10T15:11:19.567587
Delhaize,Apero en voorgerechten,Delhaize Droge worst | Bio,Delhaize,4.99,,"33,27 €/kg",,https://www.delhaize.be/nl/shop/Vlees-vis-en-vegetarische-producten/Charcuterie/Gedroogde-worsten/Spaanse-worsten/Droge-worst-Bio/p/F2020062400061230000,2026-05-10T15:11:20.140217
Delhaize,Apero en voorgerechten,Panetteria di Sergio Scrocchi | Spelt,Panetteria di Sergio,2.29,,"11,45 €/kg",,https://www.delhaize.be/nl/shop/Zoute-kruidenierswaren/Chips-en-aperitief-snacks/Aperitiefkoekjes-en-toasts/Crackers-en-creppies/Scrocchi-Spelt/p/S2019071200278170000,2026-05-10T15:11:20.714774
Delhaize,Apero en voorgerechten,Panetteria di Sergio Picos Andaluz | Volkoren,Panetteria di Sergio,1.95,,"13,00 €/kg",,https://www.delhaize.be/nl/shop/Zoute-kruidenierswaren/Chips-en-aperitief-snacks/Aperitiefkoekjes-en-toasts/Crackers-en-creppies/Picos-Andaluz-Volkoren/p/S2019071200278240000,2026-05-10T15:11:21.301290
Delhaize,Apero en voorgerechten,Delhaize Soep | Wortel,Delhaize,3.49,,"5,82 €/kg",,https://www.delhaize.be/nl/shop/Zoute-kruidenierswaren/Soepen/Verse-soep/Warme-soep/Soep-Wortel/p/F2021072700084090000,2026-05-10T15:11:21.890613
Delhaize,Apero en voorgerechten,Michel et Augustin Koekje | Beaufort,Michel et Augustin,3.95,,"39,50 €/kg",,https://www.delhaize.be/nl/shop/Zoute-kruidenierswaren/Chips-en-aperitief-snacks/Aperitiefkoekjes-en-toasts/Crackers-en-creppies/Koekje-Beaufort/p/S2022061400632020000,2026-05-10T15:11:22.486482
Delhaize,Apero en voorgerechten,Delhaize Dipsaus | Kaas,Delhaize,1.33,,"4,43 €/kg",,https://www.delhaize.be/nl/shop/Zoute-kruidenierswaren/Chips-en-aperitief-snacks/Chips/Tortilla-s-en-dips/Dipsaus-Kaas/p/S2020020600356570000,2026-05-10T15:11:23.066094
Delhaize,Apero en voorgerechten,Citterio Cacciatore Dop,Citterio,4.49,,"29,93 €/kg",,https://www.delhaize.be/nl/shop/Vlees-vis-en-vegetarische-producten/Charcuterie/Gedroogde-worsten/Italiaanse-worsten/Cacciatore-Dop/p/F2022062000102060000,2026-05-10T15:11:23.648723
Delhaize,Apero en voorgerechten,Bibigo Gyoza | Korean style | Bbq | Vegan,Bibigo,5.15,,"17,17 €/kg",,https://www.delhaize.be/nl/shop/Diepvries/Bereide-schotels-en-apero/Aperitiefhapjes/Gyoza-Korean-style-Bbq-Vegan/p/S2023052503685200098,2026-05-10T15:11:24.231834
Delhaize,Apero en voorgerechten,Delhaize Twists | Mini | Parmezaan-Knoflook-Boter,Delhaize,2.19,,"29,20 €/kg",,https://www.delhaize.be/nl/shop/Zoute-kruidenierswaren/Chips-en-aperitief-snacks/Aperitiefkoekjes-en-toasts/Grissinis-twists-en-andere-broodstengels/Twists-Mini-Parmezaan-Knoflook-Boter/p/S2007113000030590000,2026-05-10T15:11:24.814546
Delhaize,Apero en voorgerechten,Alvalle Gazpacho | Verde,Alvalle,4.99,,"4,99 €/l",,https://www.delhaize.be/nl/shop/Verse-groenten-en-fruit/Verse-soepen/Koude-soepen/Gazpacho-Verde/p/F2019052800038580000,2026-05-10T15:11:25.391142
Delhaize,Apero en voorgerechten,Delhaize Chips | Zout,Delhaize,0.89,,"7,42 €/kg",,https://www.delhaize.be/nl/shop/Zoute-kruidenierswaren/Chips-en-aperitief-snacks/Chips/Klassieke-chips/Chips-Zout/p/S2012112600027830000,2026-05-10T15:11:25.965332
Delhaize,Apero en voorgerechten,Meggle Stokbrood | Look,Meggle,2.59,,"16,19 €/kg",,https://www.delhaize.be/nl/shop/Apero-en-voorgerechten/Warme-aperitiefhapjes/Stokbrood-Look/p/F2021090900086720000,2026-05-10T15:11:26.553886
Delhaize,Apero en voorgerechten,Kettle Chips | Balsamico azijn,Kettle,2.49,2+1 gratis,"19,15 €/kg",,https://www.delhaize.be/nl/shop/Zoute-kruidenierswaren/Chips-en-aperitief-snacks/Chips/Klassieke-chips/Chips-Balsamico-azijn/p/S2023010400670400000,2026-05-10T15:11:26.638614
Delhaize,Apero en voorgerechten,Delhaize Droge worst | Everzwijn,Delhaize,4.85,,"24,25 €/kg",,https://www.delhaize.be/nl/shop/Vlees-vis-en-vegetarische-producten/Charcuterie/Gedroogde-worsten/Belgische-worsten/Droge-worst-Everzwijn/p/F2012071200549810000,2026-05-10T15:11:27.217052
Delhaize,Apero en voorgerechten,Kettle Chips | Zeezout,Kettle,2.49,2+1 gratis,"19,15 €/kg",,https://www.delhaize.be/nl/shop/Zoute-kruidenierswaren/Chips-en-aperitief-snacks/Chips/Klassieke-chips/Chips-Zeezout/p/S2023010400670340000,2026-05-10T15:11:27.317808
Delhaize,Apero en voorgerechten,Deli Melo Duo pack Salami/Kaas | MP,Deli Melo,6.99,,"21,51 €/kg",,https://www.delhaize.be/nl/shop/Vlees-vis-en-vegetarische-producten/Charcuterie/Andere-charcuterie/Andere-charcuterie-in-blokjes/Duo-pack-Salami-Kaas-MP/p/F2021032900078870000,2026-05-10T15:11:27.893032
Delhaize,Apero en voorgerechten,Delhaize Zalmrolletje | Roomkaas,Delhaize,3.79,,"47,38 €/kg",,https://www.delhaize.be/nl/shop/Apero-en-voorgerechten/Koude-aperitiefhapjes/Vishapjes/Zalmrolletje-Roomkaas/p/F2022071500103690000,2026-05-10T15:11:28.466954
Delhaize,Apero en voorgerechten,Delhaize Pinda's | Karamel,Delhaize,1.22,,"4,88 €/kg",,https://www.delhaize.be/nl/shop/Zoute-kruidenierswaren/Chips-en-aperitief-snacks/Noten/Omhulde-noten/Pinda-s-Karamel/p/S2020013000353930000,2026-05-10T15:11:29.045285
Delhaize,Apero en voorgerechten,Averbode Kubus Averbode,Averbode,4.29,,"28,60 €/kg",,https://www.delhaize.be/nl/shop/Apero-en-voorgerechten/Koude-aperitiefhapjes/Kaas/Kubus-Averbode/p/F2018080600021730000,2026-05-10T15:11:29.619632
Delhaize,Apero en voorgerechten,Delhaize Soep | Pompoen,Delhaize,3.69,,"3,88 €/kg",,https://www.delhaize.be/nl/shop/Zoute-kruidenierswaren/Soepen/Verse-soep/Warme-soep/Soep-Pompoen/p/F2021072800084210000,2026-05-10T15:11:30.208870
Delhaize,Apero en voorgerechten,Citterio Salami rustico,Citterio,1.80,,"60,00 €/kg",,https://www.delhaize.be/nl/shop/Vlees-vis-en-vegetarische-producten/Charcuterie/Gedroogde-worsten/Italiaanse-worsten/Salami-rustico/p/F2009070200519210000,2026-05-10T15:11:30.782118
Delhaize,Apero en voorgerechten,Croky Chips | Pickles,Croky,2.05,,"10,25 €/kg",,https://www.delhaize.be/nl/shop/Zoute-kruidenierswaren/Chips-en-aperitief-snacks/Chips/Klassieke-chips/Chips-Pickles/p/S2014031300026320000,2026-05-10T15:11:31.366837
Delhaize,Apero en voorgerechten,Delhaize Schotel | Apero | Spaans,Delhaize,4.99,,"29,35 €/kg",,https://www.delhaize.be/nl/shop/Apero-en-voorgerechten/Aperitiefschotels/Schotel-Apero-Spaans/p/F2022071500103760000,2026-05-10T15:11:31.947718
Delhaize,Apero en voorgerechten,Delhaize Konfijt | Uien,Delhaize,1.59,,"8,83 €/kg",,https://www.delhaize.be/nl/shop/Apero-en-voorgerechten/Voorgerechten/Fois-gras-en-complementaire-producten/Konfijt-Uien/p/F2009061500218610000,2026-05-10T15:11:32.525849
Delhaize,Apero en voorgerechten,Delhaize Mais | Geroosterde,Delhaize,2.15,,"14,33 €/kg",,https://www.delhaize.be/nl/shop/Zoute-kruidenierswaren/Chips-en-aperitief-snacks/Noten/Omhulde-noten/Mais-Geroosterde/p/S2019101800315340000,2026-05-10T15:11:33.101130
Delhaize,Apero en voorgerechten,Delhaize Twists | Mini | Boter-Kaas,Delhaize,2.19,,"29,20 €/kg",,https://www.delhaize.be/nl/shop/Zoute-kruidenierswaren/Chips-en-aperitief-snacks/Aperitiefkoekjes-en-toasts/Grissinis-twists-en-andere-broodstengels/Twists-Mini-Boter-Kaas/p/S2003050500030500000,2026-05-10T15:11:33.678126
Delhaize,Apero en voorgerechten,Delhaize Twists | Mini | Boter-Zout,Delhaize,1.85,,"24,67 €/kg",,https://www.delhaize.be/nl/shop/Zoute-kruidenierswaren/Chips-en-aperitief-snacks/Aperitiefkoekjes-en-toasts/Grissinis-twists-en-andere-broodstengels/Twists-Mini-Boter-Zout/p/S2003051300030300000,2026-05-10T15:11:34.257537
Delhaize,Apero en voorgerechten,Delhaize Chips | Zout | Bio,Delhaize,1.89,,"15,12 €/kg",,https://www.delhaize.be/nl/shop/Zoute-kruidenierswaren/Chips-en-aperitief-snacks/Chips/Klassieke-chips/Chips-Zout-Bio/p/S2020022700366390000,2026-05-10T15:11:34.859369
Delhaize,Apero en voorgerechten,Deli Di Paolo Dipstokje | Olijfolie,Deli Di Paolo,2.05,,"13,67 €/kg",,https://www.delhaize.be/nl/shop/Zoute-kruidenierswaren/Chips-en-aperitief-snacks/Aperitiefkoekjes-en-toasts/Grissinis-twists-en-andere-broodstengels/Dipstokje-Olijfolie/p/S2020012300201300000,2026-05-10T15:11:35.448403
Delhaize,Apero en voorgerechten,Los Taqueros Empanadas | Gekruid gehakt,Los Taqueros,5.49,,"27,45 €/kg",,https://www.delhaize.be/nl/shop/Apero-en-voorgerechten/Warme-aperitiefhapjes/Empanadas-Gekruid-gehakt/p/F2021071600083680000,2026-05-10T15:11:36.037541
Delhaize,Apero en voorgerechten,Delhaize Fuet | Spaans,Delhaize,2.49,,"27,67 €/kg",,https://www.delhaize.be/nl/shop/Apero-en-voorgerechten/Koude-aperitiefhapjes/Charcuterie/Fuet-Spaans/p/F2022071500103750000,2026-05-10T15:11:36.630528
Delhaize,Apero en voorgerechten,Alvalle Gazpacho |Tomaat | Munt | Basilicum,Alvalle,4.99,,"4,99 €/l",,https://www.delhaize.be/nl/shop/Verse-groenten-en-fruit/Verse-soepen/Koude-soepen/Gazpacho-Tomaat-Munt-Basilicum/p/F2014030500206900000,2026-05-10T15:11:37.218604
Delhaize,Apero en voorgerechten,Delhaize Pompoensoep | Bio,Delhaize,2.39,,"9,56 €/kg",,https://www.delhaize.be/nl/shop/Apero-en-voorgerechten/Voorgerechten/Verse-soepen/Pompoensoep-Bio/p/F2019093000045280000,2026-05-10T15:11:37.806113
Delhaize,Apero en voorgerechten,Marcassou Ardense Worst | Met look,Marcassou,4.69,,"20,84 €/kg",,https://www.delhaize.be/nl/shop/Vlees-vis-en-vegetarische-producten/Charcuterie/Gedroogde-worsten/Belgische-worsten/Ardense-Worst-Met-look/p/F2021041900079890000,2026-05-10T15:11:38.402634
Delhaize,Apero en voorgerechten,Kettle Chips | Zwarte peper,Kettle,2.49,2+1 gratis,"19,15 €/kg",,https://www.delhaize.be/nl/shop/Zoute-kruidenierswaren/Chips-en-aperitief-snacks/Chips/Klassieke-chips/Chips-Zwarte-peper/p/S2023010400670320000,2026-05-10T15:11:38.504762
Delhaize,Apero en voorgerechten,Delacre Staafjes | Gouda,Delacre,2.85,,"38,00 €/kg",,https://www.delhaize.be/nl/shop/Zoute-kruidenierswaren/Chips-en-aperitief-snacks/Aperitiefkoekjes-en-toasts/Andere-aperitiefkoekjes-en-toasts/Staafjes-Gouda/p/S2022090600650130000,2026-05-10T15:11:39.101460
Delhaize,Apero en voorgerechten,Bacon Rinds Chips | Bacon Rinds | Barbecue,Bacon Rinds,1.65,,"55,00 €/kg",,https://www.delhaize.be/nl/shop/Zoute-kruidenierswaren/Chips-en-aperitief-snacks/Chips/Chips-met-speciale-vorm/Chips-Bacon-Rinds-Barbecue/p/S2015020400026180000,2026-05-10T15:11:39.686138
Delhaize,Apero en voorgerechten,Delhaize Snack | Cocktail | Mix,Delhaize,3.99,,"8,40 €/kg",,https://www.delhaize.be/nl/shop/Zoute-kruidenierswaren/Chips-en-aperitief-snacks/Noten/Omhulde-noten/Snack-Cocktail-Mix/p/S2020052600430870000,2026-05-10T15:11:40.263392
Delhaize,Apero en voorgerechten,Delhaize Samosa | Groenten,Delhaize,4.49,,"37,42 €/kg",,https://www.delhaize.be/nl/shop/Apero-en-voorgerechten/Aziatische-aperitiefhapjes/Samosa-Groenten/p/F2021021900077190000,2026-05-10T15:11:40.839962
Delhaize,Apero en voorgerechten,Delhaize Gouda | Kaasblokjes | Light | 120g,Delhaize,2.99,,"24,92 €/kg",,https://www.delhaize.be/nl/shop/Apero-en-voorgerechten/Koude-aperitiefhapjes/Kaas/Gouda-Kaasblokjes-Light-120g/p/F2021080300084720000,2026-05-10T15:11:41.421485
Delhaize,Apero en voorgerechten,N.A! Crackers | Zout,N.A!,2.45,,"28,82 €/kg",,https://www.delhaize.be/nl/shop/Zoute-kruidenierswaren/Chips-en-aperitief-snacks/Aperitiefkoekjes-en-toasts/Crackers-en-creppies/Crackers-Zout/p/S2022070100512380097,2026-05-10T15:11:42.014864
Delhaize,Apero en voorgerechten,Haust Toast 'n chips | Knoflook,Haust,1.75,,"14,00 €/kg",,https://www.delhaize.be/nl/shop/Zoute-kruidenierswaren/Chips-en-aperitief-snacks/Aperitiefkoekjes-en-toasts/Toasts-en-bruschettas/Toast-n-chips-Knoflook/p/S2000022800043560000,2026-05-10T15:11:42.599093
Delhaize,Apero en voorgerechten,Los Taqueros Empanadas | Gekruide kip,Los Taqueros,5.49,,"27,45 €/kg",,https://www.delhaize.be/nl/shop/Apero-en-voorgerechten/Warme-aperitiefhapjes/Empanadas-Gekruide-kip/p/F2021071600083670000,2026-05-10T15:11:43.181828
Delhaize,Apero en voorgerechten,Delhaize Tortilla | Chips | Blue Corn,Delhaize,0.99,,"6,60 €/kg",,https://www.delhaize.be/nl/shop/Zoute-kruidenierswaren/Chips-en-aperitief-snacks/Chips/Tortilla-s-en-dips/Tortilla-Chips-Blue-Corn/p/S2020012400349590000,2026-05-10T15:11:43.765231
Delhaize,Apero en voorgerechten,Delhaize Salami | Look,Delhaize,3.75,,"16,67 €/kg",,https://www.delhaize.be/nl/shop/Vlees-vis-en-vegetarische-producten/Charcuterie/Gedroogde-worsten/Belgische-worsten/Salami-Look/p/F2009022300599600000,2026-05-10T15:11:44.348728
Delhaize,Apero en voorgerechten,Delhaize Kaasrollen,Delhaize,5.69,,"21,07 €/kg",,https://www.delhaize.be/nl/shop/Apero-en-voorgerechten/Voorgerechten/Andere-voorgerechten/Kaasrollen/p/F2019120500047960000,2026-05-10T15:11:44.935213
Delhaize,Apero en voorgerechten,Lay's Chips | Paprika,Lay's,1.61,5=gratis levering,"10,74 €/kg",,https://www.delhaize.be/nl/shop/Apero-en-voorgerechten/Chips-en-popcorn/Ovengebakken-chips/Chips-Paprika/p/S2023050900700230000,2026-05-10T15:11:45.031924
Delhaize,Apero en voorgerechten,Mora Onion bites | Cheese | Oven&airfryer,Mora,5.19,,"21,63 €/kg",,https://www.delhaize.be/nl/shop/Diepvries/Bereide-schotels-en-apero/Aperitiefhapjes/Onion-bites-Cheese-Oven-and-airfryer/p/S2023051104172100097,2026-05-10T15:11:45.621425
Delhaize,Apero en voorgerechten,Pringles Chips | Original,Pringles,1.89,,"27,00 €/kg",,https://www.delhaize.be/nl/shop/Zoute-kruidenierswaren/Chips-en-aperitief-snacks/Chips/Klassieke-chips/Chips-Original/p/S2021032200529250000,2026-05-10T15:11:46.216773
Delhaize,Apero en voorgerechten,Pom-Bär Chips | Original,Pom-Bär,2.15,2de tegen -50%,"23,89 €/kg",,https://www.delhaize.be/nl/shop/Zoute-kruidenierswaren/Chips-en-aperitief-snacks/Chips/Chips-met-speciale-vorm/Chips-Original/p/S2023030100686500000,2026-05-10T15:11:46.334363
Delhaize,Apero en voorgerechten,Shore Chips | Zeezout,Shore,3.09,,"38,63 €/kg",,https://www.delhaize.be/nl/shop/Zoute-kruidenierswaren/Chips-en-aperitief-snacks/Chips/Chips-op-basis-van-groenten-granen-en-glutenvrij/Chips-Zeezout/p/S2021081700484670098,2026-05-10T15:11:46.924793
Delhaize,Apero en voorgerechten,Chio Snack | Party mix | Original,Chio,2.59,2de tegen -50%,"10,36 €/kg",,https://www.delhaize.be/nl/shop/Zoute-kruidenierswaren/Chips-en-aperitief-snacks/Aperitiefkoekjes-en-toasts/Biscuitmix/Snack-Party-mix-Original/p/S2023051000700680000,2026-05-10T15:11:47.017713
Delhaize,Apero en voorgerechten,N.A! Crackers | Paprika,N.A!,2.45,,"28,82 €/kg",,https://www.delhaize.be/nl/shop/Zoute-kruidenierswaren/Chips-en-aperitief-snacks/Aperitiefkoekjes-en-toasts/Crackers-en-creppies/Crackers-Paprika/p/S2022070100512890098,2026-05-10T15:11:47.598837
Delhaize,Apero en voorgerechten,Croky Chips | Ancienne | Peper | Zout,Croky,2.49,,"12,45 €/kg",,https://www.delhaize.be/nl/shop/Zoute-kruidenierswaren/Chips-en-aperitief-snacks/Chips/Klassieke-chips/Chips-Ancienne-Peper-Zout/p/S2019031200202610000,2026-05-10T15:11:48.180472
Delhaize,Apero en voorgerechten,Van der Meulen Toast | Rozemarijn,Van der Meulen,2.29,,"16,96 €/kg",,https://www.delhaize.be/nl/shop/Zoute-kruidenierswaren/Chips-en-aperitief-snacks/Aperitiefkoekjes-en-toasts/Toasts-en-bruschettas/Toast-Rozemarijn/p/S2022061000631290000,2026-05-10T15:11:48.755972
Delhaize,Apero en voorgerechten,Shore Chips | Sweet Sriracha,Shore,3.09,,"38,63 €/kg",,https://www.delhaize.be/nl/shop/Zoute-kruidenierswaren/Chips-en-aperitief-snacks/Chips/Chips-op-basis-van-groenten-granen-en-glutenvrij/Chips-Sweet-Sriracha/p/S2021081700484670097,2026-05-10T15:11:49.331583
Delhaize,Apero en voorgerechten,Delhaize Groen olijf | tapenade,Delhaize,2.19,,"19,91 €/kg",,https://www.delhaize.be/nl/shop/Apero-en-voorgerechten/Dips-en-tapenades/Tapenades/Groen-olijf-tapenade/p/F2022121500113530000,2026-05-10T15:11:49.914140
Delhaize,Apero en voorgerechten,Delhaize Tapas assortiment,Delhaize,4.35,,"29,00 €/kg",,https://www.delhaize.be/nl/shop/Vlees-vis-en-vegetarische-producten/Charcuterie/Andere-charcuterie/Charcuterie-mix/Tapas-assortiment/p/F2019100800045500000,2026-05-10T15:11:50.486171
Delhaize,Apero en voorgerechten,Croky Chips | Ancienne | Paprika,Croky,2.49,,"12,45 €/kg",,https://www.delhaize.be/nl/shop/Zoute-kruidenierswaren/Chips-en-aperitief-snacks/Chips/Klassieke-chips/Chips-Ancienne-Paprika/p/S2022030300027770096,2026-05-10T15:11:51.064095
Delhaize,Apero en voorgerechten,Delhaize Soep | Groenten,Delhaize,3.69,,"3,88 €/kg",,https://www.delhaize.be/nl/shop/Zoute-kruidenierswaren/Soepen/Verse-soep/Warme-soep/Soep-Groenten/p/F2021072800084230000,2026-05-10T15:11:51.639877
Delhaize,Apero en voorgerechten,Galibier Mini Buchettes | Natuur,Galibier,4.69,,"39,08 €/kg",,https://www.delhaize.be/nl/shop/Vlees-vis-en-vegetarische-producten/Charcuterie/Gedroogde-worsten/Franse-worsten/Mini-Buchettes-Natuur/p/F2022031000096870000,2026-05-10T15:11:52.220894
Delhaize,Apero en voorgerechten,Delhaize Droge worst | Ardense ringworst,Delhaize,6.29,,"20,97 €/kg",,https://www.delhaize.be/nl/shop/Vlees-vis-en-vegetarische-producten/Charcuterie/Gedroogde-worsten/Belgische-worsten/Droge-worst-Ardense-ringworst/p/F2012091400595100000,2026-05-10T15:11:52.799747
Delhaize,Apero en voorgerechten,Croky Gepofte Aardappelchips | Barbecuesmaak,Croky,1.89,,"22,24 €/kg",,https://www.delhaize.be/nl/shop/Zoute-kruidenierswaren/Chips-en-aperitief-snacks/Chips/Klassieke-chips/Gepofte-Aardappelchips-Barbecuesmaak/p/S2021121700594850000,2026-05-10T15:11:53.378931
Delhaize,Apero en voorgerechten,Aoste Stickado | Natuur | XXL,Aoste,5.85,,"41,79 €/kg",,https://www.delhaize.be/nl/shop/Vlees-vis-en-vegetarische-producten/Charcuterie/Gedroogde-worsten/Belgische-worsten/Stickado-Natuur-XXL/p/F2020090300067360000,2026-05-10T15:11:53.971625
Delhaize,Apero en voorgerechten,Van der Meulen Toast | Original,Van der Meulen,2.29,,"16,96 €/kg",,https://www.delhaize.be/nl/shop/Zoute-kruidenierswaren/Chips-en-aperitief-snacks/Aperitiefkoekjes-en-toasts/Toasts-en-bruschettas/Toast-Original/p/S2022061000631270000,2026-05-10T15:11:54.554900
Delhaize,Apero en voorgerechten,Delhaize Tortilla | Chorizo,Delhaize,2.45,,"12,25 €/kg",,https://www.delhaize.be/nl/shop/Apero-en-voorgerechten/Voorgerechten/Andere-voorgerechten/Tortilla-Chorizo/p/F2022070600103270000,2026-05-10T15:11:55.147435
Delhaize,Apero en voorgerechten,Pringles Chips | Sour cream & onion,Pringles,1.89,,"27,00 €/kg",,https://www.delhaize.be/nl/shop/Zoute-kruidenierswaren/Chips-en-aperitief-snacks/Chips/Klassieke-chips/Chips-Sour-cream-and-onion/p/S2021032200529430000,2026-05-10T15:11:55.730535
Delhaize,Bakkerij en banket,Harrys Sandwiches,Harrys,3.65,185 punten voor 2,"10,14 €/kg",,https://www.delhaize.be/nl/shop/Bakkerij-en-banket/Voorverpakt-brood/Sandwiches/Sandwiches/p/F2021051000080970000,2026-05-10T15:12:08.502240
Delhaize,Bakkerij en banket,Harrys Brood | Extra zacht | Zonder toegevoegde suikers,Harrys,2.69,,"5,38 €/kg",,https://www.delhaize.be/nl/shop/Bakkerij-en-banket/Voorverpakt-brood/Voorverpakt-gesneden-brood/Toastbrood/Brood-Extra-zacht-Zonder-toegevoegde-suikers/p/F2012061400860200000,2026-05-10T15:12:09.053047
Delhaize,Bakkerij en banket,Delhaize Brood | Toast | Wit,Delhaize,0.99,,"3,96 €/kg",,https://www.delhaize.be/nl/shop/Bakkerij-en-banket/Voorverpakt-brood/Voorverpakt-gesneden-brood/Toastbrood/Brood-Toast-Wit/p/F2020100100069580000,2026-05-10T15:12:09.612359
Delhaize,Bakkerij en banket,Delhaize Melkbroodjes | 10st,Delhaize,1.69,,"4,83 €/kg",,https://www.delhaize.be/nl/shop/Bakkerij-en-banket/Voorverpakt-brood/Gebakjes/Melkbroodjes-en-brioches/Melkbroodjes-10st/p/F2009121700805300000,2026-05-10T15:12:10.176261
Delhaize,Bakkerij en banket,Delhaize Brood | Toast | Volkoren,Delhaize,1.19,,"4,76 €/kg",,https://www.delhaize.be/nl/shop/Bakkerij-en-banket/Voorverpakt-brood/Voorverpakt-gesneden-brood/Toastbrood/Brood-Toast-Volkoren/p/F2020100100069570000,2026-05-10T15:12:10.744220
Delhaize,Bakkerij en banket,Harrys Brood | 100% mie | Natuur,Harrys,3.19,,"6,38 €/kg",,https://www.delhaize.be/nl/shop/Bakkerij-en-banket/Voorverpakt-brood/Voorverpakt-gesneden-brood/Toastbrood/Brood-100-mie-Natuur/p/F2012072600860300000,2026-05-10T15:12:11.294514
Delhaize,Bakkerij en banket,Harrys 100% mie | Volkoren,Harrys,4.49,,"8,98 €/kg",,https://www.delhaize.be/nl/shop/Bakkerij-en-banket/Voorverpakt-brood/Voorverpakt-gesneden-brood/Toastbrood/100-mie-Volkoren/p/F2020032600055840000,2026-05-10T15:12:11.854039
Delhaize,Bakkerij en banket,Delhaize Stokbrood | Op steen gebakken,Delhaize,1.53,,"6,12 €/kg",,https://www.delhaize.be/nl/shop/Bakkerij-en-banket/Voorverpakt-brood/Voorgebakken-brood/Wit-brood/Stokbrood-Op-steen-gebakken/p/F2018042400016230000,2026-05-10T15:12:12.419264
Delhaize,Bakkerij en banket,Harrys Maxi burger,Harrys,3.59,,"7,04 €/kg",,https://www.delhaize.be/nl/shop/Bakkerij-en-banket/Voorverpakt-brood/Burgers-wraps-pita-en-specialiteiten/Maxi-burger/p/F2014040700802400000,2026-05-10T15:12:12.974904
Delhaize,Bakkerij en banket,Delhaize Ciabatta natuur,Delhaize,0.68,,"2,27 €/kg",,https://www.delhaize.be/nl/shop/Bakkerij-en-banket/Voorverpakt-brood/Voorgebakken-brood/Wit-brood/Ciabatta-natuur/p/F2018042400016240000,2026-05-10T15:12:13.526789
Delhaize,Bakkerij en banket,Delhaize Stokbrood | Bruin,Delhaize,1.79,,"5,97 €/kg",,https://www.delhaize.be/nl/shop/Bakkerij-en-banket/Voorverpakt-brood/Voorgebakken-brood/Bruin-brood/Stokbrood-Bruin/p/F2018042400016220000,2026-05-10T15:12:14.081190
Delhaize,Bakkerij en banket,La Lorraine Sandwich | Meerzaden,La Lorraine,3.59,,"11,97 €/kg",,https://www.delhaize.be/nl/shop/Bakkerij-en-banket/Voorverpakt-brood/Sandwiches/Sandwich-Meerzaden/p/S2021081900575530000,2026-05-10T15:12:14.642672
Delhaize,Bakkerij en banket,Brioche Pasquier Brioches | Chocoladebrokjes,Brioche Pasquier,2.49,,"11,86 €/kg",,https://www.delhaize.be/nl/shop/Bakkerij-en-banket/Voorverpakt-brood/Gebakjes/Melkbroodjes-en-brioches/Brioches-Chocoladebrokjes/p/F2022031800097360000,2026-05-10T15:12:15.191133
Delhaize,Bakkerij en banket,Bloch Botercake natuur,Bloch,5.79,,"5,79 €/st",,https://www.delhaize.be/nl/shop/Bakkerij-en-banket/Patisserie/Cakes-en-wafels/Botercake-natuur/p/F2015073000821400000,2026-05-10T15:12:15.743174
Delhaize,Bakkerij en banket,Harrys Brioche | Gesneden,Harrys,5.99,,"12,35 €/kg",,https://www.delhaize.be/nl/shop/Bakkerij-en-banket/Voorverpakt-brood/Voorverpakt-gesneden-brood/Toastbrood/Brioche-Gesneden/p/F2000080100859500000,2026-05-10T15:12:16.305326
Delhaize,Bakkerij en banket,Harrys Brood | Extra zacht | Volkoren,Harrys,2.39,,"4,78 €/kg",,https://www.delhaize.be/nl/shop/Bakkerij-en-banket/Voorverpakt-brood/Voorverpakt-gesneden-brood/Toastbrood/Brood-Extra-zacht-Volkoren/p/F2014012700863400000,2026-05-10T15:12:16.880658
Delhaize,Bakkerij en banket,Boerkens Brood | Boerken | Volkoren,Boerkens,3.09,,"5,15 €/kg",,https://www.delhaize.be/nl/shop/Bakkerij-en-banket/Voorverpakt-brood/Voorverpakt-gesneden-brood/Duits-brood/Brood-Boerken-Volkoren/p/F2021090600086430000,2026-05-10T15:12:17.430414
Delhaize,Bakkerij en banket,Delhaize Mini fondants | Chocolade,Delhaize,5.19,,"28,83 €/kg",,https://www.delhaize.be/nl/shop/Bakkerij-en-banket/Patisserie/Cakes-en-wafels/Mini-fondants-Chocolade/p/F2007070900854800000,2026-05-10T15:12:17.987458
Delhaize,Bakkerij en banket,Dessert Amies Tiramisu | Speculoos,Dessert Amies,2.99,,"31,47 €/kg",,https://www.delhaize.be/nl/shop/Bakkerij-en-banket/Patisserie/Verse-desserts/Tiramisu-Speculoos/p/F2020050500058190000,2026-05-10T15:12:18.536904
Delhaize,Bakkerij en banket,Delhaize Kleine broodjes | Meergranen,Delhaize,2.29,,"7,63 €/kg",,https://www.delhaize.be/nl/shop/Bakkerij-en-banket/Voorverpakt-brood/Voorgebakken-brood/Bruin-brood/Kleine-broodjes-Meergranen/p/F2019090600044130000,2026-05-10T15:12:19.093751
Delhaize,Bakkerij en banket,Biaform Brood | ProVital | Toast & sandwich,Biaform,4.89,,"9,78 €/kg",,https://www.delhaize.be/nl/shop/Bakkerij-en-banket/Voorverpakt-brood/Voorverpakt-gesneden-brood/Toastbrood/Brood-ProVital-Toast-and-sandwich/p/F2022040100098110000,2026-05-10T15:12:19.657790
Delhaize,Bakkerij en banket,Delhaize Stokbrood | Fitness,Delhaize,1.53,,"6,12 €/kg",,https://www.delhaize.be/nl/shop/Bakkerij-en-banket/Voorverpakt-brood/Voorgebakken-brood/Bruin-brood/Stokbrood-Fitness/p/F2010011500853000000,2026-05-10T15:12:20.218556
Delhaize,Bakkerij en banket,Delhaize Galetten | Pure boter | Artisanaal | Mini,Delhaize,4.39,,"25,08 €/kg",,https://www.delhaize.be/nl/shop/Bakkerij-en-banket/Patisserie/Cakes-en-wafels/Galetten-Pure-boter-Artisanaal-Mini/p/F2009061500850900000,2026-05-10T15:12:20.776937
Delhaize,Bakkerij en banket,Delhaize Galetten | Boter | Bio,Delhaize,4.99,,"24,95 €/kg",,https://www.delhaize.be/nl/shop/Bakkerij-en-banket/Patisserie/Cakes-en-wafels/Galetten-Boter-Bio/p/F2009061500850500000,2026-05-10T15:12:21.323190
Delhaize,Bakkerij en banket,Delhaize Mix | Broodjes | Bio,Delhaize,3.45,,"11,50 €/kg",,https://www.delhaize.be/nl/shop/Bakkerij-en-banket/Voorverpakt-brood/Voorgebakken-brood/Wit-brood/Mix-Broodjes-Bio/p/F2019121300048470000,2026-05-10T15:12:21.875020
Delhaize,Bakkerij en banket,Brioche Pasquier Chocoladebroodje | 6st,Brioche Pasquier,3.19,,"11,81 €/kg",,https://www.delhaize.be/nl/shop/Bakkerij-en-banket/Voorverpakt-brood/Gebakjes/Gebakjes-en-andere/Chocoladebroodje-6st/p/F2019020700031080000,2026-05-10T15:12:22.432716
Delhaize,Bakkerij en banket,Taste of Inspirations Zoete macarons | 12st,Taste of Inspirations,7.59,2de tegen -50%,"42,17 €/kg",,https://www.delhaize.be/nl/shop/Bakkerij-en-banket/Patisserie/Kleine-taartjes-en-gebakjes/Zoete-macarons-12st/p/F2015081800826200000,2026-05-10T15:12:22.489018
Delhaize,Bakkerij en banket,Delhaize Cuberdons,Delhaize,4.29,,"21,45 €/kg",,https://www.delhaize.be/nl/shop/Bakkerij-en-banket/Patisserie/Koekjes-pralines-en-andere/Cuberdons/p/F2017101300009610000,2026-05-10T15:12:23.041028
Delhaize,Bakkerij en banket,Delhaize Chocoladebroodjes | x8,Delhaize,2.05,,"5,69 €/kg",,https://www.delhaize.be/nl/shop/Bakkerij-en-banket/Voorverpakt-brood/Gebakjes/Gebakjes-en-andere/Chocoladebroodjes-x8/p/F2020110300070840000,2026-05-10T15:12:23.602474
Delhaize,Bakkerij en banket,Bloch Botercake citroen,Bloch,5.79,,"5,79 €/st",,https://www.delhaize.be/nl/shop/Bakkerij-en-banket/Patisserie/Cakes-en-wafels/Botercake-citroen/p/F2015073000823600000,2026-05-10T15:12:24.162378
Delhaize,Bakkerij en banket,Dessert Amies Mousse | Chocolade,Dessert Amies,3.19,,"37,53 €/kg",,https://www.delhaize.be/nl/shop/Bakkerij-en-banket/Patisserie/Verse-desserts/Mousse-Chocolade/p/F2020050500058100000,2026-05-10T15:12:24.713547
Delhaize,Bakkerij en banket,Dessert Amies Rijstpap | Krieken,Dessert Amies,3.09,,"20,60 €/kg",,https://www.delhaize.be/nl/shop/Bakkerij-en-banket/Patisserie/Verse-desserts/Rijstpap-Krieken/p/F2022071100103450000,2026-05-10T15:12:25.263279
Delhaize,Bakkerij en banket,Brood van Soma Waldkorn | Roggebrood,Brood van Soma,1.99,,"5,31 €/kg",,https://www.delhaize.be/nl/shop/Bakkerij-en-banket/Voorverpakt-brood/Voorverpakt-gesneden-brood/Duits-brood/Waldkorn-Roggebrood/p/F2019092300044990000,2026-05-10T15:12:25.823976
Delhaize,Bakkerij en banket,Delhaize Chocolade fondant,Delhaize,8.99,,"8,99 €/st",,https://www.delhaize.be/nl/shop/Bakkerij-en-banket/Patisserie/Cakes-en-wafels/Chocolade-fondant/p/F2014030600806200000,2026-05-10T15:12:26.374641
Delhaize,Bakkerij en banket,Delhaize Brood | Pita | Bio,Delhaize,1.79,,"5,59 €/kg",,https://www.delhaize.be/nl/shop/Bakkerij-en-banket/Voorverpakt-brood/Burgers-wraps-pita-en-specialiteiten/Brood-Pita-Bio/p/F2022060700101190000,2026-05-10T15:12:26.925592
Delhaize,Bakkerij en banket,Delhaize Manon blanc 150G,Delhaize,5.49,,"36,60 €/kg",,https://www.delhaize.be/nl/shop/Bakkerij-en-banket/Patisserie/Koekjes-pralines-en-andere/Manon-blanc-150G/p/F2022052300100350000,2026-05-10T15:12:27.476809
Delhaize,Bakkerij en banket,Brioche Pasquier Brioches | Chocolade,Brioche Pasquier,2.49,,"11,86 €/kg",,https://www.delhaize.be/nl/shop/Bakkerij-en-banket/Voorverpakt-brood/Gebakjes/Melkbroodjes-en-brioches/Brioches-Chocolade/p/F2022031800097370000,2026-05-10T15:12:28.028836
Delhaize,Bakkerij en banket,Delhaize Orangettes,Delhaize,5.75,,"38,33 €/kg",,https://www.delhaize.be/nl/shop/Bakkerij-en-banket/Patisserie/Koekjes-pralines-en-andere/Orangettes/p/F2017101000009210000,2026-05-10T15:12:28.580787
Delhaize,Bakkerij en banket,Harrys Burger | Maanzaad boekweit,Harrys,4.09,,"12,03 €/kg",,https://www.delhaize.be/nl/shop/Bakkerij-en-banket/Voorverpakt-brood/Burgers-wraps-pita-en-specialiteiten/Burger-Maanzaad-boekweit/p/F2017071700003340000,2026-05-10T15:12:29.131874
Delhaize,Bakkerij en banket,Delhaize Hamburgerbroodjes | Glutenvrij | Bio,Delhaize,3.39,,"27,12 €/kg",,https://www.delhaize.be/nl/shop/Bakkerij-en-banket/Voorverpakt-brood/Glutenvrij-brood/Hamburgerbroodjes-Glutenvrij-Bio/p/F2018011900011580000,2026-05-10T15:12:29.688397
Delhaize,Bakkerij en banket,Gaelens Gebakjes | Javanais,Gaelens,7.99,,"4,00 €/st",,https://www.delhaize.be/nl/shop/Bakkerij-en-banket/Patisserie/Kleine-taartjes-en-gebakjes/Gebakjes-Javanais/p/F2005060600806800000,2026-05-10T15:12:30.235558
Delhaize,Bakkerij en banket,Delhaize Gebakjes | Frangipanne,Delhaize,4.59,,"2,30 €/st",,https://www.delhaize.be/nl/shop/Bakkerij-en-banket/Patisserie/Kleine-taartjes-en-gebakjes/Gebakjes-Frangipanne/p/S1990091108189630000,2026-05-10T15:12:30.787552
Delhaize,Bakkerij en banket,Dessert Amies Panna cotta | Mango,Dessert Amies,3.09,,"22,07 €/kg",,https://www.delhaize.be/nl/shop/Bakkerij-en-banket/Patisserie/Verse-desserts/Panna-cotta-Mango/p/F2020050500058180000,2026-05-10T15:12:31.341985
Delhaize,Bakkerij en banket,Delhaize Marsepein | 55% amandelen,Delhaize,2.59,,"10,79 €/kg",,https://www.delhaize.be/nl/shop/Bakkerij-en-banket/Patisserie/Koekjes-pralines-en-andere/Marsepein-55-amandelen/p/F2010062900858900000,2026-05-10T15:12:31.906881
Delhaize,Bakkerij en banket,Delhaize Zachte wafel met botersmaak,Delhaize,4.19,,"16,12 €/kg",,https://www.delhaize.be/nl/shop/Bakkerij-en-banket/Patisserie/Cakes-en-wafels/Zachte-wafel-met-botersmaak/p/F2019052900038630000,2026-05-10T15:12:32.451843
Delhaize,Bakkerij en banket,Delhaize Breekbrood | Margriet | Bio,Delhaize,3.99,,"19,00 €/kg",,https://www.delhaize.be/nl/shop/Bakkerij-en-banket/Voorverpakt-brood/Voorgebakken-brood/Ander-brood/Breekbrood-Margriet-Bio/p/F2021080500085230000,2026-05-10T15:12:33.008580
Delhaize,Bakkerij en banket,Schär Meergranenbrood | Glutenvrij,Schär,4.99,,"19,96 €/kg",,https://www.delhaize.be/nl/shop/Bakkerij-en-banket/Voorverpakt-brood/Glutenvrij-brood/Meergranenbrood-Glutenvrij/p/F2018012200011610000,2026-05-10T15:12:33.559548
Delhaize,Bakkerij en banket,Delhaize Brood | Bruin | Zonder gluten,Delhaize,4.49,,"11,23 €/kg",,https://www.delhaize.be/nl/shop/Bakkerij-en-banket/Voorverpakt-brood/Glutenvrij-brood/Brood-Bruin-Zonder-gluten/p/F2022060700101170000,2026-05-10T15:12:34.110771
Delhaize,Bakkerij en banket,Dessert Amies Dessert | Advocaat,Dessert Amies,3.09,,"30,90 €/kg",,https://www.delhaize.be/nl/shop/Bakkerij-en-banket/Patisserie/Verse-desserts/Dessert-Advocaat/p/F2022071100103460000,2026-05-10T15:12:34.660063
Delhaize,Bakkerij en banket,Biaform ProVital | Protein buns,Biaform,4.39,,"19,95 €/kg",,https://www.delhaize.be/nl/shop/Bakkerij-en-banket/Voorverpakt-brood/Voorgebakken-brood/Bruin-brood/ProVital-Protein-buns/p/F2022040100098100000,2026-05-10T15:12:35.215850
Delhaize,Bakkerij en banket,Schär Wraps | Glutenvrij,Schär,3.89,,"24,31 €/kg",,https://www.delhaize.be/nl/shop/Bakkerij-en-banket/Voorverpakt-brood/Glutenvrij-brood/Wraps-Glutenvrij/p/F2018072000020570000,2026-05-10T15:12:35.773802
Delhaize,Bakkerij en banket,Mr.BigMouth Bun | Meerzaden | Zonder lactose,Mr.BigMouth,2.69,,"0,67 €/st",,https://www.delhaize.be/nl/shop/Bakkerij-en-banket/Voorverpakt-brood/Burgers-wraps-pita-en-specialiteiten/Bun-Meerzaden-Zonder-lactose/p/F2023020900116170000,2026-05-10T15:12:36.331908
Delhaize,Bakkerij en banket,Gaelens Misérables | Mini,Gaelens,10.29,,"1,29 €/st",,https://www.delhaize.be/nl/shop/Bakkerij-en-banket/Patisserie/Kleine-taartjes-en-gebakjes/Miserables-Mini/p/F2009031100846300000,2026-05-10T15:12:36.906420
Delhaize,Bakkerij en banket,Tarte A Moi Moelleux Chocolade | 6P,Tarte A Moi,9.99,,"9,99 €/st",,https://www.delhaize.be/nl/shop/Bakkerij-en-banket/Patisserie/Cakes-en-wafels/Moelleux-Chocolade-6P/p/S2018020800023240000,2026-05-10T15:12:37.466849
Delhaize,Bakkerij en banket,Delhaize Bokkenpootjes,Delhaize,4.49,,"35,92 €/kg",,https://www.delhaize.be/nl/shop/Bakkerij-en-banket/Patisserie/Kleine-taartjes-en-gebakjes/Bokkenpootjes/p/F2021090100086260000,2026-05-10T15:12:38.024505
Delhaize,Bakkerij en banket,Dessert Amies Chocoscarpone,Dessert Amies,3.09,,"32,53 €/kg",,https://www.delhaize.be/nl/shop/Bakkerij-en-banket/Patisserie/Verse-desserts/Chocoscarpone/p/F2020050500058210000,2026-05-10T15:12:38.581258
Delhaize,Bakkerij en banket,Delhaize Brood | Wit | Zonder gluten,Delhaize,3.79,,"9,48 €/kg",,https://www.delhaize.be/nl/shop/Bakkerij-en-banket/Voorverpakt-brood/Glutenvrij-brood/Brood-Wit-Zonder-gluten/p/F2022060700101180000,2026-05-10T15:12:39.136354
Delhaize,Bakkerij en banket,Delhaize Moelleux | Chocolade,Delhaize,5.39,,"2,70 €/st",,https://www.delhaize.be/nl/shop/Bakkerij-en-banket/Patisserie/Cakes-en-wafels/Moelleux-Chocolade/p/F2015082600824200000,2026-05-10T15:12:39.685809
Delhaize,Bakkerij en banket,Brood van Soma Schwarzbrot,Brood van Soma,2.09,,"5,23 €/kg",,https://www.delhaize.be/nl/shop/Bakkerij-en-banket/Voorverpakt-brood/Voorverpakt-gesneden-brood/Duits-brood/Schwarzbrot/p/F2019101400045780000,2026-05-10T15:12:40.239569
Delhaize,Bakkerij en banket,Gaelens Misérables,Gaelens,6.99,,"3,50 €/st",,https://www.delhaize.be/nl/shop/Bakkerij-en-banket/Patisserie/Kleine-taartjes-en-gebakjes/Miserables/p/F2009012300815100000,2026-05-10T15:12:40.813134
Delhaize,Bakkerij en banket,Delhaize Mini cakes | Artisanaal,Delhaize,3.35,,"20,94 €/kg",,https://www.delhaize.be/nl/shop/Bakkerij-en-banket/Patisserie/Koekjes-pralines-en-andere/Mini-cakes-Artisanaal/p/F2011122800828800000,2026-05-10T15:12:41.360525
Delhaize,Bakkerij en banket,Boerkens Brood | Graankorf | Stammetjes,Boerkens,3.09,,"12,36 €/kg",,https://www.delhaize.be/nl/shop/Bakkerij-en-banket/Voorverpakt-brood/Voorgebakken-brood/Bruin-brood/Brood-Graankorf-Stammetjes/p/F2012062500825500000,2026-05-10T15:12:41.914349
Delhaize,Bakkerij en banket,Delhaize Botergaletten,Delhaize,8.19,,"16,38 €/kg",,https://www.delhaize.be/nl/shop/Bakkerij-en-banket/Patisserie/Cakes-en-wafels/Botergaletten/p/F2019041700036040000,2026-05-10T15:12:42.462874
Delhaize,Bakkerij en banket,Nats Raw cakes | Chocolade | Glutenvrij,Nats,5.15,,"39,62 €/kg",,https://www.delhaize.be/nl/shop/Bakkerij-en-banket/Patisserie/Kleine-taartjes-en-gebakjes/Raw-cakes-Chocolade-Glutenvrij/p/F2017060700000980000,2026-05-10T15:12:43.015252
Delhaize,Bakkerij en banket,Corné Doosje pralines,Corné,9.69,,"38,76 €/kg",,https://www.delhaize.be/nl/shop/Bakkerij-en-banket/Patisserie/Koekjes-pralines-en-andere/Doosje-pralines/p/F2017082900005910000,2026-05-10T15:12:43.575963
Delhaize,Bakkerij en banket,Delhaize Broodjes | Multigranen | Zonder gluten,Delhaize,3.39,,"18,83 €/kg",,https://www.delhaize.be/nl/shop/Bakkerij-en-banket/Voorverpakt-brood/Glutenvrij-brood/Broodjes-Multigranen-Zonder-gluten/p/F2017101300009690000,2026-05-10T15:12:44.133938
Delhaize,Bakkerij en banket,Brood van Soma Haverkorn | Meergranenbrood,Brood van Soma,2.49,,"6,23 €/kg",,https://www.delhaize.be/nl/shop/Bakkerij-en-banket/Voorverpakt-brood/Voorverpakt-gesneden-brood/Duits-brood/Haverkorn-Meergranenbrood/p/F2019101400045750000,2026-05-10T15:12:44.688558
Delhaize,Bakkerij en banket,Delhaize Pâtes de fruits | Mix,Delhaize,4.09,,"20,45 €/kg",,https://www.delhaize.be/nl/shop/Bakkerij-en-banket/Patisserie/Koekjes-pralines-en-andere/Pates-de-fruits-Mix/p/F2017101200009560000,2026-05-10T15:12:45.247125
Delhaize,Bakkerij en banket,Delhaize Dessertkoekjes | Assortiment,Delhaize,8.79,,"29,30 €/kg",,https://www.delhaize.be/nl/shop/Bakkerij-en-banket/Patisserie/Kleine-taartjes-en-gebakjes/Dessertkoekjes-Assortiment/p/F2021090100086230000,2026-05-10T15:12:45.805346
Delhaize,Bakkerij en banket,Delhaize Dessertkoekjes | Assortiment,Delhaize,5.29,,"40,69 €/kg",,https://www.delhaize.be/nl/shop/Bakkerij-en-banket/Patisserie/Kleine-taartjes-en-gebakjes/Dessertkoekjes-Assortiment/p/F2021090100086240000,2026-05-10T15:12:46.365579
Delhaize,Bakkerij en banket,Delhaize Palmier,Delhaize,4.15,,"20,75 €/kg",,https://www.delhaize.be/nl/shop/Bakkerij-en-banket/Patisserie/Koekjes-pralines-en-andere/Palmier/p/F2015060500823000000,2026-05-10T15:12:46.928734
Delhaize,Bakkerij en banket,Rensonnet Marsepein | Gekleurd fruits,Rensonnet,3.39,,"22,60 €/kg",,https://www.delhaize.be/nl/shop/Bakkerij-en-banket/Patisserie/Koekjes-pralines-en-andere/Marsepein-Gekleurd-fruits/p/F2017082800005850000,2026-05-10T15:12:47.486219
Delhaize,Bakkerij en banket,Delhaize Koekjes | Mini rochers | Kokosnoot,Delhaize,3.39,,"16,95 €/kg",,https://www.delhaize.be/nl/shop/Bakkerij-en-banket/Patisserie/Koekjes-pralines-en-andere/Koekjes-Mini-rochers-Kokosnoot/p/F2018050200016430000,2026-05-10T15:12:48.042407
Delhaize,Bakkerij en banket,Delhaize Koekjes | Amandel | Artisanaal,Delhaize,3.35,,"20,94 €/kg",,https://www.delhaize.be/nl/shop/Bakkerij-en-banket/Patisserie/Koekjes-pralines-en-andere/Koekjes-Amandel-Artisanaal/p/F2001072000832600000,2026-05-10T15:12:48.606982
Delhaize,Bakkerij en banket,Delhaize Eclairs | Chocolade,Delhaize,2.89,,"1,45 €/st",,https://www.delhaize.be/nl/shop/Bakkerij-en-banket/Patisserie/Kleine-taartjes-en-gebakjes/Eclairs-Chocolade/p/S1988031708190030000,2026-05-10T15:12:49.163675
Delhaize,Bakkerij en banket,Delhaize Truffels | Cacao,Delhaize,5.75,,"38,33 €/kg",,https://www.delhaize.be/nl/shop/Bakkerij-en-banket/Patisserie/Koekjes-pralines-en-andere/Truffels-Cacao/p/F2017100900009170000,2026-05-10T15:12:49.717361
Delhaize,Bakkerij en banket,Delhaize Koffiepuntjes,Delhaize,5.29,,"37,79 €/kg",,https://www.delhaize.be/nl/shop/Bakkerij-en-banket/Patisserie/Kleine-taartjes-en-gebakjes/Koffiepuntjes/p/F2021090100086270000,2026-05-10T15:12:50.259633
Delhaize,Bakkerij en banket,Delhaize Studentenhaver | Chocolade,Delhaize,5.55,,"37,00 €/kg",,https://www.delhaize.be/nl/shop/Bakkerij-en-banket/Patisserie/Koekjes-pralines-en-andere/Studentenhaver-Chocolade/p/F2017100900009190000,2026-05-10T15:12:50.796933
Delhaize,Bakkerij en banket,Biaform Brood | Pro Vital | Volkoren,Biaform,4.39,,"10,33 €/kg",,https://www.delhaize.be/nl/shop/Bakkerij-en-banket/Voorverpakt-brood/Voorverpakt-gesneden-brood/Klassiek-gesneden-brood/Brood-Pro-Vital-Volkoren/p/F2015042800842100000,2026-05-10T15:12:51.324926
Delhaize,Bakkerij en banket,Nats Mousse | Chocolade | Zonder gluten | Zonder lactose,Nats,2.09,,"24,59 €/kg",,https://www.delhaize.be/nl/shop/Bakkerij-en-banket/Patisserie/Verse-desserts/Mousse-Chocolade-Zonder-gluten-Zonder-lactose/p/F2022112200111330000,2026-05-10T15:12:51.846112
Delhaize,Bakkerij en banket,Nats Mousse | Exotisch | Zonder gluten | Zonder lactose,Nats,2.09,,"24,59 €/kg",,https://www.delhaize.be/nl/shop/Bakkerij-en-banket/Patisserie/Verse-desserts/Mousse-Exotisch-Zonder-gluten-Zonder-lactose/p/F2022112200111340000,2026-05-10T15:12:52.369001
Delhaize,Bakkerij en banket,Nats Raw sweets | Glutenvrij | Dadel | Chocolade | Hazelnut,Nats,3.99,,"31,67 €/kg",,https://www.delhaize.be/nl/shop/Bakkerij-en-banket/Patisserie/Kleine-taartjes-en-gebakjes/Raw-sweets-Glutenvrij-Dadel-Chocolade-Hazelnut/p/F2020060500060030000,2026-05-10T15:12:52.898224
Delhaize,Bakkerij en banket,Delhaize Koekje | Amandelen | Frangipanne,Delhaize,4.59,,"36,72 €/kg",,https://www.delhaize.be/nl/shop/Bakkerij-en-banket/Patisserie/Kleine-taartjes-en-gebakjes/Koekje-Amandelen-Frangipanne/p/F2023021700116530000,2026-05-10T15:12:53.428047
Delhaize,Bakkerij en banket,Delhaize Panini broodjes,Delhaize,2.29,,"7,63 €/kg",,https://www.delhaize.be/nl/shop/Bakkerij-en-banket/Voorverpakt-brood/Burgers-wraps-pita-en-specialiteiten/Panini-broodjes/p/F2018041000015850000,2026-05-10T15:12:53.989596
Delhaize,Bakkerij en banket,Delhaize Sandwiches | Bio,Delhaize,2.09,,"10,45 €/kg",,https://www.delhaize.be/nl/shop/Bakkerij-en-banket/Voorverpakt-brood/Sandwiches/Sandwiches-Bio/p/F2018012200011660000,2026-05-10T15:12:54.540955
Delhaize,Bakkerij en banket,Delhaize koekje | Amandelen | Crème vulling | Mix van smaken,Delhaize,4.55,,"36,40 €/kg",,https://www.delhaize.be/nl/shop/Bakkerij-en-banket/Patisserie/Kleine-taartjes-en-gebakjes/koekje-Amandelen-Creme-vulling-Mix-van-smaken/p/F2023021700116540000,2026-05-10T15:12:55.092952
Delhaize,Bakkerij en banket,Biaform Sandwiches | Protein,Biaform,3.49,,"0,87 €/st",,https://www.delhaize.be/nl/shop/Bakkerij-en-banket/Voorverpakt-brood/Sandwiches/Sandwiches-Protein/p/F2024032200133610000,2026-05-10T15:12:55.663442
Delhaize,Bakkerij en banket,Delhaize Stokbrood | Meergranen | Bio,Delhaize,2.79,,"11,16 €/kg",,https://www.delhaize.be/nl/shop/Bakkerij-en-banket/Voorverpakt-brood/Voorgebakken-brood/Bruin-brood/Stokbrood-Meergranen-Bio/p/F2023052200121030000,2026-05-10T15:12:56.222359
Delhaize,Bakkerij en banket,Delhaize Bagel | Zacht | Sesam,Delhaize,2.79,,"8,21 €/kg",,https://www.delhaize.be/nl/shop/Bakkerij-en-banket/Voorverpakt-brood/Burgers-wraps-pita-en-specialiteiten/Bagel-Zacht-Sesam/p/F2024022900132690000,2026-05-10T15:12:56.774193
Delhaize,Bakkerij en banket,Delhaize Keizerbroodjes | Wit | 4 stuks,Delhaize,0.53,,"2,41 €/kg",,https://www.delhaize.be/nl/shop/Bakkerij-en-banket/Voorverpakt-brood/Voorgebakken-brood/Wit-brood/Keizerbroodjes-Wit-4-stuks/p/F2024072600142950000,2026-05-10T15:12:57.324154
Delhaize,Bakkerij en banket,Delhaize Marsepein | Aardbeien,Delhaize,2.99,,"18,12 €/kg",,https://www.delhaize.be/nl/shop/Bakkerij-en-banket/Patisserie/Koekjes-pralines-en-andere/Marsepein-Aardbeien/p/F2024082600146170000,2026-05-10T15:12:57.879899
Delhaize,Bakkerij en banket,Ikra Brood | Turks,Ikra,1.39,,"1,39 €/st",,https://www.delhaize.be/nl/shop/Bakkerij-en-banket/Voorverpakt-brood/Burgers-wraps-pita-en-specialiteiten/Brood-Turks/p/F2023120500128030000,2026-05-10T15:12:58.431058
Delhaize,Bakkerij en banket,Delhaize Brookies | Mini,Delhaize,4.89,,"27,17 €/kg",,https://www.delhaize.be/nl/shop/Bakkerij-en-banket/Patisserie/Cakes-en-wafels/Brookies-Mini/p/F2024031900133370000,2026-05-10T15:12:58.977037
Delhaize,Bakkerij en banket,Harrys Sandwich | Boter,Harrys,3.99,,"11,08 €/kg",,https://www.delhaize.be/nl/shop/Bakkerij-en-banket/Voorverpakt-brood/Sandwiches/Sandwich-Boter/p/F2024011800130040000,2026-05-10T15:12:59.525378
Delhaize,Bakkerij en banket,Exosud Brood | Rozijnen | Noten,Exosud,4.69,,"11,73 €/kg",,https://www.delhaize.be/nl/shop/Bakkerij-en-banket/Voorverpakt-brood/Voorverpakt-gesneden-brood/Klassiek-gesneden-brood/Brood-Rozijnen-Noten/p/F2024073000143320000,2026-05-10T15:13:00.072337
Delhaize,Bakkerij en banket,Biaform Brood | Volkoren,Biaform,3.39,,"5,65 €/kg",,https://www.delhaize.be/nl/shop/Bakkerij-en-banket/Voorverpakt-brood/Voorverpakt-gesneden-brood/Klassiek-gesneden-brood/Brood-Volkoren/p/F2024073000143240000,2026-05-10T15:13:00.621657
Delhaize,Bakkerij en banket,Boerkens Brood | Graankorf,Boerkens,4.49,,"7,48 €/kg",,https://www.delhaize.be/nl/shop/Bakkerij-en-banket/Voorverpakt-brood/Voorverpakt-gesneden-brood/Klassiek-gesneden-brood/Brood-Graankorf/p/F2024073000143350000,2026-05-10T15:13:01.169298
Delhaize,Bakkerij en banket,Bloch Cake | Marmer,Bloch,6.59,,"18,83 €/kg",,https://www.delhaize.be/nl/shop/Bakkerij-en-banket/Patisserie/Cakes-en-wafels/Cake-Marmer/p/F2024010400129550000,2026-05-10T15:13:01.719358
Delhaize,Bakkerij en banket,Harrys American sandwich | Natuur ZTS,Harrys,3.99,,"7,25 €/kg",,https://www.delhaize.be/nl/shop/Bakkerij-en-banket/Voorverpakt-brood/Voorverpakt-gesneden-brood/Toastbrood/American-sandwich-Natuur-ZTS/p/F2024052900136480000,2026-05-10T15:13:02.275725
Delhaize,Bakkerij en banket,Harrys American Sandwich | Volkoren ZTS,Harrys,4.99,,"8,32 €/kg",,https://www.delhaize.be/nl/shop/Bakkerij-en-banket/Voorverpakt-brood/Voorverpakt-gesneden-brood/Toastbrood/American-Sandwich-Volkoren-ZTS/p/F2024052900136490000,2026-05-10T15:13:02.826279
Delhaize,Zoete kruidenierswaren,LU Koeken | Moelleux | Appel | Abrikoos,LU,3.89,,"19,95 €/kg",,https://www.delhaize.be/nl/shop/Zoete-kruidenierswaren/Koekjes/Droge-koekjes/Ontbijt/Koeken-Moelleux-Appel-Abrikoos/p/S1983112800051880000,2026-05-10T15:13:11.813222
Delhaize,Zoete kruidenierswaren,LU Koeken | Moelleux | Amandel | Abrikoos,LU,3.89,,,,https://www.delhaize.be/nl/shop/Zoete-kruidenierswaren/Koekjes/Droge-koekjes/Ontbijt/Koeken-Moelleux-Amandel-Abrikoos/p/S1985121600051830000,2026-05-10T15:13:12.869284
Delhaize,Zoete kruidenierswaren,LU Koekjes | Moelleux | Chocolade,LU,3.89,,"20,26 €/kg",,https://www.delhaize.be/nl/shop/Zoete-kruidenierswaren/Koekjes/Droge-koekjes/Ontbijt/Koekjes-Moelleux-Chocolade/p/S1987042300051680000,2026-05-10T15:13:13.415821
Delhaize,Zoete kruidenierswaren,LU Koekjes | Granenkoekje | Granen,LU,2.39,,"13,98 €/kg",,https://www.delhaize.be/nl/shop/Zoete-kruidenierswaren/Koekjes/Droge-koekjes/Ontbijt/Koekjes-Granenkoekje-Granen/p/S2003051500051720000,2026-05-10T15:13:13.961868
Delhaize,Zoete kruidenierswaren,Nàkd Repen | Fruit&Fibre | Aardbei-framboos,Nàkd,4.05,,"30,68 €/kg",,https://www.delhaize.be/nl/shop/Zoete-kruidenierswaren/Koekjes/Bars/Rauw/Repen-Fruit-and-Fibre-Aardbei-framboos/p/S2024111800800810000,2026-05-10T15:13:14.507107
Delhaize,Zoete kruidenierswaren,Nàkd Repen | Fruit&Fibre | Appel-kaneel,Nàkd,4.05,,"30,68 €/kg",,https://www.delhaize.be/nl/shop/Zoete-kruidenierswaren/Koekjes/Bars/Rauw/Repen-Fruit-and-Fibre-Appel-kaneel/p/S2024112100803520000,2026-05-10T15:13:15.055353
Delhaize,Zoete kruidenierswaren,Lotus Peperkoek | Parelsuiker,Lotus,2.99,,"8,59 €/kg",,https://www.delhaize.be/nl/shop/Zoete-kruidenierswaren/Koekjes/Peperkoek/Peperkoek-Parelsuiker/p/S2025060400868140000,2026-05-10T15:13:15.599272
Delhaize,Zoete kruidenierswaren,Lotus Peperkoek | Noten,Lotus,2.99,,"8,87 €/kg",,https://www.delhaize.be/nl/shop/Zoete-kruidenierswaren/Koekjes/Peperkoek/Peperkoek-Noten/p/S2025060400868370000,2026-05-10T15:13:16.140027
Delhaize,Zoete kruidenierswaren,Lotus Peperkoek | Honing Karamel,Lotus,2.99,,"8,59 €/kg",,https://www.delhaize.be/nl/shop/Zoete-kruidenierswaren/Koekjes/Peperkoek/Peperkoek-Honing-Karamel/p/S2025060400868380000,2026-05-10T15:13:16.674588
Delhaize,Zoete kruidenierswaren,Lotus Peperkoek | Natuur,Lotus,3.19,,"5,80 €/kg",,https://www.delhaize.be/nl/shop/Zoete-kruidenierswaren/Koekjes/Peperkoek/Peperkoek-Natuur/p/S2025060400868420000,2026-05-10T15:13:17.199303
Delhaize,Zoete kruidenierswaren,Galak Chocolade | Wit | Krokante rijstkorrels,Galak,4.25,,"23,61 €/kg",,https://www.delhaize.be/nl/shop/Zoete-kruidenierswaren/Chocolade/Chocolade-tabletten/Witte-chocolade/Chocolade-Wit-Krokante-rijstkorrels/p/S2024072600782160000,2026-05-10T15:13:17.723402
Delhaize,Zoete kruidenierswaren,Galak Chocolade | Witte | Chocoladereep,Galak,4.89,,"24,45 €/kg",,https://www.delhaize.be/nl/shop/Zoete-kruidenierswaren/Chocolade/Chocolade-tabletten/Witte-chocolade/Chocolade-Witte-Chocoladereep/p/S2024072600782170000,2026-05-10T15:13:18.246845
Delhaize,Zoete kruidenierswaren,Galak Chocolade | Wit | Tablet,Galak,2.75,,"27,50 €/kg",,https://www.delhaize.be/nl/shop/Zoete-kruidenierswaren/Chocolade/Chocolade-tabletten/Witte-chocolade/Chocolade-Wit-Tablet/p/S2024072600782210000,2026-05-10T15:13:18.769612
Delhaize,Zoete kruidenierswaren,Galak Chocoladebonbons | Wit | Krokante granen,Galak,5.19,,"25,95 €/kg",,https://www.delhaize.be/nl/shop/Zoete-kruidenierswaren/Chocolade/Chocolade-snoepjes/Chocoladebonbons-Wit-Krokante-granen/p/S2024091600790480000,2026-05-10T15:13:19.295614
Delhaize,Zoete kruidenierswaren,Nestlé Chocolade | Biscuit | Crunch,Nestlé,2.19,,"26,07 €/kg",,https://www.delhaize.be/nl/shop/Zoete-kruidenierswaren/Chocolade/Chocolade-tabletten/Witte-chocolade/Chocolade-Biscuit-Crunch/p/S2025052700866600000,2026-05-10T15:13:19.815953
Delhaize,Zoete kruidenierswaren,Lotus Peperkoek | Minder suiker,Lotus,3.89,,"8,55 €/kg",,https://www.delhaize.be/nl/shop/Zoete-kruidenierswaren/Koekjes/Peperkoek/Peperkoek-Minder-suiker/p/S2025060400868430000,2026-05-10T15:13:20.332681
Delhaize,Zoete kruidenierswaren,Milka Koekjes | Chocolade | Wafeltjes | 12 Repen,Milka,5.99,,"14,99 €/kg",,https://www.delhaize.be/nl/shop/Zoete-kruidenierswaren/Chocolade/Candy-bar/Koekjes-Chocolade-Wafeltjes-12-Repen/p/S2015072700381560000,2026-05-10T15:13:20.848289
Delhaize,Zoete kruidenierswaren,Douwe Egberts Koffie | Dessert | Vacuüm pack | Gemalen,Douwe Egberts,9.29,,"18,58 €/kg",,https://www.delhaize.be/nl/shop/Koude-en-warme-dranken/Koffie/Gemalen/Koffie-Dessert-Vacuum-pack-Gemalen/p/S1999092400041520001,2026-05-10T15:13:21.363777
Delhaize,Zoete kruidenierswaren,Nutella Chocoladepasta | Choco-hazelnoten,Nutella,3.59,,"8,98 €/kg",,https://www.delhaize.be/nl/shop/Zoete-kruidenierswaren/Ontbijt/Broodbeleg/Smeerpasta/Chocoladepasta-Choco-hazelnoten/p/S1994080800093320000,2026-05-10T15:13:21.885660
Delhaize,Zoete kruidenierswaren,Côte d'Or Chocolade | Melkchocolade,Côte d'Or,4.35,,"10,88 €/kg",,https://www.delhaize.be/nl/shop/Zoete-kruidenierswaren/Chocolade/Chocolade-tabletten/Melkchocolade/Chocolade-Melkchocolade/p/S1971080100063720000,2026-05-10T15:13:22.410594
Delhaize,Zoete kruidenierswaren,Delhaize Madeleines,Delhaize,1.95,,"6,50 €/kg",,https://www.delhaize.be/nl/shop/Zoete-kruidenierswaren/Koekjes/Cakes/Madeleines/p/S2014102300052230000,2026-05-10T15:13:22.940802
Delhaize,Zoete kruidenierswaren,Lotus Gebak | Frangipane,Lotus,2.79,,"6,71 €/kg",,https://www.delhaize.be/nl/shop/Zoete-kruidenierswaren/Koekjes/Cakes/Gebak-Frangipane/p/S2018060100064490000,2026-05-10T15:13:23.460893
Delhaize,Zoete kruidenierswaren,Côte d'Or Chocolade | Melkchocolade | Double Lait,Côte d'Or,3.15,,"15,75 €/kg",,https://www.delhaize.be/nl/shop/Zoete-kruidenierswaren/Chocolade/Chocolade-tabletten/Melkchocolade/Chocolade-Melkchocolade-Double-Lait/p/S1999101200070330000,2026-05-10T15:13:23.983919
Delhaize,Zoete kruidenierswaren,Tienen-Tirlemont Suiker | Klontjes,Tienen-Tirlemont,1.95,,"1,95 €/kg",,https://www.delhaize.be/nl/shop/Zoete-kruidenierswaren/Dessertbereidingen/Suiker/Suiker-Klontjes/p/S2014120200151060001,2026-05-10T15:13:24.509840
Delhaize,Zoete kruidenierswaren,LU Koekjes | Barquette | Cakejes | Aardbei,LU,1.53,,"12,75 €/kg",,https://www.delhaize.be/nl/shop/Zoete-kruidenierswaren/Koekjes/Kids-biscuits/Koekjes-Barquette-Cakejes-Aardbei/p/S1983072900051230000,2026-05-10T15:13:25.031734
Delhaize,Zoete kruidenierswaren,Côte d'Or Chocolade | Pure Chocolade,Côte d'Or,5.15,,"12,88 €/kg",,https://www.delhaize.be/nl/shop/Zoete-kruidenierswaren/Chocolade/Chocolade-tabletten/Pure-chocolade/Chocolade-Pure-Chocolade/p/S1971080100062250000,2026-05-10T15:13:25.564555
Delhaize,Zoete kruidenierswaren,Côte d'Or Chocolade | Melkchocolade,Côte d'Or,3.05,,"20,33 €/kg",,https://www.delhaize.be/nl/shop/Zoete-kruidenierswaren/Chocolade/Chocolade-tabletten/Melkchocolade/Chocolade-Melkchocolade/p/S1971080100063600000,2026-05-10T15:13:26.109744
Delhaize,Zoete kruidenierswaren,Lotus Koek | Chocolade | Snack pack,Lotus,1.79,,"7,96 €/kg",,https://www.delhaize.be/nl/shop/Zoete-kruidenierswaren/Koekjes/Kids-biscuits/Koek-Chocolade-Snack-pack/p/S2013052400047530000,2026-05-10T15:13:26.655325
Delhaize,Zoete kruidenierswaren,Côte d'Or Pralines | Melk Chocolade | Praliné,Côte d'Or,3.95,2de tegen -50%,"19,75 €/kg",,https://www.delhaize.be/nl/shop/Zoete-kruidenierswaren/Chocolade/Pralines-and-chocolade-geschenken/Pralines-Melk-Chocolade-Praline/p/S1988041200072320000,2026-05-10T15:13:26.701087
Delhaize,Zoete kruidenierswaren,Delhaize Koffie | Dessert | Gemalen,Delhaize,5.99,,"11,98 €/kg",,https://www.delhaize.be/nl/shop/Koude-en-warme-dranken/Koffie/Gemalen/Koffie-Dessert-Gemalen/p/S2019073000285950000,2026-05-10T15:13:27.242288
Delhaize,Zoete kruidenierswaren,Delhaize Appelsap,Delhaize,1.79,,"1,49 €/l",,https://www.delhaize.be/nl/shop/Koude-en-warme-dranken/Fruitsappen/Appel/Appelsap/p/S2020123100484430000,2026-05-10T15:13:27.783072
Delhaize,Zoete kruidenierswaren,LU Koekjes | Pim's | Sinaasappel | Chocolade,LU,2.19,,"14,60 €/kg",,https://www.delhaize.be/nl/shop/Zoete-kruidenierswaren/Koekjes/Droge-koekjes/Chocolade/Koekjes-Pim-s-Sinaasappel-Chocolade/p/S1986081200050270000,2026-05-10T15:13:28.324390
Delhaize,Zoete kruidenierswaren,Delhaize Havermoutvlokken | Bio,Delhaize,1.59,,"3,18 €/kg",,https://www.delhaize.be/nl/shop/Zoete-kruidenierswaren/Ontbijt/Ontbijtgranen/Havermout/Havermoutvlokken-Bio/p/S2013032800045390001,2026-05-10T15:13:28.866236
Delhaize,Zoete kruidenierswaren,Delhaize Sap | Sinaasappel | Bio | Glas,Delhaize,2.29,,"3,05 €/l",,https://www.delhaize.be/nl/shop/Koude-en-warme-dranken/Fruitsappen/Andere/Sap-Sinaasappel-Bio-Glas/p/S2013040400207530000,2026-05-10T15:13:29.405497
Delhaize,Zoete kruidenierswaren,LU Koekjes | Chocoladevulling | Chocolade,LU,1.78,,"5,93 €/kg",,https://www.delhaize.be/nl/shop/Zoete-kruidenierswaren/Koekjes/Kids-biscuits/Koekjes-Chocoladevulling-Chocolade/p/S2017081104172200000,2026-05-10T15:13:29.946031
Delhaize,Zoete kruidenierswaren,Lotus Gebak | Madeleine,Lotus,2.59,,"6,48 €/kg",,https://www.delhaize.be/nl/shop/Zoete-kruidenierswaren/Koekjes/Cakes/Gebak-Madeleine/p/S2011051000050920001,2026-05-10T15:13:30.486673
Delhaize,Zoete kruidenierswaren,Delhaize Hazelnootpasta,Delhaize,3.99,65 punten,"5,32 €/kg",,https://www.delhaize.be/nl/shop/Zoete-kruidenierswaren/Ontbijt/Broodbeleg/Smeerpasta/Hazelnootpasta/p/S2021080600574210000,2026-05-10T15:13:30.531859
Delhaize,Zoete kruidenierswaren,Côte d'Or Chocolade | Karamellen | Pure Chocolade,Côte d'Or,5.19,,"10,38 €/kg",,https://www.delhaize.be/nl/shop/Zoete-kruidenierswaren/Snoep/Snoepgoed/Chocolade-Karamellen-Pure-Chocolade/p/S1973032200078000000,2026-05-10T15:13:31.073119
Delhaize,Zoete kruidenierswaren,LU Toasts | Beschuiten | Volkoren,LU,2.85,,"11,40 €/kg",,https://www.delhaize.be/nl/shop/Zoete-kruidenierswaren/Rijstwafels-beschuiten-en-toast/Crackers-en-geroosterd-brood/Toasts-Beschuiten-Volkoren/p/S1997052300042660000,2026-05-10T15:13:31.613700
Delhaize,Zoete kruidenierswaren,Lotus Pasta | Speculoos,Lotus,2.55,,"6,38 €/kg",,https://www.delhaize.be/nl/shop/Zoete-kruidenierswaren/Ontbijt/Broodbeleg/Smeerpasta/Pasta-Speculoos/p/S2008021500021020000,2026-05-10T15:13:32.154197
Delhaize,Zoute kruidenierswaren,Devos & Lemmens Saus | Cocktail | Squeeze,Devos & Lemmens,3.59,,"11,97 €/l",,https://www.delhaize.be/nl/shop/Zoute-kruidenierswaren/Sauzen/Andere/Saus-Cocktail-Squeeze/p/S2017102004188390000,2026-05-10T15:13:43.729937
Delhaize,Zoute kruidenierswaren,Devos & Lemmens Saus | Andalouse | Squeeze,Devos & Lemmens,4.25,,"14,17 €/l",,https://www.delhaize.be/nl/shop/Zoute-kruidenierswaren/Sauzen/Andere/Saus-Andalouse-Squeeze/p/S2017102004188400000,2026-05-10T15:13:44.286922
Delhaize,Zoute kruidenierswaren,Devos & Lemmens Mayonaise | Plantaardig,Devos & Lemmens,2.99,,"9,97 €/l",,https://www.delhaize.be/nl/shop/Zoute-kruidenierswaren/Sauzen/Mayonaise/Mayonaise-Plantaardig/p/S2025042500854560000,2026-05-10T15:13:44.835872
Delhaize,Zoute kruidenierswaren,Lay's Gerookt | Snacks | Chips,Lay's,1.39,5=gratis levering,"11,12 €/kg",,https://www.delhaize.be/nl/shop/Zoute-kruidenierswaren/Chips-en-aperitief-snacks/Chips/Chips-met-speciale-vorm/Gerookt-Snacks-Chips/p/S2008102300026390000,2026-05-10T15:13:44.904262
Delhaize,Zoute kruidenierswaren,Lay's Chips | Paprika,Lay's,1.83,,"9,89 €/kg",,https://www.delhaize.be/nl/shop/Zoute-kruidenierswaren/Chips-en-aperitief-snacks/Chips/Klassieke-chips/Chips-Paprika/p/S2022012500600580000,2026-05-10T15:13:45.471706
Delhaize,Zoute kruidenierswaren,Lay's Chips | Zout en Zwart Peper Smaak,Lay's,1.85,,"10,00 €/kg",,https://www.delhaize.be/nl/shop/Zoute-kruidenierswaren/Chips-en-aperitief-snacks/Chips/Klassieke-chips/Chips-Zout-en-Zwart-Peper-Smaak/p/S2022012500600660000,2026-05-10T15:13:46.021543
Delhaize,Zoute kruidenierswaren,Santa Maria Wrap tortilla | Original,Santa Maria,2.99,,"7,87 €/kg",,https://www.delhaize.be/nl/shop/Zoute-kruidenierswaren/Wereldkeuken/Mexico/Pasta-rijst-en-andere-koolhydraten/Wrap-tortilla-Original/p/S2000110600120100000,2026-05-10T15:13:46.570983
Delhaize,Zoute kruidenierswaren,Lay's Chips | Nacho Cheese,Lay's,1.49,5=gratis levering,"11,92 €/kg",,https://www.delhaize.be/nl/shop/Zoute-kruidenierswaren/Chips-en-aperitief-snacks/Chips/Chips-met-speciale-vorm/Chips-Nacho-Cheese/p/S2022030700611950000,2026-05-10T15:13:46.624480
Delhaize,Zoute kruidenierswaren,Duyvis Paprika | Nuts | Nootjes,Duyvis,1.95,2de tegen -40%,"9,75 €/kg",,https://www.delhaize.be/nl/shop/Zoute-kruidenierswaren/Chips-en-aperitief-snacks/Noten/Omhulde-noten/Paprika-Nuts-Nootjes/p/S2006122700027560001,2026-05-10T15:13:46.678178
Delhaize,Zoute kruidenierswaren,Delhaize Pasta | Spaghetti,Delhaize,0.89,20 punten voor 2,"1,78 €/kg",,https://www.delhaize.be/nl/shop/Zoute-kruidenierswaren/Pasta-rijst-en-andere-zetmeelproducten/Pasta/Witte-pasta/Pasta-Spaghetti/p/S2013041600151220000,2026-05-10T15:13:46.729662
Delhaize,Zoute kruidenierswaren,Lay's Chips | Paprika,Lay's,1.99,2 voor €3,"9,95 €/kg",,https://www.delhaize.be/nl/shop/Zoute-kruidenierswaren/Chips-en-aperitief-snacks/Chips/Klassieke-chips/Chips-Paprika/p/S2022072800600660098,2026-05-10T15:13:46.781754
Delhaize,Zoute kruidenierswaren,Cheetos Chips | Chipito | Fromage,Cheetos,1.89,,"15,12 €/kg",,https://www.delhaize.be/nl/shop/Zoute-kruidenierswaren/Chips-en-aperitief-snacks/Chips/Chips-met-speciale-vorm/Chips-Chipito-Fromage/p/S2021061100030200000,2026-05-10T15:13:47.330346
Delhaize,Zoute kruidenierswaren,Lay's Chips | Naturel,Lay's,2.05,,"11,08 €/kg",,https://www.delhaize.be/nl/shop/Zoute-kruidenierswaren/Chips-en-aperitief-snacks/Chips/Klassieke-chips/Chips-Naturel/p/S2022012500600560000,2026-05-10T15:13:47.882569
Delhaize,Zoute kruidenierswaren,Heinz Ketchup,Heinz,2.99,,"5,98 €/l",,https://www.delhaize.be/nl/shop/Zoute-kruidenierswaren/Sauzen/Ketchup/Ketchup/p/S2015013000014520001,2026-05-10T15:13:48.432162
Delhaize,Zoute kruidenierswaren,De Cecco Pasta | Spaghetti n.12,De Cecco,2.09,,"4,18 €/kg",,https://www.delhaize.be/nl/shop/Zoute-kruidenierswaren/Pasta-rijst-en-andere-zetmeelproducten/Pasta/Witte-pasta/Pasta-Spaghetti-n-12/p/S1998052600137070000,2026-05-10T15:13:48.982810
Delhaize,Zoute kruidenierswaren,Delhaize Natuurazijn,Delhaize,0.50,,"0,33 €/l",,https://www.delhaize.be/nl/shop/Zoute-kruidenierswaren/Olie-en-azijn/Azijnen/Natuurazijn/p/S2022071100638590000,2026-05-10T15:13:49.533384
Delhaize,Zoute kruidenierswaren,Barilla Pasta | Spaghetti n.5,Barilla,1.62,,"3,24 €/kg",,https://www.delhaize.be/nl/shop/Zoute-kruidenierswaren/Pasta-rijst-en-andere-zetmeelproducten/Pasta/Witte-pasta/Pasta-Spaghetti-n-5/p/S2019060600259390000,2026-05-10T15:13:50.083838
Delhaize,Zoute kruidenierswaren,Lay's Ajuin & Fijne Kruiden | Snacks | Chips,Lay's,1.79,,"14,32 €/kg",,https://www.delhaize.be/nl/shop/Zoute-kruidenierswaren/Chips-en-aperitief-snacks/Chips/Chips-met-speciale-vorm/Ajuin-and-Fijne-Kruiden-Snacks-Chips/p/S2008102300026380000,2026-05-10T15:13:50.631865
Delhaize,Zoute kruidenierswaren,Lay's Chips | Naturel,Lay's,1.57,5=gratis levering,"10,50 €/kg",,https://www.delhaize.be/nl/shop/Zoute-kruidenierswaren/Chips-en-aperitief-snacks/Chips/Klassieke-chips/Chips-Naturel/p/S2010061000025970000,2026-05-10T15:13:50.684756
Delhaize,Zoute kruidenierswaren,LU Crackers | Original | Toastjes | Zout,LU,1.68,,"11,20 €/kg",,https://www.delhaize.be/nl/shop/Zoute-kruidenierswaren/Chips-en-aperitief-snacks/Aperitiefkoekjes-en-toasts/Crackers-en-creppies/Crackers-Original-Toastjes-Zout/p/S2005082400031460000,2026-05-10T15:13:51.232395
Delhaize,Zoute kruidenierswaren,Bosto Rijst | Basmati | 10 min,Bosto,2.99,2+1 gratis,"2,99 €/kg",,https://www.delhaize.be/nl/shop/Zoute-kruidenierswaren/Pasta-rijst-en-andere-zetmeelproducten/Rijst/Basmati-rijst/Rijst-Basmati-10-min/p/S2011022100101030000,2026-05-10T15:13:51.286859
Delhaize,Zoute kruidenierswaren,Lay's Paprika Kaas | Snacks | Chips,Lay's,1.79,5=gratis levering,"14,32 €/kg",,https://www.delhaize.be/nl/shop/Zoute-kruidenierswaren/Chips-en-aperitief-snacks/Chips/Chips-met-speciale-vorm/Paprika-Kaas-Snacks-Chips/p/S2008102300026370000,2026-05-10T15:13:51.338891
Delhaize,Zoute kruidenierswaren,Lay's Chips | Ketchup,Lay's,1.55,2 voor €3,"7,75 €/kg",,https://www.delhaize.be/nl/shop/Zoute-kruidenierswaren/Chips-en-aperitief-snacks/Chips/Klassieke-chips/Chips-Ketchup/p/S2022072800600550098,2026-05-10T15:13:51.390870
Delhaize,Zoute kruidenierswaren,Lorenz Chips | Original,Lorenz,1.95,,"26,00 €/kg",,https://www.delhaize.be/nl/shop/Zoute-kruidenierswaren/Chips-en-aperitief-snacks/Chips/Chips-met-speciale-vorm/Chips-Original/p/S2011010300027740000,2026-05-10T15:13:51.939245
Delhaize,Zoute kruidenierswaren,Delhaize Kokosmelk,Delhaize,0.73,,"2,92 €/l",,https://www.delhaize.be/nl/shop/Zoute-kruidenierswaren/Wereldkeuken/Thailand/Culinaire-hulpmiddelen/Kokosmelk/p/S2004112600123520000,2026-05-10T15:13:52.486623
Delhaize,Zoute kruidenierswaren,Devos & Lemmens Mayonaise | Eieren,Devos & Lemmens,2.25,,"4,09 €/l",,https://www.delhaize.be/nl/shop/Zoute-kruidenierswaren/Sauzen/Mayonaise/Mayonaise-Eieren/p/S1997040800010030000,2026-05-10T15:13:53.033515
Delhaize,Zoute kruidenierswaren,Doritos Tortilla chips | Nacho cheese,Doritos,1.59,,"9,35 €/kg",,https://www.delhaize.be/nl/shop/Zoute-kruidenierswaren/Chips-en-aperitief-snacks/Chips/Tortilla-s-en-dips/Tortilla-chips-Nacho-cheese/p/S2022020100602540000,2026-05-10T15:13:53.581353
Delhaize,Zoute kruidenierswaren,Lay's Chips | Pickles Smaak,Lay's,2.05,,"11,08 €/kg",,https://www.delhaize.be/nl/shop/Zoute-kruidenierswaren/Chips-en-aperitief-snacks/Chips/Klassieke-chips/Chips-Pickles-Smaak/p/S2022012500600610000,2026-05-10T15:13:54.128624
Delhaize,Zoute kruidenierswaren,De Cecco Pasta | Penne rigate n 41,De Cecco,2.15,,"4,30 €/kg",,https://www.delhaize.be/nl/shop/Zoute-kruidenierswaren/Pasta-rijst-en-andere-zetmeelproducten/Pasta/Witte-pasta/Pasta-Penne-rigate-n-41/p/S2018070200079220000,2026-05-10T15:13:54.676133
Delhaize,Zoute kruidenierswaren,Delhaize Rijst | Basmati,Delhaize,1.22,,"2,44 €/kg",,https://www.delhaize.be/nl/shop/Zoute-kruidenierswaren/Pasta-rijst-en-andere-zetmeelproducten/Rijst/Basmati-rijst/Rijst-Basmati/p/S2018100200120420000,2026-05-10T15:13:55.226098
Delhaize,Zoute kruidenierswaren,De Cecco Pasta | Fusilli,De Cecco,2.15,,"4,30 €/kg",,https://www.delhaize.be/nl/shop/Zoute-kruidenierswaren/Pasta-rijst-en-andere-zetmeelproducten/Pasta/Witte-pasta/Pasta-Fusilli/p/S2018070200079190000,2026-05-10T15:13:55.773655
Delhaize,Zoute kruidenierswaren,De Cecco Pasta | Linguine n.7,De Cecco,2.09,,"4,18 €/kg",,https://www.delhaize.be/nl/shop/Zoute-kruidenierswaren/Pasta-rijst-en-andere-zetmeelproducten/Pasta/Witte-pasta/Pasta-Linguine-n-7/p/S2012040400137160000,2026-05-10T15:13:56.320839
Delhaize,Zoute kruidenierswaren,Delhaize Kokosmelk,Delhaize,0.99,,"2,48 €/l",,https://www.delhaize.be/nl/shop/Zoute-kruidenierswaren/Wereldkeuken/Thailand/Culinaire-hulpmiddelen/Kokosmelk/p/S2012030600123580000,2026-05-10T15:13:56.869660
Delhaize,Zoute kruidenierswaren,LU Toasts | Mini | Olijfolie | Oregano,LU,2.25,,"9,00 €/kg",,https://www.delhaize.be/nl/shop/Zoute-kruidenierswaren/Chips-en-aperitief-snacks/Aperitiefkoekjes-en-toasts/Crackers-en-creppies/Toasts-Mini-Olijfolie-Oregano/p/S1998052800043350000,2026-05-10T15:13:57.419584
Delhaize,Zoute kruidenierswaren,Doritos Tortilla chips | Sweet chilli pepper,Doritos,1.59,,"9,35 €/kg",,https://www.delhaize.be/nl/shop/Zoute-kruidenierswaren/Chips-en-aperitief-snacks/Chips/Tortilla-s-en-dips/Tortilla-chips-Sweet-chilli-pepper/p/S2022020100602570000,2026-05-10T15:13:58.007551
Delhaize,Zoute kruidenierswaren,Delhaize Pasta | Capellini,Delhaize,0.75,20 punten voor 2,"1,50 €/kg",,https://www.delhaize.be/nl/shop/Zoute-kruidenierswaren/Pasta-rijst-en-andere-zetmeelproducten/Pasta/Witte-pasta/Pasta-Capellini/p/S2013041600151140000,2026-05-10T15:13:58.094774
Delhaize,Zoute kruidenierswaren,Delhaize Chips | Zout,Delhaize,0.99,,"3,96 €/kg",,https://www.delhaize.be/nl/shop/Zoute-kruidenierswaren/Chips-en-aperitief-snacks/Chips/Klassieke-chips/Chips-Zout/p/S2012112600028020000,2026-05-10T15:13:58.642048
Delhaize,Zoute kruidenierswaren,Lay's Bbq | Ribbled | Chips,Lay's,1.70,5=gratis levering,"11,34 €/kg",,https://www.delhaize.be/nl/shop/Zoute-kruidenierswaren/Chips-en-aperitief-snacks/Chips/Klassieke-chips/Bbq-Ribbled-Chips/p/S2010061000026010000,2026-05-10T15:13:58.696075
Delhaize,Zoute kruidenierswaren,Lay's Chips | Pickles,Lay's,1.55,2 voor €3,"7,75 €/kg",,https://www.delhaize.be/nl/shop/Zoute-kruidenierswaren/Chips-en-aperitief-snacks/Chips/Klassieke-chips/Chips-Pickles/p/S2022072800600560098,2026-05-10T15:13:58.747093
Delhaize,Zoute kruidenierswaren,Barilla Saus | Tomaat | Basilicum,Barilla,3.45,,"8,63 €/kg",,https://www.delhaize.be/nl/shop/Zoute-kruidenierswaren/Sauzen/Pastasauzen/Saus-Tomaat-Basilicum/p/S2018082400106850000,2026-05-10T15:13:59.295047
Delhaize,Zoute kruidenierswaren,Aiki Noodles | Chicken | Cup,Aiki,0.99,,"14,56 €/kg",,https://www.delhaize.be/nl/shop/Zoute-kruidenierswaren/Pasta-rijst-en-andere-zetmeelproducten/Snacks-en-bereide-maaltijden/Instant-noedels-pasta-en-rijst/Noodles-Chicken-Cup/p/S2021121300593610000,2026-05-10T15:13:59.843270
Delhaize,Zoute kruidenierswaren,Lay's Chips | Mediterranean herbs,Lay's,1.66,5=gratis levering,"11,10 €/kg",,https://www.delhaize.be/nl/shop/Zoute-kruidenierswaren/Chips-en-aperitief-snacks/Chips/Klassieke-chips/Chips-Mediterranean-herbs/p/S2010061000025980000,2026-05-10T15:13:59.894399
Delhaize,Zoute kruidenierswaren,Duyvis Tiger Bbq Paprika | Nuts | Nootjes,Duyvis,2.19,2de tegen -40%,"14,60 €/kg",,https://www.delhaize.be/nl/shop/Zoute-kruidenierswaren/Chips-en-aperitief-snacks/Noten/Omhulde-noten/Tiger-Bbq-Paprika-Nuts-Nootjes/p/S2006122700027030001,2026-05-10T15:13:59.944441
Delhaize,Zoute kruidenierswaren,Barilla Pasta | Penne Rigate n.73,Barilla,1.89,,"3,78 €/kg",,https://www.delhaize.be/nl/shop/Zoute-kruidenierswaren/Pasta-rijst-en-andere-zetmeelproducten/Pasta/Witte-pasta/Pasta-Penne-Rigate-n-73/p/S2019060600259330000,2026-05-10T15:14:00.490818
Delhaize,Zoute kruidenierswaren,Elvea Saus | Pasta | Basilico,Elvea,3.45,1+1 gratis,"8,63 €/kg",,https://www.delhaize.be/nl/shop/Zoute-kruidenierswaren/Sauzen/Pastasauzen/Saus-Pasta-Basilico/p/S2020070800444950000,2026-05-10T15:14:00.547634
Delhaize,Zoute kruidenierswaren,Lay's Chips | Bugles | Paprika,Lay's,1.62,5=gratis levering,"12,96 €/kg",,https://www.delhaize.be/nl/shop/Zoute-kruidenierswaren/Chips-en-aperitief-snacks/Chips/Chips-met-speciale-vorm/Chips-Bugles-Paprika/p/S2022030700611960000,2026-05-10T15:14:00.601142
Delhaize,Zoute kruidenierswaren,Delhaize Olie | Zonnebloem,Delhaize,1.99,,"1,99 €/l",,https://www.delhaize.be/nl/shop/Zoute-kruidenierswaren/Olie-en-azijn/Zonnebloemolie/Olie-Zonnebloem/p/S2022072500641380000,2026-05-10T15:14:01.147257
Delhaize,Zoute kruidenierswaren,Bertolli Pesto | Rosso | 185 g,Bertolli,3.89,2de tegen -50%,"21,03 €/kg",,https://www.delhaize.be/nl/shop/Zoute-kruidenierswaren/Sauzen/Pastasauzen/Pesto-Rosso-185-g/p/S2002061200112230000,2026-05-10T15:14:01.212888
Delhaize,Zoute kruidenierswaren,Delhaize Rijst | Basmati,Delhaize,1.84,,"1,84 €/kg",,https://www.delhaize.be/nl/shop/Zoute-kruidenierswaren/Pasta-rijst-en-andere-zetmeelproducten/Rijst/Basmati-rijst/Rijst-Basmati/p/S2018100200120350000,2026-05-10T15:14:01.786276
Delhaize,Zoute kruidenierswaren,Delhaize Tortilla chips | Naturel | Bio,Delhaize,1.89,,"12,60 €/kg",,https://www.delhaize.be/nl/shop/Zoute-kruidenierswaren/Chips-en-aperitief-snacks/Chips/Tortilla-s-en-dips/Tortilla-chips-Naturel-Bio/p/S2000120100026880000,2026-05-10T15:14:02.336029
Delhaize,Zoute kruidenierswaren,Delhaize Olie | Frituur | Blend,Delhaize,3.29,,"1,65 €/l",,https://www.delhaize.be/nl/shop/Zoute-kruidenierswaren/Olie-en-azijn/Bakolie-en-vet/Olie-Frituur-Blend/p/S2022072500009530000,2026-05-10T15:14:02.883606
Delhaize,Zoute kruidenierswaren,Elvea Saus | Pasta | Tradizionale,Elvea,3.45,1+1 gratis,"8,63 €/kg",,https://www.delhaize.be/nl/shop/Zoute-kruidenierswaren/Sauzen/Pastasauzen/Saus-Pasta-Tradizionale/p/S2020070800444930000,2026-05-10T15:14:02.936368
Delhaize,Zoute kruidenierswaren,La Main Bleue Azijn | Kristal,La Main Bleue,0.91,,"1,21 €/l",,https://www.delhaize.be/nl/shop/Zoute-kruidenierswaren/Olie-en-azijn/Azijnen/Azijn-Kristal/p/S1971080100007120000,2026-05-10T15:14:03.486346
Delhaize,Zoute kruidenierswaren,Delhaize Olijfolie | Extra vierge,Delhaize,5.85,,"11,70 €/l",,https://www.delhaize.be/nl/shop/Zoute-kruidenierswaren/Olie-en-azijn/Olijfolie/Olijfolie-Extra-vierge/p/S2021060800553730000,2026-05-10T15:14:04.036685
Delhaize,Zoute kruidenierswaren,LU Crackers | Toastjes | Sweet Red Paprika,LU,1.59,,"15,90 €/kg",,https://www.delhaize.be/nl/shop/Zoute-kruidenierswaren/Chips-en-aperitief-snacks/Aperitiefkoekjes-en-toasts/Crackers-en-creppies/Crackers-Toastjes-Sweet-Red-Paprika/p/S2016020403624500000,2026-05-10T15:14:04.589899
Delhaize,Zoute kruidenierswaren,Conimex Noedels | Wok | 248 g,Conimex,3.79,,"15,28 €/kg",,https://www.delhaize.be/nl/shop/Zoute-kruidenierswaren/Wereldkeuken/Zuidoost-Azie/Pasta-rijst-en-andere-koolhydraten/Noedels-Wok-248-g/p/S2018031500038960000,2026-05-10T15:14:05.141879
Delhaize,Zoute kruidenierswaren,De Cecco Pasta | Orecchiette n 91,De Cecco,2.29,,"4,58 €/kg",,https://www.delhaize.be/nl/shop/Zoute-kruidenierswaren/Pasta-rijst-en-andere-zetmeelproducten/Pasta/Witte-pasta/Pasta-Orecchiette-n-91/p/S2018070200079330000,2026-05-10T15:14:05.691629
Delhaize,Zoute kruidenierswaren,Lay's Chips | Classic burger,Lay's,2.19,2 voor €3,"10,95 €/kg",,https://www.delhaize.be/nl/shop/Zoute-kruidenierswaren/Chips-en-aperitief-snacks/Chips/Klassieke-chips/Chips-Classic-burger/p/S2022072600600540098,2026-05-10T15:14:05.746578
Delhaize,Zoute kruidenierswaren,Delhaize Mayonaise | Ambachtelijk,Delhaize,4.85,,"6,74 €/l",,https://www.delhaize.be/nl/shop/Zoute-kruidenierswaren/Sauzen/Mayonaise/Mayonaise-Ambachtelijk/p/S2003091900010390000,2026-05-10T15:14:06.303539
Delhaize,Zoute kruidenierswaren,Duyvis Cocktail | Nuts | Nootjes,Duyvis,1.99,2de tegen -40%,"9,95 €/kg",,https://www.delhaize.be/nl/shop/Zoute-kruidenierswaren/Chips-en-aperitief-snacks/Noten/Omhulde-noten/Cocktail-Nuts-Nootjes/p/S2017060604154750000,2026-05-10T15:14:06.359636
Delhaize,Zoute kruidenierswaren,Delhaize Olijfolie | Extra vierge | Spanje,Delhaize,5.75,,"11,50 €/l",,https://www.delhaize.be/nl/shop/Zoute-kruidenierswaren/Olie-en-azijn/Olijfolie/Olijfolie-Extra-vierge-Spanje/p/S2019100900312880000,2026-05-10T15:14:06.912021
Delhaize,Zoute kruidenierswaren,Bertolli Pastasaus | Basilico | 400 g,Bertolli,4.25,2de tegen -50%,"10,63 €/kg",,https://www.delhaize.be/nl/shop/Zoute-kruidenierswaren/Sauzen/Pastasauzen/Pastasaus-Basilico-400-g/p/S2013022600011230000,2026-05-10T15:14:06.968112
Delhaize,Zoute kruidenierswaren,Bertolli Pesto | Genovese,Bertolli,3.89,2de tegen -50%,"21,03 €/kg",,https://www.delhaize.be/nl/shop/Zoute-kruidenierswaren/Sauzen/Pastasauzen/Pesto-Genovese/p/S2021070500565040000,2026-05-10T15:14:07.020749
Delhaize,Zoute kruidenierswaren,Barilla Pasta | Fusilli,Barilla,1.87,,"3,74 €/kg",,https://www.delhaize.be/nl/shop/Zoute-kruidenierswaren/Pasta-rijst-en-andere-zetmeelproducten/Pasta/Witte-pasta/Pasta-Fusilli/p/S2019060600259380000,2026-05-10T15:14:07.570113
Delhaize,Zoute kruidenierswaren,Filippo Berio Olijfolie | Extra vierge | Delicato,Filippo Berio,12.79,,"17,05 €/l",,https://www.delhaize.be/nl/shop/Zoute-kruidenierswaren/Olie-en-azijn/Olijfolie/Olijfolie-Extra-vierge-Delicato/p/S2023011000671460000,2026-05-10T15:14:08.120123
Delhaize,Zoute kruidenierswaren,Delhaize Pasta | Pipe Rigate,Delhaize,1.15,20 punten voor 2,"2,30 €/kg",,https://www.delhaize.be/nl/shop/Zoute-kruidenierswaren/Pasta-rijst-en-andere-zetmeelproducten/Pasta/Witte-pasta/Pasta-Pipe-Rigate/p/S2013041700151340000,2026-05-10T15:14:08.173521
Delhaize,Zoute kruidenierswaren,Cheetos Cheetos | Goals | Edition Limited,Cheetos,2.49,,"24,90 €/kg",,https://www.delhaize.be/nl/shop/Zoute-kruidenierswaren/Chips-en-aperitief-snacks/Chips/Chips-met-speciale-vorm/Cheetos-Goals-Edition-Limited/p/S2021020800506350000,2026-05-10T15:14:08.722080
Delhaize,Zoute kruidenierswaren,Lay's Chips | Roasted Naturel,Lay's,2.29,,"18,32 €/kg",,https://www.delhaize.be/nl/shop/Zoute-kruidenierswaren/Chips-en-aperitief-snacks/Chips/Chips-met-speciale-vorm/Chips-Roasted-Naturel/p/S2021051200542830000,2026-05-10T15:14:09.272359
Delhaize,Zoute kruidenierswaren,Soubry Pasta | Quick | Macaroni | Kort,Soubry,0.89,,"2,37 €/kg",,https://www.delhaize.be/nl/shop/Zoute-kruidenierswaren/Pasta-rijst-en-andere-zetmeelproducten/Pasta/Witte-pasta/Pasta-Quick-Macaroni-Kort/p/S2020020500355520000,2026-05-10T15:14:09.823335
Delhaize,Zoute kruidenierswaren,LU Crackers | Mini Snackies | Toastjes | Zout,LU,1.93,,"19,30 €/kg",,https://www.delhaize.be/nl/shop/Zoute-kruidenierswaren/Chips-en-aperitief-snacks/Aperitiefkoekjes-en-toasts/Crackers-en-creppies/Crackers-Mini-Snackies-Toastjes-Zout/p/S2018060600066890000,2026-05-10T15:14:10.378049
Delhaize,Zoute kruidenierswaren,Knorr Soep in brik | Tomaat en mozzarella | 1 L,Knorr,4.79,,"4,79 €/l",,https://www.delhaize.be/nl/shop/Zoute-kruidenierswaren/Soepen/Conserve-soepen-groot-formaat/Knorr/Soep-in-brik-Tomaat-en-mozzarella-1-L/p/S2011072500144090000,2026-05-10T15:14:10.938660
Delhaize,Zoute kruidenierswaren,Mousline Puree | Aardappel | Klassiek,Mousline,4.25,,"8,17 €/kg",,https://www.delhaize.be/nl/shop/Zoute-kruidenierswaren/Pasta-rijst-en-andere-zetmeelproducten/Puree/Aardappelen-puree/Puree-Aardappel-Klassiek/p/S2019011400149080000,2026-05-10T15:14:11.486793
Delhaize,Zoute kruidenierswaren,Heinz Ketchup | Tomaat | -50% suiker en zout,Heinz,2.39,,"10,86 €/l",,https://www.delhaize.be/nl/shop/Zoute-kruidenierswaren/Sauzen/Ketchup/Ketchup-Tomaat-50-suiker-en-zout/p/S2019080800289640000,2026-05-10T15:14:12.036031
Delhaize,Zoute kruidenierswaren,Delhaize Pasta | Linguine,Delhaize,1.02,20 punten voor 2,"2,04 €/kg",,https://www.delhaize.be/nl/shop/Zoute-kruidenierswaren/Pasta-rijst-en-andere-zetmeelproducten/Pasta/Witte-pasta/Pasta-Linguine/p/S2013041600151150000,2026-05-10T15:14:12.088982
Delhaize,Zoute kruidenierswaren,Delhaize Quinoa | Bio,Delhaize,3.45,,"6,90 €/kg",,https://www.delhaize.be/nl/shop/Zoute-kruidenierswaren/Pasta-rijst-en-andere-zetmeelproducten/Granen/Quinoa/Quinoa-Bio/p/S2020020300354630000,2026-05-10T15:14:12.636403
Delhaize,Zoute kruidenierswaren,Bertolli Olijfolie | Extra vierge,Bertolli,13.49,,"17,99 €/l",,https://www.delhaize.be/nl/shop/Zoute-kruidenierswaren/Olie-en-azijn/Olijfolie/Olijfolie-Extra-vierge/p/S2022032300615350000,2026-05-10T15:14:13.186627
Delhaize,Zoute kruidenierswaren,Delhaize Pijnboompitten,Delhaize,9.59,,"47,95 €/kg",,https://www.delhaize.be/nl/shop/Verse-groenten-en-fruit/Noten-en-gedroogd-fruit/Ingredienten-van-gedroogd-fruit/Zaden-en-pijnboompitten/Pijnboompitten/p/S2021010800489140000,2026-05-10T15:14:13.736568
Delhaize,Zoute kruidenierswaren,Bosto Snelkookrijst | 8 min,Bosto,3.85,2+1 gratis,"3,85 €/kg",,https://www.delhaize.be/nl/shop/Zoute-kruidenierswaren/Pasta-rijst-en-andere-zetmeelproducten/Rijst/Langkorrelige-rijst/Snelkookrijst-8-min/p/S1999091300102280000,2026-05-10T15:14:13.787776
Delhaize,Zoute kruidenierswaren,LU Crackers | Toastjes | Kaas Smaak,LU,1.49,,"14,90 €/kg",,https://www.delhaize.be/nl/shop/Zoute-kruidenierswaren/Chips-en-aperitief-snacks/Aperitiefkoekjes-en-toasts/Crackers-en-creppies/Crackers-Toastjes-Kaas-Smaak/p/S2011051000031510000,2026-05-10T15:14:14.335680
Delhaize,Zoute kruidenierswaren,Tabasco Tabasco | Sriracha | Thaise,Tabasco,4.65,,"15,50 €/kg",,https://www.delhaize.be/nl/shop/Zoute-kruidenierswaren/Kookhulpmiddelen/Smaakversterkers/Tabasco-Sriracha-Thaise/p/S2021062900562340000,2026-05-10T15:14:14.885483
Delhaize,Diepvries,Delhaize Mini-eclairs,Delhaize,3.65,,"0,30 €/st",,https://www.delhaize.be/nl/shop/Diepvries/Roomijs-en-Desserts/Diepvries-patisserie/Mini-eclairs/p/S2018061100068960000,2026-05-10T15:14:28.996639
Delhaize,Diepvries,Delhaize Roomsoesjes,Delhaize,1.76,,"0,09 €/st",,https://www.delhaize.be/nl/shop/Diepvries/Roomijs-en-Desserts/Diepvries-patisserie/Roomsoesjes/p/S2018061100068790000,2026-05-10T15:14:29.556817
Delhaize,Diepvries,Gigi Pompoen | Banaan | Kaneel,Gigi,4.95,,"10,42 €/l",,https://www.delhaize.be/nl/shop/Diepvries/Roomijs-en-Desserts/Roomijs/Potten/Pompoen-Banaan-Kaneel/p/S2025013100322130000,2026-05-10T15:14:30.115160
Delhaize,Diepvries,Iglo Fish & Fun | Gepaneerde vis,Iglo,5.25,,"14,91 €/kg",,https://www.delhaize.be/nl/shop/Diepvries/Vlees-en-vis/Vis/Fish-and-Fun-Gepaneerde-vis/p/S2023053100704600000,2026-05-10T15:14:30.669153
Delhaize,Diepvries,Iglo Flapjes | Ham | Kaas,Iglo,5.09,,"19,96 €/kg",,https://www.delhaize.be/nl/shop/Diepvries/Bereide-schotels-en-apero/Voorgerechten/Crepes/Flapjes-Ham-Kaas/p/S2016090703668330000,2026-05-10T15:14:31.252337
Delhaize,Diepvries,Belviva Frieten | Belgische | Oven,Belviva,4.19,,"6,98 €/kg",,https://www.delhaize.be/nl/shop/Diepvries/Frieten-en-aardappelproducten/Diepvriesfrieten/Frieten-Belgische-Oven/p/S2018011900018270000,2026-05-10T15:14:31.802943
Delhaize,Diepvries,Belviva Frieten | Oven | M size,Belviva,4.19,,"6,98 €/kg",,https://www.delhaize.be/nl/shop/Diepvries/Frieten-en-aardappelproducten/Diepvriesfrieten/Frieten-Oven-M-size/p/S2020010900341070000,2026-05-10T15:14:32.356101
Delhaize,Diepvries,Belviva Allumettes Frieten | Oven & Airfryer,Belviva,5.09,,"8,48 €/kg",,https://www.delhaize.be/nl/shop/Diepvries/Frieten-en-aardappelproducten/Diepvriesfrieten/Allumettes-Frieten-Oven-and-Airfryer/p/S2023032400675000000,2026-05-10T15:14:32.909675
Delhaize,Diepvries,Delhaize Gepelde garnalen 21/25,Delhaize,14.59,,"32,42 €/kg",,https://www.delhaize.be/nl/shop/Diepvries/Vlees-en-vis/Zeevruchten/Gepelde-garnalen-21-25/p/S2012042300295450000,2026-05-10T15:14:33.461667
Delhaize,Diepvries,Iglo Fish Sticks Omega 3 | 10 stuks,Iglo,4.95,,"16,50 €/kg",,https://www.delhaize.be/nl/shop/Diepvries/Vlees-en-vis/Vis/Fish-Sticks-Omega-3-10-stuks/p/S2009012700286730000,2026-05-10T15:14:34.015030
Delhaize,Diepvries,Delhaize Erwten | Bio,Delhaize,1.29,,"2,87 €/kg",,https://www.delhaize.be/nl/shop/Diepvries/Diepvries-groenten-soepen-en-kruiden/Diepvries-natuurlijke-groenten/Diepvries-wortelen-en-erwten/Erwten-Bio/p/S1997082100271550000,2026-05-10T15:14:34.568945
Delhaize,Diepvries,Delhaize Kipnuggets,Delhaize,2.29,,"9,16 €/kg",,https://www.delhaize.be/nl/shop/Diepvries/Bereide-schotels-en-apero/Voorgerechten/Vlees-en-gevogelte/Kipnuggets/p/S2013052300273780000,2026-05-10T15:14:35.118970
Delhaize,Diepvries,Delhaize Gratin Dauphinois,Delhaize,2.99,,"6,23 €/kg",,https://www.delhaize.be/nl/shop/Diepvries/Frieten-en-aardappelproducten/Diepvries-gratins/Gratin-Dauphinois/p/S2017050204147930000,2026-05-10T15:14:35.672051
Delhaize,Diepvries,Delhaize Extra fijne Boontjes,Delhaize,0.99,,"1,65 €/kg",,https://www.delhaize.be/nl/shop/Diepvries/Diepvries-groenten-soepen-en-kruiden/Diepvries-natuurlijke-groenten/Diepvries-bonen/Extra-fijne-Boontjes/p/S1992111700270810000,2026-05-10T15:14:36.224700
Delhaize,Diepvries,Delhaize Broccoli,Delhaize,1.09,,"1,82 €/kg",,https://www.delhaize.be/nl/shop/Diepvries/Diepvries-groenten-soepen-en-kruiden/Diepvries-natuurlijke-groenten/Diepvries-kolen/Broccoli/p/S1982012100271240000,2026-05-10T15:14:36.776701
Delhaize,Diepvries,Delhaize Gehakte spinazie met room,Delhaize,1.15,,"2,56 €/kg",,https://www.delhaize.be/nl/shop/Diepvries/Diepvries-groenten-soepen-en-kruiden/Kant-en-klaar-maaltijden/Gehakte-spinazie-met-room/p/S2005080800273180000,2026-05-10T15:14:37.328340
Delhaize,Diepvries,Delhaize Garnalen | L 16/20 | Asc,Delhaize,15.49,,"34,42 €/kg",,https://www.delhaize.be/nl/shop/Diepvries/Vlees-en-vis/Zeevruchten/Garnalen-L-16-20-Asc/p/S2020122100478720000,2026-05-10T15:14:37.905890
Delhaize,Diepvries,Iglo Fish Sticks | 28 stuks,Iglo,6.09,,"7,25 €/kg",,https://www.delhaize.be/nl/shop/Diepvries/Vlees-en-vis/Vis/Fish-Sticks-28-stuks/p/S2019111200322460000,2026-05-10T15:14:38.458563
Delhaize,Diepvries,Delhaize Ovenfrieten,Delhaize,1.39,,"1,85 €/kg",,https://www.delhaize.be/nl/shop/Diepvries/Frieten-en-aardappelproducten/Diepvriesfrieten/Ovenfrieten/p/S2020071400446830000,2026-05-10T15:14:39.010569
Delhaize,Diepvries,Delhaize Gesneden ajuinen,Delhaize,1.49,,"2,48 €/kg",,https://www.delhaize.be/nl/shop/Diepvries/Diepvries-groenten-soepen-en-kruiden/Diepvries-natuurlijke-groenten/Andere-diepvriesproducten/Gesneden-ajuinen/p/S1999050700271170000,2026-05-10T15:14:39.565098
Delhaize,Diepvries,Delhaize Rauwe garnalen | XL 8/12,Delhaize,17.99,,"39,98 €/kg",,https://www.delhaize.be/nl/shop/Diepvries/Vlees-en-vis/Zeevruchten/Rauwe-garnalen-XL-8-12/p/S2009061200295310000,2026-05-10T15:14:40.118553
Delhaize,Diepvries,Delhaize Frambozen,Delhaize,2.99,,"11,96 €/kg",,https://www.delhaize.be/nl/shop/Diepvries/Roomijs-en-Desserts/Diepvriesfruit/Frambozen/p/S2018042500053000000,2026-05-10T15:14:40.670772
Delhaize,Diepvries,Iglo Macaroni | Met Ham en Kaas,Iglo,3.89,,"8,64 €/kg",,https://www.delhaize.be/nl/shop/Diepvries/Bereide-schotels-en-apero/Hoofdgerechten/Non-vegetarisch/Macaroni-Met-Ham-en-Kaas/p/S1998112300279720000,2026-05-10T15:14:41.224202
Delhaize,Diepvries,Delhaize Bloemkool,Delhaize,0.81,,"1,35 €/kg",,https://www.delhaize.be/nl/shop/Diepvries/Diepvries-groenten-soepen-en-kruiden/Diepvries-natuurlijke-groenten/Diepvries-kolen/Bloemkool/p/S2016083103667070000,2026-05-10T15:14:41.775309
Delhaize,Diepvries,Delhaize Spinazie | Bio,Delhaize,1.29,,"2,87 €/kg",,https://www.delhaize.be/nl/shop/Diepvries/Diepvries-groenten-soepen-en-kruiden/Diepvries-natuurlijke-groenten/Diepvries-spinazie/Spinazie-Bio/p/S1997082100270110000,2026-05-10T15:14:42.328300
Delhaize,Diepvries,Delhaize Wortelschijven,Delhaize,0.77,,"1,28 €/kg",,https://www.delhaize.be/nl/shop/Diepvries/Diepvries-groenten-soepen-en-kruiden/Diepvries-natuurlijke-groenten/Diepvries-wortelen-en-erwten/Wortelschijven/p/S2019110400320260000,2026-05-10T15:14:42.880825
Delhaize,Diepvries,Iglo Aardappelgratin | Met Gehakt en Spinazie,Iglo,7.19,,"15,98 €/kg",,https://www.delhaize.be/nl/shop/Diepvries/Bereide-schotels-en-apero/Hoofdgerechten/Non-vegetarisch/Aardappelgratin-Met-Gehakt-en-Spinazie/p/S2000040400279530000,2026-05-10T15:14:43.438104
Delhaize,Diepvries,Chimay Sélection 6 Flapjes ham kaas,Chimay Sélection,5.15,,"20,20 €/kg",,https://www.delhaize.be/nl/shop/Diepvries/Bereide-schotels-en-apero/Voorgerechten/Crepes/6-Flapjes-ham-kaas/p/S2014042800371850000,2026-05-10T15:14:43.989961
Delhaize,Diepvries,Delhaize Broccoli | Bio,Delhaize,1.49,,"3,73 €/kg",,https://www.delhaize.be/nl/shop/Diepvries/Diepvries-groenten-soepen-en-kruiden/Diepvries-natuurlijke-groenten/Diepvries-kolen/Broccoli-Bio/p/S2001111400270200000,2026-05-10T15:14:44.545172
Delhaize,Diepvries,Delhaize Pizza | Margherita | Bio,Delhaize,2.89,,"9,63 €/kg",,https://www.delhaize.be/nl/shop/Diepvries/Pizza-s/Italiaanse-stijl/Pizza-Margherita-Bio/p/S2010081200278680000,2026-05-10T15:14:45.097444
Delhaize,Diepvries,Delhaize Mango,Delhaize,1.95,,"7,80 €/kg",,https://www.delhaize.be/nl/shop/Diepvries/Roomijs-en-Desserts/Diepvriesfruit/Mango/p/S2018042500053020000,2026-05-10T15:14:45.651971
Delhaize,Diepvries,Mc Cain Oven | Frieten | Klassiek,Mc Cain,3.59,-10% Online,"5,13 €/kg",,https://www.delhaize.be/nl/shop/Diepvries/Frieten-en-aardappelproducten/Diepvriesfrieten/Oven-Frieten-Klassiek/p/S2022080300274280098,2026-05-10T15:14:45.710473
Delhaize,Diepvries,Dr. oetker Pizza | Margherita | Con basilico,Dr. oetker,3.75,,"12,50 €/kg",,https://www.delhaize.be/nl/shop/Diepvries/Pizza-s/Italiaanse-stijl/Pizza-Margherita-Con-basilico/p/S2008012500278840000,2026-05-10T15:14:46.265104
Delhaize,Diepvries,Dr. oetker Pizza | 4 formaggi,Dr. oetker,2.19,,"6,44 €/kg",,https://www.delhaize.be/nl/shop/Diepvries/Pizza-s/Italiaanse-stijl/Pizza-4-formaggi/p/S2022020400603690000,2026-05-10T15:14:46.816219
Delhaize,Diepvries,Delhaize Soepgroenten | Bio,Delhaize,2.25,,"3,75 €/kg",,https://www.delhaize.be/nl/shop/Diepvries/Diepvries-groenten-soepen-en-kruiden/Diepvries-groenten-voor-in-de-soep/Soepgroenten-Bio/p/S1999081000270100000,2026-05-10T15:14:47.368700
Delhaize,Diepvries,Delhaize 10 | Chocoladebroodjes,Delhaize,3.49,,"4,99 €/kg",,https://www.delhaize.be/nl/shop/Diepvries/Roomijs-en-Desserts/Diepvriesgebak/10-Chocoladebroodjes/p/S2022082600648270000,2026-05-10T15:14:47.945966
Delhaize,Diepvries,Delhaize Bosvruchten,Delhaize,2.69,,"10,76 €/kg",,https://www.delhaize.be/nl/shop/Diepvries/Roomijs-en-Desserts/Diepvriesfruit/Bosvruchten/p/S2018042500053010000,2026-05-10T15:14:48.520924
Delhaize,Diepvries,Delhaize Frietjes | Zoete aardappel,Delhaize,2.59,,"5,76 €/kg",,https://www.delhaize.be/nl/shop/Diepvries/Frieten-en-aardappelproducten/Diepvriesfrieten/Frietjes-Zoete-aardappel/p/S2018101800126190000,2026-05-10T15:14:49.075215
Delhaize,Diepvries,Ben & Jerry's Ijs | Cookie dough | Classic,Ben & Jerry's,5.25,,"11,29 €/l",,https://www.delhaize.be/nl/shop/Diepvries/Roomijs-en-Desserts/Roomijs/Potten/Ijs-Cookie-dough-Classic/p/S2019120600333500000,2026-05-10T15:14:49.628197
Delhaize,Diepvries,Delhaize Loempias met kip en groenten,Delhaize,6.99,,"13,98 €/kg",,https://www.delhaize.be/nl/shop/Diepvries/Bereide-schotels-en-apero/Voorgerechten/Loempia/Loempias-met-kip-en-groenten/p/S2006012700279670000,2026-05-10T15:14:50.182460
Delhaize,Diepvries,Dr. oetker Pizza | Mozzarella,Dr. oetker,2.65,,"7,46 €/kg",,https://www.delhaize.be/nl/shop/Diepvries/Pizza-s/Italiaanse-stijl/Pizza-Mozzarella/p/S2022020700134610000,2026-05-10T15:14:50.736964
Delhaize,Diepvries,Delhaize 12 | croissants,Delhaize,4.19,,"5,82 €/kg",,https://www.delhaize.be/nl/shop/Diepvries/Roomijs-en-Desserts/Diepvriesgebak/12-croissants/p/S2022082600648260000,2026-05-10T15:14:51.290263
Delhaize,Diepvries,Delhaize Hele bonen | Bio,Delhaize,1.79,,"3,98 €/kg",,https://www.delhaize.be/nl/shop/Diepvries/Diepvries-groenten-soepen-en-kruiden/Diepvries-natuurlijke-groenten/Diepvries-bonen/Hele-bonen-Bio/p/S1997082100270790000,2026-05-10T15:14:51.848749
Delhaize,Diepvries,NISSUI Edamame,NISSUI,6.45,,"16,13 €/kg",,https://www.delhaize.be/nl/shop/Diepvries/Diepvries-groenten-soepen-en-kruiden/Diepvries-natuurlijke-groenten/Diepvries-bonen/Edamame/p/S2015102903610850000,2026-05-10T15:14:52.404372
Delhaize,Diepvries,Dr. oetker Pizza | Spinaci,Dr. oetker,3.09,,"7,92 €/kg",,https://www.delhaize.be/nl/shop/Diepvries/Pizza-s/Italiaanse-stijl/Pizza-Spinaci/p/S1995042600279060000,2026-05-10T15:14:52.959590
Delhaize,Diepvries,Dr. oetker Pizza | 4 Formaggi | 4 Kazen,Dr. oetker,5.25,,"12,80 €/kg",,https://www.delhaize.be/nl/shop/Diepvries/Pizza-s/Italiaanse-stijl/Pizza-4-Formaggi-4-Kazen/p/S2009020200278860000,2026-05-10T15:14:53.513593
Delhaize,Diepvries,Delhaize Ice Cubes Premium,Delhaize,1.55,,"0,78 €/kg",,https://www.delhaize.be/nl/shop/Koude-en-warme-dranken/Water/Ijsblokjes/Ice-Cubes-Premium/p/S2018113000134510000,2026-05-10T15:14:54.068847
Delhaize,Diepvries,Delhaize Fijngesneden look,Delhaize,2.99,,"14,95 €/kg",,https://www.delhaize.be/nl/shop/Diepvries/Diepvries-groenten-soepen-en-kruiden/Diepvries-natuurlijke-groenten/Diepvries-look-ajuin-en-sjalotten/Fijngesneden-look/p/S2007092800276820000,2026-05-10T15:14:54.626111
Delhaize,Diepvries,Delhaize ButternutBlokjes| Bio,Delhaize,2.29,,"5,09 €/kg",,https://www.delhaize.be/nl/shop/Diepvries/Diepvries-groenten-soepen-en-kruiden/Diepvries-natuurlijke-groenten/Andere-diepvriesproducten/ButternutBlokjes-Bio/p/S2019051000251040000,2026-05-10T15:14:55.185018
Delhaize,Diepvries,Delhaize Garnaalstaarten | L 26/30,Delhaize,10.99,,"24,42 €/kg",,https://www.delhaize.be/nl/shop/Diepvries/Vlees-en-vis/Zeevruchten/Garnaalstaarten-L-26-30/p/S2017112104192050000,2026-05-10T15:14:55.740317
Delhaize,Diepvries,Delhaize Gesneden prei,Delhaize,0.89,,"1,48 €/kg",,https://www.delhaize.be/nl/shop/Diepvries/Diepvries-groenten-soepen-en-kruiden/Diepvries-natuurlijke-groenten/Diepvries-prei/Gesneden-prei/p/S1984011200271970000,2026-05-10T15:14:56.304365
Delhaize,Diepvries,Delhaize Kroketten | Kaas | 4s,Delhaize,2.89,,"11,56 €/kg",,https://www.delhaize.be/nl/shop/Diepvries/Bereide-schotels-en-apero/Voorgerechten/Kroketten/Kroketten-Kaas-4s/p/S2017122101373760000,2026-05-10T15:14:56.857156
Delhaize,Diepvries,Belviva Zigzag | Frieten,Belviva,5.39,,"8,98 €/kg",,https://www.delhaize.be/nl/shop/Diepvries/Frieten-en-aardappelproducten/Diepvriesfrieten/Zigzag-Frieten/p/S2021111900553620098,2026-05-10T15:14:57.408559
Delhaize,Diepvries,Delhaize Fijngesneden ajuin,Delhaize,1.59,,"7,95 €/kg",,https://www.delhaize.be/nl/shop/Diepvries/Diepvries-groenten-soepen-en-kruiden/Diepvries-natuurlijke-groenten/Diepvries-look-ajuin-en-sjalotten/Fijngesneden-ajuin/p/S2007092800276830000,2026-05-10T15:14:57.963847
Delhaize,Diepvries,Ola Waterijs | Raket rocket | Kids & fun,Ola,2.55,,"5,15 €/l",,https://www.delhaize.be/nl/shop/Diepvries/Roomijs-en-Desserts/Roomijs/Sticks/Waterijs-Raket-rocket-Kids-and-fun/p/S2008031200284400000,2026-05-10T15:14:58.518320
Delhaize,Diepvries,Iglo Witloof gratin | Met Aardappelpuree,Iglo,7.39,,"16,42 €/kg",,https://www.delhaize.be/nl/shop/Diepvries/Bereide-schotels-en-apero/Hoofdgerechten/Non-vegetarisch/Witloof-gratin-Met-Aardappelpuree/p/S1998112300279430000,2026-05-10T15:14:59.073599
Delhaize,Diepvries,Delhaize brusselse wafels 4 st,Delhaize,2.89,,"9,03 €/kg",,https://www.delhaize.be/nl/shop/Diepvries/Roomijs-en-Desserts/Diepvries-patisserie/brusselse-wafels-4-st/p/S2014043000371900000,2026-05-10T15:14:59.628749
Delhaize,Diepvries,Delhaize Gesneden Champignons,Delhaize,1.19,,"2,64 €/kg",,https://www.delhaize.be/nl/shop/Diepvries/Diepvries-groenten-soepen-en-kruiden/Diepvries-natuurlijke-groenten/Andere-diepvriesproducten/Gesneden-Champignons/p/S2016071103658750000,2026-05-10T15:15:00.185650
Delhaize,Diepvries,Delhaize Pizza | 4 | Formaggio,Delhaize,1.15,,"3,38 €/kg",,https://www.delhaize.be/nl/shop/Diepvries/Pizza-s/Italiaanse-stijl/Pizza-4-Formaggio/p/S2021022600519930000,2026-05-10T15:15:00.740744
Delhaize,Diepvries,Dr. oetker Pizza | Speciale,Dr. oetker,2.79,,"8,21 €/kg",,https://www.delhaize.be/nl/shop/Diepvries/Pizza-s/Italiaanse-stijl/Pizza-Speciale/p/S2022020400603890000,2026-05-10T15:15:01.293950
Delhaize,Diepvries,Delhaize Diepvriesfrieten | Fijne | Diepvries,Delhaize,1.29,,"1,29 €/kg",,https://www.delhaize.be/nl/shop/Diepvries/Frieten-en-aardappelproducten/Diepvriesfrieten/Diepvriesfrieten-Fijne-Diepvries/p/S2017113001370180000,2026-05-10T15:15:01.846808
Delhaize,Diepvries,Wagner Mini pizza | Piccolinis | Prosciutto,Wagner,3.99,,"14,78 €/kg",,https://www.delhaize.be/nl/shop/Diepvries/Bereide-schotels-en-apero/Aperitiefhapjes/Mini-pizza-Piccolinis-Prosciutto/p/S2011032800279420000,2026-05-10T15:15:02.401977
Delhaize,Diepvries,Delhaize Groenten | Pompoensoep,Delhaize,1.85,,"3,08 €/kg",,https://www.delhaize.be/nl/shop/Diepvries/Diepvries-groenten-soepen-en-kruiden/Diepvries-groenten-voor-in-de-soep/Groenten-Pompoensoep/p/S2019082200294620000,2026-05-10T15:15:02.958871
Delhaize,Diepvries,Delhaize Aardappel- en groentepannetje,Delhaize,3.55,,"5,92 €/kg",,https://www.delhaize.be/nl/shop/Diepvries/Diepvries-groenten-soepen-en-kruiden/Kant-en-klaar-maaltijden/Licht-gekruid-diepvries-groenten/Aardappel-en-groentepannetje/p/S2007072000272080000,2026-05-10T15:15:03.510880
Delhaize,Diepvries,Mc Cain Airfryer | frieten | Klassiek,Mc Cain,4.69,,"7,82 €/kg",,https://www.delhaize.be/nl/shop/Diepvries/Frieten-en-aardappelproducten/Diepvriesfrieten/Airfryer-frieten-Klassiek/p/S2022080300340690098,2026-05-10T15:15:04.064404
Delhaize,Diepvries,Iglo Visgratin | Tomaat Mozzarella,Iglo,6.29,,"16,55 €/kg",,https://www.delhaize.be/nl/shop/Diepvries/Vlees-en-vis/Vis/Visgratin-Tomaat-Mozzarella/p/S2019121600335620000,2026-05-10T15:15:04.630304
Delhaize,Diepvries,Delhaize 18 | Mini viennoiseries,Delhaize,3.79,,"6,65 €/kg",,https://www.delhaize.be/nl/shop/Diepvries/Roomijs-en-Desserts/Diepvriesgebak/18-Mini-viennoiseries/p/S2022082600648280000,2026-05-10T15:15:05.185565
Delhaize,Diepvries,Delhaize Aardbeien,Delhaize,1.05,,"4,20 €/kg",,https://www.delhaize.be/nl/shop/Diepvries/Roomijs-en-Desserts/Diepvriesfruit/Aardbeien/p/S2018042500053030000,2026-05-10T15:15:05.739415
Delhaize,Diepvries,Iglo 4 Groenteburgers,Iglo,6.49,,"14,42 €/kg",,https://www.delhaize.be/nl/shop/Diepvries/Vegetarisch/4-Groenteburgers/p/S1994101000272020000,2026-05-10T15:15:06.293098
Delhaize,Diepvries,Delhaize Kabeljauwfilet,Delhaize,7.19,,"17,98 €/kg",,https://www.delhaize.be/nl/shop/Diepvries/Vlees-en-vis/Vis/Kabeljauwfilet/p/S2003050500286440000,2026-05-10T15:15:06.847131
Delhaize,Diepvries,Dr. oetker Pizza | Prosciutto,Dr. oetker,3.09,,"9,09 €/kg",,https://www.delhaize.be/nl/shop/Diepvries/Pizza-s/Italiaanse-stijl/Pizza-Prosciutto/p/S2022020400603850000,2026-05-10T15:15:07.402253
Delhaize,Diepvries,Iglo Spaghetti bolognese,Iglo,4.99,,"11,09 €/kg",,https://www.delhaize.be/nl/shop/Diepvries/Bereide-schotels-en-apero/Hoofdgerechten/Non-vegetarisch/Spaghetti-bolognese/p/S2012061300271070000,2026-05-10T15:15:07.954234
Delhaize,Diepvries,Delhaize Mini hapjes | 16st,Delhaize,4.09,,"15,98 €/kg",,https://www.delhaize.be/nl/shop/Diepvries/Bereide-schotels-en-apero/Aperitiefhapjes/Mini-hapjes-16st/p/S2018111600130090000,2026-05-10T15:15:08.505293
Delhaize,Diepvries,Dr. oetker Pizza | Salami,Dr. oetker,2.85,,"8,38 €/kg",,https://www.delhaize.be/nl/shop/Diepvries/Pizza-s/Italiaanse-stijl/Pizza-Salami/p/S2022020400603780000,2026-05-10T15:15:09.058771
Delhaize,Diepvries,Delhaize Witte preiringen,Delhaize,2.29,,"3,82 €/kg",,https://www.delhaize.be/nl/shop/Diepvries/Diepvries-groenten-soepen-en-kruiden/Diepvries-natuurlijke-groenten/Diepvries-prei/Witte-preiringen/p/S1999051200271960000,2026-05-10T15:15:09.612955
Delhaize,Diepvries,Delhaize Garnaalkroketten | 28% | Oven,Delhaize,7.85,,"31,40 €/kg",,https://www.delhaize.be/nl/shop/Diepvries/Bereide-schotels-en-apero/Voorgerechten/Kroketten/Garnaalkroketten-28-Oven/p/S2020080600454390000,2026-05-10T15:15:10.168824
Delhaize,Diepvries,Dr. oetker Pizza | Hawaii,Dr. oetker,2.59,,"7,30 €/kg",,https://www.delhaize.be/nl/shop/Diepvries/Pizza-s/Italiaanse-stijl/Pizza-Hawaii/p/S2022020400604120000,2026-05-10T15:15:10.723379
Delhaize,Diepvries,Mc Cain McCain|Country|Potatoes|wedges,Mc Cain,4.79,,"6,39 €/kg",,https://www.delhaize.be/nl/shop/Diepvries/Frieten-en-aardappelproducten/Anderen-diepvriesfrieten-en-aardappelproducten/McCain-Country-Potatoes-wedges/p/S2009092500274440000,2026-05-10T15:15:11.276305
Delhaize,Diepvries,Iglo Falafel,Iglo,6.49,,"14,42 €/kg",,https://www.delhaize.be/nl/shop/Diepvries/Diepvries-groenten-soepen-en-kruiden/Plantaardig/Falafel/p/S2020012400349680000,2026-05-10T15:15:11.830540
Delhaize,Diepvries,Delhaize Gemengde groenten,Delhaize,1.99,,"3,32 €/kg",,https://www.delhaize.be/nl/shop/Diepvries/Diepvries-groenten-soepen-en-kruiden/Diepvries-natuurlijke-groenten/Andere-diepvriesproducten/Gemengde-groenten/p/S1994072500272040000,2026-05-10T15:15:12.384766
Delhaize,Diepvries,Delhaize Hoorntjes vanille.,Delhaize,1.99,,"2,76 €/l",,https://www.delhaize.be/nl/shop/Diepvries/Roomijs-en-Desserts/Roomijs/Hoorntjes/Hoorntjes-vanille-/p/S2014012900371060000,2026-05-10T15:15:12.940228
Delhaize,Diepvries,Iglo Fish Sticks | Fish & Chips Wijze | 12 stuks,Iglo,5.29,,"15,74 €/kg",,https://www.delhaize.be/nl/shop/Diepvries/Vlees-en-vis/Vis/Fish-Sticks-Fish-and-Chips-Wijze-12-stuks/p/S2014011400370870000,2026-05-10T15:15:13.498336
Delhaize,Diepvries,Iglo Gehaktballetjes | In Tomatensaus,Iglo,6.69,,"14,87 €/kg",,https://www.delhaize.be/nl/shop/Diepvries/Bereide-schotels-en-apero/Hoofdgerechten/Non-vegetarisch/Gehaktballetjes-In-Tomatensaus/p/S2000040400279760000,2026-05-10T15:15:14.052761
Delhaize,Diepvries,Iglo Veggie Bowl | Thaise Curry,Iglo,6.79,,"17,87 €/kg",,https://www.delhaize.be/nl/shop/Diepvries/Vegetarisch/Bereide-schotels/Veggie-Bowl-Thaise-Curry/p/S2019080900290070000,2026-05-10T15:15:14.607021
Delhaize,Diepvries,Dr. oetker Pizza | Bolognese,Dr. oetker,3.99,,"10,64 €/kg",,https://www.delhaize.be/nl/shop/Diepvries/Pizza-s/Italiaanse-stijl/Pizza-Bolognese/p/S2022020700181400000,2026-05-10T15:15:15.157318
Delhaize,Diepvries,Iglo Vol-au-Vent,Iglo,6.49,,"15,27 €/kg",,https://www.delhaize.be/nl/shop/Diepvries/Bereide-schotels-en-apero/Hoofdgerechten/Non-vegetarisch/Vol-au-Vent/p/S2013072900370120000,2026-05-10T15:15:15.708765
Delhaize,Diepvries,Iglo 12 Chicken Nuggets,Iglo,5.25,,"21,00 €/kg",,https://www.delhaize.be/nl/shop/Diepvries/Bereide-schotels-en-apero/Voorgerechten/Vlees-en-gevogelte/12-Chicken-Nuggets/p/S1997010800296540000,2026-05-10T15:15:16.265067
Delhaize,Diepvries,Ijsboerke Vanille | Roomijs,Ijsboerke,4.49,,"4,49 €/l",,https://www.delhaize.be/nl/shop/Diepvries/Roomijs-en-Desserts/Roomijs/Bakken/Vanille-Roomijs/p/S2006111000284810000,2026-05-10T15:15:16.817819
Delhaize,Diepvries,Delhaize CORNET GEZOUTEN KARAMEL,Delhaize,2.99,,"4,15 €/l",,https://www.delhaize.be/nl/shop/Diepvries/Roomijs-en-Desserts/Roomijs/Hoorntjes/CORNET-GEZOUTEN-KARAMEL/p/S2015120203615810000,2026-05-10T15:15:17.370323
Delhaize,Diepvries,Delhaize Balletjes voor soep,Delhaize,3.49,,"6,98 €/kg",,https://www.delhaize.be/nl/shop/Diepvries/Diepvries-groenten-soepen-en-kruiden/Diepvries-soepen-en-gehaktballen/Diepvries-gehaktballen/Balletjes-voor-soep/p/S2006062800276800000,2026-05-10T15:15:17.924829
Delhaize,Diepvries,Iglo Gehakte Spinazie | Met Roomsaus | Bio,Iglo,4.25,,"9,44 €/kg",,https://www.delhaize.be/nl/shop/Diepvries/Diepvries-groenten-soepen-en-kruiden/Kant-en-klaar-maaltijden/Diepvries-groenten-met-creme/Gehakte-Spinazie-Met-Roomsaus-Bio/p/S2019070400273950000,2026-05-10T15:15:18.475384
Delhaize,Diepvries,Iglo Visgratin | Spinazie met Roomsaus,Iglo,6.35,,"16,71 €/kg",,https://www.delhaize.be/nl/shop/Diepvries/Vlees-en-vis/Vis/Visgratin-Spinazie-met-Roomsaus/p/S2019121600335610000,2026-05-10T15:15:19.027951
Delhaize,Diepvries,Little Moons Mochi | Tropisch fruit,Little Moons,7.89,,"41,09 €/kg",,https://www.delhaize.be/nl/shop/Diepvries/Roomijs-en-Desserts/Roomijs/Pralines-repen-en-snacks/Mochi-Tropisch-fruit/p/S2021090800577040000,2026-05-10T15:15:19.584458
Delhaize,Diepvries,Iglo Spruitjes met spek,Iglo,6.95,,"15,44 €/kg",,https://www.delhaize.be/nl/shop/Diepvries/Diepvries-groenten-soepen-en-kruiden/Kant-en-klaar-maaltijden/Andere-diepvries-groenten/Spruitjes-met-spek/p/S2009040200273290000,2026-05-10T15:15:20.136892
Delhaize,Diepvries,Iglo Atlantische Zalm | 2 filets,Iglo,13.15,,"52,60 €/kg",,https://www.delhaize.be/nl/shop/Diepvries/Vlees-en-vis/Vis/Atlantische-Zalm-2-filets/p/S2012011800285490000,2026-05-10T15:15:20.689307
Delhaize,Diepvries,Delhaize Mix van Visfiletstukjes,Delhaize,8.59,,"17,18 €/kg",,https://www.delhaize.be/nl/shop/Diepvries/Vlees-en-vis/Vis/Mix-van-Visfiletstukjes/p/S2012051000270910000,2026-05-10T15:15:21.240399
Delhaize,Diepvries,Delhaize Chickenburger,Delhaize,2.35,,"2,80 €/kg",,https://www.delhaize.be/nl/shop/Diepvries/Vlees-en-vis/Vlees/Chickenburger/p/S2021111000586850000,2026-05-10T15:15:21.791698
Delhaize,Diepvries,Dr. oetker Pizza | Barbeque,Dr. oetker,5.55,,"16,32 €/kg",,https://www.delhaize.be/nl/shop/Diepvries/Pizza-s/Italiaanse-stijl/Pizza-Barbeque/p/S2018042400052890000,2026-05-10T15:15:22.343022
Delhaize,Diepvries,Delhaize Space | Waterijs,Delhaize,2.05,,"3,42 €/l",,https://www.delhaize.be/nl/shop/Diepvries/Roomijs-en-Desserts/Roomijs/Sticks/Space-Waterijs/p/S2020042200423120000,2026-05-10T15:15:22.897147
Delhaize,Diepvries,Mc Cain Friteuse|frieten|Allumettes,Mc Cain,3.09,,"3,09 €/kg",,https://www.delhaize.be/nl/shop/Diepvries/Frieten-en-aardappelproducten/Diepvriesfrieten/Friteuse-frieten-Allumettes/p/S2008031300274080000,2026-05-10T15:15:23.450957
Delhaize,Bewuste voeding,Delhaize Melk | Halfvolle | Lactosevrij,Delhaize,7.09,,"1,18 €/l",,https://www.delhaize.be/nl/shop/Bewuste-voeding/Lactosevrij/Lactosevrije-melk/Melk-Halfvolle-Lactosevrij/p/S2018032200041700099,2026-05-10T15:15:32.205244
Delhaize,Bewuste voeding,Oatly Haverdrink | Barista Edition | Eco,Oatly,3.15,,"3,15 €/l",,https://www.delhaize.be/nl/shop/Bio-Eco-en-Fairtrade/Eco/Dranken-bieren-en-alcohol/Melk-en-alternatieven/Haverdrink-Barista-Edition-Eco/p/S2020122300480730000,2026-05-10T15:15:32.783018
Delhaize,Bewuste voeding,Alpro Amandel | Geroosterd | Zonder Suikers,Alpro,2.45,,"2,45 €/l",,https://www.delhaize.be/nl/shop/Zuivel-kaas-en-plantaardige-alternatieven/Plantaardige-dranken/Noten/Amandel-Geroosterd-Zonder-Suikers/p/S2015040200002440000,2026-05-10T15:15:33.316121
Delhaize,Bewuste voeding,Dilea Emmental | Geraspt,Dilea,2.25,,"22,50 €/kg",,https://www.delhaize.be/nl/shop/Bewuste-voeding/Lactosevrij/Emmental-Geraspt/p/F2008011100181600000,2026-05-10T15:15:33.857563
Delhaize,Bewuste voeding,Dilea Gouda | Sneden,Dilea,4.35,,"29,00 €/kg",,https://www.delhaize.be/nl/shop/Bewuste-voeding/Lactosevrij/Gouda-Sneden/p/F2008011100183600000,2026-05-10T15:15:34.397922
Delhaize,Bewuste voeding,Dilea Melk | Halfvol | Zonder lactose,Dilea,2.79,,"2,79 €/l",,https://www.delhaize.be/nl/shop/Bewuste-voeding/Lactosevrij/Melk-Halfvol-Zonder-lactose/p/S2014010900000060000,2026-05-10T15:15:34.941330
Delhaize,Bewuste voeding,Alpro Plantaardige drank | Haver | This is Not M*lk | Halfvol 1.8%,Alpro,2.49,,"2,49 €/l",,https://www.delhaize.be/nl/shop/Bewuste-voeding/Lactosevrij/Plantaardige-dranken/Granen/Plantaardige-drank-Haver-This-is-Not-M-lk-Halfvol-1-8-/p/S2021041900537090000,2026-05-10T15:15:35.482063
Delhaize,Bewuste voeding,Alpro Plantaardige drank | Haver | Suikervrij,Alpro,2.95,,"2,95 €/l",,https://www.delhaize.be/nl/shop/Bewuste-voeding/Lactosevrij/Plantaardige-dranken/Granen/Plantaardige-drank-Haver-Suikervrij/p/S2018100200120360000,2026-05-10T15:15:36.023868
Delhaize,Bewuste voeding,Alpro Plantaardige drank | Haver| This is Not M*lk | Vol 3.5%,Alpro,2.49,,"2,49 €/l",,https://www.delhaize.be/nl/shop/Bewuste-voeding/Lactosevrij/Plantaardige-dranken/Granen/Plantaardige-drank-Haver-This-is-Not-M-lk-Vol-3-5-/p/S2021041900537060000,2026-05-10T15:15:36.567061
Delhaize,Bewuste voeding,Alpro Plantaardige drank | Geroosterde | Amandelen,Alpro,2.85,,"2,85 €/l",,https://www.delhaize.be/nl/shop/Zuivel-kaas-en-plantaardige-alternatieven/Plantaardige-dranken/Noten/Plantaardige-drank-Geroosterde-Amandelen/p/S2012021000001350000,2026-05-10T15:15:37.107640
Delhaize,Bewuste voeding,Delhaize Amandel | Suikervrij | Bio,Delhaize,2.05,,"2,05 €/l",,https://www.delhaize.be/nl/shop/Zuivel-kaas-en-plantaardige-alternatieven/Plantaardige-dranken/Noten/Amandel-Suikervrij-Bio/p/S2016121503680940000,2026-05-10T15:15:37.647896
Delhaize,Bewuste voeding,Alpro Plantaardige drank | Hazelnoten,Alpro,3.15,- €3 voor 3,"3,15 €/l",,https://www.delhaize.be/nl/shop/Zuivel-kaas-en-plantaardige-alternatieven/Plantaardige-dranken/Noten/Plantaardige-drank-Hazelnoten/p/S2012021000001570000,2026-05-10T15:15:37.689726
Delhaize,Bewuste voeding,Alpro Soja | Chocolade | 100 Kalorieën,Alpro,2.39,,"3,19 €/l",,https://www.delhaize.be/nl/shop/Bewuste-voeding/Lactosevrij/Plantaardige-dranken/Gearomatiseerd/Soja-Chocolade-100-Kalorieen/p/S2016041803645660000,2026-05-10T15:15:38.229880
Delhaize,Bewuste voeding,Alpro Plantaardige drank | Amandelen | Suikervrij,Alpro,3.05,,"3,05 €/l",,https://www.delhaize.be/nl/shop/Zuivel-kaas-en-plantaardige-alternatieven/Plantaardige-dranken/Noten/Plantaardige-drank-Amandelen-Suikervrij/p/S2016062103656490000,2026-05-10T15:15:38.771179
Delhaize,Bewuste voeding,Oatly Haverdrink | Bio | Eco,Oatly,2.99,,"2,99 €/l",,https://www.delhaize.be/nl/shop/Bio-Eco-en-Fairtrade/Eco/Dranken-bieren-en-alcohol/Melk-en-alternatieven/Haverdrink-Bio-Eco/p/S2020122300480740000,2026-05-10T15:15:39.313783
Delhaize,Bewuste voeding,Alpro Plantaardige drank | Haver,Alpro,3.29,,"3,29 €/l",,https://www.delhaize.be/nl/shop/Bewuste-voeding/Lactosevrij/Plantaardige-dranken/Granen/Plantaardige-drank-Haver/p/S2016122603682100000,2026-05-10T15:15:39.855947
Delhaize,Bewuste voeding,Alpro Natuur met Kokosnoot | Plantaardig alternatief voor yoghurt,Alpro,3.69,,"7,38 €/kg",,https://www.delhaize.be/nl/shop/Zuivel-kaas-en-plantaardige-alternatieven/Yoghurt-en-plantaardige-alternatieven/Plantaardige-alternatieven/Natuur-met-Kokosnoot-Plantaardig-alternatief-voor-yoghurt/p/F2015030500163200000,2026-05-10T15:15:40.396371
Delhaize,Bewuste voeding,Alpro Mango | Plantaadig alternatief voor yoghurt | Zonder toegevoegde suiker,Alpro,3.25,,"8,13 €/kg",,https://www.delhaize.be/nl/shop/Zuivel-kaas-en-plantaardige-alternatieven/Yoghurt-en-plantaardige-alternatieven/Plantaardige-alternatieven/Mango-Plantaadig-alternatief-voor-yoghurt-Zonder-toegevoegde-suiker/p/F2017120800370450000,2026-05-10T15:15:40.935919
Delhaize,Bewuste voeding,Wasa Knäckebröd | Gluten- en lactosevrij,Wasa,3.95,,"16,46 €/kg",,https://www.delhaize.be/nl/shop/Bewuste-voeding/Glutenvrij/Knackebrod-Gluten-en-lactosevrij/p/S2019041800243860000,2026-05-10T15:15:41.476310
Delhaize,Bewuste voeding,Alpro Soja | Calcium,Alpro,7.99,- €3 voor 3,"1,33 €/l",,https://www.delhaize.be/nl/shop/Zuivel-kaas-en-plantaardige-alternatieven/Plantaardige-dranken/Soja/Soja-Calcium/p/S2018060100043530098,2026-05-10T15:15:41.519307
Delhaize,Wijn en bubbels,Vranken Champagne | Grande Réserve | Brut,Vranken,33.98,2+2 gratis,"45,31 €/l",,https://www.delhaize.be/nl/shop/Wijn-and-bubbels/Bubbels/Champagne/Wit/Champagne-Grande-Reserve-Brut/p/S2010080200240280001,2026-05-10T15:15:54.089149
Delhaize,Wijn en bubbels,Secret des Plages Pays d'Hérault,Secret des Plages,8.99,1+1 gratis,"11,99 €/l",,https://www.delhaize.be/nl/shop/Wijn-and-bubbels/Rose-wijn/Frankrijk/Languedoc-Roussillon/Pays-d-Herault/p/S2022122200668560000,2026-05-10T15:15:54.174691
Delhaize,Wijn en bubbels,Vinas Del Vero Chardonnay,Vinas Del Vero,5.99,2+1 gratis,"7,99 €/l",,https://www.delhaize.be/nl/shop/Wijn-and-bubbels/Witte-wijn/Spanje/Chardonnay/p/S2021121400493420096,2026-05-10T15:15:54.280774
Delhaize,Wijn en bubbels,19 Crimes Chardonnay,19 Crimes,9.99,2+1 gratis,"13,32 €/l",,https://www.delhaize.be/nl/shop/Wijn-and-bubbels/Witte-wijn/Australie/Chardonnay/p/S2020050800427420000,2026-05-10T15:15:54.338703
Delhaize,Wijn en bubbels,de Castellane Champagne | Brut,de Castellane,29.99,,"39,99 €/l",,https://www.delhaize.be/nl/shop/Wijn-and-bubbels/Bubbels/Champagne/Wit/Champagne-Brut/p/S2011042900241370000,2026-05-10T15:15:54.899403
Delhaize,Wijn en bubbels,Casillero Chardonnay,Casillero,6.99,,"9,32 €/l",,https://www.delhaize.be/nl/shop/Wijn-and-bubbels/Witte-wijn/Chili/Chardonnay/p/S2014100800220980014,2026-05-10T15:15:55.454767
Delhaize,Wijn en bubbels,Mionetto Prosecco | Brut,Mionetto,10.99,,"14,65 €/l",,https://www.delhaize.be/nl/shop/Wijn-and-bubbels/Bubbels/Prosecco/Wit/Prosecco-Brut/p/S2015102803610730000,2026-05-10T15:15:56.006620
Delhaize,Wijn en bubbels,Vranken Champagne | Premier Cru | Brut,Vranken,45.98,,"61,31 €/l",,https://www.delhaize.be/nl/shop/Wijn-and-bubbels/Bubbels/Champagne/Wit/Champagne-Premier-Cru-Brut/p/S2010021800240430000,2026-05-10T15:15:56.555441
Delhaize,Wijn en bubbels,Meiter Champagne | Brut,Meiter,23.49,,"31,32 €/l",,https://www.delhaize.be/nl/shop/Wijn-and-bubbels/Bubbels/Champagne/Wit/Champagne-Brut/p/S1991102800239650000,2026-05-10T15:15:57.107581
Delhaize,Wijn en bubbels,Perelada Cava | Brut,Perelada,9.99,,"13,32 €/l",,https://www.delhaize.be/nl/shop/Wijn-and-bubbels/Bubbels/Cava/Wit/Cava-Brut/p/S2009101300240510000,2026-05-10T15:15:57.658085
Delhaize,Wijn en bubbels,Codorniu Cava | Vintage | Bio | Brut,Codorniu,9.99,,"13,32 €/l",,https://www.delhaize.be/nl/shop/Wijn-and-bubbels/Bubbels/Cava/Wit/Cava-Vintage-Bio-Brut/p/S2009040100239570000,2026-05-10T15:15:58.208022
Delhaize,Wijn en bubbels,Casillero Cabernet Sauvignon,Casillero,6.99,,"9,32 €/l",,https://www.delhaize.be/nl/shop/Wijn-and-bubbels/Rode-wijn/Chili/Cabernet-Sauvignon/p/S2014081900220970013,2026-05-10T15:15:58.758644
Delhaize,Wijn en bubbels,Codorniu Cava | Raventós | Bio | Brut,Codorniu,13.99,,"18,65 €/l",,https://www.delhaize.be/nl/shop/Wijn-and-bubbels/Bubbels/Cava/Wit/Cava-Raventos-Bio-Brut/p/S1986120800239400000,2026-05-10T15:15:59.308397
Delhaize,Wijn en bubbels,Lindeman's Bin 65 | Chardonnay,Lindeman's,6.99,,"9,32 €/l",,https://www.delhaize.be/nl/shop/Wijn-and-bubbels/Witte-wijn/Australie/Bin-65-Chardonnay/p/S2014011506235590013,2026-05-10T15:15:59.858203
Delhaize,Wijn en bubbels,Vranken Demoiselle Champagne | Brut,Vranken Demoiselle,35.99,,"47,99 €/l",,https://www.delhaize.be/nl/shop/Wijn-and-bubbels/Bubbels/Champagne/Wit/Champagne-Brut/p/S2010072900240350001,2026-05-10T15:16:00.407726
Delhaize,Wijn en bubbels,Duval-Leroy Champagne | Brut,Duval-Leroy,34.99,,"46,65 €/l",,https://www.delhaize.be/nl/shop/Wijn-and-bubbels/Bubbels/Champagne/Wit/Champagne-Brut/p/S1995101000240270000,2026-05-10T15:16:00.957328
Delhaize,Wijn en bubbels,Delapierre Cava | Brut,Delapierre,6.99,,"9,32 €/l",,https://www.delhaize.be/nl/shop/Wijn-and-bubbels/Bubbels/Cava/Wit/Cava-Brut/p/S2006070300239500000,2026-05-10T15:16:01.508401
Delhaize,Wijn en bubbels,Oro De Uva Cava | Brut,Oro De Uva,8.29,,"11,05 €/l",,https://www.delhaize.be/nl/shop/Wijn-and-bubbels/Bubbels/Cava/Wit/Cava-Brut/p/S2010102000239800000,2026-05-10T15:16:02.060086
Delhaize,Wijn en bubbels,Casillero Shiraz,Casillero,6.99,,"9,32 €/l",,https://www.delhaize.be/nl/shop/Wijn-and-bubbels/Rose-wijn/Chili/Shiraz/p/S2014041500225130014,2026-05-10T15:16:02.611932
Delhaize,Wijn en bubbels,Anna Perenna Prosecco | Brut,Anna Perenna,8.99,,"11,99 €/l",,https://www.delhaize.be/nl/shop/Wijn-and-bubbels/Bubbels/Prosecco/Wit/Prosecco-Brut/p/S2012122800240920000,2026-05-10T15:16:03.160922
Delhaize,Wijn en bubbels,Pink Flamingo Sable de Camargue | Bio,Pink Flamingo,7.99,,"10,65 €/l",,https://www.delhaize.be/nl/shop/Wijn-and-bubbels/Rose-wijn/Frankrijk/Languedoc-Roussillon/Sable-de-Camargue-Bio/p/S2022022400609270000,2026-05-10T15:16:03.715162
Delhaize,Wijn en bubbels,Vranken Champagne | Demi-sec,Vranken,33.98,2+2 gratis,"45,31 €/l",,https://www.delhaize.be/nl/shop/Wijn-and-bubbels/Bubbels/Champagne/Wit/Champagne-Demi-sec/p/S2010080200240290001,2026-05-10T15:16:03.769159
Delhaize,Wijn en bubbels,Casillero Viognier,Casillero,6.99,,"9,32 €/l",,https://www.delhaize.be/nl/shop/Wijn-and-bubbels/Witte-wijn/Chili/Viognier/p/S2015011500226810014,2026-05-10T15:16:04.319552
Delhaize,Wijn en bubbels,1000 Stories Zinfandel,1000 Stories,17.99,,"23,99 €/l",,https://www.delhaize.be/nl/shop/Wijn-and-bubbels/Rode-wijn/Verenigde-Staten/Zinfandel/p/S2018042700054720000,2026-05-10T15:16:04.870512
Delhaize,Wijn en bubbels,Veuve Clicquot Champagne | Brut,Veuve Clicquot,46.99,,"62,65 €/l",,https://www.delhaize.be/nl/shop/Wijn-and-bubbels/Bubbels/Champagne/Wit/Champagne-Brut/p/S1971080100243540000,2026-05-10T15:16:05.418903
Delhaize,Wijn en bubbels,Casillero Reserva Privada | Cabernet Sauvignon,Casillero,11.98,,"15,97 €/l",,https://www.delhaize.be/nl/shop/Wijn-and-bubbels/Rode-wijn/Chili/Reserva-Privada-Cabernet-Sauvignon/p/S2019010800147230000,2026-05-10T15:16:05.969491
Delhaize,Wijn en bubbels,Trivento Reserve | Malbec,Trivento,7.99,,"10,65 €/l",,https://www.delhaize.be/nl/shop/Wijn-and-bubbels/Rode-wijn/Argentinie/Reserve-Malbec/p/S2015032300220630014,2026-05-10T15:16:06.518290
Delhaize,Wijn en bubbels,Delhaize Côtes de Provence,Delhaize,6.99,,"9,32 €/l",,https://www.delhaize.be/nl/shop/Wijn-and-bubbels/Rose-wijn/Frankrijk/Provence/Cotes-de-Provence/p/S2020112600472670000,2026-05-10T15:16:07.067486
Delhaize,Wijn en bubbels,Vranken Champagne | Brut Nature,Vranken,36.99,,"49,32 €/l",,https://www.delhaize.be/nl/shop/Wijn-and-bubbels/Bubbels/Champagne/Wit/Champagne-Brut-Nature/p/S2017010203682690000,2026-05-10T15:16:07.615829
Delhaize,Wijn en bubbels,Codorniu Cava | Vintage | Rosé | Bio,Codorniu,9.99,,"13,32 €/l",,https://www.delhaize.be/nl/shop/Wijn-and-bubbels/Bubbels/Cava/Rose/Cava-Vintage-Rose-Bio/p/S2013020800239580000,2026-05-10T15:16:08.161460
Delhaize,Wijn en bubbels,Casillero Sauvignon Blanc,Casillero,6.99,,"9,32 €/l",,https://www.delhaize.be/nl/shop/Wijn-and-bubbels/Witte-wijn/Chili/Sauvignon-Blanc/p/S2014071000212190014,2026-05-10T15:16:08.706537
Delhaize,Wijn en bubbels,Bons Ventos Vinho Regional Lisboa,Bons Ventos,14.99,,"5,00 €/l",,https://www.delhaize.be/nl/shop/Wijn-and-bubbels/Rode-wijn/Bag-in-box/Vinho-Regional-Lisboa/p/S2021091300577730000,2026-05-10T15:16:09.256661
Delhaize,Wijn en bubbels,Delhaize Pays d'Oc | Rose Gris,Delhaize,3.99,,"5,32 €/l",,https://www.delhaize.be/nl/shop/Wijn-and-bubbels/Rose-wijn/Frankrijk/Languedoc-Roussillon/Pays-d-Oc-Rose-Gris/p/S2022070500636680000,2026-05-10T15:16:09.806686
Delhaize,Wijn en bubbels,Delhaize Pays d'Oc | Sauvignon Blanc,Delhaize,13.99,,"4,66 €/l",,https://www.delhaize.be/nl/shop/Wijn-and-bubbels/Witte-wijn/Bag-in-box/Pays-d-Oc-Sauvignon-Blanc/p/S2022042000621360000,2026-05-10T15:16:10.355685
Delhaize,Wijn en bubbels,Casillero Merlot,Casillero,6.99,,"9,32 €/l",,https://www.delhaize.be/nl/shop/Wijn-and-bubbels/Rode-wijn/Chili/Merlot/p/S2015021200216340014,2026-05-10T15:16:10.906598
Delhaize,Wijn en bubbels,Lindeman's Bin 35,Lindeman's,6.99,,"9,32 €/l",,https://www.delhaize.be/nl/shop/Wijn-and-bubbels/Rose-wijn/Australie/Bin-35/p/S2015032400225070014,2026-05-10T15:16:11.453880
Delhaize,Wijn en bubbels,Faustino V Reserva | Rioja,Faustino,13.99,,"18,65 €/l",,https://www.delhaize.be/nl/shop/Wijn-and-bubbels/Rode-wijn/Spanje/V-Reserva-Rioja/p/S2021083100523000000,2026-05-10T15:16:12.045444
Delhaize,Wijn en bubbels,Signature Alessandro Berselli Prosecco | Valdobbiadene | Brut,Signature Alessandro Berselli,13.99,,"18,65 €/l",,https://www.delhaize.be/nl/shop/Wijn-and-bubbels/Bubbels/Prosecco/Wit/Prosecco-Valdobbiadene-Brut/p/S2020073100451590000,2026-05-10T15:16:12.618946
Delhaize,Wijn en bubbels,Clairette de Die Demi-sec,Clairette de Die,7.49,,"9,99 €/l",,https://www.delhaize.be/nl/shop/Wijn-and-bubbels/Bubbels/Andere-bubbels/Wit/Demi-sec/p/S2008050800239740000,2026-05-10T15:16:13.175077
Delhaize,Wijn en bubbels,Perelada Cava | Rosé | Brut,Perelada,9.99,,"13,32 €/l",,https://www.delhaize.be/nl/shop/Wijn-and-bubbels/Bubbels/Cava/Rose/Cava-Rose-Brut/p/S2010031800240520000,2026-05-10T15:16:13.723645
Delhaize,Wijn en bubbels,Mezzacorona Pinot Grigio,Mezzacorona,6.99,,"9,32 €/l",,https://www.delhaize.be/nl/shop/Wijn-and-bubbels/Rose-wijn/Italie/Pinot-Grigio/p/S2021121600594390000,2026-05-10T15:16:14.272625
Delhaize,Wijn en bubbels,Codorníu Zero | alcoholvrije schuimwijn | Rosé,Codorníu,6.99,,"9,32 €/l",,https://www.delhaize.be/nl/shop/Wijn-and-bubbels/Alcoholvrije-wijnen-and-bubbels/Bubbels/Zero-alcoholvrije-schuimwijn-Rose/p/S2019060500258660000,2026-05-10T15:16:14.821915
Delhaize,Wijn en bubbels,Delhaize Pays d'Oc | Rose Gris,Delhaize,13.99,,"4,66 €/l",,https://www.delhaize.be/nl/shop/Wijn-and-bubbels/Rose-wijn/Bag-in-box/Pays-d-Oc-Rose-Gris/p/S2022042000621340000,2026-05-10T15:16:15.370450
Delhaize,Wijn en bubbels,Sunrise Chardonnay,Sunrise,5.99,,"7,99 €/l",,https://www.delhaize.be/nl/shop/Wijn-and-bubbels/Witte-wijn/Chili/Chardonnay/p/S2014071106274040014,2026-05-10T15:16:15.919478
Delhaize,Wijn en bubbels,Dilusso Prosecco | Extra Dry,Dilusso,7.99,,"10,65 €/l",,https://www.delhaize.be/nl/shop/Wijn-and-bubbels/Bubbels/Prosecco/Wit/Prosecco-Extra-Dry/p/S2016060203653220000,2026-05-10T15:16:16.471209
Delhaize,Wijn en bubbels,Lyv Pays d'Oc,Lyv,8.99,,"11,99 €/l",,https://www.delhaize.be/nl/shop/Wijn-and-bubbels/Rose-wijn/Frankrijk/Languedoc-Roussillon/Pays-d-Oc/p/S2021122300192670000,2026-05-10T15:16:17.019894
Delhaize,Wijn en bubbels,Delhaize Pays d'Oc | Merlot,Delhaize,13.99,,"4,66 €/l",,https://www.delhaize.be/nl/shop/Wijn-and-bubbels/Rode-wijn/Bag-in-box/Pays-d-Oc-Merlot/p/S2022042000621050000,2026-05-10T15:16:17.568764
Delhaize,Wijn en bubbels,Mionetto Prosecco | Rosé | Brut,Mionetto,10.99,,"14,65 €/l",,https://www.delhaize.be/nl/shop/Wijn-and-bubbels/Bubbels/Prosecco/Rose/Prosecco-Rose-Brut/p/S2020110500469850000,2026-05-10T15:16:18.119879
Delhaize,Wijn en bubbels,Mionetto Prosecco | Brut,Mionetto,3.99,,"19,95 €/l",,https://www.delhaize.be/nl/shop/Wijn-and-bubbels/Bubbels/Prosecco/Wit/Prosecco-Brut/p/S2016052003651030000,2026-05-10T15:16:18.674860
Delhaize,Wijn en bubbels,Casillero Chardonnay | Brut,Casillero,11.99,,"15,99 €/l",,https://www.delhaize.be/nl/shop/Wijn-and-bubbels/Bubbels/Andere-bubbels/Wit/Chardonnay-Brut/p/S2014080500240850001,2026-05-10T15:16:19.225950
Delhaize,Wijn en bubbels,Moet & Chandon Champagne | Brut,Moet & Chandon,44.99,- €3,"59,99 €/l",,https://www.delhaize.be/nl/shop/Wijn-and-bubbels/Bubbels/Champagne/Wit/Champagne-Brut/p/S1979010400240660000,2026-05-10T15:16:19.281556
Delhaize,Wijn en bubbels,Filipetti Vino Spumante | Moscato | Rosato | Dolce,Filipetti,3.49,,"4,65 €/l",,https://www.delhaize.be/nl/shop/Wijn-and-bubbels/Bubbels/Andere-bubbels/Rose/Vino-Spumante-Moscato-Rosato-Dolce/p/S2014052700240000000,2026-05-10T15:16:19.831489
Delhaize,Wijn en bubbels,Lindeman's Bin 50 | Shiraz,Lindeman's,6.99,,"9,32 €/l",,https://www.delhaize.be/nl/shop/Wijn-and-bubbels/Rode-wijn/Australie/Bin-50-Shiraz/p/S2015031000214500014,2026-05-10T15:16:20.381697
Delhaize,Wijn en bubbels,Hola Mediterráneo | Rosé | Brut,Hola,8.99,,"11,99 €/l",,https://www.delhaize.be/nl/shop/Wijn-and-bubbels/Bubbels/Andere-bubbels/Rose/Mediterraneo-Rose-Brut/p/S2020110900470520000,2026-05-10T15:16:20.931752
Delhaize,Wijn en bubbels,Oro De Uva Cava | Chardonnay | Brut,Oro De Uva,12.99,,"17,32 €/l",,https://www.delhaize.be/nl/shop/Wijn-and-bubbels/Bubbels/Cava/Wit/Cava-Chardonnay-Brut/p/S2013111400240860000,2026-05-10T15:16:21.481640
Delhaize,Wijn en bubbels,Codorniu Cava | Raventós | Rosé | Bio | Brut,Codorniu,13.99,,"18,65 €/l",,https://www.delhaize.be/nl/shop/Wijn-and-bubbels/Bubbels/Cava/Rose/Cava-Raventos-Rose-Bio-Brut/p/S2001101900239420000,2026-05-10T15:16:22.032290
Delhaize,Wijn en bubbels,Hola Cava | Bio | Brut,Hola,9.99,,"13,32 €/l",,https://www.delhaize.be/nl/shop/Wijn-and-bubbels/Bubbels/Cava/Wit/Cava-Bio-Brut/p/S2014031800239760000,2026-05-10T15:16:22.582037
Delhaize,Wijn en bubbels,Codorniu Cava | Bio | Brut,Codorniu,2.99,,"14,95 €/l",,https://www.delhaize.be/nl/shop/Wijn-and-bubbels/Bubbels/Cava/Wit/Cava-Bio-Brut/p/S2016022503634190000,2026-05-10T15:16:23.131845
Delhaize,Wijn en bubbels,Mateus The Original,Mateus,6.49,,"8,65 €/l",,https://www.delhaize.be/nl/shop/Wijn-and-bubbels/Rose-wijn/Andere/The-Original/p/S2018051000239000098,2026-05-10T15:16:23.681651
Delhaize,Wijn en bubbels,Umanu Île de Beauté,Umanu,15.99,,"5,33 €/l",,https://www.delhaize.be/nl/shop/Wijn-and-bubbels/Witte-wijn/Frankrijk/Corsica/Ile-de-Beaute/p/S2020040100415830000,2026-05-10T15:16:24.232138
Delhaize,Wijn en bubbels,Montinho Sao Miguel Vinho Regional Alentejano,Montinho Sao Miguel,15.99,,"5,33 €/l",,https://www.delhaize.be/nl/shop/Wijn-and-bubbels/Rode-wijn/Bag-in-box/Vinho-Regional-Alentejano/p/S2022050400626440000,2026-05-10T15:16:24.781346
Delhaize,Wijn en bubbels,1000 Stories Chardonnay,1000 Stories,17.99,,"23,99 €/l",,https://www.delhaize.be/nl/shop/Wijn-and-bubbels/Witte-wijn/Andere/Chardonnay/p/S2022042800625050000,2026-05-10T15:16:25.334167
Delhaize,Wijn en bubbels,Pommery Champagne | Royal | Brut,Pommery,43.99,,"58,65 €/l",,https://www.delhaize.be/nl/shop/Wijn-and-bubbels/Bubbels/Champagne/Wit/Champagne-Royal-Brut/p/S2016080803662350000,2026-05-10T15:16:25.884932
Delhaize,Wijn en bubbels,Diablo Dark Red,Diablo,9.99,,"13,32 €/l",,https://www.delhaize.be/nl/shop/Wijn-and-bubbels/Rode-wijn/Chili/Dark-Red/p/S2020012400349080000,2026-05-10T15:16:26.435737
Delhaize,Wijn en bubbels,Hola Mediterráneo | Brut,Hola,8.99,,"11,99 €/l",,https://www.delhaize.be/nl/shop/Wijn-and-bubbels/Bubbels/Andere-bubbels/Wit/Mediterraneo-Brut/p/S2020110900470530000,2026-05-10T15:16:26.986585
Delhaize,Wijn en bubbels,Mionetto 0 % | alcoholvrije schuimwijn,Mionetto,6.99,,"9,32 €/l",,https://www.delhaize.be/nl/shop/Wijn-and-bubbels/Alcoholvrije-wijnen-and-bubbels/Bubbels/0-alcoholvrije-schuimwijn/p/S2021042200538010000,2026-05-10T15:16:27.535431
Delhaize,Wijn en bubbels,Duval-Leroy Champagne | 75cl | Blanc de blancs,Duval-Leroy,43.99,,"58,65 €/l",,https://www.delhaize.be/nl/shop/Wijn-and-bubbels/Bubbels/Champagne/Wit/Champagne-75cl-Blanc-de-blancs/p/S2020121500476480000,2026-05-10T15:16:28.086904
Delhaize,Wijn en bubbels,Herederos Marques De Riscal Reserva | Rioja,Herederos Marques De Riscal,18.99,,"25,32 €/l",,https://www.delhaize.be/nl/shop/Wijn-and-bubbels/Rode-wijn/Spanje/Reserva-Rioja/p/S2022050500579770096,2026-05-10T15:16:28.634316
Delhaize,Wijn en bubbels,De Chanceny Crémant de Loire | Brut,De Chanceny,11.99,,"15,99 €/l",,https://www.delhaize.be/nl/shop/Wijn-and-bubbels/Bubbels/Cremant/Wit/Cremant-de-Loire-Brut/p/S1991011400239060000,2026-05-10T15:16:29.184763
Delhaize,Wijn en bubbels,Louis Delder Champagne | Brut,Louis Delder,17.99,,"23,99 €/l",,https://www.delhaize.be/nl/shop/Wijn-and-bubbels/Bubbels/Champagne/Wit/Champagne-Brut/p/S2016080103661320000,2026-05-10T15:16:29.734048
Delhaize,Wijn en bubbels,Delhaize Pays d'Oc | Chardonnay,Delhaize,13.99,,"4,66 €/l",,https://www.delhaize.be/nl/shop/Wijn-and-bubbels/Witte-wijn/Bag-in-box/Pays-d-Oc-Chardonnay/p/S2022042000621750000,2026-05-10T15:16:30.285788
Delhaize,Wijn en bubbels,Les Truffiers Côtes du Rhône,Les Truffiers,16.99,,"5,66 €/l",,https://www.delhaize.be/nl/shop/Wijn-and-bubbels/Rode-wijn/Bag-in-box/Cotes-du-Rhone/p/S2022042200295810000,2026-05-10T15:16:30.835509
Delhaize,Wijn en bubbels,Mionetto Prosecco DOCG | Brut,Mionetto,13.99,,"18,65 €/l",,https://www.delhaize.be/nl/shop/Wijn-and-bubbels/Bubbels/Prosecco/Wit/Prosecco-DOCG-Brut/p/S2015112603615160000,2026-05-10T15:16:31.386288
Delhaize,Wijn en bubbels,Casillero Pinot Noir,Casillero,6.99,,"9,32 €/l",,https://www.delhaize.be/nl/shop/Wijn-and-bubbels/Rode-wijn/Chili/Pinot-Noir/p/S2014051300237450013,2026-05-10T15:16:31.935450
Delhaize,Wijn en bubbels,Oro De Uva Cava | Rosé | Brut,Oro De Uva,8.99,,"11,99 €/l",,https://www.delhaize.be/nl/shop/Wijn-and-bubbels/Bubbels/Cava/Rose/Cava-Rose-Brut/p/S2013081400240810000,2026-05-10T15:16:32.486873
Delhaize,Wijn en bubbels,Arniston Bay Chenin / Chardonnay,Arniston Bay,5.99,,"7,99 €/l",,https://www.delhaize.be/nl/shop/Wijn-and-bubbels/Witte-wijn/Zuid-Afrika/Chenin-Chardonnay/p/S2014032000221450014,2026-05-10T15:16:33.036703
Delhaize,Wijn en bubbels,Casillero Carmenere,Casillero,6.99,,"9,32 €/l",,https://www.delhaize.be/nl/shop/Wijn-and-bubbels/Rode-wijn/Chili/Carmenere/p/S2014041500223120013,2026-05-10T15:16:33.593469
Delhaize,Wijn en bubbels,Lindeman's Bin 85 | Pinot Grigio,Lindeman's,6.99,,"9,32 €/l",,https://www.delhaize.be/nl/shop/Wijn-and-bubbels/Witte-wijn/Australie/Bin-85-Pinot-Grigio/p/S2015022600226860014,2026-05-10T15:16:34.168444
Delhaize,Wijn en bubbels,Codorníu Zero | alcoholvrije schuimwijn,Codorníu,6.99,,"9,32 €/l",,https://www.delhaize.be/nl/shop/Wijn-and-bubbels/Alcoholvrije-wijnen-and-bubbels/Bubbels/Zero-alcoholvrije-schuimwijn/p/S2016022303633520000,2026-05-10T15:16:34.718767
Delhaize,Wijn en bubbels,de Castellane Champagne | Rosé | Brut,de Castellane,38.99,,"51,99 €/l",,https://www.delhaize.be/nl/shop/Wijn-and-bubbels/Bubbels/Champagne/Rose/Champagne-Rose-Brut/p/S2012041300241380000,2026-05-10T15:16:35.267654
Delhaize,Koude en warme dranken,Oasis Mango-Passievrucht,Oasis,2.73,,"1,82 €/l",,https://www.delhaize.be/nl/shop/Koude-en-warme-dranken/Frisdrank/Iced-tea/Niet-bruisende-iced-tea/Mango-Passievrucht/p/S2024091600790430000,2026-05-10T15:16:48.898746
Delhaize,Koude en warme dranken,Pepsi Cola | Zero | Citroen | Sleek Can,Pepsi,5.99,,"3,03 €/l",,https://www.delhaize.be/nl/shop/Koude-en-warme-dranken/Frisdrank/Cola/Cola-zero/Cola-Zero-Citroen-Sleek-Can/p/S2017082804174740099,2026-05-10T15:16:49.457242
Delhaize,Koude en warme dranken,Spa Limonade | Bruisend | Lemon-Cactus | PET,Spa,8.89,,"1,78 €/l",,https://www.delhaize.be/nl/shop/Koude-en-warme-dranken/Frisdrank/Andere-bruisende-frisdranken/Op-basis-van-fruitsap/Limonade-Bruisend-Lemon-Cactus-PET/p/S2022020300603430099,2026-05-10T15:16:50.033280
Delhaize,Koude en warme dranken,Spa Limonade | Mango-Grapefruit | Bruisend | Pet,Spa,8.89,,,,https://www.delhaize.be/nl/shop/Koude-en-warme-dranken/Frisdrank/Andere-bruisende-frisdranken/Andere-bruisende-frisdranken/Limonade-Mango-Grapefruit-Bruisend-Pet/p/S2023102600728530099,2026-05-10T15:16:51.077286
Delhaize,Koude en warme dranken,Spa Limonade | Grenadine | Bruisend | Pet,Spa,8.89,,,,https://www.delhaize.be/nl/shop/Koude-en-warme-dranken/Frisdrank/Andere-bruisende-frisdranken/Andere-bruisende-frisdranken/Limonade-Grenadine-Bruisend-Pet/p/S2023102600728540099,2026-05-10T15:16:52.138159
Delhaize,Koude en warme dranken,Maison Perrier Pina beach | Limonades,Maison Perrier,3.89,,"3,89 €/l",,https://www.delhaize.be/nl/shop/Koude-en-warme-dranken/Frisdrank/Andere-bruisende-frisdranken/Op-basis-van-fruitsap/Pina-beach-Limonades/p/S2024112500803830099,2026-05-10T15:16:52.690435
Delhaize,Koude en warme dranken,Maison Perrier Daiqui'red | Limonades,Maison Perrier,3.89,,"3,89 €/l",,https://www.delhaize.be/nl/shop/Koude-en-warme-dranken/Frisdrank/Andere-bruisende-frisdranken/Op-basis-van-fruitsap/Daiqui-red-Limonades/p/S2024120200807680099,2026-05-10T15:16:53.241404
Delhaize,Koude en warme dranken,Purasana Thee | Matcha Latte | Poeder | Bio,Purasana,6.99,,"116,50 €/kg",,https://www.delhaize.be/nl/shop/Koude-en-warme-dranken/Thee/Thee-Matcha-Latte-Poeder-Bio/p/S2025012800821990000,2026-05-10T15:16:53.792819
Delhaize,Koude en warme dranken,Purasana Thee | Curcuma Latte | Poeder | Bio,Purasana,5.99,,"99,83 €/kg",,https://www.delhaize.be/nl/shop/Koude-en-warme-dranken/Thee/Thee-Curcuma-Latte-Poeder-Bio/p/S2025012800821940000,2026-05-10T15:16:54.343653
Delhaize,Koude en warme dranken,Purasana Thee | Matcha | Poeder | Bio,Purasana,5.99,,"499,17 €/kg",,https://www.delhaize.be/nl/shop/Koude-en-warme-dranken/Thee/Thee-Matcha-Poeder-Bio/p/S2025010800816790000,2026-05-10T15:16:54.892042
Delhaize,Koude en warme dranken,Purasana Koffie | Mushroom | Bio,Purasana,5.99,,"332,78 €/kg",,https://www.delhaize.be/nl/shop/Zoete-kruidenierswaren/Ontbijt/Koffie/Koffie-Mushroom-Bio/p/S2025012800821910000,2026-05-10T15:16:55.466937
Delhaize,Koude en warme dranken,Innocent Sap | Bubbles | Citroen | Limoen,Innocent,1.99,,"6,03 €/l",,https://www.delhaize.be/nl/shop/Verse-groenten-en-fruit/Verse-fruitsappen-en-smoothies/Kefir-waters-en-andere/Sap-Bubbles-Citroen-Limoen/p/F2025011400152320000,2026-05-10T15:16:56.016922
Delhaize,Koude en warme dranken,Innocent Sap | Bubbles | Framboos | Zwarte bes,Innocent,1.99,,"6,03 €/l",,https://www.delhaize.be/nl/shop/Verse-groenten-en-fruit/Verse-fruitsappen-en-smoothies/Kefir-waters-en-andere/Sap-Bubbles-Framboos-Zwarte-bes/p/F2025011400152330000,2026-05-10T15:16:56.566297
Delhaize,Koude en warme dranken,Pepsi Cola | Zero | Sleek Can,Pepsi,2.99,,"1,51 €/l",,https://www.delhaize.be/nl/shop/Koude-en-warme-dranken/Frisdrank/Cola/Cola-zero/Cola-Zero-Sleek-Can/p/S2017082804174730099,2026-05-10T15:16:57.117426
Delhaize,Koude en warme dranken,Spa Mineraalwater | Niet bruisend | PET,Spa,5.09,,"0,57 €/l",,https://www.delhaize.be/nl/shop/Koude-en-warme-dranken/Water/Plat-water/Mineraalwater-Niet-bruisend-PET/p/S1988052500194040000,2026-05-10T15:16:57.667694
Delhaize,Koude en warme dranken,Spa Mineraalwater | Bruisend | PET,Spa,6.29,,"0,70 €/l",,https://www.delhaize.be/nl/shop/Koude-en-warme-dranken/Water/Bruisend-water/Mineraalwater-Bruisend-PET/p/S1997042300194200000,2026-05-10T15:16:58.216667
Delhaize,Koude en warme dranken,San Pellegrino Natuurlijk mineraalwater | licht bruisend | PET,San Pellegrino,5.19,,"0,87 €/l",,https://www.delhaize.be/nl/shop/Koude-en-warme-dranken/Water/Licht-bruisend-water/Natuurlijk-mineraalwater-licht-bruisend-PET/p/S1998073100194980097,2026-05-10T15:16:58.765982
Delhaize,Koude en warme dranken,Spa Mineraalwater | Niet bruisend | PET,Spa,4.49,,"0,75 €/l",,https://www.delhaize.be/nl/shop/Koude-en-warme-dranken/Water/Plat-water/Mineraalwater-Niet-bruisend-PET/p/S2005092300197070000,2026-05-10T15:16:59.316327
Delhaize,Koude en warme dranken,Pepsi Cola | Zero | Frisdrank | Pet,Pepsi,13.55,,"1,51 €/l",,https://www.delhaize.be/nl/shop/Koude-en-warme-dranken/Frisdrank/Cola/Cola-zero/Cola-Zero-Frisdrank-Pet/p/S2020071500447610099,2026-05-10T15:16:59.868054
Delhaize,Koude en warme dranken,Bru Mineraalwater | Natuurlijk Licht bruisend | rPET,Bru,6.05,2de tegen -40%,"0,81 €/l",,https://www.delhaize.be/nl/shop/Koude-en-warme-dranken/Water/Licht-bruisend-water/Mineraalwater-Natuurlijk-Licht-bruisend-rPET/p/S2003070300194820000,2026-05-10T15:16:59.921240
Delhaize,Koude en warme dranken,Spa Mineraalwater | Niet bruisend | ECOPACK,Spa,4.39,2+1 gratis,"0,88 €/l",,https://www.delhaize.be/nl/shop/Koude-en-warme-dranken/Water/Plat-water/Mineraalwater-Niet-bruisend-ECOPACK/p/S2022031700614530000,2026-05-10T15:16:59.972673
Delhaize,Koude en warme dranken,Evian Mineraalwater | Niet bruisend | PET,Evian,5.49,,"0,92 €/l",,https://www.delhaize.be/nl/shop/Koude-en-warme-dranken/Water/Plat-water/Mineraalwater-Niet-bruisend-PET/p/S2002010703194270000,2026-05-10T15:17:00.520822
Delhaize,Koude en warme dranken,Lipton Bruisende Ijsthee | Original | Caloriearm | PET,Lipton,5.59,,"2,12 €/l",,https://www.delhaize.be/nl/shop/Koude-en-warme-dranken/Frisdrank/Iced-tea/Bruisende-iced-tea/Bruisende-Ijsthee-Original-Caloriearm-PET/p/S2019102800317940099,2026-05-10T15:17:01.070858
Delhaize,Koude en warme dranken,Vittel Mineraalwater | Niet bruisend | PET,Vittel,5.15,,"0,57 €/l",,https://www.delhaize.be/nl/shop/Koude-en-warme-dranken/Water/Plat-water/Mineraalwater-Niet-bruisend-PET/p/S1991020100194840000,2026-05-10T15:17:01.622781
Delhaize,Koude en warme dranken,Delhaize Mineraalwater | Niet bruisend | PET,Delhaize,2.46,,"0,27 €/l",,https://www.delhaize.be/nl/shop/Koude-en-warme-dranken/Water/Plat-water/Mineraalwater-Niet-bruisend-PET/p/S1992060102194900000,2026-05-10T15:17:02.171935
Delhaize,Koude en warme dranken,Delhaize Mineraal Water | Niet bruisend | PET,Delhaize,3.89,,"0,43 €/l",,https://www.delhaize.be/nl/shop/Koude-en-warme-dranken/Water/Plat-water/Mineraal-Water-Niet-bruisend-PET/p/S2008062402194100000,2026-05-10T15:17:02.720892
Delhaize,Koude en warme dranken,Coca-Cola Original taste | PET,Coca-Cola,14.29,,"1,59 €/l",,https://www.delhaize.be/nl/shop/Koude-en-warme-dranken/Frisdrank/Cola/Klassieke-cola/Original-taste-PET/p/S1991061400921760000,2026-05-10T15:17:03.288841
Delhaize,Koude en warme dranken,Coca-Cola Zero Sugar | Blik,Coca-Cola,7.19,,"3,99 €/l",,https://www.delhaize.be/nl/shop/Koude-en-warme-dranken/Frisdrank/Cola/Cola-zero/Zero-Sugar-Blik/p/S2011030200923540000,2026-05-10T15:17:03.870605
Delhaize,Koude en warme dranken,Coca-Cola Zero Sugar | PET,Coca-Cola,13.99,,"1,55 €/l",,https://www.delhaize.be/nl/shop/Koude-en-warme-dranken/Frisdrank/Cola/Cola-zero/Zero-Sugar-PET/p/S2006090600922230000,2026-05-10T15:17:04.420894
Delhaize,Koude en warme dranken,Pepsi Cola | Zero | Frisdrank | Pet,Pepsi,6.29,,"2,10 €/l",,https://www.delhaize.be/nl/shop/Koude-en-warme-dranken/Frisdrank/Cola/Cola-zero/Cola-Zero-Frisdrank-Pet/p/S2020071600448360099,2026-05-10T15:17:04.971276
Delhaize,Koude en warme dranken,Coca-Cola Original taste | Blik,Coca-Cola,12.69,,"2,56 €/l",,https://www.delhaize.be/nl/shop/Koude-en-warme-dranken/Frisdrank/Cola/Klassieke-cola/Original-taste-Blik/p/S2021020300504360000,2026-05-10T15:17:05.521211
Delhaize,Koude en warme dranken,Coca-Cola Zero Sugar | Blik,Coca-Cola,12.29,,"2,48 €/l",,https://www.delhaize.be/nl/shop/Koude-en-warme-dranken/Frisdrank/Cola/Cola-zero/Zero-Sugar-Blik/p/S2021020300504450000,2026-05-10T15:17:06.075290
Delhaize,Koude en warme dranken,Evian Mineraalwater | Niet-bruisend | XXL | PET,Evian,5.65,,"0,94 €/l",,https://www.delhaize.be/nl/shop/Koude-en-warme-dranken/Water/Plat-water/Mineraalwater-Niet-bruisend-XXL-PET/p/S2021031700528130000,2026-05-10T15:17:06.627044
Delhaize,Koude en warme dranken,Spa Mineraalwater | Niet bruisend | PET,Spa,4.39,,"1,10 €/l",,https://www.delhaize.be/nl/shop/Koude-en-warme-dranken/Water/Plat-water/Mineraalwater-Niet-bruisend-PET/p/S2008041700194400000,2026-05-10T15:17:07.179853
Delhaize,Koude en warme dranken,Red Bull Energy Drink | 6-Pack | 25 cl,Red Bull,7.79,,"5,19 €/l",,https://www.delhaize.be/nl/shop/Koude-en-warme-dranken/Frisdrank/Energiedrank/Energy-Drink-6-Pack-25-cl/p/S2016122803194050094,2026-05-10T15:17:07.731603
Delhaize,Koude en warme dranken,Contrex Mineraalwater | Niet bruisend | PET,Contrex,5.45,,"0,61 €/l",,https://www.delhaize.be/nl/shop/Koude-en-warme-dranken/Water/Plat-water/Mineraalwater-Niet-bruisend-PET/p/S1991040200194560000,2026-05-10T15:17:08.282114
Delhaize,Koude en warme dranken,Douwe Egberts Koffie | Dessert | Vacuüm pack | Gemalen,Douwe Egberts,9.29,,"18,58 €/kg",,https://www.delhaize.be/nl/shop/Koude-en-warme-dranken/Koffie/Gemalen/Koffie-Dessert-Vacuum-pack-Gemalen/p/S1999092400041520001,2026-05-10T15:17:08.834311
Delhaize,Koude en warme dranken,Nestlé Mineraalwater | Niet bruisend | PET,Nestlé,4.69,,"0,52 €/l",,https://www.delhaize.be/nl/shop/Koude-en-warme-dranken/Water/Plat-water/Mineraalwater-Niet-bruisend-PET/p/S2001032300194010000,2026-05-10T15:17:09.385040
Delhaize,Koude en warme dranken,Spa Mineraalwater | Bruisend | PET,Spa,3.29,,"1,10 €/l",,https://www.delhaize.be/nl/shop/Koude-en-warme-dranken/Water/Bruisend-water/Mineraalwater-Bruisend-PET/p/S1997061100194510000,2026-05-10T15:17:09.934440
Delhaize,Koude en warme dranken,Coca-Cola Original taste | Blik,Coca-Cola,7.19,,"3,99 €/l",,https://www.delhaize.be/nl/shop/Koude-en-warme-dranken/Frisdrank/Cola/Klassieke-cola/Original-taste-Blik/p/S2005100700922140000,2026-05-10T15:17:10.486463
Delhaize,Koude en warme dranken,Perrier Mineraalwater | Bruisend | PET,Perrier,5.79,,"0,97 €/l",,https://www.delhaize.be/nl/shop/Koude-en-warme-dranken/Water/Bruisend-water/Mineraalwater-Bruisend-PET/p/S2006021000194130000,2026-05-10T15:17:11.035486
Delhaize,Koude en warme dranken,Coca-Cola Original taste | Blik,Coca-Cola,5.15,,"2,60 €/l",,https://www.delhaize.be/nl/shop/Koude-en-warme-dranken/Frisdrank/Cola/Klassieke-cola/Original-taste-Blik/p/S2021020300504270099,2026-05-10T15:17:11.584846
Delhaize,Koude en warme dranken,Coca-Cola Zero Sugar | Blik,Coca-Cola,20.59,,"2,60 €/l",,https://www.delhaize.be/nl/shop/Koude-en-warme-dranken/Frisdrank/Cola/Cola-zero/Zero-Sugar-Blik/p/S2021050500507680098,2026-05-10T15:17:12.135094
Delhaize,Koude en warme dranken,Lipton Ice Tea | Bruisende | Zero,Lipton,6.75,,"2,56 €/l",,https://www.delhaize.be/nl/shop/Koude-en-warme-dranken/Frisdrank/Iced-tea/Bruisende-iced-tea/Ice-Tea-Bruisende-Zero/p/S2019110400319930099,2026-05-10T15:17:12.684535
Delhaize,Koude en warme dranken,Lipton Zwarte thee | Original | Bruisend |Caloriearm | PET,Lipton,11.29,,"1,25 €/l",,https://www.delhaize.be/nl/shop/Koude-en-warme-dranken/Frisdrank/Iced-tea/Bruisende-iced-tea/Zwarte-thee-Original-Bruisend-Caloriearm-PET/p/S2014121602194210000,2026-05-10T15:17:13.235052
Delhaize,Koude en warme dranken,Valvert Mineraalwater | Niet bruisend | PET,Valvert,5.45,2+1 gratis,"0,61 €/l",,https://www.delhaize.be/nl/shop/Koude-en-warme-dranken/Water/Plat-water/Mineraalwater-Niet-bruisend-PET/p/S1992032600194100000,2026-05-10T15:17:13.290797
Delhaize,Koude en warme dranken,Delhaize Mineraalwater | Niet bruisend | PET,Delhaize,4.79,,"0,80 €/l",,https://www.delhaize.be/nl/shop/Koude-en-warme-dranken/Water/Plat-water/Mineraalwater-Niet-bruisend-PET/p/S1997090802194980099,2026-05-10T15:17:13.841773
Delhaize,Koude en warme dranken,Delhaize Mineraal Water | Niet bruisend | PET,Delhaize,2.99,,"0,50 €/l",,https://www.delhaize.be/nl/shop/Koude-en-warme-dranken/Water/Plat-water/Mineraal-Water-Niet-bruisend-PET/p/S2008052302194110000,2026-05-10T15:17:14.393169
Delhaize,Koude en warme dranken,Coca-Cola Light | PET,Coca-Cola,15.29,,"1,70 €/l",,https://www.delhaize.be/nl/shop/Koude-en-warme-dranken/Frisdrank/Cola/Cola-light/Light-PET/p/S1991122300921770000,2026-05-10T15:17:14.946325
Delhaize,Koude en warme dranken,Nalu Energiedrank | Fruity energizer | Blik,Nalu,6.69,,"4,46 €/l",,https://www.delhaize.be/nl/shop/Koude-en-warme-dranken/Frisdrank/Energiedrank/Energiedrank-Fruity-energizer-Blik/p/S2012050700921920001,2026-05-10T15:17:15.497702
Delhaize,Koude en warme dranken,Fanta Orange | PET,Fanta,8.19,,"1,37 €/l",,https://www.delhaize.be/nl/shop/Koude-en-warme-dranken/Frisdrank/Andere-bruisende-frisdranken/Orange/Orange-PET/p/S1998071300921600089,2026-05-10T15:17:16.050730
Delhaize,Koude en warme dranken,Coca-Cola Cola | Original taste | PET,Coca-Cola,8.45,,"4,23 €/l",,https://www.delhaize.be/nl/shop/Koude-en-warme-dranken/Frisdrank/Cola/Klassieke-cola/Cola-Original-taste-PET/p/S2014022700921030001,2026-05-10T15:17:16.599664
Delhaize,Koude en warme dranken,Fanta Orange | Blik,Fanta,5.25,2de tegen -30%,"2,65 €/l",,https://www.delhaize.be/nl/shop/Koude-en-warme-dranken/Frisdrank/Andere-bruisende-frisdranken/Orange/Orange-Blik/p/S2021020200503730099,2026-05-10T15:17:16.655954
Delhaize,Koude en warme dranken,Fanta Zero Sugar | Orange | Blik,Fanta,5.69,2de tegen -30%,"2,87 €/l",,https://www.delhaize.be/nl/shop/Koude-en-warme-dranken/Frisdrank/Andere-bruisende-frisdranken/Orange/Zero-Sugar-Orange-Blik/p/S2021020200503890099,2026-05-10T15:17:16.713023
Delhaize,Koude en warme dranken,Coca-Cola Light | Blik,Coca-Cola,14.29,,"2,89 €/l",,https://www.delhaize.be/nl/shop/Koude-en-warme-dranken/Frisdrank/Cola/Cola-light/Light-Blik/p/S2021020300504380000,2026-05-10T15:17:17.262628
Delhaize,Koude en warme dranken,Coca-Cola Zero Sugar | Blik,Coca-Cola,5.15,,"2,60 €/l",,https://www.delhaize.be/nl/shop/Koude-en-warme-dranken/Frisdrank/Cola/Cola-zero/Zero-Sugar-Blik/p/S2021021000507680099,2026-05-10T15:17:17.814660
Delhaize,Koude en warme dranken,Coca-Cola Zero Sugar en zonder cafeïne | PET,Coca-Cola,13.99,,"1,55 €/l",,https://www.delhaize.be/nl/shop/Koude-en-warme-dranken/Frisdrank/Cola/Cola-zero/Zero-Sugar-en-zonder-cafeine-PET/p/S2021041300535960099,2026-05-10T15:17:18.366773
Delhaize,Koude en warme dranken,Delhaize Koffie | Dessert | Gemalen,Delhaize,5.99,,"11,98 €/kg",,https://www.delhaize.be/nl/shop/Koude-en-warme-dranken/Koffie/Gemalen/Koffie-Dessert-Gemalen/p/S2019073000285950000,2026-05-10T15:17:18.917546
Delhaize,Koude en warme dranken,Delhaize Appelsap,Delhaize,1.79,,"1,49 €/l",,https://www.delhaize.be/nl/shop/Koude-en-warme-dranken/Fruitsappen/Appel/Appelsap/p/S2020123100484430000,2026-05-10T15:17:19.467445
Delhaize,Koude en warme dranken,Spa Mineraalwater | Bruisend | PET,Spa,5.99,,"1,00 €/l",,https://www.delhaize.be/nl/shop/Koude-en-warme-dranken/Water/Bruisend-water/Mineraalwater-Bruisend-PET/p/S2005092300197050000,2026-05-10T15:17:20.017200
Delhaize,Koude en warme dranken,Spa Mineraalwater | Citroen | Bruisend | PET,Spa,5.89,,"1,96 €/l",,https://www.delhaize.be/nl/shop/Koude-en-warme-dranken/Water/Gearomatiseerd-water/Bruiswater-met-een-smaakje/Mineraalwater-Citroen-Bruisend-PET/p/S2013041900194870000,2026-05-10T15:17:20.568155
Delhaize,Koude en warme dranken,Senseo Koffie | Classic | Pads,Senseo,4.89,3+1 gratis,"19,56 €/kg",,https://www.delhaize.be/nl/shop/Koude-en-warme-dranken/Koffie/Senseo-compatibel-pads/Koffie-Classic-Pads/p/S2015021000040810000,2026-05-10T15:17:20.623133
Delhaize,Koude en warme dranken,Coca-Cola Zero Sugar | PET,Coca-Cola,8.69,,"4,35 €/l",,https://www.delhaize.be/nl/shop/Koude-en-warme-dranken/Frisdrank/Cola/Cola-zero/Zero-Sugar-PET/p/S2014022700922280001,2026-05-10T15:17:21.174040
Delhaize,Koude en warme dranken,Fuze Tea Zwarte thee | Peach Hibiscus | Blik,Fuze Tea,5.29,,"2,67 €/l",,https://www.delhaize.be/nl/shop/Koude-en-warme-dranken/Frisdrank/Iced-tea/Niet-bruisende-iced-tea/Zwarte-thee-Peach-Hibiscus-Blik/p/S2021120900593320099,2026-05-10T15:17:21.728924
Delhaize,Koude en warme dranken,Evian Mineraalwater | Niet bruisend | PET,Evian,4.59,,"1,53 €/l",,https://www.delhaize.be/nl/shop/Koude-en-warme-dranken/Water/Plat-water/Mineraalwater-Niet-bruisend-PET/p/S1998122900194090000,2026-05-10T15:17:22.278722
Delhaize,Koude en warme dranken,Lipton Ice Tea | Niet bruisende | Perzik,Lipton,14.89,,"1,65 €/l",,https://www.delhaize.be/nl/shop/Koude-en-warme-dranken/Frisdrank/Iced-tea/Niet-bruisende-iced-tea/Ice-Tea-Niet-bruisende-Perzik/p/S2009032502194390000,2026-05-10T15:17:22.829935
Delhaize,Koude en warme dranken,Delhaize Sap | Sinaasappel | Bio | Glas,Delhaize,2.29,,"3,05 €/l",,https://www.delhaize.be/nl/shop/Koude-en-warme-dranken/Fruitsappen/Andere/Sap-Sinaasappel-Bio-Glas/p/S2013040400207530000,2026-05-10T15:17:23.379932
Delhaize,Koude en warme dranken,San Pellegrino Natuurlijk mineraalwater | licht bruisend | PET,San Pellegrino,4.55,,"1,52 €/l",,https://www.delhaize.be/nl/shop/Koude-en-warme-dranken/Water/Licht-bruisend-water/Natuurlijk-mineraalwater-licht-bruisend-PET/p/S2002032002194010000,2026-05-10T15:17:23.931450
Delhaize,Koude en warme dranken,Delhaize Mineralwater | Sterk sprankelend | PET,Delhaize,2.99,,"0,50 €/l",,https://www.delhaize.be/nl/shop/Koude-en-warme-dranken/Water/Bruisend-water/Mineralwater-Sterk-sprankelend-PET/p/S2022021400605830099,2026-05-10T15:17:24.480248
Delhaize,Koude en warme dranken,Delhaize Koffie | Regular 05 | Pads,Delhaize,3.99,,"15,96 €/kg",,https://www.delhaize.be/nl/shop/Koude-en-warme-dranken/Koffie/Senseo-compatibel-pads/Koffie-Regular-05-Pads/p/S2019073000286220000,2026-05-10T15:17:25.030150
Delhaize,Koude en warme dranken,Schweppes Agrumes | Zero | Blik,Schweppes,5.19,2=gratis levering,"2,62 €/l",,https://www.delhaize.be/nl/shop/Koude-en-warme-dranken/Frisdrank/Andere-bruisende-frisdranken/Op-basis-van-fruitsap/Agrumes-Zero-Blik/p/S2015020302194690000,2026-05-10T15:17:25.082975
Delhaize,Koude en warme dranken,Lipton Ice Tea | Bruisende | Original,Lipton,8.49,,"4,72 €/l",,https://www.delhaize.be/nl/shop/Koude-en-warme-dranken/Frisdrank/Iced-tea/Bruisende-iced-tea/Ice-Tea-Bruisende-Original/p/S2019030600181570099,2026-05-10T15:17:25.633462
Delhaize,Koude en warme dranken,Volvic Mineraalwater | Niet bruisend | PET,Volvic,6.95,,"0,77 €/l",,https://www.delhaize.be/nl/shop/Koude-en-warme-dranken/Water/Plat-water/Mineraalwater-Niet-bruisend-PET/p/S2019050300248640099,2026-05-10T15:17:26.184061
Delhaize,Koude en warme dranken,Douwe Egberts Koffie | Dessert | Gemalen,Douwe Egberts,4.79,,"19,16 €/kg",,https://www.delhaize.be/nl/shop/Koude-en-warme-dranken/Koffie/Gemalen/Koffie-Dessert-Gemalen/p/S2018020500022330000,2026-05-10T15:17:26.734244
Delhaize,Koude en warme dranken,Fanta Zero Sugar | Orange | PET,Fanta,9.15,,"1,53 €/l",,https://www.delhaize.be/nl/shop/Koude-en-warme-dranken/Frisdrank/Andere-bruisende-frisdranken/Orange/Zero-Sugar-Orange-PET/p/S2008050800922300089,2026-05-10T15:17:27.282742
Delhaize,Koude en warme dranken,Pepsi Cola | Zero | Lemon | Soft drink | Pet,Pepsi,13.89,,"1,54 €/l",,https://www.delhaize.be/nl/shop/Koude-en-warme-dranken/Frisdrank/Cola/Cola-zero/Cola-Zero-Lemon-Soft-drink-Pet/p/S2020071500447570099,2026-05-10T15:17:27.833168
Delhaize,Koude en warme dranken,Lipton Ice Tea | Niet bruisende | Groene | Original,Lipton,14.15,,"1,57 €/l",,https://www.delhaize.be/nl/shop/Koude-en-warme-dranken/Frisdrank/Iced-tea/Niet-bruisende-iced-tea/Ice-Tea-Niet-bruisende-Groene-Original/p/S2018122002194240097,2026-05-10T15:17:28.383760
Delhaize,Koude en warme dranken,Delhaize Sap | Sinaasappel | Vers,Delhaize,2.49,,"4,98 €/l",,https://www.delhaize.be/nl/shop/Verse-groenten-en-fruit/Verse-fruitsappen-en-smoothies/Verse-fruitsappen/Sap-Sinaasappel-Vers/p/F2012011200337400000,2026-05-10T15:17:28.933356
Delhaize,Koude en warme dranken,Delhaize Sap | Sinaasappel | Vers Geperst,Delhaize,3.39,,"3,39 €/l",,https://www.delhaize.be/nl/shop/Verse-groenten-en-fruit/Verse-fruitsappen-en-smoothies/Verse-fruitsappen/Sap-Sinaasappel-Vers-Geperst/p/F2017012600369720000,2026-05-10T15:17:29.483942
Delhaize,Koude en warme dranken,Lipton Ice Tea | Niet bruisende | Perzik,Lipton,5.89,,"2,23 €/l",,https://www.delhaize.be/nl/shop/Koude-en-warme-dranken/Frisdrank/Iced-tea/Niet-bruisende-iced-tea/Ice-Tea-Niet-bruisende-Perzik/p/S2019102800317950099,2026-05-10T15:17:30.032983
Delhaize,Koude en warme dranken,Douwe Egberts Koffie | Moka Royal | Vacuüm pack | Gemalen,Douwe Egberts,9.95,,"19,90 €/kg",,https://www.delhaize.be/nl/shop/Koude-en-warme-dranken/Koffie/Gemalen/Koffie-Moka-Royal-Vacuum-pack-Gemalen/p/S1999092400041580001,2026-05-10T15:17:30.586571
Delhaize,Koude en warme dranken,Delhaize Mineraalwater | Licht bruisend | Pet,Delhaize,3.09,,"0,52 €/l",,https://www.delhaize.be/nl/shop/Koude-en-warme-dranken/Water/Licht-bruisend-water/Mineraalwater-Licht-bruisend-Pet/p/S2022021400605890099,2026-05-10T15:17:31.137593
Delhaize,Koude en warme dranken,Delhaize Bronwater|Niet bruisend|PET|Sportdop,Delhaize,2.39,,"0,60 €/l",,https://www.delhaize.be/nl/shop/Koude-en-warme-dranken/Water/Plat-water/Bronwater-Niet-bruisend-PET-Sportdop/p/S2014022602194350000,2026-05-10T15:17:31.687350
Delhaize,Koude en warme dranken,Coca-Cola Zero Sugar en zonder cafeïne | Blik,Coca-Cola,5.89,,"2,97 €/l",,https://www.delhaize.be/nl/shop/Koude-en-warme-dranken/Frisdrank/Cola/Klassieke-cola/Zero-Sugar-en-zonder-cafeine-Blik/p/S2021081100574720099,2026-05-10T15:17:32.238580
Delhaize,Koude en warme dranken,Lipton Ice Tea | Bruisende | zero,Lipton,14.15,,"1,57 €/l",,https://www.delhaize.be/nl/shop/Koude-en-warme-dranken/Frisdrank/Iced-tea/Bruisende-iced-tea/Ice-Tea-Bruisende-zero/p/S2010041200194150000,2026-05-10T15:17:32.790228
Delhaize,Koude en warme dranken,Douwe Egberts Koffie | Lungo | Dessert 6 | Caps,Douwe Egberts,5.49,,"52,79 €/kg",,https://www.delhaize.be/nl/shop/Koude-en-warme-dranken/Koffie/Nespresso-compatibel-caps/Koffie-Lungo-Dessert-6-Caps/p/S2017070404159110000,2026-05-10T15:17:33.345244
Delhaize,Koude en warme dranken,Fanta Orange | PET,Fanta,7.55,,"2,52 €/l",,https://www.delhaize.be/nl/shop/Koude-en-warme-dranken/Frisdrank/Andere-bruisende-frisdranken/Orange/Orange-PET/p/S2000020300922000088,2026-05-10T15:17:33.895531
Delhaize,Koude en warme dranken,Coca-Cola Light | PET,Coca-Cola,8.89,,"2,96 €/l",,https://www.delhaize.be/nl/shop/Koude-en-warme-dranken/Frisdrank/Cola/Cola-light/Light-PET/p/S2004081600921570000,2026-05-10T15:17:34.445242
Delhaize,Koude en warme dranken,Coca-Cola Original taste | Blik,Coca-Cola,20.59,,"2,60 €/l",,https://www.delhaize.be/nl/shop/Koude-en-warme-dranken/Frisdrank/Cola/Klassieke-cola/Original-taste-Blik/p/S2021050500504270098,2026-05-10T15:17:35.002253
Delhaize,Koude en warme dranken,Teisseire Siroop | Grenadine | Zero Suiker,Teisseire,5.05,,"8,42 €/l",,https://www.delhaize.be/nl/shop/Koude-en-warme-dranken/Siropen/Grenadine/Siroop-Grenadine-Zero-Suiker/p/S2007032000206550000,2026-05-10T15:17:35.550534
Delhaize,Koude en warme dranken,Delhaize Sinaasappelsap,Delhaize,1.89,,"1,58 €/l",,https://www.delhaize.be/nl/shop/Koude-en-warme-dranken/Fruitsappen/Sinaasappel/Sinaasappelsap/p/S2020123100484360000,2026-05-10T15:17:36.099501
Delhaize,Koude en warme dranken,Starbucks Koffie Colombia | 10 capsules,Starbucks,3.75,,"65,79 €/kg",,https://www.delhaize.be/nl/shop/Koude-en-warme-dranken/Koffie/Nespresso-compatibel-caps/Koffie-Colombia-10-capsules/p/S2019070100269150000,2026-05-10T15:17:36.648776
Delhaize,Koude en warme dranken,Canada Dry Ginger Ale | PET,Canada Dry,3.39,,"2,26 €/l",,https://www.delhaize.be/nl/shop/Koude-en-warme-dranken/Frisdrank/Andere-bruisende-frisdranken/Andere-bruisende-frisdranken/Ginger-Ale-PET/p/S1989101300194370000,2026-05-10T15:17:37.199436
Delhaize,Koude en warme dranken,Illy Koffiebonen | Classico,Illy,8.65,,"34,60 €/kg",,https://www.delhaize.be/nl/shop/Koude-en-warme-dranken/Koffie/Bonen/Koffiebonen-Classico/p/S2020101600468230000,2026-05-10T15:17:37.750578
Delhaize,Koude en warme dranken,Lipton Ice Tea | Niet bruisende | Perzik,Lipton,9.09,1+1 gratis,"3,03 €/l",,https://www.delhaize.be/nl/shop/Koude-en-warme-dranken/Frisdrank/Iced-tea/Niet-bruisende-iced-tea/Ice-Tea-Niet-bruisende-Perzik/p/S2009032502194420000,2026-05-10T15:17:37.805328
Delhaize,Koude en warme dranken,Sprite Limonade | Citroen Limoen | Zonder suiker | PET,Sprite,9.45,,"1,58 €/l",,https://www.delhaize.be/nl/shop/Koude-en-warme-dranken/Frisdrank/Andere-bruisende-frisdranken/Citroen/Limonade-Citroen-Limoen-Zonder-suiker-PET/p/S2007021400922200000,2026-05-10T15:17:38.358532
Delhaize,Koude en warme dranken,Sprite Sprite | Zero | Blik | Sleek,Sprite,5.69,2de tegen -30%,"2,87 €/l",,https://www.delhaize.be/nl/shop/Koude-en-warme-dranken/Frisdrank/Andere-bruisende-frisdranken/Citroen/Sprite-Zero-Blik-Sleek/p/S2021020200503970099,2026-05-10T15:17:38.412674
Delhaize,Koude en warme dranken,Coca-Cola Zero Sugar en zonder cafeïne | PET,Coca-Cola,10.19,,"3,40 €/l",,https://www.delhaize.be/nl/shop/Koude-en-warme-dranken/Frisdrank/Cola/Cola-zero/Zero-Sugar-en-zonder-cafeine-PET/p/S2018082000104420099,2026-05-10T15:17:38.962506
Delhaize,Koude en warme dranken,Delhaize Sap | Sinaasappel | Zonder pulp,Delhaize,4.15,,"2,08 €/l",,https://www.delhaize.be/nl/shop/Verse-groenten-en-fruit/Verse-fruitsappen-en-smoothies/Verse-fruitsappen/Sap-Sinaasappel-Zonder-pulp/p/F2011083100356800000,2026-05-10T15:17:39.519527
Delhaize,Koude en warme dranken,Delhaize Grenadine | Bruisend | PET,Delhaize,2.99,,"1,51 €/l",,https://www.delhaize.be/nl/shop/Koude-en-warme-dranken/Frisdrank/Andere-bruisende-frisdranken/Grenadine/Grenadine-Bruisend-PET/p/S2021061900557330099,2026-05-10T15:17:40.073598
Delhaize,"Bieren, Alcohol & Alcoholvrij",Johnnie Walker Red Label | Whisky | Blended | 40% Alc,Johnnie Walker,19.99,,,,https://www.delhaize.be/nl/shop/Bieren-Alcohol-and-Alcoholvrij/Aperitieven-and-Spirits/Spirits/Whisky/Red-Label-Whisky-Blended-40-Alc/p/S2020021900361840000,2026-05-10T15:17:52.372218
Delhaize,"Bieren, Alcohol & Alcoholvrij",J&B Whisky | Scotch | 40% ALC.,J&B,18.95,,"27,07 €/l",,https://www.delhaize.be/nl/shop/Bieren-Alcohol-and-Alcoholvrij/Aperitieven-and-Spirits/Spirits/Whisky/Whisky-Scotch-40-ALC-/p/S1974022000252450000,2026-05-10T15:17:52.932868
Delhaize,"Bieren, Alcohol & Alcoholvrij","Eristoff Vodka | Wit | 37,5% ALC.",Eristoff,15.99,,"22,84 €/l",,https://www.delhaize.be/nl/shop/Bieren-Alcohol-and-Alcoholvrij/Aperitieven-and-Spirits/Spirits/Vodka/Vodka-Wit-37-5-ALC-/p/S2000050900259460000,2026-05-10T15:17:53.486336
Delhaize,"Bieren, Alcohol & Alcoholvrij","Jupiler Blond Bier | Pils | 5,2% alc. | Bak",Jupiler,15.99,,"2,67 €/l",,https://www.delhaize.be/nl/shop/Bieren-Alcohol-and-Alcoholvrij/Bieren/Pils-and-Tafelbieren/Blond-Bier-Pils-5-2-alc-Bak/p/S1995053000195820000,2026-05-10T15:17:54.039383
Delhaize,"Bieren, Alcohol & Alcoholvrij","Jupiler Blond Bier | Pils | 5,2% alc. | Jumbo | Bak",Jupiler,19.39,2+1 gratis,"2,45 €/l",,https://www.delhaize.be/nl/shop/Bieren-Alcohol-and-Alcoholvrij/Bieren/Pils-and-Tafelbieren/Blond-Bier-Pils-5-2-alc-Jumbo-Bak/p/S2002070900195850000,2026-05-10T15:17:54.091845
Delhaize,"Bieren, Alcohol & Alcoholvrij","Tripel Karmeliet Blond bier | Tripel | 8,4% alc. | Fles",Tripel Karmeliet,9.35,2de tegen -50%,"4,72 €/l",,https://www.delhaize.be/nl/shop/Bieren-Alcohol-and-Alcoholvrij/Bieren/Degustatie-Bieren/Blond-Bieren/Blond-bier-Tripel-8-4-alc-Fles/p/S2020031000405710099,2026-05-10T15:17:54.144190
Delhaize,"Bieren, Alcohol & Alcoholvrij","Duvel Blond bier | 8,5%",Duvel,8.99,,"4,54 €/l",,https://www.delhaize.be/nl/shop/Bieren-Alcohol-and-Alcoholvrij/Bieren/Degustatie-Bieren/Blond-Bieren/Blond-bier-8-5-/p/S2019120300331960099,2026-05-10T15:17:54.694478
Delhaize,"Bieren, Alcohol & Alcoholvrij","Jupiler Blond Bier | Pils | 5,2% alc. | Blik",Jupiler,10.85,,"2,71 €/l",,https://www.delhaize.be/nl/shop/Bieren-Alcohol-and-Alcoholvrij/Bieren/Pils-and-Tafelbieren/Blond-Bier-Pils-5-2-alc-Blik/p/S2011041300195940001,2026-05-10T15:17:55.244056
Delhaize,"Bieren, Alcohol & Alcoholvrij","Stella Artois Blond Bier | Pils | 5,2% Alc. | Bak",Stella Artois,16.45,2+1 gratis,"2,74 €/l",,https://www.delhaize.be/nl/shop/Bieren-Alcohol-and-Alcoholvrij/Bieren/Pils-and-Tafelbieren/Blond-Bier-Pils-5-2-Alc-Bak/p/S1975011500195900000,2026-05-10T15:17:55.295251
Delhaize,"Bieren, Alcohol & Alcoholvrij","Jupiler Blond Bier | Pils | 5,2% alc. | Blik",Jupiler,8.09,,"4,09 €/l",,https://www.delhaize.be/nl/shop/Bieren-Alcohol-and-Alcoholvrij/Bieren/Pils-and-Tafelbieren/Blond-Bier-Pils-5-2-alc-Blik/p/S2014021400195020000,2026-05-10T15:17:55.844046
Delhaize,"Bieren, Alcohol & Alcoholvrij","Maes Bier | Pils | 5,2% ALC. | Blik",Maes,11.49,,"2,90 €/l",,https://www.delhaize.be/nl/shop/Bieren-Alcohol-and-Alcoholvrij/Bieren/Pils-and-Tafelbieren/Bier-Pils-5-2-ALC-Blik/p/S2016021603631620099,2026-05-10T15:17:56.391288
Delhaize,"Bieren, Alcohol & Alcoholvrij","Leffe Abdijbier | Blond | 6,6% alc | Fles",Leffe,9.89,,"3,75 €/l",,https://www.delhaize.be/nl/shop/Bieren-Alcohol-and-Alcoholvrij/Bieren/Degustatie-Bieren/Blond-Bieren/Abdijbier-Blond-6-6-alc-Fles/p/S2019052100255620099,2026-05-10T15:17:56.939037
Delhaize,"Bieren, Alcohol & Alcoholvrij","Victoria Blond bier | 8,5% Alc. | Fles",Victoria,7.75,2de tegen -50%,"3,91 €/l",,https://www.delhaize.be/nl/shop/Bieren-Alcohol-and-Alcoholvrij/Bieren/Degustatie-Bieren/Blond-Bieren/Blond-bier-8-5-Alc-Fles/p/S2022030300611200099,2026-05-10T15:17:56.992923
Delhaize,"Bieren, Alcohol & Alcoholvrij","Jupiler Blond Bier | Pils | 5,2% alc. | Blik",Jupiler,5.79,,"3,86 €/l",,https://www.delhaize.be/nl/shop/Bieren-Alcohol-and-Alcoholvrij/Bieren/Pils-and-Tafelbieren/Blond-Bier-Pils-5-2-alc-Blik/p/S2021010400484860099,2026-05-10T15:17:57.540149
Delhaize,"Bieren, Alcohol & Alcoholvrij",Martini Bellini | Sprankelend Cocktail | Rosé,Martini,8.49,,"11,32 €/l",,https://www.delhaize.be/nl/shop/Bieren-Alcohol-and-Alcoholvrij/Aperitieven-and-Spirits/Aperitieven/Bellini-Sprankelend-Cocktail-Rose/p/S2014043000245000000,2026-05-10T15:17:58.091214
Delhaize,"Bieren, Alcohol & Alcoholvrij",Jupiler Blond Bier | Pils | alcoholvrij | 0% alc. | Blik,Jupiler,6.99,2de tegen -50%,"3,53 €/l",,https://www.delhaize.be/nl/shop/Bieren-Alcohol-and-Alcoholvrij/Alcoholvrije-Bieren/Blond-Bier-Pils-alcoholvrij-0-alc-Blik/p/S2016102403676630099,2026-05-10T15:17:58.143285
Delhaize,"Bieren, Alcohol & Alcoholvrij",William Lawson's Whisky | Scotch | Blended | 40% ALC.,William Lawson's,16.79,,"23,99 €/l",,https://www.delhaize.be/nl/shop/Bieren-Alcohol-and-Alcoholvrij/Aperitieven-and-Spirits/Spirits/Whisky/Whisky-Scotch-Blended-40-ALC-/p/S1991101800251700000,2026-05-10T15:17:58.693781
Delhaize,"Bieren, Alcohol & Alcoholvrij","Gordon's Gin | London dry | 37,5% ALC.",Gordon's,16.99,- €1.5,"24,27 €/l",,https://www.delhaize.be/nl/shop/Bieren-Alcohol-and-Alcoholvrij/Aperitieven-and-Spirits/Spirits/Gin/Gin-London-dry-37-5-ALC-/p/S2020032500413260000,2026-05-10T15:17:58.746725
Delhaize,"Bieren, Alcohol & Alcoholvrij","Maes Blond bier | Pils | 5,2% ALC. | Bak",Maes,15.19,,"2,53 €/l",,https://www.delhaize.be/nl/shop/Bieren-Alcohol-and-Alcoholvrij/Bieren/Pils-and-Tafelbieren/Blond-bier-Pils-5-2-ALC-Bak/p/S1975101700195880000,2026-05-10T15:17:59.295718
Delhaize,"Bieren, Alcohol & Alcoholvrij",Baileys Likeur | Irish Cream | 17% ALC.,Baileys,14.69,,"20,99 €/l",,https://www.delhaize.be/nl/shop/Bieren-Alcohol-and-Alcoholvrij/Aperitieven-and-Spirits/Spirits/Liqueurs/Likeur-Irish-Cream-17-ALC-/p/S1978102600237000000,2026-05-10T15:17:59.862868
Delhaize,"Bieren, Alcohol & Alcoholvrij","Leffe Abdijbier | Blond | 6,6% alc | Blik",Leffe,9.39,2de tegen -50%,"4,74 €/l",,https://www.delhaize.be/nl/shop/Bieren-Alcohol-and-Alcoholvrij/Bieren/Degustatie-Bieren/Blond-Bieren/Abdijbier-Blond-6-6-alc-Blik/p/S2016021103629690099,2026-05-10T15:17:59.913663
Delhaize,"Bieren, Alcohol & Alcoholvrij",Smirnoff Vodka | 37.5% ALC.,Smirnoff,14.79,,"21,13 €/l",,https://www.delhaize.be/nl/shop/Bieren-Alcohol-and-Alcoholvrij/Aperitieven-and-Spirits/Spirits/Vodka/Vodka-37-5-ALC-/p/S1971080100259420000,2026-05-10T15:18:00.459950
Delhaize,"Bieren, Alcohol & Alcoholvrij",Bombay Gin | Original Dry | 37.5% alc,Bombay,19.99,,"28,56 €/l",,https://www.delhaize.be/nl/shop/Bieren-Alcohol-and-Alcoholvrij/Aperitieven-and-Spirits/Spirits/Gin/Gin-Original-Dry-37-5-alc/p/S2011021400252980000,2026-05-10T15:18:01.010344
Delhaize,"Bieren, Alcohol & Alcoholvrij","Piedboeuf Bier | Donker | 1,5% Alc. | Fles",Piedboeuf,2.71,,"3,61 €/l",,https://www.delhaize.be/nl/shop/Bieren-Alcohol-and-Alcoholvrij/Bieren/Pils-and-Tafelbieren/Bier-Donker-1-5-Alc-Fles/p/S1976053100195120000,2026-05-10T15:18:01.561245
Delhaize,"Bieren, Alcohol & Alcoholvrij",Bombay Gin | London dry | 40% ALC.,Bombay,22.65,,"32,36 €/l",,https://www.delhaize.be/nl/shop/Bieren-Alcohol-and-Alcoholvrij/Aperitieven-and-Spirits/Spirits/Gin/Gin-London-dry-40-ALC-/p/S2001110600252990000,2026-05-10T15:18:02.109933
Delhaize,"Bieren, Alcohol & Alcoholvrij","Cornet Blond bier | 8,5% alc",Cornet,8.79,,"4,44 €/l",,https://www.delhaize.be/nl/shop/Bieren-Alcohol-and-Alcoholvrij/Bieren/Degustatie-Bieren/Blond-Bieren/Blond-bier-8-5-alc/p/S2020112600339770099,2026-05-10T15:18:02.659750
Delhaize,"Bieren, Alcohol & Alcoholvrij",Aperol Aperitief | 11% alc. |Italiaanse cocktail,Aperol,16.79,,"16,79 €/l",,https://www.delhaize.be/nl/shop/Bieren-Alcohol-and-Alcoholvrij/Aperitieven-and-Spirits/Aperitieven/Aperitief-11-alc-Italiaanse-cocktail/p/S2018111500129960000,2026-05-10T15:18:03.210435
Delhaize,"Bieren, Alcohol & Alcoholvrij",Chimay Trappist Bier | Blauw | 9% ALC. | Fles,Chimay,10.49,,"5,30 €/l",,https://www.delhaize.be/nl/shop/Bieren-Alcohol-and-Alcoholvrij/Bieren/Degustatie-Bieren/Trappists-Bieren/Trappist-Bier-Blauw-9-ALC-Fles/p/S2011012000195720087,2026-05-10T15:18:03.760122
Delhaize,"Bieren, Alcohol & Alcoholvrij","Corona Extra Corona Extra Bier | Pils | 4,5% alc | Fles",Corona Extra,8.99,,"4,54 €/l",,https://www.delhaize.be/nl/shop/Bieren-Alcohol-and-Alcoholvrij/Bieren/Pils-and-Tafelbieren/Corona-Extra-Bier-Pils-4-5-alc-Fles/p/S2023013000677380099,2026-05-10T15:18:04.307444
Delhaize,"Bieren, Alcohol & Alcoholvrij",Jupiler Blond Bier | Pils | alcoholvrij | 0% alc. | Blik,Jupiler,13.79,2de tegen -50%,"3,24 €/l",,https://www.delhaize.be/nl/shop/Bieren-Alcohol-and-Alcoholvrij/Alcoholvrije-Bieren/Blond-Bier-Pils-alcoholvrij-0-alc-Blik/p/S2021061000554670099,2026-05-10T15:18:04.358261
Delhaize,"Bieren, Alcohol & Alcoholvrij",Leffe Abdijbier | Alcoholvrij | 0% alc | Blik,Leffe,8.29,2de tegen -50%,"4,19 €/l",,https://www.delhaize.be/nl/shop/Bieren-Alcohol-and-Alcoholvrij/Alcoholvrije-Bieren/Abdijbier-Alcoholvrij-0-alc-Blik/p/S2019111300322860099,2026-05-10T15:18:04.412350
Delhaize,"Bieren, Alcohol & Alcoholvrij",Disaronno Amaretto | 28% ALC.,Disaronno,15.49,- €1.5,"22,13 €/l",,https://www.delhaize.be/nl/shop/Bieren-Alcohol-and-Alcoholvrij/Aperitieven-and-Spirits/Spirits/Liqueurs/Amaretto-28-ALC-/p/S1984011600268700000,2026-05-10T15:18:04.463571
Delhaize,"Bieren, Alcohol & Alcoholvrij",Captain Morgan Rum | Spiced Gold,Captain Morgan,16.89,- €1.5,"24,13 €/l",,https://www.delhaize.be/nl/shop/Bieren-Alcohol-and-Alcoholvrij/Aperitieven-and-Spirits/Spirits/Rhum/Rum-Spiced-Gold/p/S2012022100257130000,2026-05-10T15:18:04.516127
Delhaize,"Bieren, Alcohol & Alcoholvrij","Westmalle Trappist | Tripel | 9,5% | Fles",Westmalle,5.95,,"4,51 €/l",,https://www.delhaize.be/nl/shop/Bieren-Alcohol-and-Alcoholvrij/Bieren/Degustatie-Bieren/Trappists-Bieren/Trappist-Tripel-9-5-Fles/p/S2018020700023060099,2026-05-10T15:18:05.062896
Delhaize,"Bieren, Alcohol & Alcoholvrij",Cristal Blond bier | Pils | 5% ALC. | Blik,Cristal,7.19,,"3,63 €/l",,https://www.delhaize.be/nl/shop/Bieren-Alcohol-and-Alcoholvrij/Bieren/Pils-and-Tafelbieren/Blond-bier-Pils-5-ALC-Blik/p/S2017032404140400099,2026-05-10T15:18:05.609754
Delhaize,"Bieren, Alcohol & Alcoholvrij","Leffe Abdijbier | Blond | 6,6% alc | Fles",Leffe,4.95,,"3,75 €/l",,https://www.delhaize.be/nl/shop/Bieren-Alcohol-and-Alcoholvrij/Bieren/Degustatie-Bieren/Blond-Bieren/Abdijbier-Blond-6-6-alc-Fles/p/S2019052100255580099,2026-05-10T15:18:06.157690
Delhaize,"Bieren, Alcohol & Alcoholvrij","Hoegaarden Witbier | 4,9% alc | Fles",Hoegaarden,6.69,2de tegen -50%,"3,35 €/l",,https://www.delhaize.be/nl/shop/Bieren-Alcohol-and-Alcoholvrij/Bieren/Licht-Bieren-and-Ciders/Witte-Bieren/Witbier-4-9-alc-Fles/p/S2019120300331790099,2026-05-10T15:18:06.217212
Delhaize,"Bieren, Alcohol & Alcoholvrij",Bacardi Rum | Wit | Carta Blanca | 37.5% ALC.,Bacardi,20.99,,"29,99 €/l",,https://www.delhaize.be/nl/shop/Bieren-Alcohol-and-Alcoholvrij/Aperitieven-and-Spirits/Spirits/Rhum/Rum-Wit-Carta-Blanca-37-5-ALC-/p/S1971080100257390000,2026-05-10T15:18:06.764117
Delhaize,"Bieren, Alcohol & Alcoholvrij",Leffe Abdijbier |Rituel | 9% alc | Fles,Leffe,7.95,,"6,02 €/l",,https://www.delhaize.be/nl/shop/Bieren-Alcohol-and-Alcoholvrij/Bieren/Degustatie-Bieren/Blond-Bieren/Abdijbier-Rituel-9-alc-Fles/p/S2006011900195040000,2026-05-10T15:18:07.310956
Delhaize,"Bieren, Alcohol & Alcoholvrij",Bacardi Mojito | RTD | 14.9D,Bacardi,15.29,,"21,84 €/l",,https://www.delhaize.be/nl/shop/Bieren-Alcohol-and-Alcoholvrij/Aperitieven-and-Spirits/Aperitieven/Mojito-RTD-14-9D/p/S2019022100173950000,2026-05-10T15:18:07.859483
Delhaize,"Bieren, Alcohol & Alcoholvrij","Leffe Abdijbier | Bruin | 6,5% alc | Fles",Leffe,9.89,,"3,75 €/l",,https://www.delhaize.be/nl/shop/Bieren-Alcohol-and-Alcoholvrij/Bieren/Degustatie-Bieren/Donker-and-Amber-Bieren/Abdijbier-Bruin-6-5-alc-Fles/p/S2019052100255540099,2026-05-10T15:18:08.406583
Delhaize,"Bieren, Alcohol & Alcoholvrij",Delhaize Porto | Ruby | 19% alc,Delhaize,4.69,,"6,25 €/l",,https://www.delhaize.be/nl/shop/Bieren-Alcohol-and-Alcoholvrij/Aperitieven-and-Spirits/Aperitieven/Porto-Ruby-19-alc/p/S2014071500233990001,2026-05-10T15:18:08.961876
Delhaize,"Bieren, Alcohol & Alcoholvrij",Kwak Rouge bier | 8 % Alc. | Fles,Kwak,6.59,2de tegen -50%,"4,99 €/l",,https://www.delhaize.be/nl/shop/Bieren-Alcohol-and-Alcoholvrij/Bieren/Degustatie-Bieren/Sterk-Fruitig-Bieren/Rouge-bier-8-Alc-Fles/p/S2022012600601420099,2026-05-10T15:18:09.014197
Delhaize,"Bieren, Alcohol & Alcoholvrij",Schweppes Indian Tonic | Zero | rPET,Schweppes,17.29,,"1,92 €/l",,https://www.delhaize.be/nl/shop/Koude-en-warme-dranken/Frisdrank/Tonic-and-Premium-Mixers/Indian-Tonic-Zero-rPET/p/S2014120303195160000,2026-05-10T15:18:09.565248
Delhaize,"Bieren, Alcohol & Alcoholvrij",Aperol Aperitief | 11% alc. | Italiaanse cocktail,Aperol,11.45,,"16,36 €/l",,https://www.delhaize.be/nl/shop/Bieren-Alcohol-and-Alcoholvrij/Aperitieven-and-Spirits/Aperitieven/Aperitief-11-alc-Italiaanse-cocktail/p/S2011040500234730040,2026-05-10T15:18:10.118278
Delhaize,"Bieren, Alcohol & Alcoholvrij","Duvel Blond bier | 8,5% alc",Duvel,35.49,,"4,48 €/l",,https://www.delhaize.be/nl/shop/Bieren-Alcohol-and-Alcoholvrij/Bieren/Degustatie-Bieren/Blond-Bieren/Blond-bier-8-5-alc/p/S2020110200469610000,2026-05-10T15:18:10.667218
Delhaize,"Bieren, Alcohol & Alcoholvrij",Fever-Tree Mediterranean Tonic,Fever-Tree,3.79,,"7,58 €/l",,https://www.delhaize.be/nl/shop/Bieren-Alcohol-and-Alcoholvrij/Tonic-and-Premium-Mixers/Mediterranean-Tonic/p/S2016060803654150000,2026-05-10T15:18:11.214896
Delhaize,"Bieren, Alcohol & Alcoholvrij",Sandeman Ruby | Porto,Sandeman,9.79,,"13,05 €/l",,https://www.delhaize.be/nl/shop/Bieren-Alcohol-and-Alcoholvrij/Aperitieven-and-Spirits/Aperitieven/Ruby-Porto/p/S2002052300233750000,2026-05-10T15:18:11.763285
Delhaize,"Bieren, Alcohol & Alcoholvrij",Eristoff Vodka | Rood | 18% ALC.,Eristoff,14.29,,"20,41 €/l",,https://www.delhaize.be/nl/shop/Bieren-Alcohol-and-Alcoholvrij/Aperitieven-and-Spirits/Spirits/Vodka/Vodka-Rood-18-ALC-/p/S2000050900259470000,2026-05-10T15:18:12.310267
Delhaize,"Bieren, Alcohol & Alcoholvrij",La Chouffe Blond bier | 8% ALC. | Blik,La Chouffe,8.49,,"6,43 €/l",,https://www.delhaize.be/nl/shop/Bieren-Alcohol-and-Alcoholvrij/Bieren/Degustatie-Bieren/Blond-Bieren/Blond-bier-8-ALC-Blik/p/S2019052900257670099,2026-05-10T15:18:12.950611
Delhaize,"Bieren, Alcohol & Alcoholvrij","Lindemans Fruitbier | Kriek | 3,5% | Fles",Lindemans,5.69,,"5,69 €/l",,https://www.delhaize.be/nl/shop/Bieren-Alcohol-and-Alcoholvrij/Bieren/Licht-Bieren-and-Ciders/Fruitig-Bieren/Fruitbier-Kriek-3-5-Fles/p/S2016120903680220099,2026-05-10T15:18:13.515765
Delhaize,"Bieren, Alcohol & Alcoholvrij","Leffe Abdijbier | Bruin | 6,5% alc | Blik",Leffe,15.89,2de tegen -50%,"5,30 €/l",,https://www.delhaize.be/nl/shop/Bieren-Alcohol-and-Alcoholvrij/Bieren/Degustatie-Bieren/Donker-and-Amber-Bieren/Abdijbier-Bruin-6-5-alc-Blik/p/S2022011400597230099,2026-05-10T15:18:13.570652
Delhaize,"Bieren, Alcohol & Alcoholvrij","Delta Delta IPA | 6,5% | Fles",Delta,8.89,,"6,73 €/l",,https://www.delhaize.be/nl/shop/Bieren-Alcohol-and-Alcoholvrij/Bieren/Degustatie-Bieren/IPA-Bieren/Delta-IPA-6-5-Fles/p/S2015020500193800000,2026-05-10T15:18:14.121472
Delhaize,"Bieren, Alcohol & Alcoholvrij","Stella Artois Blond Bier | Pils | 5,2% Alc. | Bak",Stella Artois,20.45,,"2,58 €/l",,https://www.delhaize.be/nl/shop/Bieren-Alcohol-and-Alcoholvrij/Bieren/Pils-and-Tafelbieren/Blond-Bier-Pils-5-2-Alc-Bak/p/S2023010500670640099,2026-05-10T15:18:14.671364
Delhaize,"Bieren, Alcohol & Alcoholvrij",Carlsberg Bier |Zonder alcohol | Blik,Carlsberg,9.89,,"4,99 €/l",,https://www.delhaize.be/nl/shop/Bieren-Alcohol-and-Alcoholvrij/Alcoholvrije-Bieren/Bier-Zonder-alcohol-Blik/p/S2019013000159320099,2026-05-10T15:18:15.222667
Delhaize,"Bieren, Alcohol & Alcoholvrij","Corona Bier | 4,5% alc",Corona,16.99,,"4,29 €/l",,https://www.delhaize.be/nl/shop/Bieren-Alcohol-and-Alcoholvrij/Bieren/Pils-and-Tafelbieren/Bier-4-5-alc/p/S2023013000677510000,2026-05-10T15:18:15.772860
Delhaize,"Bieren, Alcohol & Alcoholvrij",Cornet Bier | Alcohol-free,Cornet,5.15,,"3,90 €/l",,https://www.delhaize.be/nl/shop/Bieren-Alcohol-and-Alcoholvrij/Alcoholvrije-Bieren/Bier-Alcohol-free/p/S2021082700576170099,2026-05-10T15:18:16.322056
Delhaize,"Bieren, Alcohol & Alcoholvrij","Maes Blond bier | Pils | 5,2% ALC. | Blik",Maes,6.95,,"2,32 €/l",,https://www.delhaize.be/nl/shop/Bieren-Alcohol-and-Alcoholvrij/Bieren/Pils-and-Tafelbieren/Blond-bier-Pils-5-2-ALC-Blik/p/S2003031700195130000,2026-05-10T15:18:16.871967
Delhaize,"Bieren, Alcohol & Alcoholvrij","Duvel Blond bier | 9,5% ALC. | Fles",Duvel,9.15,,"6,93 €/l",,https://www.delhaize.be/nl/shop/Bieren-Alcohol-and-Alcoholvrij/Bieren/Degustatie-Bieren/Blond-Bieren/Blond-bier-9-5-ALC-Fles/p/S2013032800195580000,2026-05-10T15:18:17.421801
Delhaize,"Bieren, Alcohol & Alcoholvrij",Cointreau Likeur | Triple Sec | 40% ALC.,Cointreau,22.09,,"31,56 €/l",,https://www.delhaize.be/nl/shop/Bieren-Alcohol-and-Alcoholvrij/Aperitieven-and-Spirits/Spirits/Liqueurs/Likeur-Triple-Sec-40-ALC-/p/S1978110200264200000,2026-05-10T15:18:17.972026
Delhaize,"Bieren, Alcohol & Alcoholvrij",Carlsberg Bier | Zonder alcohol | Fles,Carlsberg,4.65,,"4,65 €/l",,https://www.delhaize.be/nl/shop/Bieren-Alcohol-and-Alcoholvrij/Alcoholvrije-Bieren/Bier-Zonder-alcohol-Fles/p/S2017082804174650099,2026-05-10T15:18:18.521265
Delhaize,"Bieren, Alcohol & Alcoholvrij",Peterman Graanjenever | 30% Alc,Peterman,13.49,,"19,27 €/l",,https://www.delhaize.be/nl/shop/Bieren-Alcohol-and-Alcoholvrij/Aperitieven-and-Spirits/Spirits/Jenever/Graanjenever-30-Alc/p/S2016012203621640000,2026-05-10T15:18:19.071064
Delhaize,"Bieren, Alcohol & Alcoholvrij",Hoegaarden Fruitbier | Rosee | Alcoholvrij | 0% alc | Blik,Hoegaarden,8.79,2de tegen -50%,"4,44 €/l",,https://www.delhaize.be/nl/shop/Bieren-Alcohol-and-Alcoholvrij/Alcoholvrije-Bieren/Fruitbier-Rosee-Alcoholvrij-0-alc-Blik/p/S2021062500560830099,2026-05-10T15:18:19.125023
Delhaize,"Bieren, Alcohol & Alcoholvrij",Fever-Tree Ginger Beer | 50 cl,Fever-Tree,3.79,,"7,58 €/l",,https://www.delhaize.be/nl/shop/Bieren-Alcohol-and-Alcoholvrij/Tonic-and-Premium-Mixers/Ginger-Beer-50-cl/p/S2017122201373970000,2026-05-10T15:18:19.671925
Delhaize,"Bieren, Alcohol & Alcoholvrij",Fever-Tree Indian Tonic,Fever-Tree,3.79,,"7,58 €/l",,https://www.delhaize.be/nl/shop/Bieren-Alcohol-and-Alcoholvrij/Tonic-and-Premium-Mixers/Indian-Tonic/p/S2015042002195230089,2026-05-10T15:18:20.220537
Delhaize,"Bieren, Alcohol & Alcoholvrij",Omer Blond bier | 8% ALC. | Fles,Omer,5.95,,"4,51 €/l",,https://www.delhaize.be/nl/shop/Bieren-Alcohol-and-Alcoholvrij/Bieren/Degustatie-Bieren/Blond-Bieren/Blond-bier-8-ALC-Fles/p/S2011012800196450000,2026-05-10T15:18:20.769164
Delhaize,"Bieren, Alcohol & Alcoholvrij","Kwak Amber bier | 8,4% Alc. | Fles",Kwak,7.95,2de tegen -50%,"6,02 €/l",,https://www.delhaize.be/nl/shop/Bieren-Alcohol-and-Alcoholvrij/Bieren/Degustatie-Bieren/Donker-and-Amber-Bieren/Amber-bier-8-4-Alc-Fles/p/S1985022000196280000,2026-05-10T15:18:20.821709
Delhaize,"Bieren, Alcohol & Alcoholvrij",Fever-Tree Mediterranean Tonic,Fever-Tree,5.49,,"6,86 €/l",,https://www.delhaize.be/nl/shop/Bieren-Alcohol-and-Alcoholvrij/Tonic-and-Premium-Mixers/Mediterranean-Tonic/p/S2013070103194290000,2026-05-10T15:18:21.371819
Delhaize,"Bieren, Alcohol & Alcoholvrij",Schweppes 4x20cl | Hibiscus,Schweppes,6.09,,"7,61 €/l",,https://www.delhaize.be/nl/shop/Bieren-Alcohol-and-Alcoholvrij/Tonic-and-Premium-Mixers/4x20cl-Hibiscus/p/S2016040403643230099,2026-05-10T15:18:21.922175
Delhaize,"Bieren, Alcohol & Alcoholvrij",Jupiler Blond Bier | Pils | alcoholvrij | 0% alc. | Blik,Jupiler,6.99,2de tegen -50%,"3,50 €/l",,https://www.delhaize.be/nl/shop/Bieren-Alcohol-and-Alcoholvrij/Alcoholvrije-Bieren/Blond-Bier-Pils-alcoholvrij-0-alc-Blik/p/S2017101304179330099,2026-05-10T15:18:21.975208
Delhaize,"Bieren, Alcohol & Alcoholvrij",Chimay Trappist Bier | Tripel | 8% ALC. | Fles,Chimay,9.29,,"4,69 €/l",,https://www.delhaize.be/nl/shop/Bieren-Alcohol-and-Alcoholvrij/Bieren/Degustatie-Bieren/Trappists-Bieren/Trappist-Bier-Tripel-8-ALC-Fles/p/S2014051200192870000,2026-05-10T15:18:22.521929
Delhaize,"Bieren, Alcohol & Alcoholvrij","Jupiler Blond Bier | Pils | 5,2% alc. | Vat",Jupiler,29.69,,"4,95 €/l",,https://www.delhaize.be/nl/shop/Bieren-Alcohol-and-Alcoholvrij/Bieren/Pils-and-Tafelbieren/Blond-Bier-Pils-5-2-alc-Vat/p/S2004100100196810000,2026-05-10T15:18:23.071783
Delhaize,"Bieren, Alcohol & Alcoholvrij",Cristal Pils | 0.0,Cristal,5.69,,"3,79 €/l",,https://www.delhaize.be/nl/shop/Bieren-Alcohol-and-Alcoholvrij/Alcoholvrije-Bieren/Pils-0-0/p/S2021111000586800099,2026-05-10T15:18:23.622295
Delhaize,"Bieren, Alcohol & Alcoholvrij",Gordon Blond bier | 12% ALC. | Blik,Gordon,3.29,2de tegen -50%,"6,58 €/l",,https://www.delhaize.be/nl/shop/Bieren-Alcohol-and-Alcoholvrij/Bieren/Degustatie-Bieren/Andere-Degustatie-Bieren/Blond-bier-12-ALC-Blik/p/S2005021402196050000,2026-05-10T15:18:23.674731
Delhaize,"Bieren, Alcohol & Alcoholvrij",Kasteel Bruin bier | 11% ALC. | Donker | Fles,Kasteel,6.99,,"5,30 €/l",,https://www.delhaize.be/nl/shop/Bieren-Alcohol-and-Alcoholvrij/Bieren/Degustatie-Bieren/Donker-and-Amber-Bieren/Bruin-bier-11-ALC-Donker-Fles/p/S1994092000195500000,2026-05-10T15:18:24.221539
Delhaize,"Bieren, Alcohol & Alcoholvrij",Fever-Tree Indian Tonic,Fever-Tree,5.49,,"6,86 €/l",,https://www.delhaize.be/nl/shop/Bieren-Alcohol-and-Alcoholvrij/Tonic-and-Premium-Mixers/Indian-Tonic/p/S2013062803194280000,2026-05-10T15:18:24.772314
Delhaize,"Bieren, Alcohol & Alcoholvrij",Martini Vibrante | Zonder alc,Martini,9.99,,"13,32 €/l",,https://www.delhaize.be/nl/shop/Bieren-Alcohol-and-Alcoholvrij/Alcoholvrije-Aperitieven-and-Spirits/Vibrante-Zonder-alc/p/S2020021300358760000,2026-05-10T15:18:25.322980
Delhaize,"Bieren, Alcohol & Alcoholvrij",Jupiler Blond Bier | Pils | alcoholvrij | 0% alc. | Fles,Jupiler,4.89,2de tegen -50%,"3,26 €/l",,https://www.delhaize.be/nl/shop/Bieren-Alcohol-and-Alcoholvrij/Alcoholvrije-Bieren/Blond-Bier-Pils-alcoholvrij-0-alc-Fles/p/S2020021200358520099,2026-05-10T15:18:25.374818
Delhaize,"Bieren, Alcohol & Alcoholvrij","Vedett Blond bier | Extra | Pils | 5,2% ALC. | Fles",Vedett,9.09,,"4,59 €/l",,https://www.delhaize.be/nl/shop/Bieren-Alcohol-and-Alcoholvrij/Bieren/Pils-and-Tafelbieren/Blond-bier-Extra-Pils-5-2-ALC-Fles/p/S2008041100195160091,2026-05-10T15:18:25.926205
Delhaize,"Bieren, Alcohol & Alcoholvrij","Stella Artois Blond Bier | Pils | 5,2% Alc. | Fles",Stella Artois,4.99,,"3,33 €/l",,https://www.delhaize.be/nl/shop/Bieren-Alcohol-and-Alcoholvrij/Bieren/Pils-and-Tafelbieren/Blond-Bier-Pils-5-2-Alc-Fles/p/S2019070400273930099,2026-05-10T15:18:26.473307
Delhaize,Onderhoud en huishouden,Dreft All In One | Capsules | Citroen | 1+1,Dreft,24.99,Promo,"0,35 €/st",,https://www.delhaize.be/nl/shop/Onderhoud-en-huishouden/Keuken/Afwasmachine/All-In-One-Capsules-Citroen-1-1/p/S2025010700816330000,2026-05-10T15:18:37.593688
Delhaize,Onderhoud en huishouden,Cosynel Toiletpapier | Jumbo Pack | Wit | Eco,Cosynel,11.09,,"0,62 €/st",,https://www.delhaize.be/nl/shop/Bio-Eco-en-Fairtrade/Eco/Onderhoud-en-huishouden/Toiletten/Toiletpapier-Jumbo-Pack-Wit-Eco/p/S2015041500189930000,2026-05-10T15:18:38.165586
Delhaize,Onderhoud en huishouden,Nalys Toiletpapier | Soft | Eco | Family Pack,Nalys,7.45,,"0,41 €/st",,https://www.delhaize.be/nl/shop/Bio-Eco-en-Fairtrade/Eco/Onderhoud-en-huishouden/Toiletten/Toiletpapier-Soft-Eco-Family-Pack/p/S2016042003646030000,2026-05-10T15:18:38.716891
Delhaize,Onderhoud en huishouden,Okay Keukenpapier | Original | Eco,Okay,7.19,,"1,20 €/st",,https://www.delhaize.be/nl/shop/Onderhoud-en-huishouden/Keukenrol/Keukenpapier-Original-Eco/p/S2012011100185290000,2026-05-10T15:18:39.264310
Delhaize,Onderhoud en huishouden,Nalys Toiletpapier | Ultra soft | Eco,Nalys,4.45,,"0,74 €/st",,https://www.delhaize.be/nl/shop/Bio-Eco-en-Fairtrade/Eco/Onderhoud-en-huishouden/Toiletten/Toiletpapier-Ultra-soft-Eco/p/S2014111400184940000,2026-05-10T15:18:39.829815
Delhaize,Onderhoud en huishouden,Bruxelles - Brussel Gemeentelijke vuilzakken | Wit | 60L,Bruxelles - Brussel,2.50,,"0,17 €/st",,https://www.delhaize.be/nl/shop/Onderhoud-en-huishouden/Vuilniszakken/Steden-en-gemeenten/Gemeentelijke-vuilzakken-Wit-60L/p/S2017052904153020000,2026-05-10T15:18:40.377910
Delhaize,Onderhoud en huishouden,Delhaize Schoonmaakazijn,Delhaize,0.92,,"0,92 €/l",,https://www.delhaize.be/nl/shop/Onderhoud-en-huishouden/Schoonmaakproducten/Allesreinigers/Vloeibare-allesreinigers/Schoonmaakazijn/p/S2019070400273540000,2026-05-10T15:18:40.925258
Delhaize,Onderhoud en huishouden,Nalys Toiletpapier | Excellence | Eco,Nalys,7.59,,"0,95 €/st",,https://www.delhaize.be/nl/shop/Bio-Eco-en-Fairtrade/Eco/Onderhoud-en-huishouden/Toiletten/Toiletpapier-Excellence-Eco/p/S2019040400234840000,2026-05-10T15:18:41.475922
Delhaize,Onderhoud en huishouden,Delhaize Keukenpapier | Ultra | Decor | 3 lagen | Eco,Delhaize,2.09,,"1,05 €/st",,https://www.delhaize.be/nl/shop/Onderhoud-en-huishouden/Keukenrol/Keukenpapier-Ultra-Decor-3-lagen-Eco/p/S2015091800395230000,2026-05-10T15:18:42.021717
Delhaize,Onderhoud en huishouden,Nalys Toiletpapier | Bamboo | Eco,Nalys,4.25,,"0,71 €/st",,https://www.delhaize.be/nl/shop/Bio-Eco-en-Fairtrade/Eco/Onderhoud-en-huishouden/Toiletten/Toiletpapier-Bamboo-Eco/p/S2023050400699830000,2026-05-10T15:18:42.569554
Delhaize,Onderhoud en huishouden,Bruxelles - Brussel PMD zakken | Blauw | 50L,Bruxelles - Brussel,1.50,,"0,10 €/st",,https://www.delhaize.be/nl/shop/Onderhoud-en-huishouden/Vuilniszakken/Steden-en-gemeenten/PMD-zakken-Blauw-50L/p/S2017052904153030000,2026-05-10T15:18:43.118980
Delhaize,Onderhoud en huishouden,Delhaize Toiletpapier | Gerecycleerd | 2 lagen | Eco,Delhaize,3.59,,"0,60 €/st",,https://www.delhaize.be/nl/shop/Bio-Eco-en-Fairtrade/Eco/Onderhoud-en-huishouden/Toiletten/Toiletpapier-Gerecycleerd-2-lagen-Eco/p/S2017030703694650000,2026-05-10T15:18:43.663696
Delhaize,Onderhoud en huishouden,Okay Keukenpapier | Decor | Eco,Okay,3.89,,"1,30 €/st",,https://www.delhaize.be/nl/shop/Onderhoud-en-huishouden/Keukenrol/Keukenpapier-Decor-Eco/p/S2012011100188600000,2026-05-10T15:18:44.211515
Delhaize,Onderhoud en huishouden,Okay Keukenpapier | Adapt | Eco,Okay,4.45,,"1,48 €/st",,https://www.delhaize.be/nl/shop/Onderhoud-en-huishouden/Keukenrol/Keukenpapier-Adapt-Eco/p/S2013042400188750000,2026-05-10T15:18:44.758384
Delhaize,Onderhoud en huishouden,Delhaize Keukenpapier | 3 lagen | Eco,Delhaize,4.79,,"1,60 €/st",,https://www.delhaize.be/nl/shop/Onderhoud-en-huishouden/Keukenrol/Keukenpapier-3-lagen-Eco/p/S2017103104189200000,2026-05-10T15:18:45.308187
Delhaize,Onderhoud en huishouden,Swirl Pedaalemmerzak | Scheurvast & Lekvrij Handvat | 20st | 20L,Swirl,2.95,,"0,15 €/st",,https://www.delhaize.be/nl/shop/Onderhoud-en-huishouden/Vuilniszakken/Andere/Pedaalemmerzak-Scheurvast-and-Lekvrij-Handvat-20st-20L/p/S2020120800475480000,2026-05-10T15:18:45.853686
Delhaize,Onderhoud en huishouden,Bruxelles - Brussel Gemeentelijke vuilzakken | Geel | 30L,Bruxelles - Brussel,1.50,,"0,10 €/st",,https://www.delhaize.be/nl/shop/Onderhoud-en-huishouden/Vuilniszakken/Steden-en-gemeenten/Gemeentelijke-vuilzakken-Geel-30L/p/S2017052904153070000,2026-05-10T15:18:46.397635
Delhaize,Onderhoud en huishouden,Cosynel Toiletpapier | Blauw | Eco,Cosynel,6.59,,"0,73 €/st",,https://www.delhaize.be/nl/shop/Bio-Eco-en-Fairtrade/Eco/Onderhoud-en-huishouden/Toiletten/Toiletpapier-Blauw-Eco/p/S2015041300189920000,2026-05-10T15:18:46.943120
Delhaize,Onderhoud en huishouden,WC Net Toiletreiniger | Ontkalker,WC Net,3.75,2+1 gratis,"5,00 €/l",,https://www.delhaize.be/nl/shop/Onderhoud-en-huishouden/Toiletten/Toiletreinigers/Toiletreiniger-Ontkalker/p/S2009111300157140000,2026-05-10T15:18:46.990293
Delhaize,Onderhoud en huishouden,Delhaize Regenereerzout | Vaatwasser,Delhaize,2.79,,"0,70 €/kg",,https://www.delhaize.be/nl/shop/Onderhoud-en-huishouden/Keuken/Afwasmachine/Regenereerzout-Vaatwasser/p/S2012021300164790000,2026-05-10T15:18:47.535229
Delhaize,Onderhoud en huishouden,WC Net Toiletreiniger | Javel | Mountain Fresh,WC Net,3.65,2+1 gratis,"4,87 €/l",,https://www.delhaize.be/nl/shop/Onderhoud-en-huishouden/Toiletten/Toiletreinigers/Toiletreiniger-Javel-Mountain-Fresh/p/S1994032900156730000,2026-05-10T15:18:47.584117
Delhaize,Onderhoud en huishouden,Cosynel Toiletpapier | Roze | Eco,Cosynel,6.59,,"0,73 €/st",,https://www.delhaize.be/nl/shop/Bio-Eco-en-Fairtrade/Eco/Onderhoud-en-huishouden/Toiletten/Toiletpapier-Roze-Eco/p/S2015041300189910000,2026-05-10T15:18:48.128630
Delhaize,Onderhoud en huishouden,Scottex Toiletpapier | Regular | Wit | Eco,Scottex,6.99,,"0,78 €/st",,https://www.delhaize.be/nl/shop/Bio-Eco-en-Fairtrade/Eco/Onderhoud-en-huishouden/Toiletten/Toiletpapier-Regular-Wit-Eco/p/S2021012700501520000,2026-05-10T15:18:48.674401
Delhaize,Onderhoud en huishouden,Vileda Schuursponzen | Colors,Vileda,3.39,,"0,85 €/st",,https://www.delhaize.be/nl/shop/Onderhoud-en-huishouden/Poetsgerief/Doeken-en-sponzen/Sponzen/Schuursponzen-Colors/p/S2015122303617690000,2026-05-10T15:18:49.219679
Delhaize,Onderhoud en huishouden,Bref WC WC Blok | Power Activ | Oceaan,Bref WC,4.39,,"2,20 €/st",,https://www.delhaize.be/nl/shop/Onderhoud-en-huishouden/Toiletten/Toiletblokjes/WC-Blok-Power-Activ-Oceaan/p/S2012062800155320000,2026-05-10T15:18:49.765087
Delhaize,Onderhoud en huishouden,Bruxelles - Brussel Gemeentelijke vuilniszakken | Oranje | 30L,Bruxelles - Brussel,1.25,,"0,08 €/st",,https://www.delhaize.be/nl/shop/Onderhoud-en-huishouden/Vuilniszakken/Steden-en-gemeenten/Gemeentelijke-vuilniszakken-Oranje-30L/p/S2016121203680520000,2026-05-10T15:18:50.310097
Delhaize,Onderhoud en huishouden,Bref WC WC Blok | Power Activ | Den,Bref WC,5.09,,"2,55 €/st",,https://www.delhaize.be/nl/shop/Onderhoud-en-huishouden/Toiletten/Toiletblokjes/WC-Blok-Power-Activ-Den/p/S2012062800155190000,2026-05-10T15:18:50.854733
Delhaize,Onderhoud en huishouden,WC Net Ontstopper | Afvoerbuizen,WC Net,6.15,2+1 gratis,"6,15 €/l",,https://www.delhaize.be/nl/shop/Onderhoud-en-huishouden/Schoonmaakproducten/Ontstopper/Ontstopper-Afvoerbuizen/p/S2015120703616260000,2026-05-10T15:18:50.909504
Delhaize,Onderhoud en huishouden,Frosch Afwasmiddel | Green Lemon | Eco,Frosch,4.89,,"6,52 €/l",,https://www.delhaize.be/nl/shop/Onderhoud-en-huishouden/Keuken/Afwasmiddel/Afwasmiddel-Green-Lemon-Eco/p/S2015030500152960000,2026-05-10T15:18:51.454470
Delhaize,Onderhoud en huishouden,Instanet Reiniger | Spray | Ruiten | Met alcohol | Streepvrij,Instanet,3.35,2+1 gratis,"4,62 €/l",,https://www.delhaize.be/nl/shop/Onderhoud-en-huishouden/Schoonmaakproducten/Ramen/Reiniger-Spray-Ruiten-Met-alcohol-Streepvrij/p/S2018032900044460000,2026-05-10T15:18:51.505730
Delhaize,Onderhoud en huishouden,Dr. Beckmann Wasmachine reiniger | Intensieve,Dr. Beckmann,4.55,,"18,20 €/kg",,https://www.delhaize.be/nl/shop/Onderhoud-en-huishouden/Wassen/Machine-onderhoud/Machinereiniger/Wasmachine-reiniger-Intensieve/p/S2018050200055470000,2026-05-10T15:18:52.052035
Delhaize,Onderhoud en huishouden,Glorix Toiletreiniger | Javel,Glorix,2.95,,"3,93 €/l",,https://www.delhaize.be/nl/shop/Onderhoud-en-huishouden/Toiletten/Toiletreinigers/Toiletreiniger-Javel/p/S2022080500644260000,2026-05-10T15:18:52.596532
Delhaize,Onderhoud en huishouden,WC Net Toiletreiniger | Lavendel Fris,WC Net,2.59,2+1 gratis,"3,45 €/l",,https://www.delhaize.be/nl/shop/Onderhoud-en-huishouden/Toiletten/Toiletreinigers/Toiletreiniger-Lavendel-Fris/p/S2007060500156860000,2026-05-10T15:18:52.647812
Delhaize,Onderhoud en huishouden,Sanytol Spray | Allesreiniger | 500ml,Sanytol,3.95,,"7,90 €/l",,https://www.delhaize.be/nl/shop/Onderhoud-en-huishouden/Schoonmaakproducten/Allesreinigers/Allesreiniger-sprays/Spray-Allesreiniger-500ml/p/S2020031300407730000,2026-05-10T15:18:53.192422
Delhaize,Onderhoud en huishouden,Swirl Pedaalemmerzak | Ocean | Handvat | 45st | 5L,Swirl,4.35,,"0,10 €/st",,https://www.delhaize.be/nl/shop/Onderhoud-en-huishouden/Vuilniszakken/Andere/Pedaalemmerzak-Ocean-Handvat-45st-5L/p/S2020121700477050000,2026-05-10T15:18:53.737483
Delhaize,Onderhoud en huishouden,"Le Chat Wasmiddel | Gel | Baby | 1,44L | 32DS",Le Chat,12.99,2+1 gratis,"0,41 €/st",,https://www.delhaize.be/nl/shop/Onderhoud-en-huishouden/Wassen/Wasmiddel/Vloeibaar/Wasmiddel-Gel-Baby-1-44L-32DS/p/S2023030800688210000,2026-05-10T15:18:53.785525
Delhaize,Onderhoud en huishouden,Toppits Vershoudfolie | 2 in 1,Toppits,2.89,,"0,19 €/m",,https://www.delhaize.be/nl/shop/Onderhoud-en-huishouden/Keuken/Folies-zakjes-and-bakpapier/Vershoudfolie/Vershoudfolie-2-in-1/p/S2011060700185980000,2026-05-10T15:18:54.329950
Delhaize,Onderhoud en huishouden,Ecover WC-Reiniger | Den & Munt | Eco,Ecover,2.99,,"3,99 €/l",,https://www.delhaize.be/nl/shop/Bio-Eco-en-Fairtrade/Eco/Onderhoud-en-huishouden/Toiletten/WC-Reiniger-Den-and-Munt-Eco/p/S2006071900164080000,2026-05-10T15:18:54.876349
Delhaize,Onderhoud en huishouden,Swirl Pedaalemmerzak | Fixeerband | 10st | 35L,Swirl,4.99,,"0,50 €/st",,https://www.delhaize.be/nl/shop/Onderhoud-en-huishouden/Vuilniszakken/Andere/Pedaalemmerzak-Fixeerband-10st-35L/p/S2020120800475400000,2026-05-10T15:18:55.424402
Delhaize,Onderhoud en huishouden,Delhaize Vaatwastabletten | All-in-One | 50st,Delhaize,2.99,,"0,06 €/st",,https://www.delhaize.be/nl/shop/Onderhoud-en-huishouden/Keuken/Afwasmachine/Vaatwastabletten-All-in-One-50st/p/S2021091600578330000,2026-05-10T15:18:55.968499
Delhaize,Onderhoud en huishouden,Frosch Toiletreiniger | Citroen | Eco,Frosch,4.19,,"5,59 €/l",,https://www.delhaize.be/nl/shop/Bio-Eco-en-Fairtrade/Eco/Onderhoud-en-huishouden/Toiletten/Toiletreiniger-Citroen-Eco/p/S2016051303649760000,2026-05-10T15:18:56.515106
Delhaize,Onderhoud en huishouden,Cif Schoonmaakmiddel | Schuurcrème | Citrus,Cif,2.19,,"2,92 €/l",,https://www.delhaize.be/nl/shop/Onderhoud-en-huishouden/Schoonmaakproducten/Schuurmiddelen/Schoonmaakmiddel-Schuurcreme-Citrus/p/S2022032900616120000,2026-05-10T15:18:57.059662
Delhaize,Onderhoud en huishouden,Swiffer 5ct | 3D duster | Refill,Swiffer,8.39,1+1 gratis,"1,68 €/st",,https://www.delhaize.be/nl/shop/Onderhoud-en-huishouden/Poetsgerief/Stoffer-en-navulling/Navulling/5ct-3D-duster-Refill/p/S2022071100638420000,2026-05-10T15:18:57.107556
Delhaize,Onderhoud en huishouden,Mr Propre Sponzen | Magische gom | Extra Power,Mr Propre,4.49,,"2,25 €/st",,https://www.delhaize.be/nl/shop/Onderhoud-en-huishouden/Poetsgerief/Doeken-en-sponzen/Sponzen/Sponzen-Magische-gom-Extra-Power/p/S2016020403625000000,2026-05-10T15:18:57.653714
Delhaize,Onderhoud en huishouden,Ecover Afwasmiddel | Citroen & aloe vera | Eco,Ecover,4.79,,"5,04 €/l",,https://www.delhaize.be/nl/shop/Onderhoud-en-huishouden/Keuken/Afwasmiddel/Afwasmiddel-Citroen-and-aloe-vera-Eco/p/S2018010901375110000,2026-05-10T15:18:58.199328
Delhaize,Onderhoud en huishouden,Okay Keukenpapier | Wit | Extra Long | Eco,Okay,10.79,,"2,70 €/st",,https://www.delhaize.be/nl/shop/Onderhoud-en-huishouden/Keukenrol/Keukenpapier-Wit-Extra-Long-Eco/p/S2019092400308530000,2026-05-10T15:18:58.743717
Delhaize,Onderhoud en huishouden,Scottex Toiletpapier | Kussenzacht | Style | Eco,Scottex,9.65,,"0,80 €/st",,https://www.delhaize.be/nl/shop/Bio-Eco-en-Fairtrade/Eco/Onderhoud-en-huishouden/Toiletten/Toiletpapier-Kussenzacht-Style-Eco/p/S2021062500561820000,2026-05-10T15:18:59.287778
Delhaize,Onderhoud en huishouden,Cif Schuurcrème | Allesreiniger | bBologisch Afbreekbaar | 750ml,Cif,2.49,,"3,32 €/l",,https://www.delhaize.be/nl/shop/Onderhoud-en-huishouden/Schoonmaakproducten/Schuurmiddelen/Schuurcreme-Allesreiniger-bBologisch-Afbreekbaar-750ml/p/S2022032900616090000,2026-05-10T15:18:59.835202
Delhaize,Onderhoud en huishouden,Lotus Toiletpapier | 2-Laags | Eco,Lotus,7.29,,"0,61 €/st",,https://www.delhaize.be/nl/shop/Bio-Eco-en-Fairtrade/Eco/Onderhoud-en-huishouden/Toiletten/Toiletpapier-2-Laags-Eco/p/S2023021500681570000,2026-05-10T15:19:00.378733
Delhaize,Onderhoud en huishouden,Sun Vaatwasmachine Reiniger | Regular | 3x40 g,Sun,5.79,,"48,25 €/kg",,https://www.delhaize.be/nl/shop/Onderhoud-en-huishouden/Keuken/Afwasmachine/Vaatwasmachine-Reiniger-Regular-3x40-g/p/S2006061300165180000,2026-05-10T15:19:00.926263
Delhaize,Onderhoud en huishouden,Sun Vaatwastabletten | Citroen | 60 Tabletten,Sun,22.99,,"0,38 €/st",,https://www.delhaize.be/nl/shop/Onderhoud-en-huishouden/Keuken/Afwasmachine/Vaatwastabletten-Citroen-60-Tabletten/p/S2019011000147990000,2026-05-10T15:19:01.471661
Delhaize,Onderhoud en huishouden,Delhaize Spoelmiddel | 1L,Delhaize,1.85,,"1,85 €/l",,https://www.delhaize.be/nl/shop/Onderhoud-en-huishouden/Keuken/Afwasmachine/Spoelmiddel-1L/p/S2020120400474770000,2026-05-10T15:19:02.018099
Delhaize,Onderhoud en huishouden,Kleenex Keukenpapier | Ultra Clean | 2R Maxi XL,Kleenex,4.99,,"2,50 €/st",,https://www.delhaize.be/nl/shop/Onderhoud-en-huishouden/Keukenrol/Keukenpapier-Ultra-Clean-2R-Maxi-XL/p/S2022040800617690000,2026-05-10T15:19:02.561952
Delhaize,Onderhoud en huishouden,Delhaize Doekjes | Anti - Verkleuring,Delhaize,2.15,,"0,11 €/st",,https://www.delhaize.be/nl/shop/Onderhoud-en-huishouden/Wassen/Wasverzorging/Kleurbescherming/Doekjes-Anti-Verkleuring/p/S2014031000153590000,2026-05-10T15:19:03.109737
Delhaize,Onderhoud en huishouden,Delhaize Tabletten | Anti-kalk,Delhaize,4.39,,"0,09 €/st",,https://www.delhaize.be/nl/shop/Onderhoud-en-huishouden/Wassen/Machine-onderhoud/Antikalkaanslag/Tabletten-Anti-kalk/p/S2011010400166110000,2026-05-10T15:19:03.654916
Delhaize,Onderhoud en huishouden,Sanytol Ontsmetter | Vloer & oppervlakken,Sanytol,4.69,,"4,69 €/l",,https://www.delhaize.be/nl/shop/Onderhoud-en-huishouden/Schoonmaakproducten/Allesreinigers/Vloeibare-allesreinigers/Ontsmetter-Vloer-and-oppervlakken/p/S2020031300407780000,2026-05-10T15:19:04.203536
Delhaize,Onderhoud en huishouden,Scottex Toiletpapier | Kussenzacht | Eco,Scottex,14.25,,"0,79 €/st",,https://www.delhaize.be/nl/shop/Bio-Eco-en-Fairtrade/Eco/Onderhoud-en-huishouden/Toiletten/Toiletpapier-Kussenzacht-Eco/p/S2022121400665870000,2026-05-10T15:19:04.749705
Delhaize,Onderhoud en huishouden,WC Net Onderhoud | Afvoerbuizen,WC Net,12.19,2+1 gratis,"12,19 €/l",,https://www.delhaize.be/nl/shop/Onderhoud-en-huishouden/Schoonmaakproducten/Ontstopper/Onderhoud-Afvoerbuizen/p/S2010022500156800000,2026-05-10T15:19:04.797972
Delhaize,Onderhoud en huishouden,Lotus Toiletpapier | 3-Laags | Eco,Lotus,6.99,,"0,78 €/st",,https://www.delhaize.be/nl/shop/Bio-Eco-en-Fairtrade/Eco/Onderhoud-en-huishouden/Toiletten/Toiletpapier-3-Laags-Eco/p/S2023021500681590000,2026-05-10T15:19:05.343015
Delhaize,Onderhoud en huishouden,Bref WC WC Blok | Power Activ' | Rozenbloemen,Bref WC,7.55,,"3,78 €/st",,https://www.delhaize.be/nl/shop/Onderhoud-en-huishouden/Toiletten/Toiletblokjes/WC-Blok-Power-Activ-Rozenbloemen/p/S2015102200399570000,2026-05-10T15:19:05.890844
Delhaize,Onderhoud en huishouden,Toppits Diepvrieszakken | 1l,Toppits,3.19,,"0,08 €/st",,https://www.delhaize.be/nl/shop/Onderhoud-en-huishouden/Keuken/Folies-zakjes-and-bakpapier/Diepvrieszakken/Diepvrieszakken-1l/p/S2015030400182570000,2026-05-10T15:19:06.436723
Delhaize,Onderhoud en huishouden,Frosch Antikalk | Azijn | Eco,Frosch,4.15,,"4,15 €/l",,https://www.delhaize.be/nl/shop/Bio-Eco-en-Fairtrade/Eco/Onderhoud-en-huishouden/Schoonmaakproducten/Antikalk-Azijn-Eco/p/S2015050600152110000,2026-05-10T15:19:06.981684
Delhaize,Onderhoud en huishouden,Delhaize Spray | Anti-kalk | Expert,Delhaize,1.49,,"1,99 €/l",,https://www.delhaize.be/nl/shop/Onderhoud-en-huishouden/Schoonmaakproducten/Anti-kalkmiddelen/Spray-Anti-kalk-Expert/p/S2012022200164420000,2026-05-10T15:19:07.527399
Delhaize,Onderhoud en huishouden,WC Net Toiletreiniger | Limoen Fris | Luchtverfrisser,WC Net,2.89,2+1 gratis,"3,85 €/l",,https://www.delhaize.be/nl/shop/Onderhoud-en-huishouden/Toiletten/Toiletreinigers/Toiletreiniger-Limoen-Fris-Luchtverfrisser/p/S2016011803620690000,2026-05-10T15:19:07.576345
Delhaize,Onderhoud en huishouden,Delhaize Toiletreiniger | Oceaan Geur,Delhaize,1.22,,"1,22 €/l",,https://www.delhaize.be/nl/shop/Onderhoud-en-huishouden/Toiletten/Toiletreinigers/Toiletreiniger-Oceaan-Geur/p/S2021092800579540000,2026-05-10T15:19:08.140580
Delhaize,Onderhoud en huishouden,Delhaize Detergent Kleur | 35sc,Delhaize,4.35,,"0,12 €/st",,https://www.delhaize.be/nl/shop/Onderhoud-en-huishouden/Wassen/Wasmiddel/Vloeibaar/Detergent-Kleur-35sc/p/S2019062800268350000,2026-05-10T15:19:08.686963
Delhaize,Onderhoud en huishouden,Toppits Foil Aluminium | Easy Cut System | 35m,Toppits,10.35,,"0,30 €/m",,https://www.delhaize.be/nl/shop/Onderhoud-en-huishouden/Keuken/Folies-zakjes-and-bakpapier/Aluminiumfolie/Foil-Aluminium-Easy-Cut-System-35m/p/S2022050600626780000,2026-05-10T15:19:09.234172
Delhaize,Onderhoud en huishouden,La Croix Bleekwater | Precise | Eucalyptus,La Croix,2.49,,"3,32 €/l",,https://www.delhaize.be/nl/shop/Onderhoud-en-huishouden/Schoonmaakproducten/Bleekwater/Bleekwater-Precise-Eucalyptus/p/S2015021100159050000,2026-05-10T15:19:09.780868
Delhaize,Onderhoud en huishouden,Swirl Pedaalemmerzak | Fixeerband XL | 10st | 30L,Swirl,5.69,,"0,57 €/st",,https://www.delhaize.be/nl/shop/Onderhoud-en-huishouden/Vuilniszakken/Andere/Pedaalemmerzak-Fixeerband-XL-10st-30L/p/S2020120800475390000,2026-05-10T15:19:10.326898
Delhaize,Onderhoud en huishouden,Mr Propre Reiniger | Dil | Ess. oils | Bergamote,Mr Propre,4.35,,"4,35 €/l",,https://www.delhaize.be/nl/shop/Onderhoud-en-huishouden/Schoonmaakproducten/Allesreinigers/Vloeibare-allesreinigers/Reiniger-Dil-Ess-oils-Bergamote/p/S2023040500693510000,2026-05-10T15:19:10.873678
Delhaize,Onderhoud en huishouden,Sun Vaatwastabletten | Classic | Regular,Sun,18.45,,"0,31 €/st",,https://www.delhaize.be/nl/shop/Onderhoud-en-huishouden/Keuken/Afwasmachine/Vaatwastabletten-Classic-Regular/p/S2019011000148010000,2026-05-10T15:19:11.420281
Delhaize,Onderhoud en huishouden,Vileda Sponzen | Slalom Soft | 3+1 gratis,Vileda,5.49,,"1,37 €/st",,https://www.delhaize.be/nl/shop/Onderhoud-en-huishouden/Poetsgerief/Doeken-en-sponzen/Sponzen/Sponzen-Slalom-Soft-3-1-gratis/p/S2008091800173730099,2026-05-10T15:19:11.968355
Delhaize,Onderhoud en huishouden,Brabant Wallon Brabant Wallon | Gemeentelijke vuilniszakken | Blauw | 60L,Brabant Wallon,3.00,,"0,15 €/st",,https://www.delhaize.be/nl/shop/Onderhoud-en-huishouden/Vuilniszakken/Steden-en-gemeenten/Brabant-Wallon-Gemeentelijke-vuilniszakken-Blauw-60L/p/S1999021000184840000,2026-05-10T15:19:12.512240
Delhaize,Onderhoud en huishouden,Frosch Reiniger | Keuken | Bicarbonaat | Eco,Frosch,5.29,,"10,58 €/l",,https://www.delhaize.be/nl/shop/Bio-Eco-en-Fairtrade/Eco/Onderhoud-en-huishouden/Schoonmaakproducten/Reiniger-Keuken-Bicarbonaat-Eco/p/S2017080804171650000,2026-05-10T15:19:13.059455
Delhaize,Onderhoud en huishouden,Delhaize Verhoudsfolie | 20M,Delhaize,1.29,,"0,06 €/m",,https://www.delhaize.be/nl/shop/Onderhoud-en-huishouden/Keuken/Folies-zakjes-and-bakpapier/Vershoudfolie/Verhoudsfolie-20M/p/S2019032800226050000,2026-05-10T15:19:13.607187
Delhaize,Onderhoud en huishouden,Bref WC WC Blok | Gel | Arctische Oceaan,Bref WC,3.45,,"3,45 €/st",,https://www.delhaize.be/nl/shop/Onderhoud-en-huishouden/Toiletten/Toiletblokjes/WC-Blok-Gel-Arctische-Oceaan/p/S2021020200503910000,2026-05-10T15:19:14.153026
Delhaize,Onderhoud en huishouden,"Swiffer wetjet Bottle | 1,25L",Swiffer,6.45,1+1 gratis,"5,16 €/l",,https://www.delhaize.be/nl/shop/Onderhoud-en-huishouden/Poetsgerief/Bezems-borstels-en-wissers/Nat-systemen/wetjet-Bottle-1-25L/p/S2019061300261060000,2026-05-10T15:19:14.204987
Delhaize,Onderhoud en huishouden,Toppits Foil Aluminium | Easy Cut System | 10m,Toppits,2.89,,"0,29 €/m",,https://www.delhaize.be/nl/shop/Onderhoud-en-huishouden/Keuken/Folies-zakjes-and-bakpapier/Aluminiumfolie/Foil-Aluminium-Easy-Cut-System-10m/p/S2022050600626790000,2026-05-10T15:19:14.751869
Delhaize,Onderhoud en huishouden,Nalys Keukenpapier | Blitz | Extra large | Eco,Nalys,5.95,,"5,95 €/st",,https://www.delhaize.be/nl/shop/Keuken-wonen-en-vrije-tijd/Producten/Keukenpapier-Blitz-Extra-large-Eco/p/S2016112203678530000,2026-05-10T15:19:15.301633
Delhaize,Onderhoud en huishouden,Mousse De Lin Sodakristallen | Tradition,Mousse De Lin,4.19,,"2,10 €/kg",,https://www.delhaize.be/nl/shop/Onderhoud-en-huishouden/Schoonmaakproducten/Corrosieve-producten/Sodakristallen-Tradition/p/S2013011700161320000,2026-05-10T15:19:15.943858
Delhaize,"Keuken, wonen en vrije tijd",Delhaize Houtskool,Delhaize,5.99,,"2,00 €/kg",,https://www.delhaize.be/nl/shop/Keuken-wonen-en-vrije-tijd/Vuuraanmaak/Steenkool-hout-en-boomstammen/Houtskool/p/S2021121600594450000,2026-05-10T15:19:25.030752
Delhaize,"Keuken, wonen en vrije tijd",Barbecook Schalen | Aluminium | Barbecue,Barbecook,,,,,https://www.delhaize.be/nl/shop/Keuken-wonen-en-vrije-tijd/Divers/Vuuraanmaak/Schalen-Aluminium-Barbecue/p/S2023111600730090000,2026-05-10T15:19:26.562512
Delhaize,"Keuken, wonen en vrije tijd",Barbecook Vuurkruiden,Barbecook,8.75,,"35,00 €/kg",,https://www.delhaize.be/nl/shop/Keuken-wonen-en-vrije-tijd/Divers/Vuuraanmaak/Vuurkruiden/p/S2021110400586020000,2026-05-10T15:19:27.106937
Delhaize,"Keuken, wonen en vrije tijd",Delhaize Aanmaakvloeistof,Delhaize,4.29,,"4,29 €/l",,https://www.delhaize.be/nl/shop/Keuken-wonen-en-vrije-tijd/Vuuraanmaak/Aanmaakblokjes-en-lucifers/Aanmaakvloeistof/p/S2012122600174820000,2026-05-10T15:19:27.649298
Delhaize,"Keuken, wonen en vrije tijd",Zip Aanmaakvloeistof,Zip,9.49,,"18,98 €/l",,https://www.delhaize.be/nl/shop/Keuken-wonen-en-vrije-tijd/Vuuraanmaak/Aanmaakblokjes-en-lucifers/Aanmaakvloeistof/p/S2023030200687210000,2026-05-10T15:19:28.190054
Delhaize,"Keuken, wonen en vrije tijd",Zip Natuurlijke aanmaakblokjes | Eco,Zip,4.89,,"0,20 €/st",,https://www.delhaize.be/nl/shop/Keuken-wonen-en-vrije-tijd/Vuuraanmaak/Aanmaakblokjes-en-lucifers/Natuurlijke-aanmaakblokjes-Eco/p/S2006041800174940000,2026-05-10T15:19:28.733485
Delhaize,"Keuken, wonen en vrije tijd",Barbecook Grill reiniger | 15x8x5cm,Barbecook,5.99,,"5,99 €/st",,https://www.delhaize.be/nl/shop/Keuken-wonen-en-vrije-tijd/Seizoensgebonden/Grill-reiniger-15x8x5cm/p/S2018083100110390000,2026-05-10T15:19:29.274255
Delhaize,"Keuken, wonen en vrije tijd",Maxime Home Kruidenflessen | 360 ML,Maxime Home,,,,,https://www.delhaize.be/nl/shop/Keuken-wonen-en-vrije-tijd/Seizoensgebonden/Kruidenflessen-360-ML/p/S2025081200887740000,2026-05-10T15:19:30.803925
Delhaize,"Keuken, wonen en vrije tijd",Maxime Home Wegwerp BBQ,Maxime Home,4.99,,"4,99 €/st",,https://www.delhaize.be/nl/shop/Keuken-wonen-en-vrije-tijd/Seizoensgebonden/Wegwerp-BBQ/p/S2025081200887760000,2026-05-10T15:19:31.348940
Delhaize,"Keuken, wonen en vrije tijd",Barbecook Spiesen | 43 cm,Barbecook,,,,,https://www.delhaize.be/nl/shop/Keuken-wonen-en-vrije-tijd/Seizoensgebonden/Spiesen-43-cm/p/S2023120100733810000,2026-05-10T15:19:32.880439
Delhaize,"Keuken, wonen en vrije tijd",Delhaize Houtskool,Delhaize,5.99,,"2,00 €/kg",,https://www.delhaize.be/nl/shop/Keuken-wonen-en-vrije-tijd/Vuuraanmaak/Steenkool-hout-en-boomstammen/Houtskool/p/S2021121600594450000,2026-05-10T15:19:33.423734
Delhaize,"Keuken, wonen en vrije tijd",Nalys Keukenpapier | Blitz | Extra large | Eco,Nalys,5.95,,"5,95 €/st",,https://www.delhaize.be/nl/shop/Keuken-wonen-en-vrije-tijd/Producten/Keukenpapier-Blitz-Extra-large-Eco/p/S2016112203678530000,2026-05-10T15:19:33.965676
Delhaize,"Keuken, wonen en vrije tijd",Ti-Tox Insecticide|Ti-tox total|Vliegend & kruipend,Ti-Tox,9.99,,"24,98 €/l",,https://www.delhaize.be/nl/shop/Keuken-wonen-en-vrije-tijd/Insecten-en-planten/Kruipend/Insecticide-Ti-tox-total-Vliegend-and-kruipend/p/S1990022800177860000,2026-05-10T15:19:34.507735
Delhaize,"Keuken, wonen en vrije tijd",Sodastream Cylinder 60L | Eco,Sodastream,12.99,,"12,99 €/st",,https://www.delhaize.be/nl/shop/Keuken-wonen-en-vrije-tijd/Keukengerei-en-accessoires/Plastic-opbergers-en-accessoires/Cylinder-60L-Eco/p/S2021051400543290000,2026-05-10T15:19:35.066231
Delhaize,"Keuken, wonen en vrije tijd",Bolsius 9 dagen brander | rood,Bolsius,3.99,,"3,99 €/st",,https://www.delhaize.be/nl/shop/Keuken-wonen-en-vrije-tijd/Huisdecoratie/Kaarsen-Geur-en-sfeer-producten/9-dagen-brander-rood/p/S2019090400297870000,2026-05-10T15:19:35.606373
Delhaize,"Keuken, wonen en vrije tijd",Canard WC Fresh Disc | Houder + Navul. | Marine,Canard,5.49,,"5,49 €/st",,https://www.delhaize.be/nl/shop/Keuken-wonen-en-vrije-tijd/Producten/WC-Fresh-Disc-Houder-Navul-Marine/p/S2017070404159250000,2026-05-10T15:19:36.148033
Delhaize,"Keuken, wonen en vrije tijd",Discovery Papier | A4 | Eco,Discovery,6.45,,"0,01 €/st",,https://www.delhaize.be/nl/shop/Keuken-wonen-en-vrije-tijd/Papierwaren/Papier-en-brieven/Papier-A4-Eco/p/S2021083100337370000,2026-05-10T15:19:36.689530
Delhaize,"Keuken, wonen en vrije tijd",Vapona VP ANTIMOU UNI 45N,Vapona,7.55,-25% voor 3 Online,"419,44 €/l",,https://www.delhaize.be/nl/shop/Keuken-wonen-en-vrije-tijd/Insecten-en-planten/Insecticiden/Vliegend/VP-ANTIMOU-UNI-45N/p/S2016010403619050000,2026-05-10T15:19:36.737166
Delhaize,"Keuken, wonen en vrije tijd",Sodastream QuickConnect Cylinder 60L | Eco,Sodastream,12.99,,"12,99 €/st",,https://www.delhaize.be/nl/shop/Keuken-wonen-en-vrije-tijd/Keukengerei-en-accessoires/Plastic-opbergers-en-accessoires/QuickConnect-Cylinder-60L-Eco/p/S2022020400603450000,2026-05-10T15:19:37.278047
Delhaize,"Keuken, wonen en vrije tijd",Vapona FIK | Spray | 400ml,Vapona,8.49,-25% voor 3 Online,"21,23 €/l",,https://www.delhaize.be/nl/shop/Keuken-wonen-en-vrije-tijd/Insecten-en-planten/Insecticiden/Vliegend/FIK-Spray-400ml/p/S2020120100473640000,2026-05-10T15:19:37.322053
Delhaize,"Keuken, wonen en vrije tijd",Corvers Aanmaakhout | Ovendroog | Eco,Corvers,5.99,,"5,99 €/st",,https://www.delhaize.be/nl/shop/Keuken-wonen-en-vrije-tijd/Vuuraanmaak/Steenkool-hout-en-boomstammen/Aanmaakhout-Ovendroog-Eco/p/S2013062600599810000,2026-05-10T15:19:37.862160
Delhaize,"Keuken, wonen en vrije tijd",Duracell Batterijen | Specialty | 2032,Duracell,7.25,,"3,63 €/st",,https://www.delhaize.be/nl/shop/Keuken-wonen-en-vrije-tijd/Elektriciteit/Batterijen/Batterijen-Specialty-2032/p/S2017051204151210000,2026-05-10T15:19:38.404415
Delhaize,"Keuken, wonen en vrije tijd",Zip Aanmaakblokjes | Houtwol | Eco,Zip,8.29,,"0,41 €/st",,https://www.delhaize.be/nl/shop/Keuken-wonen-en-vrije-tijd/Vuuraanmaak/Aanmaakblokjes-en-lucifers/Aanmaakblokjes-Houtwol-Eco/p/S2013012800175410000,2026-05-10T15:19:38.944294
Delhaize,"Keuken, wonen en vrije tijd",Vapona Anti Mug | Apparaat | 45 Nachten,Vapona,9.15,-25% voor 3 Online,"9,15 €/st",,https://www.delhaize.be/nl/shop/Keuken-wonen-en-vrije-tijd/Insecten-en-planten/Insecticiden/Vliegend/Anti-Mug-Apparaat-45-Nachten/p/S2016010403619040000,2026-05-10T15:19:38.987943
Delhaize,"Keuken, wonen en vrije tijd",Delhaize Diepvriesetiketten | 35 mm x 21 mm,Delhaize,0.79,,"0,02 €/st",,https://www.delhaize.be/nl/shop/Keuken-wonen-en-vrije-tijd/Keukengerei-en-accessoires/Keukengerei/Diepvriesetiketten-35-mm-x-21-mm/p/S2016050203648020000,2026-05-10T15:19:39.531197
Delhaize,"Keuken, wonen en vrije tijd",Delhaize Hoesjes | Multi-geperforeerd | A4,Delhaize,1.66,,"0,03 €/st",,https://www.delhaize.be/nl/shop/Keuken-wonen-en-vrije-tijd/Papierwaren/Klasseren/Hoesjes-Multi-geperforeerd-A4/p/S2015042300550080001,2026-05-10T15:19:40.071084
Delhaize,"Keuken, wonen en vrije tijd",Delhaize Theelichten | 8 Uren,Delhaize,3.45,,"0,29 €/st",,https://www.delhaize.be/nl/shop/Keuken-wonen-en-vrije-tijd/Huisdecoratie/Kaarsen-Geur-en-sfeer-producten/Theelichten-8-Uren/p/S2021040100533220000,2026-05-10T15:19:40.611751
Delhaize,"Keuken, wonen en vrije tijd",Vapona Vliegenvangers,Vapona,2.99,-25% voor 3 Online,"0,75 €/st",,https://www.delhaize.be/nl/shop/Keuken-wonen-en-vrije-tijd/Insecten-en-planten/Insecticiden/Vliegend/Vliegenvangers/p/S2016010403618920000,2026-05-10T15:19:40.654412
Delhaize,"Keuken, wonen en vrije tijd",Delhaize Herbruikbaar wijnglas | plastic | 18cl,Delhaize,2.39,,"0,40 €/st",,https://www.delhaize.be/nl/shop/Keuken-wonen-en-vrije-tijd/Huisdecoratie/Kaarsen-Geur-en-sfeer-producten/Herbruikbaar-wijnglas-plastic-18cl/p/S2019101500314370000,2026-05-10T15:19:41.195971
Delhaize,"Keuken, wonen en vrije tijd",Bic Balpen | Original,Bic,2.79,,"2,79 €/st",,https://www.delhaize.be/nl/shop/Keuken-wonen-en-vrije-tijd/Papierwaren/Kleine-apparatuur-en-schrijven/Balpen-Original/p/S1980041500553910002,2026-05-10T15:19:41.738544
Delhaize,"Keuken, wonen en vrije tijd",Loctite Secondelijm | Universal | Water resistant,Loctite,4.89,,"4,89 €/st",,https://www.delhaize.be/nl/shop/Keuken-wonen-en-vrije-tijd/Papierwaren/Kleine-apparatuur-en-schrijven/Secondelijm-Universal-Water-resistant/p/S1987010700551250000,2026-05-10T15:19:42.279367
Delhaize,"Keuken, wonen en vrije tijd",Union Match Aanmaaklucifers,Union Match,2.99,,"0,02 €/st",,https://www.delhaize.be/nl/shop/Keuken-wonen-en-vrije-tijd/Vuuraanmaak/Aanmaakblokjes-en-lucifers/Aanmaaklucifers/p/S2016042603647240000,2026-05-10T15:19:42.821266
Delhaize,"Keuken, wonen en vrije tijd",Bic Balpennen | Blauw | Medium,Bic,2.69,,"1,35 €/st",,https://www.delhaize.be/nl/shop/Keuken-wonen-en-vrije-tijd/Papierwaren/Kleine-apparatuur-en-schrijven/Balpennen-Blauw-Medium/p/S1999021000553870000,2026-05-10T15:19:43.361742
Delhaize,"Keuken, wonen en vrije tijd",Substral Meststofstaafjes | Groene planten,Substral,8.59,,"0,21 €/st",,https://www.delhaize.be/nl/shop/Keuken-wonen-en-vrije-tijd/Insecten-en-planten/Planten/Binnen/Meststofstaafjes-Groene-planten/p/S2010031000860060000,2026-05-10T15:19:43.905120
Delhaize,"Keuken, wonen en vrije tijd",Vermeirsch Bindtouw | Sisal | +- 200g,Vermeirsch,2.25,,"11,25 €/kg",,https://www.delhaize.be/nl/shop/Keuken-wonen-en-vrije-tijd/Papierwaren/Andere/Bindtouw-Sisal-200g/p/S1999010500567870000,2026-05-10T15:19:44.444577
Delhaize,"Keuken, wonen en vrije tijd",Delhaize Schaar | Keuken | 21 cm,Delhaize,5.99,,"5,99 €/st",,https://www.delhaize.be/nl/shop/Keuken-wonen-en-vrije-tijd/Keukengerei-en-accessoires/Keukengerei/Schaar-Keuken-21-cm/p/S2012120400622310000,2026-05-10T15:19:44.984880
Delhaize,"Keuken, wonen en vrije tijd",Delhaize Map | A4 | 2 ringen | 16 mm,Delhaize,1.89,,"1,89 €/st",,https://www.delhaize.be/nl/shop/Keuken-wonen-en-vrije-tijd/Papierwaren/Klasseren/Map-A4-2-ringen-16-mm/p/S2011041500550680000,2026-05-10T15:19:45.525457
Delhaize,"Keuken, wonen en vrije tijd",Delhaize Dunschiller,Delhaize,2.69,,"2,69 €/st",,https://www.delhaize.be/nl/shop/Keuken-wonen-en-vrije-tijd/Keukengerei-en-accessoires/Keukengerei/Dunschiller/p/S2014102700623770000,2026-05-10T15:19:46.067425
Delhaize,"Keuken, wonen en vrije tijd",Energizer Lithium CR2032 - BP4,Energizer,10.49,,"2,62 €/st",,https://www.delhaize.be/nl/shop/Keuken-wonen-en-vrije-tijd/Elektriciteit/Batterijen/Lithium-CR2032-BP4/p/S2019091300301240000,2026-05-10T15:19:46.605930
Delhaize,"Keuken, wonen en vrije tijd",Delhaize 3-klepsmap | A4 | met elastiek,Delhaize,2.99,,"2,99 €/st",,https://www.delhaize.be/nl/shop/Keuken-wonen-en-vrije-tijd/Papierwaren/Klasseren/3-klepsmap-A4-met-elastiek/p/S2020041800421560000,2026-05-10T15:19:47.148876
Delhaize,"Keuken, wonen en vrije tijd",Delhaize Klasseur | A4 | 2 ringen | 30 mm | PP,Delhaize,2.59,,"2,59 €/st",,https://www.delhaize.be/nl/shop/Keuken-wonen-en-vrije-tijd/Papierwaren/Klasseren/Klasseur-A4-2-ringen-30-mm-PP/p/S2020040200416080000,2026-05-10T15:19:47.688042
Delhaize,"Keuken, wonen en vrije tijd",Delhaize Schaar | Metaal | Titanium | 19cm,Delhaize,2.69,,"2,69 €/st",,https://www.delhaize.be/nl/shop/Keuken-wonen-en-vrije-tijd/Papierwaren/Kleine-apparatuur-en-schrijven/Schaar-Metaal-Titanium-19cm/p/S2010021200550150000,2026-05-10T15:19:48.229316
Delhaize,"Keuken, wonen en vrije tijd",Bolsius 18ct | Geurtheelicht | Fresh cotton,Bolsius,3.25,,"0,18 €/st",,https://www.delhaize.be/nl/shop/Keuken-wonen-en-vrije-tijd/Huisdecoratie/Kaarsen-Geur-en-sfeer-producten/18ct-Geurtheelicht-Fresh-cotton/p/S2022081000644930000,2026-05-10T15:19:48.771489
Delhaize,"Keuken, wonen en vrije tijd",Belix Bamboe prikkers | Ecofriendly | 9 cm,Belix,2.95,,"0,03 €/st",,https://www.delhaize.be/nl/shop/Keuken-wonen-en-vrije-tijd/Huisdecoratie/Kaarsen-Geur-en-sfeer-producten/Bamboe-prikkers-Ecofriendly-9-cm/p/S2013040900651220000,2026-05-10T15:19:49.311054
Delhaize,"Keuken, wonen en vrije tijd",Duracell Batterijen | C,Duracell,7.99,,"4,00 €/st",,https://www.delhaize.be/nl/shop/Keuken-wonen-en-vrije-tijd/Elektriciteit/Batterijen/Batterijen-C/p/S2020052800431880000,2026-05-10T15:19:49.855087
Delhaize,"Keuken, wonen en vrije tijd",Delhaize Ovenschaal | 23x14x5cm,Delhaize,8.99,,"8,99 €/st",,https://www.delhaize.be/nl/shop/Keuken-wonen-en-vrije-tijd/Keukengerei-en-accessoires/Koken/Ovenschaal-23x14x5cm/p/S2016031503639060000,2026-05-10T15:19:50.397068
Delhaize,"Keuken, wonen en vrije tijd",Brita Filter Microdisc | Eco,Brita,14.25,,"4,75 €/st",,https://www.delhaize.be/nl/shop/Keuken-wonen-en-vrije-tijd/Keukengerei-en-accessoires/Plastic-opbergers-en-accessoires/Filter-Microdisc-Eco/p/S2016012103621480000,2026-05-10T15:19:50.938046
Delhaize,"Keuken, wonen en vrije tijd",Vapona CIK Bait | 2in1 | Mierenval | 2pcs,Vapona,6.49,-25% voor 3 Online,"3,25 €/st",,https://www.delhaize.be/nl/shop/Keuken-wonen-en-vrije-tijd/Insecten-en-planten/Kruipend/CIK-Bait-2in1-Mierenval-2pcs/p/S2023012000674490000,2026-05-10T15:19:50.983208
Delhaize,"Keuken, wonen en vrije tijd",Delhaize Ringschrift | A5 | Gelijnd,Delhaize,4.25,,"4,25 €/st",,https://www.delhaize.be/nl/shop/Keuken-wonen-en-vrije-tijd/Papierwaren/Papier-en-brieven/Ringschrift-A5-Gelijnd/p/S2012032600552600000,2026-05-10T15:19:51.523114
Delhaize,"Keuken, wonen en vrije tijd",Pritt Lijmstick | Original | Kind | Sterk,Pritt,2.59,,"2,59 €/st",,https://www.delhaize.be/nl/shop/Keuken-wonen-en-vrije-tijd/Papierwaren/Kleine-apparatuur-en-schrijven/Lijmstick-Original-Kind-Sterk/p/S2011100700551700000,2026-05-10T15:19:52.063828
Delhaize,Hygiëne en verzorging,Le Petit Marseillais Douchegel | Mango/passievrucht,Le Petit Marseillais,3.85,,"15,40 €/l",,https://www.delhaize.be/nl/shop/Hygiene-en-verzorging/Lichaamsverzorging/Douche/Douchegel-vrouwen/Douchegel-Mango-passievrucht/p/S2024070800778200000,2026-05-10T15:20:03.762335
Delhaize,Hygiëne en verzorging,Neutrogena Handcrème | Spf 20,Neutrogena,7.09,,"94,53 €/l",,https://www.delhaize.be/nl/shop/Hygiene-en-verzorging/Handverzorging/Handcreme/Handcreme-Spf-20/p/S2023090500723440000,2026-05-10T15:20:04.321685
Delhaize,Hygiëne en verzorging,Neutrogena Noorse Formule | Snel Absorberend | Handcrème,Neutrogena,8.15,,"108,67 €/l",,https://www.delhaize.be/nl/shop/Hygiene-en-verzorging/Handverzorging/Handcreme/Noorse-Formule-Snel-Absorberend-Handcreme/p/S2020031700408860000,2026-05-10T15:20:04.870969
Delhaize,Hygiëne en verzorging,Garnier Masker | Sinaasappelsap,Garnier,4.19,2de tegen -50%,"4,19 €/st",,https://www.delhaize.be/nl/shop/Hygiene-en-verzorging/Gezichtsverzorging/Gezichtsverzorging-vrouwen/Gezichtsmasker-ampullen-en-olien/Masker-Sinaasappelsap/p/S2018082400106710000,2026-05-10T15:20:04.921510
Delhaize,Hygiëne en verzorging,Always Verbanden | Urineverlies | Small,Always,4.45,,"0,22 €/st",,https://www.delhaize.be/nl/shop/Hygiene-en-verzorging/Intieme-hygiene/Incontinentie/Lichte-incontinentie/Verbanden-Urineverlies-Small/p/S2023112400731680000,2026-05-10T15:20:05.489562
Delhaize,Hygiëne en verzorging,Delhaize Zakdoeken | Box,Delhaize,1.09,,"0,01 €/st",,https://www.delhaize.be/nl/shop/Hygiene-en-verzorging/Zakdoeken/Dozen/Zakdoeken-Box/p/S2020030200368170000,2026-05-10T15:20:06.038744
Delhaize,Hygiëne en verzorging,Delhaize Zakdoeken | Box,Delhaize,3.19,,"0,01 €/st",,https://www.delhaize.be/nl/shop/Hygiene-en-verzorging/Zakdoeken/Dozen/Zakdoeken-Box/p/S2020030200368180000,2026-05-10T15:20:06.585389
Delhaize,Hygiëne en verzorging,Kleenex Zakdoeken | Original | Box | Duo | Eco,Kleenex,3.59,,"0,02 €/st",,https://www.delhaize.be/nl/shop/Hygiene-en-verzorging/Zakdoeken/Dozen/Zakdoeken-Original-Box-Duo-Eco/p/S2021081300575000000,2026-05-10T15:20:07.134327
Delhaize,Hygiëne en verzorging,Kleenex Zakdoeken | Box | Family Pack | Eco,Kleenex,2.49,,"0,02 €/st",,https://www.delhaize.be/nl/shop/Hygiene-en-verzorging/Zakdoeken/Dozen/Zakdoeken-Box-Family-Pack-Eco/p/S2021081300575010000,2026-05-10T15:20:07.678751
Delhaize,Hygiëne en verzorging,Lotus Oorstaafjes | navulling,Lotus,2.09,,"0,01 €/st",,https://www.delhaize.be/nl/shop/Hygiene-en-verzorging/Gezichtsverzorging/Watjes-en-wattenstaafjes/Oorstaafjes-navulling/p/S2019051400252480000,2026-05-10T15:20:08.224830
Delhaize,Hygiëne en verzorging,Kleenex Zakdoeken | The Original | Hanks | Eco,Kleenex,3.69,,"0,03 €/st",,https://www.delhaize.be/nl/shop/Hygiene-en-verzorging/Zakdoeken/Zakjes/Zakdoeken-The-Original-Hanks-Eco/p/S2002080600186160000,2026-05-10T15:20:08.771944
Delhaize,Hygiëne en verzorging,Demak'Up Ontschminkschijfjes | Sensitive,Demak'Up,1.81,,"0,03 €/st",,https://www.delhaize.be/nl/shop/Hygiene-en-verzorging/Gezichtsverzorging/Watjes-en-wattenstaafjes/Ontschminkschijfjes-Sensitive/p/S2012012400202160000,2026-05-10T15:20:09.317277
Delhaize,Hygiëne en verzorging,Kleenex Zakdoeken | Ultra soft | Box | Eco,Kleenex,2.99,,"0,05 €/st",,https://www.delhaize.be/nl/shop/Hygiene-en-verzorging/Zakdoeken/Dozen/Zakdoeken-Ultra-soft-Box-Eco/p/S2021081300574980000,2026-05-10T15:20:09.863523
Delhaize,Hygiëne en verzorging,Tempo Zakdoeken | Original | 4lagen,Tempo,4.49,,"0,03 €/st",,https://www.delhaize.be/nl/shop/Hygiene-en-verzorging/Zakdoeken/Zakjes/Zakdoeken-Original-4lagen/p/S2017063004158500000,2026-05-10T15:20:10.437655
Delhaize,Hygiëne en verzorging,Demak'Up Ontschminkschijfjes | Expert,Demak'Up,3.35,,"0,03 €/st",,https://www.delhaize.be/nl/shop/Hygiene-en-verzorging/Gezichtsverzorging/Watjes-en-wattenstaafjes/Ontschminkschijfjes-Expert/p/S2012012400202290000,2026-05-10T15:20:10.982747
Delhaize,Hygiëne en verzorging,Kleenex Zakdoeken | Balsam | Box | Duo | Eco,Kleenex,4.49,,"0,04 €/st",,https://www.delhaize.be/nl/shop/Hygiene-en-verzorging/Zakdoeken/Dozen/Zakdoeken-Balsam-Box-Duo-Eco/p/S2021081300575020000,2026-05-10T15:20:11.528759
Delhaize,Hygiëne en verzorging,Dove Handzeep | Navulling | Hydraterende crème,Dove,5.19,,"10,38 €/l",,https://www.delhaize.be/nl/shop/Hygiene-en-verzorging/Handverzorging/Handzeep/Navulling-vloeibare-handzeep/Handzeep-Navulling-Hydraterende-creme/p/S2007031300805360000,2026-05-10T15:20:12.074350
Delhaize,Hygiëne en verzorging,Always Inlegkruisjes | Urineverlies | Long,Always,3.79,,"0,16 €/st",,https://www.delhaize.be/nl/shop/Hygiene-en-verzorging/Intieme-hygiene/Incontinentie/Lichte-incontinentie/Inlegkruisjes-Urineverlies-Long/p/S2021012800502140000,2026-05-10T15:20:12.621324
Delhaize,Hygiëne en verzorging,Tena Nachtverbanden| Maxi,Tena,3.19,,"0,53 €/st",,https://www.delhaize.be/nl/shop/Hygiene-en-verzorging/Intieme-hygiene/Incontinentie/Lichte-incontinentie/Nachtverbanden-Maxi/p/S2011112100203590000,2026-05-10T15:20:13.167682
Delhaize,Hygiëne en verzorging,Sunlight Pomp Vloeibare Zeep | Classic refill | 500 ml,Sunlight,5.99,,"11,98 €/l",,https://www.delhaize.be/nl/shop/Hygiene-en-verzorging/Handverzorging/Handzeep/Navulling-vloeibare-handzeep/Pomp-Vloeibare-Zeep-Classic-refill-500-ml/p/S2012061400803380000,2026-05-10T15:20:13.714692
Delhaize,Hygiëne en verzorging,Delhaize Protect|Urineverlies |matig tot zwaar | Maxi |Extra+ | Aloe Vera|10 pc,Delhaize,3.19,,"0,32 €/st",,https://www.delhaize.be/nl/shop/Hygiene-en-verzorging/Intieme-hygiene/Incontinentie/Middelmatige-incontinentie/Protect-Urineverlies-matig-tot-zwaar-Maxi-Extra-Aloe-Vera-10-pc/p/S2020092300464570000,2026-05-10T15:20:14.261219
Delhaize,Hygiëne en verzorging,Kleenex Zakdoekjes | Balsem | Eco,Kleenex,4.25,,"0,04 €/st",,https://www.delhaize.be/nl/shop/Hygiene-en-verzorging/Zakdoeken/Zakjes/Zakdoekjes-Balsem-Eco/p/S2012072500186300000,2026-05-10T15:20:14.805655
Delhaize,Hygiëne en verzorging,Elmex Tandpasta | Kind | Junior | 6-12 jaar,Elmex,3.09,,"41,20 €/l",,https://www.delhaize.be/nl/shop/Hygiene-en-verzorging/Tand-en-mondhygiene/Tandpasta/Kinderen/Tandpasta-Kind-Junior-6-12-jaar/p/S2013032200810110000,2026-05-10T15:20:15.351278
Delhaize,Hygiëne en verzorging,Tena Pants | Plus | Large,Tena,13.79,,"1,72 €/st",,https://www.delhaize.be/nl/shop/Hygiene-en-verzorging/Intieme-hygiene/Incontinentie/Middelmatige-incontinentie/Pants-Plus-Large/p/S2013120200203440000,2026-05-10T15:20:15.899597
Delhaize,Hygiëne en verzorging,Axe Deodorant spray | Marine,Axe,3.79,,"25,27 €/l",,https://www.delhaize.be/nl/shop/Hygiene-en-verzorging/Lichaamsverzorging/Deodorant/Deospray-mannen/Deodorant-spray-Marine/p/S2021011900496740000,2026-05-10T15:20:16.445629
Delhaize,Hygiëne en verzorging,Signal Tandenborstel | Medium | 4 pack,Signal,5.35,,"1,34 €/st",,https://www.delhaize.be/nl/shop/Hygiene-en-verzorging/Tand-en-mondhygiene/Tandenborstels/Handmatige-tandenborstels/Tandenborstel-Medium-4-pack/p/S2012121900864090099,2026-05-10T15:20:16.990108
Delhaize,Hygiëne en verzorging,Kleenex Zakdoekjes | ultra soft | Mini 10p | Eco,Kleenex,3.19,,"0,32 €/st",,https://www.delhaize.be/nl/shop/Hygiene-en-verzorging/Zakdoeken/Zakjes/Zakdoekjes-ultra-soft-Mini-10p-Eco/p/S2019091100299760000,2026-05-10T15:20:17.534541
Delhaize,Hygiëne en verzorging,Delhaize Wattenschijfjes,Delhaize,0.59,,"0,00 €/st",,https://www.delhaize.be/nl/shop/Hygiene-en-verzorging/Gezichtsverzorging/Watjes-en-wattenstaafjes/Wattenschijfjes/p/S2020052900432240000,2026-05-10T15:20:18.083243
Delhaize,Hygiëne en verzorging,Tena Incontinentie dames | Maxi,Tena,4.45,,"0,74 €/st",,https://www.delhaize.be/nl/shop/Hygiene-en-verzorging/Intieme-hygiene/Incontinentie/Lichte-incontinentie/Incontinentie-dames-Maxi/p/S2014032100203280000,2026-05-10T15:20:18.628955
Delhaize,Hygiëne en verzorging,Always Inlegkruisjes | Large,Always,4.59,,"0,14 €/st",,https://www.delhaize.be/nl/shop/Hygiene-en-verzorging/Intieme-hygiene/Inlegkruisjes/Inlegkruisjes-Large/p/S2019090300297510000,2026-05-10T15:20:19.174958
Delhaize,Hygiëne en verzorging,Nalys Zakdoeken | Aloe vera,Nalys,3.45,,"0,04 €/st",,https://www.delhaize.be/nl/shop/Hygiene-en-verzorging/Zakdoeken/Dozen/Zakdoeken-Aloe-vera/p/S2017071404160210000,2026-05-10T15:20:19.721304
Delhaize,Hygiëne en verzorging,Delhaize Inlegkruisjes | Normal | Fresh,Delhaize,0.75,,"0,03 €/st",,https://www.delhaize.be/nl/shop/Hygiene-en-verzorging/Intieme-hygiene/Inlegkruisjes/Inlegkruisjes-Normal-Fresh/p/S2013120400204360000,2026-05-10T15:20:20.266389
Delhaize,Hygiëne en verzorging,Elmex Tandpasta | Kinderen,Elmex,3.85,,"77,00 €/l",,https://www.delhaize.be/nl/shop/Hygiene-en-verzorging/Tand-en-mondhygiene/Tandpasta/Kinderen/Tandpasta-Kinderen/p/S2021021000507860000,2026-05-10T15:20:20.810277
Delhaize,Hygiëne en verzorging,Delhaize Maandverband | Ultra nacht,Delhaize,0.72,,"0,07 €/st",,https://www.delhaize.be/nl/shop/Hygiene-en-verzorging/Intieme-hygiene/Maandverbanden/Maandverband-met-vleugels/Maandverband-Ultra-nacht/p/S2017032904141390000,2026-05-10T15:20:21.355873
Delhaize,Hygiëne en verzorging,Tempo Zakdoeken 4 diktes | Originele doos | 100u | eco,Tempo,3.25,,"0,03 €/st",,https://www.delhaize.be/nl/shop/Hygiene-en-verzorging/Zakdoeken/Dozen/Zakdoeken-4-diktes-Originele-doos-100u-eco/p/S2021052100545640000,2026-05-10T15:20:21.899987
Delhaize,Hygiëne en verzorging,Tena Lady | Discreet | Normal,Tena,2.89,,"0,24 €/st",,https://www.delhaize.be/nl/shop/Hygiene-en-verzorging/Intieme-hygiene/Incontinentie/Middelmatige-incontinentie/Lady-Discreet-Normal/p/S2017100304178370000,2026-05-10T15:20:22.443644
Delhaize,Hygiëne en verzorging,Le Petit Marseillais Oranjebloesem | douchecrème | BIO,Le Petit Marseillais,3.19,,"12,76 €/l",,https://www.delhaize.be/nl/shop/Hygiene-en-verzorging/Lichaamsverzorging/Douche/Douchegel-vrouwen/Oranjebloesem-douchecreme-BIO/p/S2020040200416270000,2026-05-10T15:20:22.989797
Delhaize,Hygiëne en verzorging,Delhaize Protect|Incontinentie|Pants|Plus|Large|14 pc,Delhaize,8.69,,"0,62 €/st",,https://www.delhaize.be/nl/shop/Hygiene-en-verzorging/Intieme-hygiene/Incontinentie/Middelmatige-incontinentie/Protect-Incontinentie-Pants-Plus-Large-14-pc/p/S2020082800459720000,2026-05-10T15:20:23.537131
Delhaize,Hygiëne en verzorging,Schwarzkopf Droogshampoo | Droog | Fresh | Zonder wassen | 150ml,Schwarzkopf,3.99,,"26,60 €/l",,https://www.delhaize.be/nl/shop/Hygiene-en-verzorging/Haarverzorging/Haarstyling/Droogshampoo/Droogshampoo-Droog-Fresh-Zonder-wassen-150ml/p/S2021121600594490000,2026-05-10T15:20:24.090780
Delhaize,Hygiëne en verzorging,Elmex 75ml | Sensitive | White,Elmex,5.85,,"78,00 €/l",,https://www.delhaize.be/nl/shop/Hygiene-en-verzorging/Tand-en-mondhygiene/Tandpasta/Volwassenen/75ml-Sensitive-White/p/S2022122300668710000,2026-05-10T15:20:24.637611
Delhaize,Hygiëne en verzorging,Sensodyne Tandpasta | Proglasur | Gentle Whitening,Sensodyne,4.89,,"65,20 €/l",,https://www.delhaize.be/nl/shop/Hygiene-en-verzorging/Tand-en-mondhygiene/Tandpasta/Volwassenen/Tandpasta-Proglasur-Gentle-Whitening/p/S2015070200377670000,2026-05-10T15:20:25.182226
Delhaize,Hygiëne en verzorging,Dove Shower Mousse | Argan Oil | 200 ml,Dove,8.09,,"40,45 €/l",,https://www.delhaize.be/nl/shop/Hygiene-en-verzorging/Lichaamsverzorging/Douche/Douchegel-vrouwen/Shower-Mousse-Argan-Oil-200-ml/p/S2018011800016950000,2026-05-10T15:20:25.726275
Delhaize,Hygiëne en verzorging,Lotus Oorstaafjes | box | Eco,Lotus,2.99,,"0,02 €/st",,https://www.delhaize.be/nl/shop/Hygiene-en-verzorging/Gezichtsverzorging/Watjes-en-wattenstaafjes/Oorstaafjes-box-Eco/p/S2019051400252510000,2026-05-10T15:20:26.273597
Delhaize,Hygiëne en verzorging,Sanytol Disinfecting handgel | 75%,Sanytol,5.65,,"22,60 €/l",,https://www.delhaize.be/nl/shop/Hygiene-en-verzorging/Parafarmaceutische-producten/Eerste-hulp/Anti-bacteriele-producten/Disinfecting-handgel-75-/p/S2020031000405610000,2026-05-10T15:20:26.820347
Delhaize,Hygiëne en verzorging,Sensodyne Tandpasta | Proglasur | bij Tanderosie,Sensodyne,4.35,,"58,00 €/l",,https://www.delhaize.be/nl/shop/Hygiene-en-verzorging/Tand-en-mondhygiene/Tandpasta/Volwassenen/Tandpasta-Proglasur-bij-Tanderosie/p/S2015112403614830000,2026-05-10T15:20:27.364980
Delhaize,Hygiëne en verzorging,Tena Inlegkruisjes | Urineverlies | Mannen,Tena,12.29,,"0,61 €/st",,https://www.delhaize.be/nl/shop/Hygiene-en-verzorging/Intieme-hygiene/Incontinentie/Middelmatige-incontinentie/Inlegkruisjes-Urineverlies-Mannen/p/S2003031300203910000,2026-05-10T15:20:27.912657
Delhaize,Hygiëne en verzorging,Fa Deospray | Mystic Moments,Fa,2.99,,"19,93 €/l",,https://www.delhaize.be/nl/shop/Hygiene-en-verzorging/Lichaamsverzorging/Deodorant/Deospray-vrouwen/Deospray-Mystic-Moments/p/S2015011400883320000,2026-05-10T15:20:28.456251
Delhaize,Hygiëne en verzorging,Fa Deo | Divine Moments,Fa,2.59,,"17,27 €/l",,https://www.delhaize.be/nl/shop/Hygiene-en-verzorging/Lichaamsverzorging/Deodorant/Deospray-vrouwen/Deo-Divine-Moments/p/S2017030903695240000,2026-05-10T15:20:29.003644
Delhaize,Hygiëne en verzorging,Dettol DETTOL |Doekjes 2in1 |12pcs,Dettol,3.39,,"0,28 €/st",,https://www.delhaize.be/nl/shop/Hygiene-en-verzorging/Parafarmaceutische-producten/Eerste-hulp/Anti-bacteriele-producten/DETTOL-Doekjes-2in1-12pcs/p/S2019072400283820000,2026-05-10T15:20:29.548524
Delhaize,Hygiëne en verzorging,Delhaize Brilpoetsdoekjes,Delhaize,1.79,,"0,04 €/st",,https://www.delhaize.be/nl/shop/Hygiene-en-verzorging/Parafarmaceutische-producten/Optische-producten/Brilpoetsdoekjes/p/S2019080200287470000,2026-05-10T15:20:30.096276
Delhaize,Hygiëne en verzorging,Parodontax 75ml | Tandpasta | Fluor,Parodontax,4.99,,"66,53 €/l",,https://www.delhaize.be/nl/shop/Hygiene-en-verzorging/Tand-en-mondhygiene/Tandpasta/Volwassenen/75ml-Tandpasta-Fluor/p/S2022101200657660000,2026-05-10T15:20:30.641282
Delhaize,Hygiëne en verzorging,Axe Bodyspray | Dark Temptation | 150ml,Axe,4.59,,"30,60 €/l",,https://www.delhaize.be/nl/shop/Hygiene-en-verzorging/Lichaamsverzorging/Deodorant/Deospray-mannen/Bodyspray-Dark-Temptation-150ml/p/S2021011900496660000,2026-05-10T15:20:31.187541
Delhaize,Hygiëne en verzorging,Le Petit Marseillais Lavendel | uit de Provence | Douchecrème,Le Petit Marseillais,3.99,,"15,96 €/l",,https://www.delhaize.be/nl/shop/Hygiene-en-verzorging/Lichaamsverzorging/Douche/Douchegel-vrouwen/Lavendel-uit-de-Provence-Douchecreme/p/S2019030100178360000,2026-05-10T15:20:31.732589
Delhaize,Hygiëne en verzorging,Tena Incontinentie verbanden | Extra,Tena,3.15,,"0,32 €/st",,https://www.delhaize.be/nl/shop/Hygiene-en-verzorging/Intieme-hygiene/Incontinentie/Middelmatige-incontinentie/Incontinentie-verbanden-Extra/p/S2019052200255840000,2026-05-10T15:20:32.278261
Delhaize,Hygiëne en verzorging,Tena Incontinentie verbanden | Extra Plus,Tena,5.09,,"0,64 €/st",,https://www.delhaize.be/nl/shop/Hygiene-en-verzorging/Intieme-hygiene/Incontinentie/Middelmatige-incontinentie/Incontinentie-verbanden-Extra-Plus/p/S2019052200255830000,2026-05-10T15:20:32.825024
Delhaize,Hygiëne en verzorging,Always Verbanden | Nacht | Vleugels,Always,4.09,,"0,26 €/st",,https://www.delhaize.be/nl/shop/Hygiene-en-verzorging/Intieme-hygiene/Maandverbanden/Maandverband-zonder-vleugels/Verbanden-Nacht-Vleugels/p/S2021120700592800000,2026-05-10T15:20:33.372418
Delhaize,Hygiëne en verzorging,Fa Deo | Spray | Perfect wave | Activating-fresh,Fa,3.15,,"21,00 €/l",,https://www.delhaize.be/nl/shop/Hygiene-en-verzorging/Lichaamsverzorging/Deodorant/Deospray-mannen/Deo-Spray-Perfect-wave-Activating-fresh/p/S1999121400883210000,2026-05-10T15:20:33.917438
Delhaize,Hygiëne en verzorging,Signal Tandpasta | Protection Caries | 75 ml,Signal,3.59,,"47,87 €/l",,https://www.delhaize.be/nl/shop/Hygiene-en-verzorging/Tand-en-mondhygiene/Tandpasta/Volwassenen/Tandpasta-Protection-Caries-75-ml/p/S2015051200810210099,2026-05-10T15:20:34.463532
Delhaize,Hygiëne en verzorging,Palmolive Zeep naturals amandelmelk,Palmolive,3.09,,"8,58 €/kg",,https://www.delhaize.be/nl/shop/Hygiene-en-verzorging/Handverzorging/Handzeep/Vaste-handzeep/Zeep-naturals-amandelmelk/p/S2013121900801660000,2026-05-10T15:20:35.007894
Delhaize,Hygiëne en verzorging,Diadermine Oogreiniger | WP,Diadermine,4.15,,"33,20 €/l",,https://www.delhaize.be/nl/shop/Hygiene-en-verzorging/Gezichtsverzorging/Gezichtsreiniging-en-ontshminking/Oogreiniging/Oogreiniger-WP/p/S2016011803620820000,2026-05-10T15:20:35.553183
Delhaize,Hygiëne en verzorging,Sanex Douche | Zero | Dry Skin | Doy,Sanex,7.19,,"14,38 €/l",,https://www.delhaize.be/nl/shop/Hygiene-en-verzorging/Lichaamsverzorging/Douche/Douchegel-vrouwen/Douche-Zero-Dry-Skin-Doy/p/S2022022100607440000,2026-05-10T15:20:36.096887
Delhaize,Hygiëne en verzorging,Theramed Tandpasta | Kind | Junior | 1-6 jaar | Aardbei,Theramed,2.05,1+1 gratis,"41,00 €/l",,https://www.delhaize.be/nl/shop/Hygiene-en-verzorging/Tand-en-mondhygiene/Tandpasta/Kinderen/Tandpasta-Kind-Junior-1-6-jaar-Aardbei/p/S2017022303692730000,2026-05-10T15:20:36.146401
Delhaize,Hygiëne en verzorging,Sunlight Vloeibare Zeep | Classic Care | Pomp,Sunlight,2.99,,"11,96 €/l",,https://www.delhaize.be/nl/shop/Hygiene-en-verzorging/Handverzorging/Handzeep/Vloeibare-handzeep/Vloeibare-Zeep-Classic-Care-Pomp/p/S2014112800803300000,2026-05-10T15:20:36.691584
Delhaize,Hygiëne en verzorging,Signal Tandpasta | INT8 | Charcoal,Signal,4.15,,"55,33 €/l",,https://www.delhaize.be/nl/shop/Hygiene-en-verzorging/Tand-en-mondhygiene/Tandpasta/Volwassenen/Tandpasta-INT8-Charcoal/p/S2019021900172670000,2026-05-10T15:20:37.239132
Delhaize,Hygiëne en verzorging,Kleenex Zakdoeken | Allergy Comfort | Box,Kleenex,3.19,,"0,06 €/st",,https://www.delhaize.be/nl/shop/Hygiene-en-verzorging/Zakdoeken/Dozen/Zakdoeken-Allergy-Comfort-Box/p/S2020031200406520000,2026-05-10T15:20:37.782985
Delhaize,Hygiëne en verzorging,Borotalco Deo Spray Original | 150ml,Borotalco,5.89,,"39,27 €/l",,https://www.delhaize.be/nl/shop/Hygiene-en-verzorging/Lichaamsverzorging/Deodorant/Deospray-vrouwen/Deo-Spray-Original-150ml/p/S2019031900215740000,2026-05-10T15:20:38.328873
Delhaize,Hygiëne en verzorging,Axe Douchegel | Black | 250 ml,Axe,2.95,,"11,80 €/l",,https://www.delhaize.be/nl/shop/Hygiene-en-verzorging/Lichaamsverzorging/Douche/Douchegel-mannen/Douchegel-Black-250-ml/p/S2018011800016910000,2026-05-10T15:20:38.872458
Delhaize,Hygiëne en verzorging,Tena Pants | Plus | Medium,Tena,16.89,,"1,88 €/st",,https://www.delhaize.be/nl/shop/Hygiene-en-verzorging/Intieme-hygiene/Incontinentie/Middelmatige-incontinentie/Pants-Plus-Medium/p/S2013120200203430000,2026-05-10T15:20:39.416754
Delhaize,Hygiëne en verzorging,Vania Maandverband | Maxi | Comfort | Super,Vania,3.59,,"0,22 €/st",,https://www.delhaize.be/nl/shop/Hygiene-en-verzorging/Intieme-hygiene/Maandverbanden/Maandverband-zonder-vleugels/Maandverband-Maxi-Comfort-Super/p/S2018061500071770000,2026-05-10T15:20:39.960685
Delhaize,Hygiëne en verzorging,Delhaize Zakdoeken | Eco,Delhaize,2.29,,"0,03 €/st",,https://www.delhaize.be/nl/shop/Hygiene-en-verzorging/Zakdoeken/Zakjes/Zakdoeken-Eco/p/S2019022700176920000,2026-05-10T15:20:40.505583
Delhaize,Hygiëne en verzorging,Axe Bodyspray | Apollo | 150 ml,Axe,4.09,,"27,27 €/l",,https://www.delhaize.be/nl/shop/Hygiene-en-verzorging/Lichaamsverzorging/Deodorant/Deospray-mannen/Bodyspray-Apollo-150-ml/p/S2021011900497060000,2026-05-10T15:20:41.052611
Delhaize,Hygiëne en verzorging,Dove Douchegel | Cool Fresh,Dove,4.15,,"16,60 €/l",,https://www.delhaize.be/nl/shop/Hygiene-en-verzorging/Lichaamsverzorging/Douche/Douchegel-mannen/Douchegel-Cool-Fresh/p/S2016010703619630000,2026-05-10T15:20:41.598264
Delhaize,Hygiëne en verzorging,Axe Douche Gel | Dark Temptation | 250ML,Axe,2.99,,"11,96 €/l",,https://www.delhaize.be/nl/shop/Hygiene-en-verzorging/Lichaamsverzorging/Douche/Douchegel-mannen/Douche-Gel-Dark-Temptation-250ML/p/S2021012600501030000,2026-05-10T15:20:42.148496
Delhaize,Hygiëne en verzorging,Dove Shower Mousse | Rose Oil | 200 ml,Dove,6.09,,"30,45 €/l",,https://www.delhaize.be/nl/shop/Hygiene-en-verzorging/Lichaamsverzorging/Douche/Douchegel-vrouwen/Shower-Mousse-Rose-Oil-200-ml/p/S2018011900017570000,2026-05-10T15:20:42.693169
Delhaize,Hygiëne en verzorging,Delhaize Maandverbanden | Ultra normal,Delhaize,0.85,,"0,05 €/st",,https://www.delhaize.be/nl/shop/Hygiene-en-verzorging/Intieme-hygiene/Maandverbanden/Maandverband-zonder-vleugels/Maandverbanden-Ultra-normal/p/S2013120500204400000,2026-05-10T15:20:43.238631
Delhaize,Hygiëne en verzorging,Delhaize Maandverband | Maxi | Nacht,Delhaize,0.87,,"0,07 €/st",,https://www.delhaize.be/nl/shop/Hygiene-en-verzorging/Intieme-hygiene/Maandverbanden/Maandverband-zonder-vleugels/Maandverband-Maxi-Nacht/p/S2018012400019420000,2026-05-10T15:20:43.785220
Delhaize,Hygiëne en verzorging,Instanet Brilpoetsdoekjes,Instanet,4.55,2+1 gratis,"0,23 €/st",,https://www.delhaize.be/nl/shop/Hygiene-en-verzorging/Parafarmaceutische-producten/Optische-producten/Brilpoetsdoekjes/p/S2022012700601840000,2026-05-10T15:20:43.834057
Delhaize,Hygiëne en verzorging,Tena Inlegkruisjes | Ultra mini+,Tena,2.89,,"0,12 €/st",,https://www.delhaize.be/nl/shop/Hygiene-en-verzorging/Intieme-hygiene/Incontinentie/Middelmatige-incontinentie/Inlegkruisjes-Ultra-mini-/p/S2007032300203830000,2026-05-10T15:20:44.379048
Delhaize,Hygiëne en verzorging,Maybelline New York Dissolvant | Express | Zacht-Hydraterend,Maybelline New York,6.25,,"50,00 €/l",,https://www.delhaize.be/nl/shop/Hygiene-en-verzorging/Handverzorging/Nagellak-remover/Dissolvant-Express-Zacht-Hydraterend/p/S2001040900846960000,2026-05-10T15:20:44.923606
Delhaize,Hygiëne en verzorging,Delhaize Ontschminkingsschijven,Delhaize,1.55,,"0,03 €/st",,https://www.delhaize.be/nl/shop/Hygiene-en-verzorging/Gezichtsverzorging/Watjes-en-wattenstaafjes/Ontschminkingsschijven/p/S2021010600487150000,2026-05-10T15:20:45.469346
Delhaize,Baby,Delhaize Luiers | Maat 5 | Eco,Delhaize,7.35,1+1 gratis Online,"0,15 €/st",,https://www.delhaize.be/nl/shop/Baby/Luiers/Open-luiers/Maat-5-11-16kg-/Luiers-Maat-5-Eco/p/S2018062800078040000,2026-05-10T15:20:57.078761
Delhaize,Baby,Nestlé Groeimelk | Vloeibaar | vanaf 1 jaar,Nestlé,11.89,2de tegen -40%,"1,98 €/l",,https://www.delhaize.be/nl/shop/Baby/Babymelk-en-dranken/Groeimelk/Vloeibare-groeimelk/Groeimelk-Vloeibaar-vanaf-1-jaar/p/S2016060203653140099,2026-05-10T15:20:57.164167
Delhaize,Baby,Delhaize Luiers | Maat 4 | Eco,Delhaize,6.19,1+1 gratis Online,"0,10 €/st",,https://www.delhaize.be/nl/shop/Baby/Luiers/Open-luiers/Maat-4-9-14kg-/Luiers-Maat-4-Eco/p/S2018062700077660000,2026-05-10T15:20:57.281502
Delhaize,Baby,Nestlé Groeimelk | Poeder | vanaf 1 jaar,Nestlé,15.49,,"19,36 €/kg",,https://www.delhaize.be/nl/shop/Baby/Babymelk-en-dranken/Groeimelk/Poeder-voor-groeimelk/Groeimelk-Poeder-vanaf-1-jaar/p/S2019100200310620000,2026-05-10T15:20:57.830315
Delhaize,Baby,Delhaize Luiers | Maat 6 | Eco,Delhaize,8.59,1+1 gratis Online,"0,20 €/st",,https://www.delhaize.be/nl/shop/Baby/Luiers/Open-luiers/Maat-6-13kg-/Luiers-Maat-6-Eco/p/S2018062800078230000,2026-05-10T15:20:57.891166
Delhaize,Baby,LU Pletkoekjes voor papjes | 6M,LU,1.59,,"9,09 €/kg",,https://www.delhaize.be/nl/shop/Zoete-kruidenierswaren/Koekjes/Kids-biscuits/Pletkoekjes-voor-papjes-6M/p/S1977092600001680000,2026-05-10T15:20:58.441748
Delhaize,Baby,Delhaize Groeimelk | 1-3,Delhaize,7.49,,"1,25 €/l",,https://www.delhaize.be/nl/shop/Baby/Babymelk-en-dranken/Groeimelk/Vloeibare-groeimelk/Groeimelk-1-3/p/S2020033000415240099,2026-05-10T15:20:58.988672
Delhaize,Baby,Nestlé Groeimelk | Vloeibaar | vanaf 2 jaar,Nestlé,11.89,2de tegen -40%,"1,98 €/l",,https://www.delhaize.be/nl/shop/Baby/Babymelk-en-dranken/Groeimelk/Vloeibare-groeimelk/Groeimelk-Vloeibaar-vanaf-2-jaar/p/S2017071104159980099,2026-05-10T15:20:59.039860
Delhaize,Baby,Nestlé Opvolgmelk | poeder | baby | 6-12 maanden,Nestlé,15.69,,"19,61 €/kg",,https://www.delhaize.be/nl/shop/Baby/Babymelk-en-dranken/Opvolgmelk-baby/Opvolgmelk/Opvolgmelk-poeder-baby-6-12-maanden/p/S2019100200310610000,2026-05-10T15:20:59.585958
Delhaize,Baby,Ella's Kitchen Knijpzakje | Aardbei Appel | 4M | Bio,Ella's Kitchen,1.95,3+1 gratis,"16,25 €/kg",,https://www.delhaize.be/nl/shop/Baby/Babyvoeding/Tussendoortjes/Knijpzakjes/Knijpzakje-Aardbei-Appel-4M-Bio/p/S2019061300260830000,2026-05-10T15:20:59.638124
Delhaize,Baby,Ella's Kitchen Maïsknabbels | Banaan Aardbei | 6M | Bio,Ella's Kitchen,1.59,3+1 gratis,"79,50 €/kg",,https://www.delhaize.be/nl/shop/Baby/Babyvoeding/Tussendoortjes/Babykoekjes/Maisknabbels-Banaan-Aardbei-6M-Bio/p/S2019061300260850000,2026-05-10T15:20:59.689630
Delhaize,Baby,LU Koekjes | 12M,LU,1.99,,"11,37 €/kg",,https://www.delhaize.be/nl/shop/Zoete-kruidenierswaren/Koekjes/Kids-biscuits/Koekjes-12M/p/S2002121900001610000,2026-05-10T15:21:00.235772
Delhaize,Baby,Nestlé Melkdessert | Vanille | Baby | 6 maanden,Nestlé,2.79,3+1 gratis,"6,98 €/kg",,https://www.delhaize.be/nl/shop/Baby/Babyvoeding/Tussendoortjes/Melkdesserts/Melkdessert-Vanille-Baby-6-maanden/p/S2003020600003490000,2026-05-10T15:21:00.286085
Delhaize,Baby,Nestlé Groeimelk | Vloeibaar | 2+,Nestlé,12.89,,"2,15 €/l",,https://www.delhaize.be/nl/shop/Baby/Babymelk-en-dranken/Groeimelk/Vloeibare-groeimelk/Groeimelk-Vloeibaar-2-/p/S2017071204160070099,2026-05-10T15:21:00.832383
Delhaize,Baby,Nestlé Groeimelk | Vloeibaar | vanaf 3 jaar,Nestlé,11.89,2de tegen -40%,"1,98 €/l",,https://www.delhaize.be/nl/shop/Baby/Babymelk-en-dranken/Groeimelk/Vloeibare-groeimelk/Groeimelk-Vloeibaar-vanaf-3-jaar/p/S2017071104159990099,2026-05-10T15:21:00.896300
Delhaize,Baby,Nestlé Groeimelk | Vloeibaar | vanaf 1 jaar,Nestlé,14.09,,"2,35 €/l",,https://www.delhaize.be/nl/shop/Baby/Babymelk-en-dranken/Groeimelk/Vloeibare-groeimelk/Groeimelk-Vloeibaar-vanaf-1-jaar/p/S2017071104159910099,2026-05-10T15:21:01.441329
Delhaize,Baby,Nestlé Groeimelk | Poeder | vanaf 2 jaar,Nestlé,15.75,,"19,69 €/kg",,https://www.delhaize.be/nl/shop/Baby/Babymelk-en-dranken/Groeimelk/Poeder-voor-groeimelk/Groeimelk-Poeder-vanaf-2-jaar/p/S2019100200310630000,2026-05-10T15:21:01.988269
Delhaize,Baby,Nestlé Melkdessert | Aardbei | 6 maanden,Nestlé,2.65,3+1 gratis,"6,63 €/kg",,https://www.delhaize.be/nl/shop/Baby/Babyvoeding/Tussendoortjes/Melkdesserts/Melkdessert-Aardbei-6-maanden/p/S2003020600003470000,2026-05-10T15:21:02.036600
Delhaize,Baby,Nutrilon Opvolgmelk | Poeder | 6M+,Nutrilon,13.99,,"17,49 €/kg",,https://www.delhaize.be/nl/shop/Baby/Babymelk-en-dranken/Opvolgmelk-baby/Opvolgmelk/Opvolgmelk-Poeder-6M-/p/S2021071300056790098,2026-05-10T15:21:02.581646
Delhaize,Baby,Ella's Kitchen Knijpzakje | Yellow One | 6M | Bio,Ella's Kitchen,1.25,3+1 gratis,"13,89 €/kg",,https://www.delhaize.be/nl/shop/Baby/Babyvoeding/Tussendoortjes/Knijpzakjes/Knijpzakje-Yellow-One-6M-Bio/p/S2019061300260790000,2026-05-10T15:21:02.635606
Delhaize,Baby,Nestlé Groeimelk | Vloeibaar | Koekjes | 1+,Nestlé,11.89,2de tegen -40%,"1,98 €/l",,https://www.delhaize.be/nl/shop/Baby/Babymelk-en-dranken/Groeimelk/Vloeibare-groeimelk/Groeimelk-Vloeibaar-Koekjes-1-/p/S2017071104159970099,2026-05-10T15:21:02.686698
Delhaize,Baby,Organix Knijpzakje | Mango Peer Granola | 6M | Bio,Organix,1.85,3+1 gratis,"18,50 €/kg",,https://www.delhaize.be/nl/shop/Baby/Babyvoeding/Tussendoortjes/Knijpzakjes/Knijpzakje-Mango-Peer-Granola-6M-Bio/p/S2021080903616060098,2026-05-10T15:21:02.736825
Delhaize,Baby,Organix Knijpzakje | Haver Banaan Bosbes | 12M | Bio,Organix,1.85,3+1 gratis,"18,50 €/kg",,https://www.delhaize.be/nl/shop/Baby/Babyvoeding/Tussendoortjes/Knijpzakjes/Knijpzakje-Haver-Banaan-Bosbes-12M-Bio/p/S2021080904158360098,2026-05-10T15:21:02.786135
Delhaize,Baby,Hipp Fruitpap | Appel Perzik Mango | 4M | Bio,Hipp,3.55,3+1 gratis,"8,88 €/kg",,https://www.delhaize.be/nl/shop/Baby/Babyvoeding/Tussendoortjes/Fruitpap/Fruitpap-Appel-Perzik-Mango-4M-Bio/p/S2008062400002280000,2026-05-10T15:21:02.835575
Delhaize,Baby,Nestlé Melkdessert | Banaan | 6 maanden,Nestlé,2.65,3+1 gratis,"6,63 €/kg",,https://www.delhaize.be/nl/shop/Baby/Babyvoeding/Tussendoortjes/Melkdesserts/Melkdessert-Banaan-6-maanden/p/S2003020600003480000,2026-05-10T15:21:02.884500
Delhaize,Baby,Organix Knijpzakje | Appel Aardbei Bosbes | 6M | Bio,Organix,1.85,3+1 gratis,"18,50 €/kg",,https://www.delhaize.be/nl/shop/Baby/Babyvoeding/Tussendoortjes/Knijpzakjes/Knijpzakje-Appel-Aardbei-Bosbes-6M-Bio/p/S2021080903616100098,2026-05-10T15:21:02.934578
Delhaize,Baby,Organix Knabbels | Wortel | 10M | Bio,Organix,3.75,3+1 gratis,"62,50 €/kg",,https://www.delhaize.be/nl/shop/Baby/Babyvoeding/Tussendoortjes/Babykoekjes/Knabbels-Wortel-10M-Bio/p/S2021080900006890098,2026-05-10T15:21:02.984912
Delhaize,Baby,Bambix Groeidrink | Soya | 1 jaar,Bambix,11.85,,"1,98 €/l",,https://www.delhaize.be/nl/shop/Baby/Babymelk-en-dranken/Groeimelk/Vloeibare-groeimelk/Groeidrink-Soya-1-jaar/p/S2013050300001930000,2026-05-10T15:21:03.530707
Delhaize,Baby,Ella's Kitchen Knijpzak | Red One | 6M | Bio,Ella's Kitchen,1.25,3+1 gratis,"13,89 €/kg",,https://www.delhaize.be/nl/shop/Baby/Babyvoeding/Tussendoortjes/Knijpzakjes/Knijpzak-Red-One-6M-Bio/p/S2019061300260810000,2026-05-10T15:21:03.580542
Delhaize,Baby,Ella's Kitchen Knijpzakje | Mango Peer Papaja | 4M | Bio,Ella's Kitchen,1.89,3+1 gratis,"15,75 €/kg",,https://www.delhaize.be/nl/shop/Baby/Babyvoeding/Tussendoortjes/Knijpzakjes/Knijpzakje-Mango-Peer-Papaja-4M-Bio/p/S2019061300260840000,2026-05-10T15:21:03.630796
Delhaize,Baby,Waterwipes Doekjes | Vochtig | Biodegradabel | Value pack,Waterwipes,11.89,2de tegen -50%,"0,07 €/st",,https://www.delhaize.be/nl/shop/Baby/Babyverzorgingsproducten/Doekjes/Doekjes-Vochtig-Biodegradabel-Value-pack/p/S2021060300551550000,2026-05-10T15:21:03.681299
Delhaize,Baby,Nestlé Koekjesmeel | 6 maanden | Maxi pack,Nestlé,7.79,3+1 gratis,"9,74 €/kg",,https://www.delhaize.be/nl/shop/Baby/Babyvoeding/Ontbijtgranen/Koekjesmeel-6-maanden-Maxi-pack/p/S2019050300248560000,2026-05-10T15:21:03.730941
Delhaize,Baby,Bambix Berenkoekjes | Honing,Bambix,2.33,3+1 gratis,"15,53 €/kg",,https://www.delhaize.be/nl/shop/Baby/Babyvoeding/Tussendoortjes/Babykoekjes/Berenkoekjes-Honing/p/S2018110500128550000,2026-05-10T15:21:03.781159
Delhaize,Baby,Nutrilon Groeimelk | Poeder | 2+,Nutrilon,15.49,,"19,36 €/kg",,https://www.delhaize.be/nl/shop/Baby/Babymelk-en-dranken/Groeimelk/Poeder-voor-groeimelk/Groeimelk-Poeder-2-/p/S2018052500060840000,2026-05-10T15:21:04.327523
Delhaize,Baby,Delhaize Luiers | Maat 3 | Eco,Delhaize,6.85,1+1 gratis Online,"0,10 €/st",,https://www.delhaize.be/nl/shop/Baby/Luiers/Open-luiers/Maat-3-6-10kg-/Luiers-Maat-3-Eco/p/S2018062700077460000,2026-05-10T15:21:04.376473
Delhaize,Baby,Nutrilon Zuigelingenmelk | Poeder | 0-6M,Nutrilon,13.35,,"16,69 €/kg",,https://www.delhaize.be/nl/shop/Baby/Babymelk-en-dranken/Zuigelingenmelk/Zuigelingenmelk-Poeder-0-6M/p/S2020072800450620000,2026-05-10T15:21:04.922133
Delhaize,Baby,Waterwipes Doekjes | Vochtig | Biodegradabel,Waterwipes,3.99,2de tegen -50%,"0,07 €/st",,https://www.delhaize.be/nl/shop/Baby/Babyverzorgingsproducten/Doekjes/Doekjes-Vochtig-Biodegradabel/p/S2021060300551600000,2026-05-10T15:21:04.985397
Delhaize,Baby,Hipp Opvolgmelk | Poeder | 6M | Bio,Hipp,15.65,,"19,56 €/kg",,https://www.delhaize.be/nl/shop/Baby/Babymelk-en-dranken/Opvolgmelk-baby/Opvolgmelk/Opvolgmelk-Poeder-6M-Bio/p/S2022053000629320000,2026-05-10T15:21:05.557764
Delhaize,Baby,Hipp Pasta-Ham-Groenten | Bio | 6M,Hipp,4.29,3+1 gratis,"11,29 €/kg",,https://www.delhaize.be/nl/shop/Baby/Babyvoeding/Maaltijden/Maaltijden-voor-6-maanden/Pasta-Ham-Groenten-Bio-6M/p/S2008041000002240000,2026-05-10T15:21:05.609040
Delhaize,Baby,Nestlé Groeimelk | Granen | vanaf 1 jaar,Nestlé,11.89,2de tegen -40%,"1,98 €/l",,https://www.delhaize.be/nl/shop/Baby/Babymelk-en-dranken/Groeimelk/Vloeibare-groeimelk/Groeimelk-Granen-vanaf-1-jaar/p/S2017071104159950099,2026-05-10T15:21:05.659704
Delhaize,Baby,Nestlé Melkdessert | Griespap | Baby | 6 maanden,Nestlé,3.25,3+1 gratis,"8,13 €/kg",,https://www.delhaize.be/nl/shop/Baby/Babyvoeding/Tussendoortjes/Melkdesserts/Melkdessert-Griespap-Baby-6-maanden/p/S2008101600003500000,2026-05-10T15:21:05.710505
Delhaize,Baby,Delhaize Luierbroekjes | Maat 7 | Eco,Delhaize,6.99,1+1 gratis Online,"0,39 €/st",,https://www.delhaize.be/nl/shop/Baby/Luiers/Luierbroekjes/Extra-large/Luierbroekjes-Maat-7-Eco/p/S2022032200614990000,2026-05-10T15:21:05.761114
Delhaize,Baby,Nestlé Melkdessert | Cacao | Baby | 6 maanden,Nestlé,2.99,3+1 gratis,"7,48 €/kg",,https://www.delhaize.be/nl/shop/Baby/Babyvoeding/Tussendoortjes/Melkdesserts/Melkdessert-Cacao-Baby-6-maanden/p/S2003020600003520000,2026-05-10T15:21:05.812358
Delhaize,Baby,Bambix Groeimelk | Natuur | 3+,Bambix,11.89,,"1,98 €/l",,https://www.delhaize.be/nl/shop/Baby/Babymelk-en-dranken/Groeimelk/Vloeibare-groeimelk/Groeimelk-Natuur-3-/p/S2013050300001910000,2026-05-10T15:21:06.357040
Delhaize,Baby,Bambix Groeimelk | Koekjes | 1-3,Bambix,11.89,,"1,98 €/l",,https://www.delhaize.be/nl/shop/Baby/Babymelk-en-dranken/Groeimelk/Vloeibare-groeimelk/Groeimelk-Koekjes-1-3/p/S2021121600001910098,2026-05-10T15:21:06.904987
Delhaize,Baby,Hipp Groenten-Pasta-Kip | Bio | 12M,Hipp,4.15,3+1 gratis,"8,30 €/kg",,https://www.delhaize.be/nl/shop/Baby/Babyvoeding/Maaltijden/Maaltijden-voor-12-maanden/Groenten-Pasta-Kip-Bio-12M/p/S2008041000002410000,2026-05-10T15:21:06.957115
Delhaize,Baby,Hipp Groenten-Rijst-Kalkoen | Bio | 12M,Hipp,4.55,3+1 gratis,"9,10 €/kg",,https://www.delhaize.be/nl/shop/Baby/Babyvoeding/Maaltijden/Maaltijden-voor-12-maanden/Groenten-Rijst-Kalkoen-Bio-12M/p/S2008041000002450000,2026-05-10T15:21:07.011061
Delhaize,Baby,Olvarit Knijpzakje | Abrikoos Peer Banaan | 8M,Olvarit,4.55,3+1 gratis,"11,38 €/kg",,https://www.delhaize.be/nl/shop/Baby/Babyvoeding/Tussendoortjes/Knijpzakjes/Knijpzakje-Abrikoos-Peer-Banaan-8M/p/S2022091500653690000,2026-05-10T15:21:07.060723
Delhaize,Baby,Zwitsal Doekjes | Sensitive | 2+1 Gratis,Zwitsal,5.65,,"0,03 €/st",,https://www.delhaize.be/nl/shop/Baby/Babyverzorgingsproducten/Doekjes/Doekjes-Sensitive-2-1-Gratis/p/S2018031200037020000,2026-05-10T15:21:07.606111
Delhaize,Baby,Bambix Groeimelk | Nature | 1+,Bambix,11.89,,"1,98 €/l",,https://www.delhaize.be/nl/shop/Baby/Babymelk-en-dranken/Groeimelk/Vloeibare-groeimelk/Groeimelk-Nature-1-/p/S2018103000128080099,2026-05-10T15:21:08.152749
Delhaize,Baby,Bambix Groeimelk | Natuur | 2+,Bambix,11.89,,"1,98 €/l",,https://www.delhaize.be/nl/shop/Baby/Babymelk-en-dranken/Groeimelk/Vloeibare-groeimelk/Groeimelk-Natuur-2-/p/S2018103000128090099,2026-05-10T15:21:08.698966
Delhaize,Baby,Hipp Zuigelingenmelk | Bio,Hipp,15.65,,"19,56 €/kg",,https://www.delhaize.be/nl/shop/Baby/Babymelk-en-dranken/Zuigelingenmelk/Zuigelingenmelk-Bio/p/S2022053000629310000,2026-05-10T15:21:09.246257
Delhaize,Baby,Nutrilon Groeimelk | Vloeibaar | 2+,Nutrilon,13.99,,"2,33 €/l",,https://www.delhaize.be/nl/shop/Baby/Babymelk-en-dranken/Groeimelk/Vloeibare-groeimelk/Groeimelk-Vloeibaar-2-/p/S2018052500060820099,2026-05-10T15:21:09.792321
Delhaize,Baby,Ella's Kitchen Maïssticks | Banaan Perzik | 7M | Bio,Ella's Kitchen,1.95,3+1 gratis,"121,88 €/kg",,https://www.delhaize.be/nl/shop/Baby/Babyvoeding/Tussendoortjes/Babykoekjes/Maissticks-Banaan-Perzik-7M-Bio/p/S2021031900529010000,2026-05-10T15:21:09.843363
Delhaize,Baby,Ella's Kitchen Knijpzakje | Pompoen Appel Bosbes | 4M | Bio,Ella's Kitchen,1.99,3+1 gratis,"16,58 €/kg",,https://www.delhaize.be/nl/shop/Baby/Babyvoeding/Tussendoortjes/Knijpzakjes/Knijpzakje-Pompoen-Appel-Bosbes-4M-Bio/p/S2019061300260820000,2026-05-10T15:21:09.892550
Delhaize,Baby,Nestlé Granen | Honing | Baby | 6 maanden,Nestlé,3.39,3+1 gratis,"13,56 €/kg",,https://www.delhaize.be/nl/shop/Baby/Babyvoeding/Ontbijtgranen/Granen-Honing-Baby-6-maanden/p/S2008091800001560000,2026-05-10T15:21:09.941834
Delhaize,Baby,Nestlé Groeimelk | poeder | baby | vanaf 3 jaar,Nestlé,15.79,,"19,74 €/kg",,https://www.delhaize.be/nl/shop/Baby/Babymelk-en-dranken/Groeimelk/Poeder-voor-groeimelk/Groeimelk-poeder-baby-vanaf-3-jaar/p/S2019100200310640000,2026-05-10T15:21:10.488807
Delhaize,Baby,Hipp Groentemengeling | Bio | 4M,Hipp,4.15,3+1 gratis,"10,92 €/kg",,https://www.delhaize.be/nl/shop/Baby/Babyvoeding/Maaltijden/Maaltijden-voor-4-maanden/Groentemengeling-Bio-4M/p/S2008041000002200000,2026-05-10T15:21:10.540821
Delhaize,Baby,Nestlé Melkdessert | Koekjescrème | Baby | 6 m,Nestlé,2.99,3+1 gratis,"7,48 €/kg",,https://www.delhaize.be/nl/shop/Baby/Babyvoeding/Tussendoortjes/Melkdesserts/Melkdessert-Koekjescreme-Baby-6-m/p/S2005060300003590000,2026-05-10T15:21:10.592497
Delhaize,Baby,Huggies Matrasbeschermers | Wegwerpbaar,Huggies,7.49,2+2 gratis,"1,07 €/st",,https://www.delhaize.be/nl/shop/Baby/Babyverzorgingsproducten/Babyverzorgingsaccessoires/Matrasbeschermers-Wegwerpbaar/p/S2009121800201010000,2026-05-10T15:21:10.642092
Delhaize,Baby,Huggies Nachtbroekjes | Jongen | Absorberend | 4-7 jaar,Huggies,11.75,2+2 gratis,"0,73 €/st",,https://www.delhaize.be/nl/shop/Baby/Luiers/Nachtbroekjes/Nachtbroekjes-Jongen-Absorberend-4-7-jaar/p/S2019041700243350000,2026-05-10T15:21:10.692545
Delhaize,Baby,Nestlé Koekje | Chocolade | 12 maanden,Nestlé,3.09,3+1 gratis,"20,60 €/kg",,https://www.delhaize.be/nl/shop/Baby/Babyvoeding/Tussendoortjes/Babykoekjes/Koekje-Chocolade-12-maanden/p/S2014050800003780000,2026-05-10T15:21:10.745635
Delhaize,Baby,Nestlé Granen | Pyjama Time | 6 maanden,Nestlé,3.49,3+1 gratis,"13,96 €/kg",,https://www.delhaize.be/nl/shop/Baby/Babyvoeding/Ontbijtgranen/Granen-Pyjama-Time-6-maanden/p/S2015051100001740000,2026-05-10T15:21:10.802162
Delhaize,Baby,Organix Rijstwafeltjes | Appel | 12M | Bio,Organix,1.89,3+1 gratis,"47,25 €/kg",,https://www.delhaize.be/nl/shop/Baby/Babyvoeding/Tussendoortjes/Babykoekjes/Rijstwafeltjes-Appel-12M-Bio/p/S2022081000645020000,2026-05-10T15:21:10.852300
Delhaize,Baby,Nutrilon Groeimelk | Vloeibaar | 1+,Nutrilon,12.49,,"2,08 €/l",,https://www.delhaize.be/nl/shop/Baby/Babymelk-en-dranken/Groeimelk/Vloeibare-groeimelk/Groeimelk-Vloeibaar-1-/p/S2018052400060530099,2026-05-10T15:21:11.398669
Delhaize,Baby,Hipp Tagliatelles-Spinazie-Kaas | Bio | 12M,Hipp,4.35,3+1 gratis,"8,70 €/kg",,https://www.delhaize.be/nl/shop/Baby/Babyvoeding/Maaltijden/Maaltijden-voor-12-maanden/Tagliatelles-Spinazie-Kaas-Bio-12M/p/S2008062500002470000,2026-05-10T15:21:11.450456
Delhaize,Baby,Delhaize Luiers | Maat 2 | Eco,Delhaize,6.45,1+1 gratis Online,"0,11 €/st",,https://www.delhaize.be/nl/shop/Baby/Luiers/Open-luiers/Maat-2-4-8-kg-/Luiers-Maat-2-Eco/p/S2018062700077410000,2026-05-10T15:21:11.502565
Delhaize,Baby,Olvarit Knijpzakje| Smoothie Kokosnoot Mango | 12M,Olvarit,5.25,3+1 gratis,"13,13 €/kg",,https://www.delhaize.be/nl/shop/Baby/Babyvoeding/Tussendoortjes/Knijpzakjes/Knijpzakje-Smoothie-Kokosnoot-Mango-12M/p/S2022091500653710000,2026-05-10T15:21:11.553603
Delhaize,Baby,Nestlé Granen | Rijst Vanille | Baby | 6 maanden,Nestlé,3.25,3+1 gratis,"13,00 €/kg",,https://www.delhaize.be/nl/shop/Baby/Babyvoeding/Ontbijtgranen/Granen-Rijst-Vanille-Baby-6-maanden/p/S2015051300001820000,2026-05-10T15:21:11.604030
Delhaize,Baby,Olvarit Fruitpap | Banaan Appel Koek | 12M,Olvarit,3.99,3+1 gratis,"9,98 €/kg",,https://www.delhaize.be/nl/shop/Baby/Babyvoeding/Tussendoortjes/Fruitpap/Fruitpap-Banaan-Appel-Koek-12M/p/S2016101903675260000,2026-05-10T15:21:11.653372
Delhaize,Baby,Huggies Nachtbroekjes | Meisje | Absorberend | 4-7 jaar,Huggies,11.75,2+2 gratis,"0,73 €/st",,https://www.delhaize.be/nl/shop/Baby/Luiers/Nachtbroekjes/Nachtbroekjes-Meisje-Absorberend-4-7-jaar/p/S2019041700243380000,2026-05-10T15:21:11.704932
Delhaize,Baby,Hipp Fruitpap | Appel Banaan Koek | 6M | Bio,Hipp,4.15,3+1 gratis,"10,92 €/kg",,https://www.delhaize.be/nl/shop/Baby/Babyvoeding/Tussendoortjes/Fruitpap/Fruitpap-Appel-Banaan-Koek-6M-Bio/p/S2015063000377140000,2026-05-10T15:21:11.754640
Delhaize,Baby,Huggies Nachtbroekjes | Jongen | Absorberend | 8-13 jaar,Huggies,10.49,2+2 gratis,"0,81 €/st",,https://www.delhaize.be/nl/shop/Baby/Luiers/Nachtbroekjes/Nachtbroekjes-Jongen-Absorberend-8-13-jaar/p/S2019041700243390000,2026-05-10T15:21:11.805529
Delhaize,Baby,Olvarit Maaltijd | Doperwtjes Kalkoen Rijst | 18M,Olvarit,4.89,3+1 gratis,"9,78 €/kg",,https://www.delhaize.be/nl/shop/Baby/Babyvoeding/Maaltijden/Maaltijden-voor-15-maand-en-meer/Maaltijd-Doperwtjes-Kalkoen-Rijst-18M/p/S2016102003675800000,2026-05-10T15:21:11.856256
Delhaize,Baby,Nutrilon Groeimelk | Poeder| 3+,Nutrilon,16.89,,"21,11 €/kg",,https://www.delhaize.be/nl/shop/Baby/Babymelk-en-dranken/Groeimelk/Poeder-voor-groeimelk/Groeimelk-Poeder-3-/p/S2018051400057090000,2026-05-10T15:21:12.402414
Delhaize,Baby,Nestlé Koekje | Natuur | 12 maanden,Nestlé,3.25,3+1 gratis,"18,06 €/kg",,https://www.delhaize.be/nl/shop/Baby/Babyvoeding/Tussendoortjes/Babykoekjes/Koekje-Natuur-12-maanden/p/S2014050800003770000,2026-05-10T15:21:12.453914
Delhaize,Baby,Ella's Kitchen Maïsknabbels | Maïs Erwten | 10M | Bio,Ella's Kitchen,2.99,3+1 gratis,"83,06 €/kg",,https://www.delhaize.be/nl/shop/Baby/Babyvoeding/Tussendoortjes/Babykoekjes/Maisknabbels-Mais-Erwten-10M-Bio/p/S2022112200260860097,2026-05-10T15:21:12.502927
Delhaize,Baby,Olvarit Knijpzakje | Banaan Kiwi Aardbei | 12M,Olvarit,4.55,3+1 gratis,"11,38 €/kg",,https://www.delhaize.be/nl/shop/Baby/Babyvoeding/Tussendoortjes/Knijpzakjes/Knijpzakje-Banaan-Kiwi-Aardbei-12M/p/S2022091500653680000,2026-05-10T15:21:12.552516
Delhaize,Baby,Olvarit Maaltijd |Spinazie Kip Aardappel | 15M,Olvarit,4.79,3+1 gratis,"9,58 €/kg",,https://www.delhaize.be/nl/shop/Baby/Babyvoeding/Maaltijden/Maaltijden-voor-15-maand-en-meer/Maaltijd-Spinazie-Kip-Aardappel-15M/p/S2016102003676010000,2026-05-10T15:21:12.602376
Delhaize,Baby,Olvarit Knijpzakje | Appel Banaan | 6M,Olvarit,4.55,3+1 gratis,"11,38 €/kg",,https://www.delhaize.be/nl/shop/Baby/Babyvoeding/Tussendoortjes/Knijpzakjes/Knijpzakje-Appel-Banaan-6M/p/S2022091500653700000,2026-05-10T15:21:12.652039
Delhaize,Huisdieren,Catsan Kattenbakvulling | Niet-klontervormend,Catsan,6.25,,"0,69 €/l",,https://www.delhaize.be/nl/shop/Huisdieren/Katten/Kattenbakvulling/Niet-klontervormend/Kattenbakvulling-Niet-klontervormend/p/S2020061600437470000,2026-05-10T15:21:26.257034
Delhaize,Huisdieren,Catsan Kattenbakvulling | Klontvormend | Active Fresh,Catsan,7.69,,"1,54 €/l",,https://www.delhaize.be/nl/shop/Huisdieren/Katten/Kattenbakvulling/Klontervormend/Kattenbakvulling-Klontvormend-Active-Fresh/p/S2019011500150110000,2026-05-10T15:21:26.817724
Delhaize,Huisdieren,Purina ONE Bifensis | Kattenvoeding | Sterilised | Sterilised | Rund |800g,Purina ONE,6.49,,"8,11 €/kg",,https://www.delhaize.be/nl/shop/Huisdieren/Katten/Droog-kattenvoer/Bifensis-Kattenvoeding-Sterilised-Sterilised-Rund-800g/p/S2009040102191690000,2026-05-10T15:21:27.369210
Delhaize,Huisdieren,Catsan Kattenbakvulling | Niet-klontervormend,Catsan,10.35,,"2,59 €/kg",,https://www.delhaize.be/nl/shop/Huisdieren/Katten/Kattenbakvulling/Niet-klontervormend/Kattenbakvulling-Niet-klontervormend/p/S2016032203641040000,2026-05-10T15:21:27.920662
Delhaize,Huisdieren,Purina ONE Kattenvoeding | Sterilised | Pâté | Zalm & Kalkoen,Purina ONE,7.35,,"10,81 €/kg",,https://www.delhaize.be/nl/shop/Huisdieren/Katten/Nat-kattenvoer/Versheidszakjes-en-soepen/Kattenvoeding-Sterilised-Pate-Zalm-and-Kalkoen/p/S2020020400355280000,2026-05-10T15:21:28.499951
Delhaize,Huisdieren,Sheba Kattenvoeding | Terrine | Kip,Sheba,0.99,,"11,65 €/kg",,https://www.delhaize.be/nl/shop/Huisdieren/Katten/Nat-kattenvoer/Aluminiumschaaltjes/Kattenvoeding-Terrine-Kip/p/S2017061404155700000,2026-05-10T15:21:29.049213
Delhaize,Huisdieren,Delhaize Hondenvoeding | Paté | Kip,Delhaize,0.57,,"1,90 €/kg",,https://www.delhaize.be/nl/shop/Huisdieren/Honden/Nat-hondenvoer/Schaaltjes-en-versheidszakjes/Hondenvoeding-Pate-Kip/p/S2009060802191170000,2026-05-10T15:21:29.602114
Delhaize,Huisdieren,Gourmet Kattenvoeding | Mousse | Vlees/Vis,Gourmet,10.55,,"10,34 €/kg",,https://www.delhaize.be/nl/shop/Huisdieren/Katten/Nat-kattenvoer/Blikken-en-koepels/Kattenvoeding-Mousse-Vlees-Vis/p/S2003013100191190000,2026-05-10T15:21:30.162093
Delhaize,Huisdieren,Sheba Kattenvoeding | Terrine | Zalm,Sheba,0.99,,"11,65 €/kg",,https://www.delhaize.be/nl/shop/Huisdieren/Katten/Nat-kattenvoer/Aluminiumschaaltjes/Kattenvoeding-Terrine-Zalm/p/S2017061404155690000,2026-05-10T15:21:30.710158
Delhaize,Huisdieren,Whiskas Kattenmelk,Whiskas,1.45,,"7,25 €/l",,https://www.delhaize.be/nl/shop/Huisdieren/Katten/Kattenmelk-en-snacks/Kattenmelk/p/S2001062600192750000,2026-05-10T15:21:31.257535
Delhaize,Huisdieren,Gourmet Kattenvoeding | Adult | Saus | Volaille,Gourmet,3.95,,"13,17 €/kg",,https://www.delhaize.be/nl/shop/Huisdieren/Katten/Nat-kattenvoer/Versheidszakjes-en-soepen/Kattenvoeding-Adult-Saus-Volaille/p/S2014022002192230000,2026-05-10T15:21:31.808225
Delhaize,Huisdieren,Delhaize Kattenvoeding | Terrine | Gevogelte,Delhaize,0.29,,"2,90 €/kg",,https://www.delhaize.be/nl/shop/Huisdieren/Katten/Nat-kattenvoer/Aluminiumschaaltjes/Kattenvoeding-Terrine-Gevogelte/p/S2009060802191080000,2026-05-10T15:21:32.357208
Delhaize,Huisdieren,Delhaize Kattenvoeding | Terrine | Rund,Delhaize,0.29,,"2,90 €/kg",,https://www.delhaize.be/nl/shop/Huisdieren/Katten/Nat-kattenvoer/Aluminiumschaaltjes/Kattenvoeding-Terrine-Rund/p/S2009060802191090000,2026-05-10T15:21:32.905119
Delhaize,Huisdieren,Purina ONE Bifensis | Kattenvoeding | Adult | Coat & Hairball | Kip,Purina ONE,7.29,,"9,11 €/kg",,https://www.delhaize.be/nl/shop/Huisdieren/Katten/Droog-kattenvoer/Bifensis-Kattenvoeding-Adult-Coat-and-Hairball-Kip/p/S2013043002191860000,2026-05-10T15:21:33.452208
Delhaize,Huisdieren,Pedigree Hondensnacks | Snoepjes | Mix vlees,Pedigree,2.15,,"4,30 €/kg",,https://www.delhaize.be/nl/shop/Huisdieren/Honden/Hondensnacks/Hondensnacks-Snoepjes-Mix-vlees/p/S1990082400193650000,2026-05-10T15:21:34.003220
Delhaize,Huisdieren,Felix Kattenvoeding | Adult | Gelei | Vlees,Felix,6.99,,"6,85 €/kg",,https://www.delhaize.be/nl/shop/Huisdieren/Katten/Nat-kattenvoer/Versheidszakjes-en-soepen/Kattenvoeding-Adult-Gelei-Vlees/p/S2021092900579800000,2026-05-10T15:21:34.552127
Delhaize,Huisdieren,Whiskas Kattenvoeding | Saus | Kip,Whiskas,2.09,,"5,23 €/kg",,https://www.delhaize.be/nl/shop/Huisdieren/Katten/Nat-kattenvoer/Blikken-en-koepels/Kattenvoeding-Saus-Kip/p/S2004033100192500000,2026-05-10T15:21:35.101791
Delhaize,Huisdieren,Purina ONE Bifensis | Kattenvoeding | Senior | Brokjes,Purina ONE,7.79,,"9,74 €/kg",,https://www.delhaize.be/nl/shop/Huisdieren/Katten/Droog-kattenvoer/Bifensis-Kattenvoeding-Senior-Brokjes/p/S2015092100395630000,2026-05-10T15:21:35.648985
Delhaize,Huisdieren,Gourmet Kattenvoeding | Pâté | Vlees/Vis,Gourmet,10.45,,"10,25 €/kg",,https://www.delhaize.be/nl/shop/Huisdieren/Katten/Nat-kattenvoer/Blikken-en-koepels/Kattenvoeding-Pate-Vlees-Vis/p/S2018062700077800000,2026-05-10T15:21:36.201596
Delhaize,Huisdieren,Purina ONE Kattenvoeding | Adult | Rund & kip,Purina ONE,7.09,,"10,43 €/kg",,https://www.delhaize.be/nl/shop/Huisdieren/Katten/Nat-kattenvoer/Blikken-en-koepels/Kattenvoeding-Adult-Rund-and-kip/p/S2020020400355310000,2026-05-10T15:21:36.751638
Delhaize,Huisdieren,Gourmet Kattenvoeding | Luxe Mix | Vis,Gourmet,10.55,,"10,34 €/kg",,https://www.delhaize.be/nl/shop/Huisdieren/Katten/Nat-kattenvoer/Blikken-en-koepels/Kattenvoeding-Luxe-Mix-Vis/p/S2011021100191040000,2026-05-10T15:21:37.322875
Delhaize,Huisdieren,Delhaize Hondenvoeding | Brokjes | Adult | Rund,Delhaize,7.75,,"0,78 €/kg",,https://www.delhaize.be/nl/shop/Huisdieren/Honden/Droog-hondenvoer/Middelgrote-en-grote-honden/Hondenvoeding-Brokjes-Adult-Rund/p/S2020110500470050000,2026-05-10T15:21:37.873678
Delhaize,Huisdieren,Purina ONE Kattenvoeding |Sterilised |Rund,Purina ONE,19.25,,"6,42 €/kg",,https://www.delhaize.be/nl/shop/Huisdieren/Katten/Droog-kattenvoer/Kattenvoeding-Sterilised-Rund/p/S2014041802192310000,2026-05-10T15:21:38.425062
Delhaize,Huisdieren,Delhaize Kattensnacks | Sticks | Mix vlees,Delhaize,0.49,,"19,60 €/kg",,https://www.delhaize.be/nl/shop/Huisdieren/Katten/Kattenmelk-en-snacks/Kattensnacks-Sticks-Mix-vlees/p/S2015110603612200000,2026-05-10T15:21:38.974989
Delhaize,Huisdieren,Delhaize Kattenvoeding | Saus | Adult | Mix vis,Delhaize,5.39,,"4,49 €/kg",,https://www.delhaize.be/nl/shop/Huisdieren/Katten/Nat-kattenvoer/Versheidszakjes-en-soepen/Kattenvoeding-Saus-Adult-Mix-vis/p/S2020120400474590000,2026-05-10T15:21:39.523625
Delhaize,Huisdieren,Felix Kattenvoeding | Adult | Gelei | Vlees,Felix,5.99,,"5,87 €/kg",,https://www.delhaize.be/nl/shop/Huisdieren/Katten/Nat-kattenvoer/Versheidszakjes-en-soepen/Kattenvoeding-Adult-Gelei-Vlees/p/S2021092900579760000,2026-05-10T15:21:40.073456
Delhaize,Huisdieren,Sheba Kattenvoeding | Terrine | Kalf,Sheba,0.99,,"11,65 €/kg",,https://www.delhaize.be/nl/shop/Huisdieren/Katten/Nat-kattenvoer/Aluminiumschaaltjes/Kattenvoeding-Terrine-Kalf/p/S2017061404155680000,2026-05-10T15:21:40.622556
Delhaize,Huisdieren,Gourmet Kattenvoeding | Adult | Mini Filets | Vlees,Gourmet,9.99,,"9,79 €/kg",,https://www.delhaize.be/nl/shop/Huisdieren/Katten/Nat-kattenvoer/Versheidszakjes-en-soepen/Kattenvoeding-Adult-Mini-Filets-Vlees/p/S2009040100198760000,2026-05-10T15:21:41.172418
Delhaize,Huisdieren,Sheba Kattenvoeding | Saus | Mix vlees,Sheba,0.99,,"11,65 €/kg",,https://www.delhaize.be/nl/shop/Huisdieren/Katten/Nat-kattenvoer/Aluminiumschaaltjes/Kattenvoeding-Saus-Mix-vlees/p/S2017061404155740000,2026-05-10T15:21:41.723417
Delhaize,Huisdieren,Sheba Kattenvoeding | Filets | Kip,Sheba,1.39,,"23,17 €/kg",,https://www.delhaize.be/nl/shop/Huisdieren/Katten/Nat-kattenvoer/Versheidszakjes-en-soepen/Kattenvoeding-Filets-Kip/p/S2022010400226770000,2026-05-10T15:21:42.272454
Delhaize,Huisdieren,Sheba Kattenvoeding | Saus | Mix vlees,Sheba,0.99,,"11,65 €/kg",,https://www.delhaize.be/nl/shop/Huisdieren/Katten/Nat-kattenvoer/Aluminiumschaaltjes/Kattenvoeding-Saus-Mix-vlees/p/S2017061404155720000,2026-05-10T15:21:42.821934
Delhaize,Huisdieren,Gourmet Kattenvoeding | Adult | Saus | Vlees,Gourmet,3.95,,"13,17 €/kg",,https://www.delhaize.be/nl/shop/Huisdieren/Katten/Nat-kattenvoer/Versheidszakjes-en-soepen/Kattenvoeding-Adult-Saus-Vlees/p/S2014021802192220000,2026-05-10T15:21:43.370291
Delhaize,Huisdieren,Felix Party Mix | Kattensnacks | Adult | Snacks | Kip,Felix,3.99,,"19,95 €/kg",,https://www.delhaize.be/nl/shop/Huisdieren/Katten/Kattenmelk-en-snacks/Party-Mix-Kattensnacks-Adult-Snacks-Kip/p/S2018022200031580000,2026-05-10T15:21:43.918049
Delhaize,Huisdieren,Felix Malse Reepjes | Kattenvoeding | Adult | Gelei | Mix,Felix,6.99,,"6,85 €/kg",,https://www.delhaize.be/nl/shop/Huisdieren/Katten/Nat-kattenvoer/Versheidszakjes-en-soepen/Malse-Reepjes-Kattenvoeding-Adult-Gelei-Mix/p/S2021092900579730000,2026-05-10T15:21:44.467928
Delhaize,Huisdieren,Felix Kattenvoeding | Sensations | Saus,Felix,7.29,,"7,15 €/kg",,https://www.delhaize.be/nl/shop/Huisdieren/Katten/Nat-kattenvoer/Versheidszakjes-en-soepen/Kattenvoeding-Sensations-Saus/p/S2022053000629390000,2026-05-10T15:21:45.019087
Delhaize,Huisdieren,Delhaize Hondenvoeding | Brokjes | Adult | Kip,Delhaize,4.09,,"2,05 €/kg",,https://www.delhaize.be/nl/shop/Huisdieren/Honden/Droog-hondenvoer/Kleine-honden/Hondenvoeding-Brokjes-Adult-Kip/p/S2018102200007820000,2026-05-10T15:21:45.708408
Delhaize,Huisdieren,Catisfactions Kattensnacks | Snoepjes | Kip,Catisfactions,1.99,,"33,17 €/kg",,https://www.delhaize.be/nl/shop/Huisdieren/Katten/Kattenmelk-en-snacks/Kattensnacks-Snoepjes-Kip/p/S2012021302191910000,2026-05-10T15:21:46.261239
Delhaize,Huisdieren,Delhaize Kattenvoeding | Terrine | Vis,Delhaize,0.29,,"2,90 €/kg",,https://www.delhaize.be/nl/shop/Huisdieren/Katten/Nat-kattenvoer/Aluminiumschaaltjes/Kattenvoeding-Terrine-Vis/p/S2009060802191020000,2026-05-10T15:21:46.813109
Delhaize,Huisdieren,Sheba Kattenvoeding | Filets | Tonijn,Sheba,1.39,,"23,17 €/kg",,https://www.delhaize.be/nl/shop/Huisdieren/Katten/Nat-kattenvoer/Versheidszakjes-en-soepen/Kattenvoeding-Filets-Tonijn/p/S2022010400222900000,2026-05-10T15:21:47.364764
Delhaize,Huisdieren,Gourmet Kattenvoeding | Adult | Zee Delicatesse | Vis,Gourmet,3.99,,"11,74 €/kg",,https://www.delhaize.be/nl/shop/Huisdieren/Katten/Nat-kattenvoer/Versheidszakjes-en-soepen/Kattenvoeding-Adult-Zee-Delicatesse-Vis/p/S2008062602191740000,2026-05-10T15:21:47.915065
Delhaize,Huisdieren,Sheba Kattenvoeding | Saus | Mix vlees,Sheba,0.99,,"11,65 €/kg",,https://www.delhaize.be/nl/shop/Huisdieren/Katten/Nat-kattenvoer/Aluminiumschaaltjes/Kattenvoeding-Saus-Mix-vlees/p/S2017061404155710000,2026-05-10T15:21:48.464052
Delhaize,Huisdieren,Sheba Kattenvoeding | Terrine | Rund,Sheba,0.99,,"11,65 €/kg",,https://www.delhaize.be/nl/shop/Huisdieren/Katten/Nat-kattenvoer/Aluminiumschaaltjes/Kattenvoeding-Terrine-Rund/p/S2017061304155530000,2026-05-10T15:21:49.015132
Delhaize,Huisdieren,Whiskas Kattenvoeding | Brokjes | Kip,Whiskas,6.99,,"3,68 €/kg",,https://www.delhaize.be/nl/shop/Huisdieren/Katten/Droog-kattenvoer/Kattenvoeding-Brokjes-Kip/p/S2017070604159680000,2026-05-10T15:21:49.584530
Delhaize,Huisdieren,Perfect Fit Kattenvoeding | Brokjes | Gesteriliseerd,Perfect Fit,5.85,,"7,80 €/kg",,https://www.delhaize.be/nl/shop/Huisdieren/Katten/Droog-kattenvoer/Kattenvoeding-Brokjes-Gesteriliseerd/p/S2019052400256990000,2026-05-10T15:21:50.134883
Delhaize,Huisdieren,Pedigree Hondensnacks | Orale hygiëne | Large,Pedigree,9.19,,"8,51 €/kg",,https://www.delhaize.be/nl/shop/Huisdieren/Honden/Tandhygiene-voor-honden/Hondensnacks-Orale-hygiene-Large/p/S2011011202191810000,2026-05-10T15:21:50.685091
Delhaize,Huisdieren,Whiskas Kattenvoeding | Brokjes | Rund,Whiskas,6.99,,"3,68 €/kg",,https://www.delhaize.be/nl/shop/Huisdieren/Katten/Droog-kattenvoer/Kattenvoeding-Brokjes-Rund/p/S2017070604159580000,2026-05-10T15:21:51.235721
Delhaize,Huisdieren,Edgard & Cooper Hond | Kip,Edgard & Cooper,2.99,,"9,97 €/kg",,https://www.delhaize.be/nl/shop/Huisdieren/Honden/Nat-hondenvoer/Schaaltjes-en-versheidszakjes/Hond-Kip/p/S2019123100339050000,2026-05-10T15:21:51.784365
Delhaize,Huisdieren,Sheba Kattenvoeding | Creamy Snack | Kip,Sheba,2.79,,"58,13 €/kg",,https://www.delhaize.be/nl/shop/Huisdieren/Katten/Kattenmelk-en-snacks/Kattenvoeding-Creamy-Snack-Kip/p/S2021031500526950000,2026-05-10T15:21:52.334585
Delhaize,Huisdieren,Purina ONE Bifensis | Kattenvoeding | Junior | Brokjes | Kip,Purina ONE,7.09,,"8,86 €/kg",,https://www.delhaize.be/nl/shop/Huisdieren/Katten/Droog-kattenvoer/Bifensis-Kattenvoeding-Junior-Brokjes-Kip/p/S2018062700077390000,2026-05-10T15:21:52.884373
Delhaize,Huisdieren,Felix Malse Reepjes | Kattenvoeding | Senior | Gelei | Mix,Felix,6.99,,"6,85 €/kg",,https://www.delhaize.be/nl/shop/Huisdieren/Katten/Nat-kattenvoer/Versheidszakjes-en-soepen/Malse-Reepjes-Kattenvoeding-Senior-Gelei-Mix/p/S2022053000629430000,2026-05-10T15:21:53.434338
Delhaize,Huisdieren,Felix Duos | Kattenvoeding | Adult | Gelei | Vis,Felix,6.99,,"6,85 €/kg",,https://www.delhaize.be/nl/shop/Huisdieren/Katten/Nat-kattenvoer/Versheidszakjes-en-soepen/Duos-Kattenvoeding-Adult-Gelei-Vis/p/S2021092900579810000,2026-05-10T15:21:53.984472
Delhaize,Huisdieren,Purina ONE Bifensis | Kattenvoeding | Adult | Brokjes | Zalm,Purina ONE,11.35,,"7,57 €/kg",,https://www.delhaize.be/nl/shop/Huisdieren/Katten/Droog-kattenvoer/Bifensis-Kattenvoeding-Adult-Brokjes-Zalm/p/S2011021102191630000,2026-05-10T15:21:54.535052
Delhaize,Huisdieren,Gourmet Kattenvoeding | Adult | Mini Filets | Vis,Gourmet,10.09,,"9,89 €/kg",,https://www.delhaize.be/nl/shop/Huisdieren/Katten/Nat-kattenvoer/Versheidszakjes-en-soepen/Kattenvoeding-Adult-Mini-Filets-Vis/p/S2007061902191700000,2026-05-10T15:21:55.084952
Delhaize,Huisdieren,Felix Kattenvoeding | Duos | Adult| Gelei | Vlees,Felix,6.99,,"6,85 €/kg",,https://www.delhaize.be/nl/shop/Huisdieren/Katten/Nat-kattenvoer/Versheidszakjes-en-soepen/Kattenvoeding-Duos-Adult-Gelei-Vlees/p/S2021092900579830000,2026-05-10T15:21:55.634156
Delhaize,Huisdieren,Sheba Kattenvoeding | Filets | Mix,Sheba,1.39,,"23,17 €/kg",,https://www.delhaize.be/nl/shop/Huisdieren/Katten/Nat-kattenvoer/Versheidszakjes-en-soepen/Kattenvoeding-Filets-Mix/p/S2022010500268300000,2026-05-10T15:21:56.184345
Delhaize,Huisdieren,Pedigree Hondensnacks | Orale hygiëne | Small,Pedigree,7.39,,"16,80 €/kg",,https://www.delhaize.be/nl/shop/Huisdieren/Honden/Tandhygiene-voor-honden/Hondensnacks-Orale-hygiene-Small/p/S2007032702191770000,2026-05-10T15:21:56.734882
Delhaize,Huisdieren,Sheba Kattenvoeding | Saus | Vis,Sheba,4.25,,"12,50 €/kg",,https://www.delhaize.be/nl/shop/Huisdieren/Katten/Nat-kattenvoer/Versheidszakjes-en-soepen/Kattenvoeding-Saus-Vis/p/S2009031600198700000,2026-05-10T15:21:57.284965
Delhaize,Huisdieren,Cesar Hondenvoeding | Terrine | Kip,Cesar,1.35,,"9,00 €/kg",,https://www.delhaize.be/nl/shop/Huisdieren/Honden/Nat-hondenvoer/Schaaltjes-en-versheidszakjes/Hondenvoeding-Terrine-Kip/p/S2017061504155880000,2026-05-10T15:21:57.834418
Delhaize,Huisdieren,Sheba Kattenvoeding | Gelei | Gevogelte,Sheba,0.99,,"11,65 €/kg",,https://www.delhaize.be/nl/shop/Huisdieren/Katten/Nat-kattenvoer/Aluminiumschaaltjes/Kattenvoeding-Gelei-Gevogelte/p/S2017061404155750000,2026-05-10T15:21:58.384297
Delhaize,Huisdieren,Perfect Fit Kattenvoeding | Brokjes | Indoor | Kip,Perfect Fit,5.65,,"7,53 €/kg",,https://www.delhaize.be/nl/shop/Huisdieren/Katten/Droog-kattenvoer/Kattenvoeding-Brokjes-Indoor-Kip/p/S2019052400256930000,2026-05-10T15:21:58.931707
Delhaize,Huisdieren,Pedigree Hondensnacks | Sticks | Rund,Pedigree,2.29,,"18,62 €/kg",,https://www.delhaize.be/nl/shop/Huisdieren/Honden/Hondensnacks/Hondensnacks-Sticks-Rund/p/S2020012700349860000,2026-05-10T15:21:59.481176
Delhaize,Huisdieren,Pedigree Hondensnacks | Sticks | Kip,Pedigree,2.59,,"0,37 €/st",,https://www.delhaize.be/nl/shop/Huisdieren/Honden/Hondensnacks/Hondensnacks-Sticks-Kip/p/S2020012700349870000,2026-05-10T15:22:00.031517
Delhaize,Huisdieren,Pedigree Hondenvoeding | Saus | Rund | Pasta,Pedigree,4.09,,"5,11 €/kg",,https://www.delhaize.be/nl/shop/Huisdieren/Honden/Nat-hondenvoer/Blikken/Hondenvoeding-Saus-Rund-Pasta/p/S2022071800640330000,2026-05-10T15:22:00.584062
Delhaize,Huisdieren,Pedigree Hondensnacks | Orale hygiëne | Medium,Pedigree,8.19,,"11,38 €/kg",,https://www.delhaize.be/nl/shop/Huisdieren/Honden/Tandhygiene-voor-honden/Hondensnacks-Orale-hygiene-Medium/p/S2005101902191790000,2026-05-10T15:22:01.134595
Delhaize,Huisdieren,Whiskas Kattenvoeding | Brokjes | Tonijn,Whiskas,6.99,,"3,68 €/kg",,https://www.delhaize.be/nl/shop/Huisdieren/Katten/Droog-kattenvoer/Kattenvoeding-Brokjes-Tonijn/p/S2017071104159920000,2026-05-10T15:22:01.684407
Delhaize,Huisdieren,Gourmet Kattenvoeding | Mix,Gourmet,10.55,,"10,34 €/kg",,https://www.delhaize.be/nl/shop/Huisdieren/Katten/Nat-kattenvoer/Blikken-en-koepels/Kattenvoeding-Mix/p/S2010101500191050000,2026-05-10T15:22:02.234741
Delhaize,Huisdieren,Friskies Bon Bacon | Hondenvoeding | Adult | Snacks | Bacon,Friskies,2.99,,"24,92 €/kg",,https://www.delhaize.be/nl/shop/Huisdieren/Honden/Hondensnacks/Bon-Bacon-Hondenvoeding-Adult-Snacks-Bacon/p/S2018041800051110000,2026-05-10T15:22:02.784171
Delhaize,Huisdieren,Gourmet Kattenvoeding | Mousse | Kip,Gourmet,1.09,,"12,82 €/kg",,https://www.delhaize.be/nl/shop/Huisdieren/Katten/Nat-kattenvoer/Blikken-en-koepels/Kattenvoeding-Mousse-Kip/p/S2021021100508650000,2026-05-10T15:22:03.335712
Delhaize,Huisdieren,Friskies Picnic Mix | Hondenvoeding | Adult | Snacks | Mix,Friskies,2.99,,"23,73 €/kg",,https://www.delhaize.be/nl/shop/Huisdieren/Honden/Hondensnacks/Picnic-Mix-Hondenvoeding-Adult-Snacks-Mix/p/S2011033100193970000,2026-05-10T15:22:03.884166
Delhaize,Huisdieren,Gourmet Kattenvoeding | Kip | Mousse | Kip,Gourmet,3.95,,"17,32 €/kg",,https://www.delhaize.be/nl/shop/Huisdieren/Katten/Nat-kattenvoer/Blikken-en-koepels/Kattenvoeding-Kip-Mousse-Kip/p/S2021070700565750000,2026-05-10T15:22:04.434140
Delhaize,Huisdieren,Delhaize Hondensnacks | Strips | Kip,Delhaize,2.89,,"17,00 €/kg",,https://www.delhaize.be/nl/shop/Huisdieren/Honden/Hondensnacks/Hondensnacks-Strips-Kip/p/S2018082900109510000,2026-05-10T15:22:04.984159
Delhaize,Huisdieren,Edgard & Cooper Hond | Kip,Edgard & Cooper,1.39,,"13,90 €/kg",,https://www.delhaize.be/nl/shop/Huisdieren/Honden/Nat-hondenvoer/Schaaltjes-en-versheidszakjes/Hond-Kip/p/S2019123100339040000,2026-05-10T15:22:05.534420
Delhaize,Huisdieren,Sheba Kattenvoeding | Saus | Vlees Mix,Sheba,10.59,,"10,38 €/kg",,https://www.delhaize.be/nl/shop/Huisdieren/Katten/Nat-kattenvoer/Versheidszakjes-en-soepen/Kattenvoeding-Saus-Vlees-Mix/p/S2014033102192370000,2026-05-10T15:22:06.084065
Delhaize,Huisdieren,Cesar Hondenvoeding | Terrine | Rund | Wortel,Cesar,2.59,,"8,63 €/kg",,https://www.delhaize.be/nl/shop/Huisdieren/Honden/Nat-hondenvoer/Schaaltjes-en-versheidszakjes/Hondenvoeding-Terrine-Rund-Wortel/p/S2017061504155930000,2026-05-10T15:22:06.633959
Delhaize,Huisdieren,Cesar Hondenvoeding | Paté | Rund,Cesar,1.29,,"8,60 €/kg",,https://www.delhaize.be/nl/shop/Huisdieren/Honden/Nat-hondenvoer/Schaaltjes-en-versheidszakjes/Hondenvoeding-Pate-Rund/p/S2017061504155850000,2026-05-10T15:22:07.184159
Delhaize,Huisdieren,Perfect Fit Kattenvoeding | Brokjes | Gesteriliseerd,Perfect Fit,5.85,,"7,80 €/kg",,https://www.delhaize.be/nl/shop/Huisdieren/Katten/Droog-kattenvoer/Kattenvoeding-Brokjes-Gesteriliseerd/p/S2019070400273530000,2026-05-10T15:22:07.734286
Delhaize,Huisdieren,Perfect Fit Kattenvoeding | Brokjes | Adult | Kip,Perfect Fit,5.85,,"7,80 €/kg",,https://www.delhaize.be/nl/shop/Huisdieren/Katten/Droog-kattenvoer/Kattenvoeding-Brokjes-Adult-Kip/p/S2019052400256920000,2026-05-10T15:22:08.285131
Delhaize,Huisdieren,Pedigree Hondenvoeding | Saus | Rund | Pasta,Pedigree,2.65,,"6,63 €/kg",,https://www.delhaize.be/nl/shop/Huisdieren/Honden/Nat-hondenvoer/Blikken/Hondenvoeding-Saus-Rund-Pasta/p/S2022071800640320000,2026-05-10T15:22:08.842622
Delhaize,Huisdieren,Catisfactions Kattensnacks | Snoepjes | Rund,Catisfactions,1.99,,"33,17 €/kg",,https://www.delhaize.be/nl/shop/Huisdieren/Katten/Kattenmelk-en-snacks/Kattensnacks-Snoepjes-Rund/p/S2013050702191970000,2026-05-10T15:22:09.393755
Delhaize,Huisdieren,Friskies Funtastix | Hondenvoeding | Adult | Snacks | Bacon,Friskies,2.99,,"17,09 €/kg",,https://www.delhaize.be/nl/shop/Huisdieren/Honden/Hondensnacks/Funtastix-Hondenvoeding-Adult-Snacks-Bacon/p/S2018041600049800000,2026-05-10T15:22:09.947111
Delhaize,Huisdieren,Sheba Kattensnacks | Creamy | Zalm,Sheba,2.79,,"58,13 €/kg",,https://www.delhaize.be/nl/shop/Huisdieren/Katten/Kattenmelk-en-snacks/Kattensnacks-Creamy-Zalm/p/S2021031500526990000,2026-05-10T15:22:10.500472
Delhaize,Huisdieren,Edgard & Cooper Hond | Lam,Edgard & Cooper,1.43,,"14,30 €/kg",,https://www.delhaize.be/nl/shop/Huisdieren/Honden/Nat-hondenvoer/Schaaltjes-en-versheidszakjes/Hond-Lam/p/S2019123100339010000,2026-05-10T15:22:11.051139
Delhaize,Huisdieren,Perfect Fit Kattenvoeding | Brokjes | Gesteriliseerd,Perfect Fit,17.39,,"6,21 €/kg",,https://www.delhaize.be/nl/shop/Huisdieren/Katten/Droog-kattenvoer/Kattenvoeding-Brokjes-Gesteriliseerd/p/S2022010400214100000,2026-05-10T15:22:11.600306
Delhaize,Huisdieren,Gourmet Kattenvoeding | Adult | Mini Filets | Légumes,Gourmet,3.99,,"11,74 €/kg",,https://www.delhaize.be/nl/shop/Huisdieren/Katten/Nat-kattenvoer/Versheidszakjes-en-soepen/Kattenvoeding-Adult-Mini-Filets-Legumes/p/S2015013002192340000,2026-05-10T15:22:12.150167
Delhaize,Huisdieren,Purina ONE Hondenvoeding | Mini | Brokjes | Rund,Purina ONE,8.09,,"5,39 €/kg",,https://www.delhaize.be/nl/shop/Huisdieren/Honden/Droog-hondenvoer/Kleine-honden/Hondenvoeding-Mini-Brokjes-Rund/p/S2017120501370360000,2026-05-10T15:22:12.700763
Delhaize,Huisdieren,Gourmet Kattenvoeding | Mini Filets | Kip,Gourmet,9.95,,"14,63 €/kg",,https://www.delhaize.be/nl/shop/Huisdieren/Katten/Nat-kattenvoer/Blikken-en-koepels/Kattenvoeding-Mini-Filets-Kip/p/S2020020400355410000,2026-05-10T15:22:13.251196
Delhaize,Huisdieren,Edgard & Cooper Hondenvoeding | Brokjes | Adult | Kip,Edgard & Cooper,10.55,,"10,55 €/kg",,https://www.delhaize.be/nl/shop/Huisdieren/Honden/Droog-hondenvoer/Middelgrote-en-grote-honden/Hondenvoeding-Brokjes-Adult-Kip/p/S2021030900524730000,2026-05-10T15:22:13.800519
Delhaize,Huisdieren,Felix Party Mix | Kattensnacks | Adult | Snacks | Seaside Mix,Felix,3.99,,"19,95 €/kg",,https://www.delhaize.be/nl/shop/Huisdieren/Katten/Kattenmelk-en-snacks/Party-Mix-Kattensnacks-Adult-Snacks-Seaside-Mix/p/S2018022200031630000,2026-05-10T15:22:14.350350
Delhaize,Huisdieren,Pedigree Hondenvoeding | Terrine | Rund | Wortel,Pedigree,2.65,,"6,63 €/kg",,https://www.delhaize.be/nl/shop/Huisdieren/Honden/Nat-hondenvoer/Blikken/Hondenvoeding-Terrine-Rund-Wortel/p/S2022071800640310000,2026-05-10T15:22:14.899435
Delhaize,Huisdieren,Cesar Hondenvoeding | Saus | Gevogelte | Groenten,Cesar,1.19,,"7,93 €/kg",,https://www.delhaize.be/nl/shop/Huisdieren/Honden/Nat-hondenvoer/Schaaltjes-en-versheidszakjes/Hondenvoeding-Saus-Gevogelte-Groenten/p/S2017061504155910000,2026-05-10T15:22:15.447193
Delhaize,Huisdieren,Cesar Hondenvoeding | Terrine | Kip |,Cesar,2.29,,"7,63 €/kg",,https://www.delhaize.be/nl/shop/Huisdieren/Honden/Nat-hondenvoer/Schaaltjes-en-versheidszakjes/Hondenvoeding-Terrine-Kip-/p/S2017061504155980000,2026-05-10T15:22:15.997124
Delhaize,Huisdieren,Cesar Hondenvoeding | Saus | Mix vlees | Groenten,Cesar,9.75,,"8,13 €/kg",,https://www.delhaize.be/nl/shop/Huisdieren/Honden/Nat-hondenvoer/Schaaltjes-en-versheidszakjes/Hondenvoeding-Saus-Mix-vlees-Groenten/p/S2019012800157430000,2026-05-10T15:22:16.548305
Delhaize,Huisdieren,Perfect Fit Kattenvoeding | Brokjes | Sensitive,Perfect Fit,5.85,,"7,80 €/kg",,https://www.delhaize.be/nl/shop/Huisdieren/Katten/Droog-kattenvoer/Kattenvoeding-Brokjes-Sensitive/p/S2019052400256950000,2026-05-10T15:22:17.096076
Delhaize,Huisdieren,Cesar Hondenvoeding | Saus | Mix vlees,Cesar,1.31,,"8,73 €/kg",,https://www.delhaize.be/nl/shop/Huisdieren/Honden/Nat-hondenvoer/Schaaltjes-en-versheidszakjes/Hondenvoeding-Saus-Mix-vlees/p/S2017061504155900000,2026-05-10T15:22:17.645098
Delhaize,Huisdieren,Catisfactions Kattensnacks | Snoepjes | Kip,Catisfactions,7.69,,"21,97 €/kg",,https://www.delhaize.be/nl/shop/Huisdieren/Katten/Kattenmelk-en-snacks/Kattensnacks-Snoepjes-Kip/p/S2022010500258000000,2026-05-10T15:22:18.195282
Delhaize,Huisdieren,Gourmet Kattenvoeding | Mousse | Groenten,Gourmet,10.59,,"10,38 €/kg",,https://www.delhaize.be/nl/shop/Huisdieren/Katten/Nat-kattenvoer/Versheidszakjes-en-soepen/Kattenvoeding-Mousse-Groenten/p/S2012012700191130000,2026-05-10T15:22:18.746943
Delhaize,Huisdieren,Sheba Kattenvoeding | Gelei | Mix,Sheba,3.99,,"11,74 €/kg",,https://www.delhaize.be/nl/shop/Huisdieren/Katten/Nat-kattenvoer/Versheidszakjes-en-soepen/Kattenvoeding-Gelei-Mix/p/S2013050700198530000,2026-05-10T15:22:19.297457
Delhaize,Huisdieren,Gourmet Kattenvoeding | Jumbopack | Rund,Gourmet,65.99,,"8,09 €/kg",,https://www.delhaize.be/nl/shop/Huisdieren/Katten/Nat-kattenvoer/Blikken-en-koepels/Kattenvoeding-Jumbopack-Rund/p/S2022081000645090000,2026-05-10T15:22:19.846909
Delhaize,Huisdieren,Sheba Kattenvoeding | Terrine | Kip,Sheba,3.99,,"17,73 €/kg",,https://www.delhaize.be/nl/shop/Huisdieren/Katten/Nat-kattenvoer/Versheidszakjes-en-soepen/Kattenvoeding-Terrine-Kip/p/S2020012800352860000,2026-05-10T15:22:20.395860
Delhaize,Huisdieren,Sheba Kattenvoeding | Soep | Tonijn,Sheba,4.35,,"27,19 €/kg",,https://www.delhaize.be/nl/shop/Huisdieren/Katten/Nat-kattenvoer/Versheidszakjes-en-soepen/Kattenvoeding-Soep-Tonijn/p/S2022010500268810000,2026-05-10T15:22:20.945925
Delhaize,Barbecue,Secret des Plages Pays d'Hérault,Secret des Plages,8.99,1+1 gratis,"11,99 €/l",,https://www.delhaize.be/nl/shop/Wijn-and-bubbels/Rose-wijn/Frankrijk/Languedoc-Roussillon/Pays-d-Herault/p/S2022122200668560000,2026-05-10T15:22:29.510835
Delhaize,Barbecue,de Castellane Champagne | Brut,de Castellane,29.99,,"39,99 €/l",,https://www.delhaize.be/nl/shop/Wijn-and-bubbels/Bubbels/Champagne/Wit/Champagne-Brut/p/S2011042900241370000,2026-05-10T15:22:30.065353
Delhaize,Barbecue,Mionetto Prosecco | Brut,Mionetto,10.99,,"14,65 €/l",,https://www.delhaize.be/nl/shop/Wijn-and-bubbels/Bubbels/Prosecco/Wit/Prosecco-Brut/p/S2015102803610730000,2026-05-10T15:22:30.611937
Delhaize,Barbecue,Alambra Halloumi kaas | Classic,Alambra,3.85,,"17,11 €/kg",,https://www.delhaize.be/nl/shop/Zuivel-kaas-en-plantaardige-alternatieven/Kaas/Fondue-raclette-en-tartiflette/Andere/Halloumi-kaas-Classic/p/F2020043000057840000,2026-05-10T15:22:31.160295
Delhaize,Barbecue,Président Kaas | Camembert,Président,3.35,,"13,40 €/kg",,https://www.delhaize.be/nl/shop/Zuivel-kaas-en-plantaardige-alternatieven/Kaas/Dessert-kazen/Andere-kazen/Kaas-Camembert/p/F1981081800180300000,2026-05-10T15:22:31.703382
Delhaize,Barbecue,Lyv Pays d'Oc,Lyv,8.99,,"11,99 €/l",,https://www.delhaize.be/nl/shop/Wijn-and-bubbels/Rose-wijn/Frankrijk/Languedoc-Roussillon/Pays-d-Oc/p/S2021122300192670000,2026-05-10T15:22:32.270643
Delhaize,Barbecue,Les Truffiers Côtes du Rhône,Les Truffiers,16.99,,"5,66 €/l",,https://www.delhaize.be/nl/shop/Wijn-and-bubbels/Rode-wijn/Bag-in-box/Cotes-du-Rhone/p/S2022042200295810000,2026-05-10T15:22:32.816077
Delhaize,Barbecue,Delhaize Brochette | Junior | Varken,Delhaize,4.05,,"+/-17,99€/kg",,https://www.delhaize.be/nl/shop/Vlees-vis-en-vegetarische-producten/Bereidingen/Barbecue/Brochette-Junior-Varken/p/F2008030500505000000,2026-05-10T15:22:33.359531
Delhaize,Barbecue,Delhaize Gehaktbal brochette | Kip | Curry,Delhaize,4.95,,"+/-16,49€/kg",,https://www.delhaize.be/nl/shop/Vlees-vis-en-vegetarische-producten/Gevogelte/Kip/Kip-voor-op-de-barbecue/Gehaktbal-brochette-Kip-Curry/p/F2011040800913000000,2026-05-10T15:22:33.901305
Delhaize,Barbecue,Delhaize Brochette | Varken | Ui | Gemarineerd,Delhaize,6.60,,"+/-16,49€/kg",,https://www.delhaize.be/nl/shop/Vlees-vis-en-vegetarische-producten/Bereidingen/Barbecue/Brochette-Varken-Ui-Gemarineerd/p/F2021012000075130000,2026-05-10T15:22:34.448309
Delhaize,Barbecue,Delhaize Focaccia | Olijfolie IRozemarijn,Delhaize,1.99,,"14,21 €/kg",,https://www.delhaize.be/nl/shop/Apero-en-voorgerechten/Voorgerechten/Focaccia/Focaccia-Olijfolie-IRozemarijn/p/F2015012600213500000,2026-05-10T15:22:34.992166
Delhaize,Barbecue,Delhaize Spies | Kip | Gember sweet chili,Delhaize,6.00,,"+/-19,99€/kg",,https://www.delhaize.be/nl/shop/Vlees-vis-en-vegetarische-producten/Gevogelte/Kip/Kip-voor-op-de-barbecue/Spies-Kip-Gember-sweet-chili/p/F2013021900252130000,2026-05-10T15:22:35.533924
Delhaize,Barbecue,Delhaize Aardappelsalade | Bieslook,Delhaize,3.49,,"6,98 €/kg",,https://www.delhaize.be/nl/shop/Snel-en-smakelijk/Klaar-om-te-koken/Maaltijdcomponenten/Salades/Aardappelsalade-Bieslook/p/F2022032500097680000,2026-05-10T15:22:36.075377
Delhaize,Barbecue,Delhaize Brochette | Fakkel,Delhaize,5.64,,"+/-23,49€/kg",,https://www.delhaize.be/nl/shop/Vlees-vis-en-vegetarische-producten/Bereidingen/Barbecue/Brochette-Fakkel/p/F2009072900523310000,2026-05-10T15:22:36.616936
Delhaize,Barbecue,Delhaize Spare-ribs | Sweet Flame,Delhaize,11.24,,"+/-14,99€/kg",,https://www.delhaize.be/nl/shop/Vlees-vis-en-vegetarische-producten/Bereidingen/Barbecue/Spare-ribs-Sweet-Flame/p/F2022080500104930000,2026-05-10T15:22:37.159200
Delhaize,Barbecue,Delhaize Aardappelsalade,Delhaize,2.89,,"5,78 €/kg",,https://www.delhaize.be/nl/shop/Snel-en-smakelijk/Klaar-om-te-koken/Maaltijdcomponenten/Salades/Aardappelsalade/p/F2022032500097690000,2026-05-10T15:22:37.700791
Delhaize,Barbecue,"Delhaize Brochette | Scampi | Gekookt, gepeld & gemarineerd",Delhaize,4.80,,"+/-39,99€/kg",,https://www.delhaize.be/nl/shop/Vlees-vis-en-vegetarische-producten/Vis/Verse-vis/Barbecue/Brochette-Scampi-Gekookt-gepeld-and-gemarineerd/p/F2020032300055350000,2026-05-10T15:22:38.243405
Delhaize,Barbecue,Lyv Pays d'Oc,Lyv,8.99,,"11,99 €/l",,https://www.delhaize.be/nl/shop/Wijn-and-bubbels/Witte-wijn/Frankrijk/Languedoc-Roussillon/Pays-d-Oc/p/S2021122300192570000,2026-05-10T15:22:38.786606
Delhaize,Barbecue,Elissa Perenna Franciacorta | Extra Brut,Elissa Perenna,19.99,,"26,65 €/l",,https://www.delhaize.be/nl/shop/Wijn-and-bubbels/Bubbels/Andere-bubbels/Wit/Franciacorta-Extra-Brut/p/S2017081104172160000,2026-05-10T15:22:39.332461
Delhaize,Barbecue,Meggle Stokbrood | Look,Meggle,2.59,,"16,19 €/kg",,https://www.delhaize.be/nl/shop/Apero-en-voorgerechten/Warme-aperitiefhapjes/Stokbrood-Look/p/F2021090900086720000,2026-05-10T15:22:39.882678
Delhaize,Barbecue,Anna Perenna Vino Spumante | Rosato | Extra Dry,Anna Perenna,8.99,,"11,99 €/l",,https://www.delhaize.be/nl/shop/Wijn-and-bubbels/Bubbels/Andere-bubbels/Rose/Vino-Spumante-Rosato-Extra-Dry/p/S2016031803640400000,2026-05-10T15:22:40.424327
Delhaize,Barbecue,Santa Maria Kruiden | Provençaalse,Santa Maria,3.19,-10% voor 3,"177,22 €/kg",,https://www.delhaize.be/nl/shop/Zoute-kruidenierswaren/Kruiden/Kruiden/Gemalen/Kruiden-Provencaalse/p/S2009121608000840000,2026-05-10T15:22:40.470248
Delhaize,Barbecue,Gillot Camembert | Bio,Gillot,4.15,,"27,67 €/kg",,https://www.delhaize.be/nl/shop/Zuivel-kaas-en-plantaardige-alternatieven/Kaas/Dessert-kazen/Camembert-en-brie/Camembert-Bio/p/F2017073100004340000,2026-05-10T15:22:41.014490
Delhaize,Barbecue,Delhaize Côte à l'os | Gemarineerd,Delhaize,28.59,,"+/-25,99€/kg",,https://www.delhaize.be/nl/shop/Vlees-vis-en-vegetarische-producten/Bereidingen/Barbecue/Cote-a-l-os-Gemarineerd/p/F1998101200540900000,2026-05-10T15:22:41.558766
Delhaize,Barbecue,Leo Vinum BGA Vlaamse Landwijn,Leo Vinum,8.99,,"11,99 €/l",,https://www.delhaize.be/nl/shop/Wijn-and-bubbels/Rode-wijn/Andere/BGA-Vlaamse-Landwijn/p/S2021010500486430000,2026-05-10T15:22:42.103207
Delhaize,Barbecue,Delhaize Kruiden | Provencaalse kruiden | Bio,Delhaize,1.35,,"90,00 €/kg",,https://www.delhaize.be/nl/shop/Zoute-kruidenierswaren/Kruiden/Kruiden/Gemalen/Kruiden-Provencaalse-kruiden-Bio/p/S2021021200509160000,2026-05-10T15:22:42.653319
Delhaize,Barbecue,Delhaize Chipolata | Kip | Trio,Delhaize,3.28,,"+/-13,65€/kg",,https://www.delhaize.be/nl/shop/Vlees-vis-en-vegetarische-producten/Gevogelte/Kip/Kip-voor-op-de-barbecue/Chipolata-Kip-Trio/p/F2021030200077840000,2026-05-10T15:22:43.197048
Delhaize,Barbecue,Alambra Halloumi kaas | Basilicum,Alambra,3.39,,"16,95 €/kg",,https://www.delhaize.be/nl/shop/Zuivel-kaas-en-plantaardige-alternatieven/Kaas/Fondue-raclette-en-tartiflette/Andere/Halloumi-kaas-Basilicum/p/F2020032600055910000,2026-05-10T15:22:43.741477
Delhaize,Barbecue,Delhaize Brochette | Kabeljauw-Zalm | Gemarineerd,Delhaize,10.29,,"+/-48,99€/kg",,https://www.delhaize.be/nl/shop/Vlees-vis-en-vegetarische-producten/Vis/Verse-vis/Barbecue/Brochette-Kabeljauw-Zalm-Gemarineerd/p/F2020032300055290000,2026-05-10T15:22:44.282485
Delhaize,Barbecue,V Groentenmix | Gegrild,V,3.49,2de tegen -50%,"13,96 €/kg",,https://www.delhaize.be/nl/shop/Snel-en-smakelijk/Klaar-om-te-koken/Maaltijdcomponenten/Groenten/Groentenmix-Gegrild/p/F2023062100122170000,2026-05-10T15:22:44.329561
Delhaize,Barbecue,Delhaize Zeebaarsfilet | Gemarineerd,Delhaize,8.58,,"+/-38,99€/kg",,https://www.delhaize.be/nl/shop/Vlees-vis-en-vegetarische-producten/Vis/Verse-vis/Barbecue/Zeebaarsfilet-Gemarineerd/p/F2015022700244000000,2026-05-10T15:22:44.872378
Delhaize,Barbecue,Santa Maria Kruiden | Provencaalse kruiden,Santa Maria,6.65,-10% voor 3,"88,67 €/kg",,https://www.delhaize.be/nl/shop/Zoute-kruidenierswaren/Kruiden/Kruiden/Gemalen/Kruiden-Provencaalse-kruiden/p/S2021012800502240000,2026-05-10T15:22:44.917441
Delhaize,Barbecue,Delhaize Kruiden | Provencaalse kruiden,Delhaize,5.05,,"21,96 €/kg",,https://www.delhaize.be/nl/shop/Zoute-kruidenierswaren/Kruiden/Specerijen/Gemalen/Kruiden-Provencaalse-kruiden/p/S2021021500509480000,2026-05-10T15:22:45.459524
Delhaize,Barbecue,Delhaize Brochette | Zalm | Gemarineerd,Delhaize,9.20,,"+/-45,99€/kg",,https://www.delhaize.be/nl/shop/Vlees-vis-en-vegetarische-producten/Vis/Verse-vis/Barbecue/Brochette-Zalm-Gemarineerd/p/F2020032300055340000,2026-05-10T15:22:45.999802
Delhaize,Barbecue,Delhaize pouch | Côtes de Provence,Delhaize,12.99,,"8,66 €/l",,https://www.delhaize.be/nl/shop/Wijn-and-bubbels/Rose-wijn/Frankrijk/Provence/pouch-Cotes-de-Provence/p/S2021032600531490000,2026-05-10T15:22:46.540306
Delhaize,Barbecue,Plaza Mayor pouch | Bio,Plaza Mayor,7.99,,"5,33 €/l",,https://www.delhaize.be/nl/shop/Wijn-and-bubbels/Rose-wijn/Spanje/pouch-Bio/p/S2021010800489660000,2026-05-10T15:22:47.085085
Delhaize,Barbecue,Delhaize Côtes de Provence,Delhaize,17.99,,"8,00 €/l",,https://www.delhaize.be/nl/shop/Wijn-and-bubbels/Rose-wijn/Frankrijk/Provence/Cotes-de-Provence/p/S2022051900627740000,2026-05-10T15:22:47.626818
Delhaize,Barbecue,Mowi Pangasius | Brazade | Medit. | MAP,Mowi,5.04,,"+/-20,99€/kg",,https://www.delhaize.be/nl/shop/Vlees-vis-en-vegetarische-producten/Vis/Verse-vis/Barbecue/Pangasius-Brazade-Medit-MAP/p/F2023042700120460000,2026-05-10T15:22:48.168266
Delhaize,Barbecue,Plaza Mayor Pouch Plaza Mayor | Bio | Wit,Plaza Mayor,7.99,,"5,33 €/l",,https://www.delhaize.be/nl/shop/Wijn-and-bubbels/Witte-wijn/Spanje/Pouch-Plaza-Mayor-Bio-Wit/p/S2021010800489890000,2026-05-10T15:22:48.708854
Delhaize,Barbecue,Alambra Halloumi | Kaas burger | Sneden,Alambra,3.65,,"18,25 €/kg",,https://www.delhaize.be/nl/shop/Zuivel-kaas-en-plantaardige-alternatieven/Kaas/Fondue-raclette-en-tartiflette/Andere/Halloumi-Kaas-burger-Sneden/p/F2020032600055900000,2026-05-10T15:22:49.250240
