artikel_id,part_number,naam,lange_naam,prijs,prijs_per_eenheid,valuta,beschikbaar,koopbaar,promo,categorie,thumbnail_url,unique_id
4535867,28226-P,HOOGSTRATEN Aardbeien 500g,HOOGSTRATEN Aardbeien 500g,"2,99","5,98",EUR,Y,true,,"Fruit, groenten, aardappelen en noten > Fruit",https://www.collectandgo.be/wcsstore/CollectAndGoSFAS/images/JPG/200x200/std.lang.all/43/50/asset-3764350.jpg,3074457345616846082
29013,29013-P,BONI bananen ±1kg,BONI bananen ±1kg,"1,99","1,99",EUR,Y,true,,"Fruit, groenten, aardappelen en noten > Fruit",https://www.collectandgo.be/wcsstore/CollectAndGoSFAS/images/JPG/200x200/std.lang.all/72/41/asset-3377241.jpg,3074457345616679546
3440812,29018-P,PAPILLON bananen ±1kg,PAPILLON bananen ±1kg,"2,49","2,49",EUR,Y,true,,"Fruit, groenten, aardappelen en noten > Fruit",https://www.collectandgo.be/wcsstore/CollectAndGoSFAS/images/JPG/200x200/std.lang.all/47/81/asset-2404781.jpg,3074457345616716178
3010360,15840-P,HASS Avocado Ready2Eat,HASS Avocado Ready2Eat 0,"1,39","1,39",EUR,Y,true,,"Fruit, groenten, aardappelen en noten > Fruit",https://www.collectandgo.be/wcsstore/CollectAndGoSFAS/images/JPG/200x200/std.lang.all/18/87/asset-2371887.jpg,3074457345616704212
29015,29015-P,EVERYDAY bananen ±1kg,EVERYDAY bananen ±1kg,"1,15","1,15",EUR,Y,true,,"Fruit, groenten, aardappelen en noten > Fruit",https://www.collectandgo.be/wcsstore/CollectAndGoSFAS/images/JPG/200x200/std.lang.all/17/16/asset-1761716.jpg,3074457345616679548
29762,29762-P,mango ready to eat,mango ready to eat 0,"1,79","1,79",EUR,Y,true,,"Fruit, groenten, aardappelen en noten > Fruit",https://www.collectandgo.be/wcsstore/CollectAndGoSFAS/images/JPG/200x200/std.lang.all/01/27/asset-2890127.jpg,3074457345616676672
28216,28216-P,BONI sinaasappelen,BONI sinaasappelen,"2,02","2,02",EUR,Y,true,,"Fruit, groenten, aardappelen en noten > Fruit",https://www.collectandgo.be/wcsstore/CollectAndGoSFAS/images/JPG/200x200/std.lang.all/63/94/asset-1166394.jpg,3074457345616681070
4107013,8616-P,BONI witte druiven pitloos 500g,BONI witte druiven pitloos 500g,"2,05","4,10",EUR,Y,true,,"Fruit, groenten, aardappelen en noten > Fruit",https://www.collectandgo.be/wcsstore/CollectAndGoSFAS/images/JPG/200x200/std.lang.all/45/75/asset-2534575.jpg,3074457345616738128
28453,28453-P,Citroenen,Citroenen,"2,78","2,78",EUR,Y,true,,"Fruit, groenten, aardappelen en noten > Fruit",https://www.collectandgo.be/wcsstore/CollectAndGoSFAS/images/JPG/200x200/std.lang.all/06/40/asset-1700640.jpg,3074457345616681078
1007281,29581-P,BONI BIO bananen Fairtrade ±1kg,BONI BIO bananen Fairtrade ±1kg,"2,27","2,27",EUR,Y,true,,"Fruit, groenten, aardappelen en noten > Fruit",https://www.collectandgo.be/wcsstore/CollectAndGoSFAS/images/JPG/200x200/std.lang.all/48/82/asset-2434882.jpg,3074457345616681588
29231,29231-P,BONI meloen Charentais,BONI meloen Charentais,"3,88","3,88",EUR,Y,true,,"Fruit, groenten, aardappelen en noten > Fruit",https://www.collectandgo.be/wcsstore/CollectAndGoSFAS/images/JPG/200x200/std.lang.all/99/38/asset-1489938.jpg,3074457345616681196
4254900,21718-P,BONI rode druiven pitloos 500g,BONI rode druiven pitloos 500g,"2,33","4,66",EUR,Y,true,,"Fruit, groenten, aardappelen en noten > Fruit",https://www.collectandgo.be/wcsstore/CollectAndGoSFAS/images/JPG/200x200/std.lang.all/45/77/asset-2534577.jpg,3074457345616749724
29769,29769-P,Limoenen,Limoenen,"3,99","3,99",EUR,Y,true,,"Fruit, groenten, aardappelen en noten > Fruit",https://www.collectandgo.be/wcsstore/CollectAndGoSFAS/images/JPG/200x200/std.lang.all/83/83/asset-1978383.jpg,3074457345616676680
4129846,9475-P,BONI druiven pitloos mix 500g,BONI druiven pitloos mix 500g,"2,39","4,78",EUR,Y,true,,"Fruit, groenten, aardappelen en noten > Fruit",https://www.collectandgo.be/wcsstore/CollectAndGoSFAS/images/JPG/200x200/std.lang.all/79/65/asset-3937965.jpg,3074457345616741914
2515747,28484-P,BONI BIO citroenen 500g,BONI BIO citroenen 500g,"1,89","3,78",EUR,Y,true,,"Fruit, groenten, aardappelen en noten > Fruit",https://www.collectandgo.be/wcsstore/CollectAndGoSFAS/images/JPG/200x200/std.lang.all/72/94/asset-2217294.jpg,3074457345616696618
28312,28312-P,PAPILLON sinaasappelen,PAPILLON sinaasappelen,"3,69","3,69",EUR,Y,true,,"Fruit, groenten, aardappelen en noten > Fruit",https://www.collectandgo.be/wcsstore/CollectAndGoSFAS/images/JPG/200x200/std.lang.all/81/15/asset-3248115.jpg,3074457345616681072
4725697,10746-P,ZESPRI Kiwi Sungold 6st,ZESPRI Kiwi Sungold 6st,"5,39","0,90",EUR,Y,true,,"Fruit, groenten, aardappelen en noten > Fruit",https://www.collectandgo.be/wcsstore/CollectAndGoSFAS/images/JPG/200x200/std.lang.all/55/27/asset-3515527.jpg,3074457345616816100
2516855,39636-P,EVERYDAY eetappelen 2kg,EVERYDAY eetappelen 2kg,"2,79","1,40",EUR,Y,true,,"Fruit, groenten, aardappelen en noten > Fruit",https://www.collectandgo.be/wcsstore/CollectAndGoSFAS/images/JPG/200x200/std.lang.all/37/63/asset-2913763.jpg,3074457345616693196
28517,28517-P,Kiwi Groen Bio 1st,Kiwi Groen Bio 1st,"0,70","0,70",EUR,Y,true,,"Fruit, groenten, aardappelen en noten > Fruit",https://www.collectandgo.be/wcsstore/CollectAndGoSFAS/images/JPG/200x200/std.lang.all/84/45/asset-2368445.jpg,3074457345616681080
2827355,23612-P,Mini watermeloen,Mini watermeloen,"2,39","2,39",EUR,Y,true,,"Fruit, groenten, aardappelen en noten > Fruit",https://www.collectandgo.be/wcsstore/CollectAndGoSFAS/images/JPG/200x200/std.lang.all/62/42/asset-2476242.jpg,3074457345616698720
28525,28525-P,Rode pompelmoezen,Rode pompelmoezen,"1,97","1,97",EUR,Y,true,,"Fruit, groenten, aardappelen en noten > Fruit",https://www.collectandgo.be/wcsstore/CollectAndGoSFAS/images/JPG/200x200/std.lang.all/22/05/asset-1882205.jpg,3074457345616678898
3658322,16468-P,BONI hass avocado 5st,BONI hass avocado 5st,"2,46","0,49",EUR,Y,true,,"Fruit, groenten, aardappelen en noten > Fruit",https://www.collectandgo.be/wcsstore/CollectAndGoSFAS/images/JPG/200x200/std.lang.all/37/33/asset-3373733.jpg,3074457345616721208
4257176,22412-P,BONI blauwe druiven pitloos 400g,BONI blauwe druiven pitloos 400g,"2,69","6,73",EUR,Y,true,,"Fruit, groenten, aardappelen en noten > Fruit",https://www.collectandgo.be/wcsstore/CollectAndGoSFAS/images/JPG/200x200/std.lang.all/01/63/asset-4040163.jpg,3074457345616708460
28696,28696-P,BONI Royal Gala 6st,BONI Royal Gala 6st,"2,19","2,19",EUR,Y,true,,"Fruit, groenten, aardappelen en noten > Fruit",https://www.collectandgo.be/wcsstore/CollectAndGoSFAS/images/JPG/200x200/std.lang.all/32/95/asset-3933295.jpg,3074457345616678920
29031,29031-P,DEL MONTE GOLD Ananas Extra,DEL MONTE GOLD Ananas Extra,"2,99","2,99",EUR,Y,true,,"Fruit, groenten, aardappelen en noten > Fruit",https://www.collectandgo.be/wcsstore/CollectAndGoSFAS/images/JPG/200x200/std.lang.all/88/17/asset-1458817.jpg,3074457345616679554
3344115,7217-P,passievruchten,passievruchten,"12,56","12,56",EUR,Y,true,,"Fruit, groenten, aardappelen en noten > Fruit",https://www.collectandgo.be/wcsstore/CollectAndGoSFAS/images/JPG/200x200/std.lang.all/07/42/asset-640742.jpg,3074457345616712280
3795586,41557-P,BONI appel Magic Star 6st,BONI appel Magic Star 6st,"2,69","2,69",EUR,Y,true,,"Fruit, groenten, aardappelen en noten > Fruit",https://www.collectandgo.be/wcsstore/CollectAndGoSFAS/images/JPG/200x200/std.lang.all/32/96/asset-3933296.jpg,3074457345616729352
3277031,41826-P,EVERYDAY Sinaasappel Eet | Pers 4kg,EVERYDAY Sinaasappel Eet | Pers 4kg,"5,67","1,42",EUR,Y,true,,"Fruit, groenten, aardappelen en noten > Fruit",https://www.collectandgo.be/wcsstore/CollectAndGoSFAS/images/JPG/200x200/std.lang.all/78/66/asset-1437866.jpg,3074457345616713064
1224850,28608-P,BONI mini appelen 8st,BONI mini appelen 8st,"2,49","2,49",EUR,Y,true,,"Fruit, groenten, aardappelen en noten > Fruit",https://www.collectandgo.be/wcsstore/CollectAndGoSFAS/images/JPG/200x200/std.lang.all/52/82/asset-3865282.jpg,3074457345616684230
4690573,2454-P,BONI braambessen 125g,BONI braambessen 125g,"2,99","23,92",EUR,Y,true,,"Fruit, groenten, aardappelen en noten > Fruit",https://www.collectandgo.be/wcsstore/CollectAndGoSFAS/images/JPG/200x200/std.lang.all/28/65/asset-3902865.jpg,3074457345616809268
4059274,6769-P,BONI mini magic star 6-8st,BONI mini magic star 6-8st,"2,19","2,19",EUR,Y,true,,"Fruit, groenten, aardappelen en noten > Fruit",https://www.collectandgo.be/wcsstore/CollectAndGoSFAS/images/JPG/200x200/std.lang.all/32/97/asset-3933297.jpg,3074457345616734874
4570521,19428-P,"PAPILLON sinaasappelen 1,5kg","PAPILLON sinaasappelen 1,5kg","4,99","3,33",EUR,Y,true,,"Fruit, groenten, aardappelen en noten > Fruit",https://www.collectandgo.be/wcsstore/CollectAndGoSFAS/images/JPG/200x200/std.lang.all/53/64/asset-3335364.jpg,3074457345616794596
3608153,29597-P,BONI BIO Avocado 2st,BONI BIO Avocado 2st,"3,15","1,58",EUR,Y,true,,"Fruit, groenten, aardappelen en noten > Fruit",https://www.collectandgo.be/wcsstore/CollectAndGoSFAS/images/JPG/200x200/std.lang.all/53/61/asset-4015361.jpg,3074457345616719380
3148818,33288-P,BONI granaatappelpitten 100g,BONI granaatappelpitten 100g,"2,25","22,50",EUR,Y,true,,"Fruit, groenten, aardappelen en noten > Fruit",https://www.collectandgo.be/wcsstore/CollectAndGoSFAS/images/JPG/200x200/std.lang.all/84/34/asset-3178434.jpg,3074457345616706842
1400139,29608-P,granaatappel 1st,granaatappel 1st,"1,97","1,97",EUR,Y,true,,"Fruit, groenten, aardappelen en noten > Fruit",https://www.collectandgo.be/wcsstore/CollectAndGoSFAS/images/JPG/200x200/std.lang.all/54/88/asset-1465488.jpg,3074457345616686120
28720,28720-P,watermeloen pitarm,watermeloen pitarm,"0,99","0,99",EUR,Y,true,,"Fruit, groenten, aardappelen en noten > Fruit",https://www.collectandgo.be/wcsstore/CollectAndGoSFAS/images/JPG/200x200/std.lang.all/55/83/asset-1515583.jpg,3074457345616678922
4893101,11667-P,BONI BIO Limoen 4st,BONI BIO Limoen 4st,"1,99","0,50",EUR,Y,true,,"Fruit, groenten, aardappelen en noten > Fruit",https://www.collectandgo.be/wcsstore/CollectAndGoSFAS/images/JPG/200x200/std.lang.all/78/36/asset-4017836.jpg,3074457345616850618
1633048,29758-P,BONI mini Jonagold 6-8st,BONI mini Jonagold 6-8st,"2,49","2,49",EUR,Y,true,,"Fruit, groenten, aardappelen en noten > Fruit",https://www.collectandgo.be/wcsstore/CollectAndGoSFAS/images/JPG/200x200/std.lang.all/35/26/asset-3833526.jpg,3074457345616749038
4226661,3082-P,BONI appel coryphee 6st,BONI appel coryphee 6st,"2,63","2,63",EUR,Y,true,,"Fruit, groenten, aardappelen en noten > Fruit",https://www.collectandgo.be/wcsstore/CollectAndGoSFAS/images/JPG/200x200/std.lang.all/78/68/asset-3867868.jpg,3074457345616790130
3670730,33254-P,BONI mangostukjes 200g,BONI mangostukjes 200g,"2,16","10,80",EUR,Y,true,,"Fruit, groenten, aardappelen en noten > Fruit",https://www.collectandgo.be/wcsstore/CollectAndGoSFAS/images/JPG/200x200/std.lang.all/17/75/asset-4061775.jpg,3074457345616719652
1446288,29431-P,BONI meloen Piel de Sapo,BONI meloen Piel de Sapo,"2,29","2,29",EUR,Y,true,,"Fruit, groenten, aardappelen en noten > Fruit",https://www.collectandgo.be/wcsstore/CollectAndGoSFAS/images/JPG/200x200/std.lang.all/33/09/asset-2403309.jpg,3074457345616689702
4884229,14442-P,BONI Watermeloenblokjes 230g,BONI Watermeloenblokjes 230g,"2,49","10,83",EUR,Y,true,,"Fruit, groenten, aardappelen en noten > Fruit",https://www.collectandgo.be/wcsstore/CollectAndGoSFAS/images/JPG/200x200/std.lang.all/23/73/asset-3812373.jpg,3074457345616848192
29032,29032-P,Vijgen,0 Vijgen,"0,99","0,99",EUR,Y,true,,"Fruit, groenten, aardappelen en noten > Fruit",https://www.collectandgo.be/wcsstore/CollectAndGoSFAS/images/JPG/200x200/std.lang.all/71/58/asset-1567158.jpg,3074457345616679556
3643936,29763-P,PAPILLON mango boomgerijpt 1st,PAPILLON mango boomgerijpt 1st,"6,49","6,49",EUR,Y,true,,"Fruit, groenten, aardappelen en noten > Fruit",https://www.collectandgo.be/wcsstore/CollectAndGoSFAS/images/JPG/200x200/std.lang.all/77/97/asset-2997797.jpg,3074457345616758260
4942674,40051-P,BONI ananasschijven 240g,BONI ananasschijven 240g,"2,89","12,05",EUR,Y,true,,"Fruit, groenten, aardappelen en noten > Fruit",https://www.collectandgo.be/wcsstore/CollectAndGoSFAS/images/JPG/200x200/std.lang.all/49/50/asset-4084950.jpg,3074457345616869136
4707990,31592-P,BONI Meloenmix 230g,BONI Meloenmix 230g,"2,54","11,05",EUR,Y,true,,"Fruit, groenten, aardappelen en noten > Fruit",https://www.collectandgo.be/wcsstore/CollectAndGoSFAS/images/JPG/200x200/std.lang.all/84/37/asset-3178437.jpg,3074457345616812188
4577843,28902-P,BONI kersen 450g,BONI kersen 450g,"3,95","8,78",EUR,Y,true,,"Fruit, groenten, aardappelen en noten > Fruit",https://www.collectandgo.be/wcsstore/CollectAndGoSFAS/images/JPG/200x200/std.lang.all/16/00/asset-3391600.jpg,3074457345616795650
28721,28721-P,Peren Forelle (los),Peren Forelle (los),"3,89","3,89",EUR,Y,true,,"Fruit, groenten, aardappelen en noten > Fruit",https://www.collectandgo.be/wcsstore/CollectAndGoSFAS/images/JPG/200x200/std.lang.all/38/16/asset-353816.jpg,3074457345616678924
3148727,20422-P,kokosnoot 1st,kokosnoot 1st,"1,69","1,69",EUR,Y,true,,"Fruit, groenten, aardappelen en noten > Fruit",https://www.collectandgo.be/wcsstore/CollectAndGoSFAS/images/JPG/200x200/std.lang.all/00/00/asset-590000.jpg,3074457345616706312
3581848,29996-P,Cherimoya,Cherimoya 0,"1,99","1,99",EUR,Y,true,,"Fruit, groenten, aardappelen en noten > Fruit",https://www.collectandgo.be/wcsstore/CollectAndGoSFAS/images/JPG/200x200/std.lang.all/31/67/asset-1043167.jpg,3074457345616789824
2191290,255930-P,DBP banaandoosje,DBP banaandoosje,"3,29","3,29",EUR,Y,true,,"Fruit, groenten, aardappelen en noten > Fruit",https://www.collectandgo.be/wcsstore/CollectAndGoSFAS/images/JPG/200x200/std.lang.all/82/39/asset-1528239.jpg,3074457345616690170
3854667,991541-P,AMUSE Appeldoosje Groen,AMUSE Appeldoosje Groen,"1,99","1,99",EUR,Y,true,,"Fruit, groenten, aardappelen en noten > Fruit",https://www.collectandgo.be/wcsstore/CollectAndGoSFAS/images/JPG/200x200/std.lang.all/48/55/asset-1524855.jpg,3074457345616728022
4942104,39960-P,Appel Pink Lady 6st,Appel Pink Lady 6st,"2,69","2,99",EUR,Y,true,,"Fruit, groenten, aardappelen en noten > Fruit",https://www.collectandgo.be/wcsstore/CollectAndGoSFAS/images/JPG/200x200/std.lang.all/70/17/asset-4057017.jpg,3074457345616869000
4882676,8099-P,BONI appel jonagold 6st,BONI appel jonagold 6st,"1,70","1,70",EUR,Y,true,,"Fruit, groenten, aardappelen en noten > Fruit",https://www.collectandgo.be/wcsstore/CollectAndGoSFAS/images/JPG/200x200/std.lang.all/54/33/asset-3905433.jpg,3074457345616857042
4675175,4568-P,BONI aardbeien 500g,BONI aardbeien 500g,"2,99","5,98",EUR,Y,true,,"Fruit, groenten, aardappelen en noten > Fruit",https://www.collectandgo.be/wcsstore/CollectAndGoSFAS/images/JPG/200x200/std.lang.all/94/66/asset-3839466.jpg,3074457345616806556
4881882,1734-P,BONI Conférence Peren 6st,BONI Conférence Peren 6st,"2,19","2,19",EUR,Y,true,,"Fruit, groenten, aardappelen en noten > Fruit",https://www.collectandgo.be/wcsstore/CollectAndGoSFAS/images/JPG/200x200/std.lang.all/13/62/asset-3831362.jpg,3074457345616853200
4890082,39533-P,"BONI Mandarijnen 1,5kg","BONI Mandarijnen 1,5kg","2,93","1,96",EUR,Y,true,,"Fruit, groenten, aardappelen en noten > Fruit",https://www.collectandgo.be/wcsstore/CollectAndGoSFAS/images/JPG/200x200/std.lang.all/62/10/asset-3956210.jpg,3074457345616849324
4882342,5568-P,BONI appel granny 6st,BONI appel granny 6st,"2,20","2,20",EUR,Y,true,,"Fruit, groenten, aardappelen en noten > Fruit",https://www.collectandgo.be/wcsstore/CollectAndGoSFAS/images/JPG/200x200/std.lang.all/13/64/asset-3831364.jpg,3074457345616853286
4885058,21767-P,BONI BIO Appel Bio 6st,BONI BIO Appel Bio 6st,"2,96","2,96",EUR,Y,true,,"Fruit, groenten, aardappelen en noten > Fruit",https://www.collectandgo.be/wcsstore/CollectAndGoSFAS/images/JPG/200x200/std.lang.all/32/93/asset-3933293.jpg,3074457345616858736
4726853,20521-P,Appel Kanzi 6st,Appel Kanzi 6st,"3,69","3,69",EUR,Y,true,,"Fruit, groenten, aardappelen en noten > Fruit",https://www.collectandgo.be/wcsstore/CollectAndGoSFAS/images/JPG/200x200/std.lang.all/42/55/asset-3764255.jpg,3074457345616816540
4882340,5527-P,BONI appel golden 6st,BONI appel golden 6st,"2,35","2,35",EUR,Y,true,,"Fruit, groenten, aardappelen en noten > Fruit",https://www.collectandgo.be/wcsstore/CollectAndGoSFAS/images/JPG/200x200/std.lang.all/14/59/asset-3831459.jpg,3074457345616853690
4550753,14083-P,BONI eetsinaasappelen 2kg,BONI eetsinaasappelen 2kg,"2,75","1,38",EUR,Y,true,,"Fruit, groenten, aardappelen en noten > Fruit",https://www.collectandgo.be/wcsstore/CollectAndGoSFAS/images/JPG/200x200/std.lang.all/07/43/asset-2730743.jpg,3074457345616792868
4678840,27448-P,BONI persappelsienen 3kg,BONI persappelsienen 3kg,"4,22","1,41",EUR,Y,true,,"Fruit, groenten, aardappelen en noten > Fruit",https://www.collectandgo.be/wcsstore/CollectAndGoSFAS/images/JPG/200x200/std.lang.all/05/47/asset-3040547.jpg,3074457345616806946
4943640,40236-P,"BONI BIO Sinaasappel 1,5kg","BONI BIO Sinaasappel 1,5kg","3,89","2,60",EUR,Y,true,,"Fruit, groenten, aardappelen en noten > Fruit",https://www.collectandgo.be/wcsstore/CollectAndGoSFAS/images/JPG/200x200/std.lang.all/82/47/asset-4028247.jpg,3074457345616869314
4687261,30600-P,BONI frambozen 125g,BONI frambozen 125g,"2,69","21,52",EUR,Y,true,,"Fruit, groenten, aardappelen en noten > Fruit",https://www.collectandgo.be/wcsstore/CollectAndGoSFAS/images/JPG/200x200/std.lang.all/12/82/asset-3481282.jpg,3074457345616808844
4875101,38925-P,BONI Citroenen 1kg,BONI Citroenen 1kg,"1,98","1,98",EUR,Y,true,,"Fruit, groenten, aardappelen en noten > Fruit",https://www.collectandgo.be/wcsstore/CollectAndGoSFAS/images/JPG/200x200/std.lang.all/62/09/asset-3956209.jpg,3074457345616845912
4848148,38274-P,BONI Appel Jonagored,BONI Appel Jonagored,"2,19","2,19",EUR,Y,true,,"Fruit, groenten, aardappelen en noten > Fruit",https://www.collectandgo.be/wcsstore/CollectAndGoSFAS/images/JPG/200x200/std.lang.all/47/29/asset-3934729.jpg,3074457345616853418
4817135,10757-P,ZESPRI Kiwi Sungold 8st,ZESPRI Kiwi Sungold 8st,"4,75","0,60",EUR,Y,true,,"Fruit, groenten, aardappelen en noten > Fruit",https://www.collectandgo.be/wcsstore/CollectAndGoSFAS/images/JPG/200x200/std.lang.all/28/15/asset-1542815.jpg,3074457345616835166
4843157,14806-P,BONI Pompelmoes roze 2kg,BONI Pompelmoes roze 2kg,"3,98","1,99",EUR,Y,true,,"Fruit, groenten, aardappelen en noten > Fruit",https://www.collectandgo.be/wcsstore/CollectAndGoSFAS/images/JPG/200x200/std.lang.all/46/74/asset-3964674.jpg,3074457345616840496
4687236,30589-P,BONI blauwe bes 500g,BONI blauwe bes 500g,"6,99","13,98",EUR,Y,true,,"Fruit, groenten, aardappelen en noten > Fruit",https://www.collectandgo.be/wcsstore/CollectAndGoSFAS/images/JPG/200x200/std.lang.all/32/57/asset-3323257.jpg,3074457345616808836
4687245,30595-P,BONI blauwe bes 300g,BONI blauwe bes 300g,"4,79","15,97",EUR,Y,true,,"Fruit, groenten, aardappelen en noten > Fruit",https://www.collectandgo.be/wcsstore/CollectAndGoSFAS/images/JPG/200x200/std.lang.all/56/94/asset-3325694.jpg,3074457345616808840
4690786,3592-P,BONI blauwe bes 150g,BONI blauwe bes 150g,"2,75","18,34",EUR,Y,true,,"Fruit, groenten, aardappelen en noten > Fruit",https://www.collectandgo.be/wcsstore/CollectAndGoSFAS/images/JPG/200x200/std.lang.all/93/42/asset-3209342.jpg,3074457345616809280
4855310,5454-P,BONI Kiwi Groen Jumbo 6st,BONI Kiwi Groen Jumbo 6st,"4,04","0,68",EUR,Y,true,,"Fruit, groenten, aardappelen en noten > Fruit",https://www.collectandgo.be/wcsstore/CollectAndGoSFAS/images/JPG/200x200/std.lang.all/65/31/asset-3736531.jpg,3074457345616843080
4855331,5690-P,BONI Kiwi Groen ravier 1kg,BONI Kiwi Groen ravier 1kg,"3,99","3,99",EUR,Y,true,,"Fruit, groenten, aardappelen en noten > Fruit",https://www.collectandgo.be/wcsstore/CollectAndGoSFAS/images/JPG/200x200/std.lang.all/46/46/asset-3964646.jpg,3074457345616843082
4690639,2900-P,BONI BIO blauwe bes 125g,BONI BIO blauwe bes 125g,"3,14","25,12",EUR,Y,true,,"Fruit, groenten, aardappelen en noten > Fruit",https://www.collectandgo.be/wcsstore/CollectAndGoSFAS/images/JPG/200x200/std.lang.all/65/22/asset-3256522.jpg,3074457345616809274
4343751,16345-P,BONI appel mini coryphee 8st,BONI appel mini coryphee 8st,"2,19","2,19",EUR,Y,true,,"Fruit, groenten, aardappelen en noten > Fruit",https://www.collectandgo.be/wcsstore/CollectAndGoSFAS/images/JPG/200x200/std.lang.all/39/90/asset-3943990.jpg,3074457345616790092
4411109,25263-P,pruimen,pruimen,"3,58","3,58",EUR,Y,true,,"Fruit, groenten, aardappelen en noten > Fruit",https://www.collectandgo.be/wcsstore/CollectAndGoSFAS/images/JPG/200x200/std.lang.all/39/10/asset-2383910.jpg,3074457345616773138
4683554,7131-P,Kiwi Gold Bio 1st,Kiwi Gold Bio 1st,"1,09","1,09",EUR,Y,true,,"Fruit, groenten, aardappelen en noten > Fruit",https://www.collectandgo.be/wcsstore/CollectAndGoSFAS/images/JPG/200x200/std.lang.all/33/78/asset-3343378.jpg,3074457345616808128
4885846,28191-P,MINNEOLA,MINNEOLA,"4,29","4,29",EUR,Y,true,,"Fruit, groenten, aardappelen en noten > Fruit",https://www.collectandgo.be/wcsstore/CollectAndGoSFAS/images/JPG/200x200/std.lang.all/18/20/asset-3831820.jpg,3074457345616852940
4733802,13645-P,BONI Ananas Kroonloos,BONI Ananas Kroonloos,"1,66","1,66",EUR,Y,true,,"Fruit, groenten, aardappelen en noten > Fruit",https://www.collectandgo.be/wcsstore/CollectAndGoSFAS/images/JPG/200x200/std.lang.all/58/12/asset-3955812.jpg,3074457345616818738
4513270,6592-P,Meloen Galia,Meloen Galia,"2,49","2,49",EUR,Y,true,,"Fruit, groenten, aardappelen en noten > Fruit",https://www.collectandgo.be/wcsstore/CollectAndGoSFAS/images/JPG/200x200/std.lang.all/36/82/asset-333682.jpg,3074457345616789482
4708021,31597-P,BONI Ananasstukjes 230g,BONI Ananasstukjes 230g,"2,20","9,57",EUR,Y,true,,"Fruit, groenten, aardappelen en noten > Fruit",https://www.collectandgo.be/wcsstore/CollectAndGoSFAS/images/JPG/200x200/std.lang.all/38/23/asset-3543823.jpg,3074457345616812196
4707119,31478-P,BONI Seizoensfruit 230g,BONI Seizoensfruit 230g,"2,79","12,14",EUR,Y,true,,"Fruit, groenten, aardappelen en noten > Fruit",https://www.collectandgo.be/wcsstore/CollectAndGoSFAS/images/JPG/200x200/std.lang.all/84/36/asset-3178436.jpg,3074457345616812078
4790860,33447-P,BONI Fruitsalade 500g,BONI Fruitsalade 500g,"4,79","9,58",EUR,Y,true,,"Fruit, groenten, aardappelen en noten > Fruit",https://www.collectandgo.be/wcsstore/CollectAndGoSFAS/images/JPG/200x200/std.lang.all/46/54/asset-3534654.jpg,3074457345616828586
4708301,31620-P,BONI Rode vruchtenmix 200g,BONI Rode vruchtenmix 200g,"3,79","18,95",EUR,Y,true,,"Fruit, groenten, aardappelen en noten > Fruit",https://www.collectandgo.be/wcsstore/CollectAndGoSFAS/images/JPG/200x200/std.lang.all/84/38/asset-3178438.jpg,3074457345616812272
4943034,40131-P,BONI fruitbowl luxe 500g,BONI fruitbowl luxe 500g,"4,79","9,58",EUR,Y,true,,"Fruit, groenten, aardappelen en noten > Fruit",https://www.collectandgo.be/wcsstore/CollectAndGoSFAS/images/JPG/200x200/std.lang.all/32/55/asset-4083255.jpg,3074457345616869224
4934231,24314-P,Papaya W,Papaya W,"4,99","4,99",EUR,Y,true,,"Fruit, groenten, aardappelen en noten > Fruit",https://www.collectandgo.be/wcsstore/CollectAndGoSFAS/images/JPG/200x200/std.lang.all/90/46/asset-3969046.jpg,3074457345616864288
4909524,28460-P,BONI Fruitsalade Deluxe 180g,BONI Fruitsalade Deluxe 180g,"2,49","13,84",EUR,Y,true,,"Fruit, groenten, aardappelen en noten > Fruit",https://www.collectandgo.be/wcsstore/CollectAndGoSFAS/images/JPG/200x200/std.lang.all/00/03/asset-4050003.jpg,3074457345616854800
1567217,29541-P,bakbananen,bakbananen,"2,99","2,99",EUR,N,true,,"Fruit, groenten, aardappelen en noten > Fruit",https://www.collectandgo.be/wcsstore/CollectAndGoSFAS/images/JPG/200x200/std.lang.all/91/62/asset-339162.jpg,3074457345616688384
29750,29750-P,komkommer,komkommer,"0,95","0,95",EUR,Y,true,,"Fruit, groenten, aardappelen en noten > Groenten",https://www.collectandgo.be/wcsstore/CollectAndGoSFAS/images/JPG/200x200/std.lang.all/28/96/asset-1152896.jpg,3074457345616676670
29522,29522-P,rode paprika,rode paprika,"2,96","2,96",EUR,Y,true,,"Fruit, groenten, aardappelen en noten > Groenten",https://www.collectandgo.be/wcsstore/CollectAndGoSFAS/images/JPG/200x200/std.lang.all/16/97/asset-3801697.jpg,3074457345616678994
29707,29707-P,courgetten,courgetten,"1,97","1,97",EUR,Y,true,,"Fruit, groenten, aardappelen en noten > Groenten",https://www.collectandgo.be/wcsstore/CollectAndGoSFAS/images/JPG/200x200/std.lang.all/79/80/asset-337980.jpg,3074457345616679110
1106651,29809-P,trostomaten,trostomaten,"2,49","2,49",EUR,Y,true,,"Fruit, groenten, aardappelen en noten > Groenten",https://www.collectandgo.be/wcsstore/CollectAndGoSFAS/images/JPG/200x200/std.lang.all/23/50/asset-392350.jpg,3074457345616681552
29688,29688-P,broccoli 1st 500g,broccoli 1st 500g,"1,35","2,70",EUR,Y,true,,"Fruit, groenten, aardappelen en noten > Groenten",https://www.collectandgo.be/wcsstore/CollectAndGoSFAS/images/JPG/200x200/std.lang.all/75/98/asset-1287598.jpg,3074457345616679100
29800,29800-P,tomaten extra,tomaten extra,"1,59","1,59",EUR,Y,true,,"Fruit, groenten, aardappelen en noten > Groenten",https://www.collectandgo.be/wcsstore/CollectAndGoSFAS/images/JPG/200x200/std.lang.all/71/29/asset-1147129.jpg,3074457345616676690
28082,28082-P,Uien,Uien,"1,29","1,29",EUR,Y,true,,"Fruit, groenten, aardappelen en noten > Groenten",https://www.collectandgo.be/wcsstore/CollectAndGoSFAS/images/JPG/200x200/std.lang.all/42/37/asset-1154237.jpg,3074457345616681054
29643,29643-P,Ijsbergsla 1st,Ijsbergsla 1st,"1,09","1,09",EUR,Y,true,,"Fruit, groenten, aardappelen en noten > Groenten",https://www.collectandgo.be/wcsstore/CollectAndGoSFAS/images/JPG/200x200/std.lang.all/46/74/asset-1224674.jpg,3074457345616679080
29635,29635-P,Jonge ui,Jonge ui,"0,98","6,54",EUR,Y,true,,"Fruit, groenten, aardappelen en noten > Groenten",https://www.collectandgo.be/wcsstore/CollectAndGoSFAS/images/JPG/200x200/std.lang.all/65/64/asset-1276564.jpg,3074457345616679020
29675,29675-P,bloemkool 1st,bloemkool 1st,"1,79","1,79",EUR,Y,true,,"Fruit, groenten, aardappelen en noten > Groenten",https://www.collectandgo.be/wcsstore/CollectAndGoSFAS/images/JPG/200x200/std.lang.all/86/79/asset-348679.jpg,3074457345616679098
29503,29503-P,aubergine,aubergine,"2,09","2,09",EUR,Y,true,,"Fruit, groenten, aardappelen en noten > Groenten",https://www.collectandgo.be/wcsstore/CollectAndGoSFAS/images/JPG/200x200/std.lang.all/39/80/asset-1533980.jpg,3074457345616678986
29708,29708-P,EVERYDAY champignons fijn 250g,EVERYDAY champignons fijn 250g,"1,29","5,16",EUR,Y,true,,"Fruit, groenten, aardappelen en noten > Groenten",https://www.collectandgo.be/wcsstore/CollectAndGoSFAS/images/JPG/200x200/std.lang.all/13/87/asset-3951387.jpg,3074457345616679112
29521,29521-P,gele paprika's,gele paprika's,"3,95","3,95",EUR,Y,true,,"Fruit, groenten, aardappelen en noten > Groenten",https://www.collectandgo.be/wcsstore/CollectAndGoSFAS/images/JPG/200x200/std.lang.all/50/52/asset-335052.jpg,3074457345616678992
29623,29623-P,prei,prei,"1,88","1,88",EUR,Y,true,,"Fruit, groenten, aardappelen en noten > Groenten",https://www.collectandgo.be/wcsstore/CollectAndGoSFAS/images/JPG/200x200/std.lang.all/17/99/asset-1331799.jpg,3074457345616679010
29705,29705-P,EVERYDAY champignons middelgroot 500g,EVERYDAY champignons middelgroot 500g,"1,69","3,38",EUR,Y,true,,"Fruit, groenten, aardappelen en noten > Groenten",https://www.collectandgo.be/wcsstore/CollectAndGoSFAS/images/JPG/200x200/std.lang.all/13/86/asset-3951386.jpg,3074457345616679108
29632,29632-P,radijzen bot,radijzen bot,"0,89","0,89",EUR,Y,true,,"Fruit, groenten, aardappelen en noten > Groenten",https://www.collectandgo.be/wcsstore/CollectAndGoSFAS/images/JPG/200x200/std.lang.all/84/53/asset-2368453.jpg,3074457345616679018
3310802,42376-P,BONI rucola zak 100g,BONI rucola zak 100g,"0,97","9,70",EUR,Y,true,,"Fruit, groenten, aardappelen en noten > Groenten",https://www.collectandgo.be/wcsstore/CollectAndGoSFAS/images/JPG/200x200/std.lang.all/43/33/asset-2704333.jpg,3074457345616708298
4416466,17992-P,BONI wortelen fijn 500g,BONI wortelen fijn 500g,"1,25","2,50",EUR,Y,true,,"Fruit, groenten, aardappelen en noten > Groenten",https://www.collectandgo.be/wcsstore/CollectAndGoSFAS/images/JPG/200x200/std.lang.all/60/91/asset-3746091.jpg,3074457345616774870
3081958,39000-P,BONI kerstomaatjes tros 300g,BONI kerstomaatjes tros 300g,"2,99","9,97",EUR,Y,true,,"Fruit, groenten, aardappelen en noten > Groenten",https://www.collectandgo.be/wcsstore/CollectAndGoSFAS/images/JPG/200x200/std.lang.all/60/55/asset-3856055.jpg,3074457345616704880
2505191,39387-P,"BONI wortelen 1,5kg","BONI wortelen 1,5kg","2,01","1,34",EUR,Y,true,,"Fruit, groenten, aardappelen en noten > Groenten",https://www.collectandgo.be/wcsstore/CollectAndGoSFAS/images/JPG/200x200/std.lang.all/97/57/asset-2919757.jpg,3074457345616693190
29645,29645-P,sla uit serre Flandria 1st,sla uit serre Flandria 1st,"0,98","0,98",EUR,Y,true,,"Fruit, groenten, aardappelen en noten > Groenten",https://www.collectandgo.be/wcsstore/CollectAndGoSFAS/images/JPG/200x200/std.lang.all/12/88/asset-391288.jpg,3074457345616679082
2855155,29815-P,EVERYDAY cocktail tomaten 500g,EVERYDAY cocktail tomaten 500g,"1,78","3,56",EUR,Y,true,,"Fruit, groenten, aardappelen en noten > Groenten",https://www.collectandgo.be/wcsstore/CollectAndGoSFAS/images/JPG/200x200/std.lang.all/60/54/asset-3856054.jpg,3074457345616702216
29520,29520-P,groene paprika's,groene paprika's,"3,79","3,79",EUR,Y,true,,"Fruit, groenten, aardappelen en noten > Groenten",https://www.collectandgo.be/wcsstore/CollectAndGoSFAS/images/JPG/200x200/std.lang.all/42/96/asset-1154296.jpg,3074457345616678990
2505185,39388-P,EVERYDAY wortelen 2kg,EVERYDAY wortelen 2kg,"1,59","0,80",EUR,Y,true,,"Fruit, groenten, aardappelen en noten > Groenten",https://www.collectandgo.be/wcsstore/CollectAndGoSFAS/images/JPG/200x200/std.lang.all/80/37/asset-608037.jpg,3074457345616693188
29658,29658-P,EVERYDAY slamix 200g,EVERYDAY slamix 200g,"0,63","3,15",EUR,Y,true,,"Fruit, groenten, aardappelen en noten > Groenten",https://www.collectandgo.be/wcsstore/CollectAndGoSFAS/images/JPG/200x200/std.lang.all/29/97/asset-532997.jpg,3074457345616679094
2822055,32664-P,BONI ijsbergsla 300g,BONI ijsbergsla 300g,"1,29","4,30",EUR,Y,true,,"Fruit, groenten, aardappelen en noten > Groenten",https://www.collectandgo.be/wcsstore/CollectAndGoSFAS/images/JPG/200x200/std.lang.all/79/30/asset-3377930.jpg,3074457345616701204
3622732,29537-P,paprika punt zoet rood,paprika punt zoet rood,"5,99","5,99",EUR,Y,true,,"Fruit, groenten, aardappelen en noten > Groenten",https://www.collectandgo.be/wcsstore/CollectAndGoSFAS/images/JPG/200x200/std.lang.all/45/87/asset-1144587.jpg,3074457345616721920
4377213,24249-P,BONI witloof 500g,BONI witloof 500g,"2,30","4,60",EUR,Y,true,,"Fruit, groenten, aardappelen en noten > Groenten",https://www.collectandgo.be/wcsstore/CollectAndGoSFAS/images/JPG/200x200/std.lang.all/83/35/asset-2788335.jpg,3074457345616769318
1630475,29582-P,BONI spinazie 400g,BONI spinazie 400g,"1,77","4,43",EUR,Y,true,,"Fruit, groenten, aardappelen en noten > Groenten",https://www.collectandgo.be/wcsstore/CollectAndGoSFAS/images/JPG/200x200/std.lang.all/89/73/asset-3138973.jpg,3074457345616687952
1106662,29596-P,BONI BIO komkommer 1st,BONI BIO komkommer 1st,"1,34","1,34",EUR,Y,true,,"Fruit, groenten, aardappelen en noten > Groenten",https://www.collectandgo.be/wcsstore/CollectAndGoSFAS/images/JPG/200x200/std.lang.all/65/41/asset-2186541.jpg,3074457345616681556
3172376,43187-P,gember,gember 0,"4,99","4,99",EUR,Y,true,,"Fruit, groenten, aardappelen en noten > Groenten",https://www.collectandgo.be/wcsstore/CollectAndGoSFAS/images/JPG/200x200/std.lang.all/52/52/asset-625252.jpg,3074457345616710390
1670702,32704-P,BONI fijn prinsessenbonen 400g,BONI fijn prinsessenbonen 400g,"2,99","7,48",EUR,Y,true,,"Fruit, groenten, aardappelen en noten > Groenten",https://www.collectandgo.be/wcsstore/CollectAndGoSFAS/images/JPG/200x200/std.lang.all/30/58/asset-2763058.jpg,3074457345616691452
29092,29092-P,BONI jonge slascheuten 100g,BONI jonge slascheuten 100g,"1,15","11,50",EUR,Y,true,,"Fruit, groenten, aardappelen en noten > Groenten",https://www.collectandgo.be/wcsstore/CollectAndGoSFAS/images/JPG/200x200/std.lang.all/13/15/asset-4031315.jpg,3074457345616679578
2505180,39386-P,"BONI BIO wortelen 1,5kg","BONI BIO wortelen 1,5kg","2,54","1,70",EUR,Y,true,,"Fruit, groenten, aardappelen en noten > Groenten",https://www.collectandgo.be/wcsstore/CollectAndGoSFAS/images/JPG/200x200/std.lang.all/24/90/asset-2342490.jpg,3074457345616693184
1427332,28354-P,BONI rode uien 1kg,BONI rode uien 1kg,"1,70","1,70",EUR,Y,true,,"Fruit, groenten, aardappelen en noten > Groenten",https://www.collectandgo.be/wcsstore/CollectAndGoSFAS/images/JPG/200x200/std.lang.all/68/22/asset-2706822.jpg,3074457345616686776
2499811,28281-P,"BONI uien 2,5kg","BONI uien 2,5kg","2,86","1,15",EUR,Y,true,,"Fruit, groenten, aardappelen en noten > Groenten",https://www.collectandgo.be/wcsstore/CollectAndGoSFAS/images/JPG/200x200/std.lang.all/89/14/asset-2798914.jpg,3074457345616695174
1756224,33646-P,sla multicolor Flandria 1st,sla multicolor Flandria 1st,"0,99","0,99",EUR,Y,true,,"Fruit, groenten, aardappelen en noten > Groenten",https://www.collectandgo.be/wcsstore/CollectAndGoSFAS/images/JPG/200x200/std.lang.all/28/14/asset-392814.jpg,3074457345616687286
4519772,2657-P,Rode uien,Rode uien,"1,79","1,79",EUR,Y,true,,"Fruit, groenten, aardappelen en noten > Groenten",https://www.collectandgo.be/wcsstore/CollectAndGoSFAS/images/JPG/200x200/std.lang.all/84/26/asset-1438426.jpg,3074457345616789954
29040,29040-P,BONI BIO basilicum plant 1st,BONI BIO basilicum plant 1st,"1,29","1,29",EUR,Y,true,,"Fruit, groenten, aardappelen en noten > Groenten",https://www.collectandgo.be/wcsstore/CollectAndGoSFAS/images/JPG/200x200/std.lang.all/32/61/asset-4083261.jpg,3074457345616679562
28105,28105-P,EVERYDAY Knoflook 250g,EVERYDAY Knoflook 250g,"1,34","5,36",EUR,Y,true,,"Fruit, groenten, aardappelen en noten > Groenten",https://www.collectandgo.be/wcsstore/CollectAndGoSFAS/images/JPG/200x200/std.lang.all/56/06/asset-685606.jpg,3074457345616681064
2492003,32187-P,BONI veldsla 125g,BONI veldsla 125g,"1,56","12,48",EUR,Y,true,,"Fruit, groenten, aardappelen en noten > Groenten",https://www.collectandgo.be/wcsstore/CollectAndGoSFAS/images/JPG/200x200/std.lang.all/13/19/asset-4031319.jpg,3074457345616695004
29076,29076-P,BONI geraspte wortelen 400g,BONI geraspte wortelen 400g,"0,98","2,45",EUR,Y,true,,"Fruit, groenten, aardappelen en noten > Groenten",https://www.collectandgo.be/wcsstore/CollectAndGoSFAS/images/JPG/200x200/std.lang.all/55/45/asset-2475545.jpg,3074457345616679574
29615,29615-P,Peterselie,Peterselie 0,"1,34","1,34",EUR,Y,true,,"Fruit, groenten, aardappelen en noten > Groenten",https://www.collectandgo.be/wcsstore/CollectAndGoSFAS/images/JPG/200x200/std.lang.all/30/27/asset-363027.jpg,3074457345616679006
29619,29619-P,venkel,venkel,"1,99","1,99",EUR,Y,true,,"Fruit, groenten, aardappelen en noten > Groenten",https://www.collectandgo.be/wcsstore/CollectAndGoSFAS/images/JPG/200x200/std.lang.all/93/13/asset-1879313.jpg,3074457345616679008
2499819,28293-P,EVERYDAY uien 2kg,EVERYDAY uien 2kg,"1,79","0,90",EUR,Y,true,,"Fruit, groenten, aardappelen en noten > Groenten",https://www.collectandgo.be/wcsstore/CollectAndGoSFAS/images/JPG/200x200/std.lang.all/15/45/asset-1401545.jpg,3074457345616695282
3458073,29811-P,EVERYDAY pruimtomaten 1kg,EVERYDAY pruimtomaten 1kg,"2,25","2,25",EUR,Y,true,,"Fruit, groenten, aardappelen en noten > Groenten",https://www.collectandgo.be/wcsstore/CollectAndGoSFAS/images/JPG/200x200/std.lang.all/60/56/asset-3856056.jpg,3074457345616713950
29600,29600-P,groene selder,groene selder 0,"0,99","0,99",EUR,Y,true,,"Fruit, groenten, aardappelen en noten > Groenten",https://www.collectandgo.be/wcsstore/CollectAndGoSFAS/images/JPG/200x200/std.lang.all/61/98/asset-916198.jpg,3074457345616679000
28098,28098-P,BONI BIO rode bieten 500g,BONI BIO rode bieten 500g,"1,49","2,98",EUR,Y,true,,"Fruit, groenten, aardappelen en noten > Groenten",https://www.collectandgo.be/wcsstore/CollectAndGoSFAS/images/JPG/200x200/std.lang.all/97/75/asset-2829775.jpg,3074457345616681062
1004350,29588-P,BONI BIO kastanjechampignons 250g,BONI BIO kastanjechampignons 250g,"1,97","7,88",EUR,Y,true,,"Fruit, groenten, aardappelen en noten > Groenten",https://www.collectandgo.be/wcsstore/CollectAndGoSFAS/images/JPG/200x200/std.lang.all/04/45/asset-3760445.jpg,3074457345616681484
29094,29094-P,BONI slaharten 200g,BONI slaharten 200g,"2,58","12,90",EUR,Y,true,,"Fruit, groenten, aardappelen en noten > Groenten",https://www.collectandgo.be/wcsstore/CollectAndGoSFAS/images/JPG/200x200/std.lang.all/24/66/asset-3252466.jpg,3074457345616679580
4595514,29417-P,San Marzano Romatomaat,San Marzano Romatomaat,"3,89","3,89",EUR,Y,true,,"Fruit, groenten, aardappelen en noten > Groenten",https://www.collectandgo.be/wcsstore/CollectAndGoSFAS/images/JPG/200x200/std.lang.all/99/32/asset-2789932.jpg,3074457345616797456
29626,29626-P,bot jonge wortelen met loof,bot jonge wortelen met loof,"1,69","1,69",EUR,Y,true,,"Fruit, groenten, aardappelen en noten > Groenten",https://www.collectandgo.be/wcsstore/CollectAndGoSFAS/images/JPG/200x200/std.lang.all/63/59/asset-1236359.jpg,3074457345616679012
28066,28066-P,EVERYDAY sjalotten 500g,EVERYDAY sjalotten 500g,"0,99","1,98",EUR,Y,true,,"Fruit, groenten, aardappelen en noten > Groenten",https://www.collectandgo.be/wcsstore/CollectAndGoSFAS/images/JPG/200x200/std.lang.all/87/04/asset-1538704.jpg,3074457345616681042
3310813,42504-P,BONI bladspinazie 200g,BONI bladspinazie 200g,"1,79","8,95",EUR,Y,true,,"Fruit, groenten, aardappelen en noten > Groenten",https://www.collectandgo.be/wcsstore/CollectAndGoSFAS/images/JPG/200x200/std.lang.all/13/20/asset-4031320.jpg,3074457345616708304
1300729,29656-P,BONI sla rucola 100g,BONI sla rucola 100g,"1,16","11,60",EUR,Y,true,,"Fruit, groenten, aardappelen en noten > Groenten",https://www.collectandgo.be/wcsstore/CollectAndGoSFAS/images/JPG/200x200/std.lang.all/02/01/asset-3150201.jpg,3074457345616684330
3574856,29698-P,Sperziebonen,Sperziebonen,"3,76","3,76",EUR,Y,true,,"Fruit, groenten, aardappelen en noten > Groenten",https://www.collectandgo.be/wcsstore/CollectAndGoSFAS/images/JPG/200x200/std.lang.all/28/85/asset-1272885.jpg,3074457345616717634
1010771,29580-P,BONI BIO broccoli 1st,BONI BIO broccoli 1st,"2,79","2,79",EUR,Y,true,,"Fruit, groenten, aardappelen en noten > Groenten",https://www.collectandgo.be/wcsstore/CollectAndGoSFAS/images/JPG/200x200/std.lang.all/13/81/asset-2191381.jpg,3074457345616681634
29091,29091-P,BONI fijnproeversmix 320g,BONI fijnproeversmix 320g,"2,63","8,22",EUR,Y,true,,"Fruit, groenten, aardappelen en noten > Groenten",https://www.collectandgo.be/wcsstore/CollectAndGoSFAS/images/JPG/200x200/std.lang.all/63/02/asset-2476302.jpg,3074457345616679576
2765290,29641-P,Romeinse Slaharten,Romeinse Slaharten,"1,65","1,65",EUR,Y,true,,"Fruit, groenten, aardappelen en noten > Groenten",https://www.collectandgo.be/wcsstore/CollectAndGoSFAS/images/JPG/200x200/std.lang.all/54/47/asset-3785447.jpg,3074457345616698312
3696524,32701-P,BONI BIO courgette 2st,BONI BIO courgette 2st,"3,98","3,98",EUR,Y,true,,"Fruit, groenten, aardappelen en noten > Groenten",https://www.collectandgo.be/wcsstore/CollectAndGoSFAS/images/JPG/200x200/std.lang.all/64/23/asset-3256423.jpg,3074457345616726656
1939699,28715-P,Butternutpompoen Butternut,Butternutpompoen Butternut,"1,89","1,89",EUR,Y,true,,"Fruit, groenten, aardappelen en noten > Groenten",https://www.collectandgo.be/wcsstore/CollectAndGoSFAS/images/JPG/200x200/std.lang.all/68/22/asset-1566822.jpg,3074457345616690482
2418021,36585-P,BONI witloof fijnproevers 175g,BONI witloof fijnproevers 175g,"2,49","14,23",EUR,Y,true,,"Fruit, groenten, aardappelen en noten > Groenten",https://www.collectandgo.be/wcsstore/CollectAndGoSFAS/images/JPG/200x200/std.lang.all/05/35/asset-3040535.jpg,3074457345616693338
4407434,24792-P,BONI rauwkostmix rode biet 250g,BONI rauwkostmix rode biet 250g,"1,86","7,44",EUR,Y,true,,"Fruit, groenten, aardappelen en noten > Groenten",https://www.collectandgo.be/wcsstore/CollectAndGoSFAS/images/JPG/200x200/std.lang.all/88/52/asset-2488852.jpg,3074457345616772914
2220523,29778-P,groene asperges punten 200g,groene asperges punten 200g,"5,99","29,95",EUR,Y,true,,"Fruit, groenten, aardappelen en noten > Groenten",https://www.collectandgo.be/wcsstore/CollectAndGoSFAS/images/JPG/200x200/std.lang.all/40/75/asset-2534075.jpg,3074457345616687034
3424381,28282-P,BONI zoete uien 500g,BONI zoete uien 500g,"1,99","3,98",EUR,Y,true,,"Fruit, groenten, aardappelen en noten > Groenten",https://www.collectandgo.be/wcsstore/CollectAndGoSFAS/images/JPG/200x200/std.lang.all/93/64/asset-1539364.jpg,3074457345616716172
3310793,12792-P,BONI sojascheuten 300g,BONI sojascheuten 300g,"1,14","3,80",EUR,Y,true,,"Fruit, groenten, aardappelen en noten > Groenten",https://www.collectandgo.be/wcsstore/CollectAndGoSFAS/images/JPG/200x200/std.lang.all/74/67/asset-2707467.jpg,3074457345616708294
3593592,29505-P,spitskool,spitskool,"1,99","1,99",EUR,Y,true,,"Fruit, groenten, aardappelen en noten > Groenten",https://www.collectandgo.be/wcsstore/CollectAndGoSFAS/images/JPG/200x200/std.lang.all/22/67/asset-1122267.jpg,3074457345616723866
1849547,29660-P,BONI veldsla 150g,BONI veldsla 150g,"1,99","13,27",EUR,Y,true,,"Fruit, groenten, aardappelen en noten > Groenten",https://www.collectandgo.be/wcsstore/CollectAndGoSFAS/images/JPG/200x200/std.lang.all/21/91/asset-3002191.jpg,3074457345616694570
29710,29710-P,BONI champignon extra fijn 500g,BONI champignon extra fijn 500g,"2,89","5,78",EUR,Y,true,,"Fruit, groenten, aardappelen en noten > Groenten",https://www.collectandgo.be/wcsstore/CollectAndGoSFAS/images/JPG/200x200/std.lang.all/95/50/asset-2919550.jpg,3074457345616679116
2478173,36947-P,BONI jonge slascheuten 175g,BONI jonge slascheuten 175g,"2,39","13,66",EUR,Y,true,,"Fruit, groenten, aardappelen en noten > Groenten",https://www.collectandgo.be/wcsstore/CollectAndGoSFAS/images/JPG/200x200/std.lang.all/13/18/asset-4031318.jpg,3074457345616699076
29649,29649-P,sla eikenblad rood Flandria 1st,sla eikenblad rood Flandria 1st,"1,25","1,25",EUR,Y,true,,"Fruit, groenten, aardappelen en noten > Groenten",https://www.collectandgo.be/wcsstore/CollectAndGoSFAS/images/JPG/200x200/std.lang.all/21/76/asset-342176.jpg,3074457345616679084
2499814,28283-P,"BONI dikke uien 2,5kg","BONI dikke uien 2,5kg","4,50","1,80",EUR,Y,true,,"Fruit, groenten, aardappelen en noten > Groenten",https://www.collectandgo.be/wcsstore/CollectAndGoSFAS/images/JPG/200x200/std.lang.all/86/19/asset-2778619.jpg,3074457345616695280
1126375,29652-P,sla groen eikenblad Flandria 1st,sla groen eikenblad Flandria 1st,"1,34","1,34",EUR,Y,true,,"Fruit, groenten, aardappelen en noten > Groenten",https://www.collectandgo.be/wcsstore/CollectAndGoSFAS/images/JPG/200x200/std.lang.all/55/24/asset-3785524.jpg,3074457345616685948
29667,29667-P,witte kool,witte kool,"1,97","1,97",EUR,Y,true,,"Fruit, groenten, aardappelen en noten > Groenten",https://www.collectandgo.be/wcsstore/CollectAndGoSFAS/images/JPG/200x200/std.lang.all/31/07/asset-343107.jpg,3074457345616744500
1545593,29506-P,BONI koriander vers 20g,BONI koriander vers 20g,"0,75","37,50",EUR,Y,true,,"Fruit, groenten, aardappelen en noten > Groenten",https://www.collectandgo.be/wcsstore/CollectAndGoSFAS/images/JPG/200x200/std.lang.all/96/92/asset-2979692.jpg,3074457345616689540
29020,29020-P,BONI fijnproeversmix 70g,BONI fijnproeversmix 70g,"0,98","14,00",EUR,Y,true,,"Fruit, groenten, aardappelen en noten > Groenten",https://www.collectandgo.be/wcsstore/CollectAndGoSFAS/images/JPG/200x200/std.lang.all/30/43/asset-4033043.jpg,3074457345616679550
3087971,41330-P,Witte selder,Witte selder,"1,88","1,88",EUR,Y,true,,"Fruit, groenten, aardappelen en noten > Groenten",https://www.collectandgo.be/wcsstore/CollectAndGoSFAS/images/JPG/200x200/std.lang.all/21/57/asset-2172157.jpg,3074457345616703632
29591,29591-P,EVERYDAY juliennegroenten 500g,EVERYDAY juliennegroenten 500g,"0,77","1,54",EUR,Y,true,,"Fruit, groenten, aardappelen en noten > Groenten",https://www.collectandgo.be/wcsstore/CollectAndGoSFAS/images/JPG/200x200/std.lang.all/70/09/asset-1967009.jpg,3074457345616678998
2510514,28115-P,BONI dikke knoflook 500g,BONI dikke knoflook 500g,"4,45","8,90",EUR,Y,true,,"Fruit, groenten, aardappelen en noten > Groenten",https://www.collectandgo.be/wcsstore/CollectAndGoSFAS/images/JPG/200x200/std.lang.all/47/46/asset-3424746.jpg,3074457345616695528
3185831,23863-P,Knoflook vers,Knoflook vers,"16,00","16,00",EUR,Y,true,,"Fruit, groenten, aardappelen en noten > Groenten",https://www.collectandgo.be/wcsstore/CollectAndGoSFAS/images/JPG/200x200/std.lang.all/18/62/asset-381862.jpg,3074457345616705258
2929639,17518-P,BONI witte champignons gesneden 300g,BONI witte champignons gesneden 300g,"2,29","7,64",EUR,Y,true,,"Fruit, groenten, aardappelen en noten > Groenten",https://www.collectandgo.be/wcsstore/CollectAndGoSFAS/images/JPG/200x200/std.lang.all/79/63/asset-3727963.jpg,3074457345616701576
29666,29666-P,sla lollo bionda Flandria 1st,sla lollo bionda Flandria 1st,"1,35","1,35",EUR,Y,true,,"Fruit, groenten, aardappelen en noten > Groenten",https://www.collectandgo.be/wcsstore/CollectAndGoSFAS/images/JPG/200x200/std.lang.all/66/41/asset-356641.jpg,3074457345616679096
1155926,29602-P,BONI BIO groene selder 1st,BONI BIO groene selder 1st,"2,15","2,15",EUR,Y,true,,"Fruit, groenten, aardappelen en noten > Groenten",https://www.collectandgo.be/wcsstore/CollectAndGoSFAS/images/JPG/200x200/std.lang.all/40/69/asset-2504069.jpg,3074457345616680442
1856119,34882-P,BONI Spaghettigroenten 400g,BONI Spaghettigroenten 400g,"1,75","4,38",EUR,Y,true,,"Fruit, groenten, aardappelen en noten > Groenten",https://www.collectandgo.be/wcsstore/CollectAndGoSFAS/images/JPG/200x200/std.lang.all/24/49/asset-3742449.jpg,3074457345616691074
3696538,34184-P,BONI BIO paprika mix 3st,BONI BIO paprika mix 3st,"7,47","7,47",EUR,Y,true,,"Fruit, groenten, aardappelen en noten > Groenten",https://www.collectandgo.be/wcsstore/CollectAndGoSFAS/images/JPG/200x200/std.lang.all/05/38/asset-3040538.jpg,3074457345616750116
29631,29631-P,BONI BIO bieslook plant 1st,BONI BIO bieslook plant 1st,"1,29","1,29",EUR,Y,true,,"Fruit, groenten, aardappelen en noten > Groenten",https://www.collectandgo.be/wcsstore/CollectAndGoSFAS/images/JPG/200x200/std.lang.all/32/84/asset-4083284.jpg,3074457345616679016
2929650,18211-P,BONI kastanjechampignons gesn. 300g,BONI kastanjechampignons gesn. 300g,"2,59","8,64",EUR,Y,true,,"Fruit, groenten, aardappelen en noten > Groenten",https://www.collectandgo.be/wcsstore/CollectAndGoSFAS/images/JPG/200x200/std.lang.all/79/64/asset-3727964.jpg,3074457345616701578
2250279,29638-P,BONI BIO platte peterselie,BONI BIO platte peterselie,"1,29","1,29",EUR,Y,true,,"Fruit, groenten, aardappelen en noten > Groenten",https://www.collectandgo.be/wcsstore/CollectAndGoSFAS/images/JPG/200x200/std.lang.all/32/85/asset-4083285.jpg,3074457345616690000
1823352,34810-P,tomaten Coeur de Boeuf,tomaten Coeur de Boeuf,"3,49","3,49",EUR,Y,true,,"Fruit, groenten, aardappelen en noten > Groenten",https://www.collectandgo.be/wcsstore/CollectAndGoSFAS/images/JPG/200x200/std.lang.all/57/76/asset-355776.jpg,3074457345616691310
28802,28802-P,BONI BIO knoflook 250g,BONI BIO knoflook 250g,"2,73","10,92",EUR,Y,true,,"Fruit, groenten, aardappelen en noten > Groenten",https://www.collectandgo.be/wcsstore/CollectAndGoSFAS/images/JPG/200x200/std.lang.all/30/14/asset-2403014.jpg,3074457345616678938
3664955,21747-P,BONI kropsla met kruiden 200g,BONI kropsla met kruiden 200g,"1,79","8,95",EUR,Y,true,,"Fruit, groenten, aardappelen en noten > Groenten",https://www.collectandgo.be/wcsstore/CollectAndGoSFAS/images/JPG/200x200/std.lang.all/30/22/asset-4083022.jpg,3074457345616723296
3326272,7482-P,BONI basilicum vers 20g,BONI basilicum vers 20g,"1,34","67,00",EUR,Y,true,,"Fruit, groenten, aardappelen en noten > Groenten",https://www.collectandgo.be/wcsstore/CollectAndGoSFAS/images/JPG/200x200/std.lang.all/55/32/asset-3785532.jpg,3074457345616708334
1006611,29023-P,BONI rauwkostmengeling 250g,BONI rauwkostmengeling 250g,"1,64","6,56",EUR,Y,true,,"Fruit, groenten, aardappelen en noten > Groenten",https://www.collectandgo.be/wcsstore/CollectAndGoSFAS/images/JPG/200x200/std.lang.all/51/57/asset-3125157.jpg,3074457345616681578
3636054,29618-P,Rapen,Rapen 0,"2,99","2,99",EUR,Y,true,,"Fruit, groenten, aardappelen en noten > Groenten",https://www.collectandgo.be/wcsstore/CollectAndGoSFAS/images/JPG/200x200/std.lang.all/21/24/asset-1242124.jpg,3074457345616722600
3344522,14306-P,BONI Stoofgroenten Thaï 350g,BONI Stoofgroenten Thaï 350g,"3,07","8,78",EUR,Y,true,,"Fruit, groenten, aardappelen en noten > Groenten",https://www.collectandgo.be/wcsstore/CollectAndGoSFAS/images/JPG/200x200/std.lang.all/13/21/asset-4031321.jpg,3074457345616712460
2848900,29039-P,BONI BIO munt plant 1st,BONI BIO munt plant 1st,"1,29","1,29",EUR,Y,true,,"Fruit, groenten, aardappelen en noten > Groenten",https://www.collectandgo.be/wcsstore/CollectAndGoSFAS/images/JPG/200x200/std.lang.all/31/56/asset-4083156.jpg,3074457345616750684
29603,29603-P,knolselder 1st,knolselder 1st,"1,79","1,79",EUR,Y,true,,"Fruit, groenten, aardappelen en noten > Groenten",https://www.collectandgo.be/wcsstore/CollectAndGoSFAS/images/JPG/200x200/std.lang.all/55/34/asset-795534.jpg,3074457345616679002
2402030,25913-P,BONI fijnproeversmix Rucola 250g,BONI fijnproeversmix Rucola 250g,"2,99","11,96",EUR,Y,true,,"Fruit, groenten, aardappelen en noten > Groenten",https://www.collectandgo.be/wcsstore/CollectAndGoSFAS/images/JPG/200x200/std.lang.all/13/17/asset-4031317.jpg,3074457345616696266
1298704,29687-P,BONI BIO bloemkool,BONI BIO bloemkool,"2,99","2,99",EUR,Y,true,,"Fruit, groenten, aardappelen en noten > Groenten",https://www.collectandgo.be/wcsstore/CollectAndGoSFAS/images/JPG/200x200/std.lang.all/05/62/asset-2340562.jpg,3074457345616684132
3035686,15589-P,BONI BIO oesterzwammen 250g,BONI BIO oesterzwammen 250g,"2,48","9,92",EUR,Y,true,,"Fruit, groenten, aardappelen en noten > Groenten",https://www.collectandgo.be/wcsstore/CollectAndGoSFAS/images/JPG/200x200/std.lang.all/60/52/asset-4076052.jpg,3074457345616705176
3634832,29266-P,koolrabi,koolrabi,"2,99","2,99",EUR,Y,true,,"Fruit, groenten, aardappelen en noten > Groenten",https://www.collectandgo.be/wcsstore/CollectAndGoSFAS/images/JPG/200x200/std.lang.all/83/22/asset-1308322.jpg,3074457345616722374
2510511,28360-P,BONI kleine uien 500g,BONI kleine uien 500g,"1,99","3,98",EUR,Y,true,,"Fruit, groenten, aardappelen en noten > Groenten",https://www.collectandgo.be/wcsstore/CollectAndGoSFAS/images/JPG/200x200/std.lang.all/09/76/asset-2450976.jpg,3074457345616695526
1704901,32826-P,BONI munt vers 20g,BONI munt vers 20g,"1,34","67,00",EUR,Y,true,,"Fruit, groenten, aardappelen en noten > Groenten",https://www.collectandgo.be/wcsstore/CollectAndGoSFAS/images/JPG/200x200/std.lang.all/15/55/asset-3841555.jpg,3074457345616690920
29042,29042-P,BONI BIO koriander plant 1st,BONI BIO koriander plant 1st,"1,29","1,29",EUR,Y,true,,"Fruit, groenten, aardappelen en noten > Groenten",https://www.collectandgo.be/wcsstore/CollectAndGoSFAS/images/JPG/200x200/std.lang.all/45/72/asset-4084572.jpg,3074457345616679566
2961409,29724-P,snijbonen 500g,snijbonen 500g,"3,24","6,48",EUR,Y,true,,"Fruit, groenten, aardappelen en noten > Groenten",https://www.collectandgo.be/wcsstore/CollectAndGoSFAS/images/JPG/200x200/std.lang.all/67/07/asset-3376707.jpg,3074457345616703574
1852161,28103-P,BONI knoflookvlecht 350g,BONI knoflookvlecht 350g,"4,19","11,98",EUR,Y,true,,"Fruit, groenten, aardappelen en noten > Groenten",https://www.collectandgo.be/wcsstore/CollectAndGoSFAS/images/JPG/200x200/std.lang.all/24/43/asset-3452443.jpg,3074457345616690892
2199636,29064-P,BONI BIO witloof 500g,BONI BIO witloof 500g,"2,99","5,98",EUR,Y,true,,"Fruit, groenten, aardappelen en noten > Groenten",https://www.collectandgo.be/wcsstore/CollectAndGoSFAS/images/JPG/200x200/std.lang.all/54/25/asset-2225425.jpg,3074457345616693628
2892631,29515-P,BONI BIO krulpeterselie 1st,BONI BIO krulpeterselie 1st,"1,79","1,79",EUR,Y,true,,"Fruit, groenten, aardappelen en noten > Groenten",https://www.collectandgo.be/wcsstore/CollectAndGoSFAS/images/JPG/200x200/std.lang.all/32/88/asset-4083288.jpg,3074457345616703072
29525,29525-P,PICCANTINA pikante peper 100g,PICCANTINA pikante peper 100g,"2,09","20,90",EUR,Y,true,,"Fruit, groenten, aardappelen en noten > Groenten",https://www.collectandgo.be/wcsstore/CollectAndGoSFAS/images/JPG/200x200/std.lang.all/04/44/asset-3760444.jpg,3074457345616678996
29702,29702-P,BONI peulen 250g,BONI peulen 250g,"2,69","10,76",EUR,Y,true,,"Fruit, groenten, aardappelen en noten > Groenten",https://www.collectandgo.be/wcsstore/CollectAndGoSFAS/images/JPG/200x200/std.lang.all/97/81/asset-3759781.jpg,3074457345616679104
3130891,12579-P,FLORETTE trio rucola-veldsla-r.biet 140g,FLORETTE trio rucola-veldsla-r.biet 140g,"2,99","21,36",EUR,Y,true,,"Fruit, groenten, aardappelen en noten > Groenten",https://www.collectandgo.be/wcsstore/CollectAndGoSFAS/images/JPG/200x200/std.lang.all/55/56/asset-3965556.jpg,3074457345616706100
3636643,29538-P,paprika punt zoet geel,paprika punt zoet geel,"7,99","7,99",EUR,Y,true,,"Fruit, groenten, aardappelen en noten > Groenten",https://www.collectandgo.be/wcsstore/CollectAndGoSFAS/images/JPG/200x200/std.lang.all/01/46/asset-1320146.jpg,3074457345616722950
2540259,29529-P,BONI BIO zoete puntpaprika 2st,BONI BIO zoete puntpaprika 2st,"3,89","20,48",EUR,Y,true,,"Fruit, groenten, aardappelen en noten > Groenten",https://www.collectandgo.be/wcsstore/CollectAndGoSFAS/images/JPG/200x200/std.lang.all/47/74/asset-2394774.jpg,3074457345616693260
3659338,29259-P,BONI duo eikenbladsla 125g,BONI duo eikenbladsla 125g,"1,79","14,32",EUR,Y,true,,"Fruit, groenten, aardappelen en noten > Groenten",https://www.collectandgo.be/wcsstore/CollectAndGoSFAS/images/JPG/200x200/std.lang.all/51/59/asset-3125159.jpg,3074457345616719354
4301620,23623-P,Broccolini 200g,Broccolini 200g,"2,87","14,35",EUR,Y,true,,"Fruit, groenten, aardappelen en noten > Groenten",https://www.collectandgo.be/wcsstore/CollectAndGoSFAS/images/JPG/200x200/std.lang.all/01/69/asset-2270169.jpg,3074457345616758242
2402029,31936-P,BONI witte kool geraspt 250g,BONI witte kool geraspt 250g,"0,68","2,72",EUR,Y,true,,"Fruit, groenten, aardappelen en noten > Groenten",https://www.collectandgo.be/wcsstore/CollectAndGoSFAS/images/JPG/200x200/std.lang.all/58/50/asset-2675850.jpg,3074457345616696264
29673,29673-P,rode kool,rode kool,"1,97","1,97",EUR,Y,true,,"Fruit, groenten, aardappelen en noten > Groenten",https://www.collectandgo.be/wcsstore/CollectAndGoSFAS/images/JPG/200x200/std.lang.all/92/23/asset-1359223.jpg,3074457345616744502
3687803,32823-P,BONI verse munt 150g,BONI verse munt 150g,"3,85","25,67",EUR,Y,true,,"Fruit, groenten, aardappelen en noten > Groenten",https://www.collectandgo.be/wcsstore/CollectAndGoSFAS/images/JPG/200x200/std.lang.all/56/25/asset-3785625.jpg,3074457345616728736
1815758,34270-P,BONI sjalotten vlecht 500g,BONI sjalotten vlecht 500g,"2,95","5,90",EUR,Y,true,,"Fruit, groenten, aardappelen en noten > Groenten",https://www.collectandgo.be/wcsstore/CollectAndGoSFAS/images/JPG/200x200/std.lang.all/53/38/asset-1445338.jpg,3074457345616692114
3960460,2019-P,EVERYDAY wokmixgroenten 400g,EVERYDAY wokmixgroenten 400g,"1,59","3,98",EUR,Y,true,,"Fruit, groenten, aardappelen en noten > Groenten",https://www.collectandgo.be/wcsstore/CollectAndGoSFAS/images/JPG/200x200/std.lang.all/52/18/asset-2515218.jpg,3074457345616732650
4397467,24536-P,BONI BIO rucola 100g,BONI BIO rucola 100g,"2,33","23,30",EUR,Y,true,,"Fruit, groenten, aardappelen en noten > Groenten",https://www.collectandgo.be/wcsstore/CollectAndGoSFAS/images/JPG/200x200/std.lang.all/55/22/asset-3745522.jpg,3074457345616772312
2994438,9623-P,BONI BIO aubergine 1st,BONI BIO aubergine 1st,"1,61","5,37",EUR,Y,true,,"Fruit, groenten, aardappelen en noten > Groenten",https://www.collectandgo.be/wcsstore/CollectAndGoSFAS/images/JPG/200x200/std.lang.all/59/78/asset-2355978.jpg,3074457345616700264
3582453,17302-P,wortel erwtjes ui ±500g,wortel erwtjes ui ±500g,"6,29","6,29",EUR,Y,true,,"Fruit, groenten, aardappelen en noten > Groenten",https://www.collectandgo.be/wcsstore/CollectAndGoSFAS/images/JPG/200x200/std.lang.all/07/56/asset-1730756.jpg,3074457345616723850
3344520,15310-P,BONI wokmix pikant 400g,BONI wokmix pikant 400g,"2,51","6,28",EUR,Y,true,,"Fruit, groenten, aardappelen en noten > Groenten",https://www.collectandgo.be/wcsstore/CollectAndGoSFAS/images/JPG/200x200/std.lang.all/30/44/asset-4033044.jpg,3074457345616712458
1544449,29560-P,Chinese kool,Chinese kool,"1,89","1,89",EUR,Y,true,,"Fruit, groenten, aardappelen en noten > Groenten",https://www.collectandgo.be/wcsstore/CollectAndGoSFAS/images/JPG/200x200/std.lang.all/68/12/asset-1016812.jpg,3074457345616689532
4294895,12903-P,Salanova mix 125g,Salanova mix 125g,"1,42","11,36",EUR,Y,true,,"Fruit, groenten, aardappelen en noten > Groenten",https://www.collectandgo.be/wcsstore/CollectAndGoSFAS/images/JPG/200x200/std.lang.all/62/91/asset-2136291.jpg,3074457345616756482
4401751,24656-P,BONI BIO Geraspte Wortelen 175g,BONI BIO Geraspte Wortelen 175g,"1,31","7,49",EUR,Y,true,,"Fruit, groenten, aardappelen en noten > Groenten",https://www.collectandgo.be/wcsstore/CollectAndGoSFAS/images/JPG/200x200/std.lang.all/18/00/asset-2411800.jpg,3074457345616772732
2510500,28903-P,BONI BIO uien 2kg,BONI BIO uien 2kg,"3,96","1,98",EUR,Y,true,,"Fruit, groenten, aardappelen en noten > Groenten",https://www.collectandgo.be/wcsstore/CollectAndGoSFAS/images/JPG/200x200/std.lang.all/35/05/asset-2233505.jpg,3074457345616695520
1130949,29601-P,BONI BIO prei bot 1kg,BONI BIO prei bot 1kg,"3,05","3,05",EUR,Y,true,,"Fruit, groenten, aardappelen en noten > Groenten",https://www.collectandgo.be/wcsstore/CollectAndGoSFAS/images/JPG/200x200/std.lang.all/43/92/asset-3364392.jpg,3074457345616685944
2510516,28165-P,BONI échalions 1kg,BONI échalions 1kg,"2,29","2,29",EUR,Y,true,,"Fruit, groenten, aardappelen en noten > Groenten",https://www.collectandgo.be/wcsstore/CollectAndGoSFAS/images/JPG/200x200/std.lang.all/35/06/asset-2233506.jpg,3074457345616695530
4397472,24535-P,BONI BIO jonge sla 100g,BONI BIO jonge sla 100g,"2,49","24,90",EUR,Y,true,,"Fruit, groenten, aardappelen en noten > Groenten",https://www.collectandgo.be/wcsstore/CollectAndGoSFAS/images/JPG/200x200/std.lang.all/90/32/asset-2419032.jpg,3074457345616772314
2510504,28161-P,BONI sjalotten 1kg,BONI sjalotten 1kg,"2,49","2,49",EUR,Y,true,,"Fruit, groenten, aardappelen en noten > Groenten",https://www.collectandgo.be/wcsstore/CollectAndGoSFAS/images/JPG/200x200/std.lang.all/22/93/asset-2812293.jpg,3074457345616695522
29502,29502-P,BONI BIO tijm plant 1st,BONI BIO tijm plant 1st,"1,39","1,39",EUR,Y,true,,"Fruit, groenten, aardappelen en noten > Groenten",https://www.collectandgo.be/wcsstore/CollectAndGoSFAS/images/JPG/200x200/std.lang.all/32/83/asset-4083283.jpg,3074457345616678984
3934302,18863-P,sperzieboontjes ±450g,sperzieboontjes ±450g,"11,65","11,65",EUR,Y,true,,"Fruit, groenten, aardappelen en noten > Groenten",https://www.collectandgo.be/wcsstore/CollectAndGoSFAS/images/JPG/200x200/std.lang.all/85/24/asset-1898524.jpg,3074457345616737160
3130905,12575-P,BONI rauwkost pittige mix 400g,BONI rauwkost pittige mix 400g,"2,69","6,73",EUR,Y,true,,"Fruit, groenten, aardappelen en noten > Groenten",https://www.collectandgo.be/wcsstore/CollectAndGoSFAS/images/JPG/200x200/std.lang.all/51/58/asset-3125158.jpg,3074457345616706102
2806001,2951-P,BIEZE witte kool Grieks 400g,BIEZE witte kool Grieks 400g,"2,52","6,30",EUR,Y,true,,"Fruit, groenten, aardappelen en noten > Groenten",https://www.collectandgo.be/wcsstore/CollectAndGoSFAS/images/JPG/200x200/std.lang.all/88/86/asset-1228886.jpg,3074457345616703000
2848905,29500-P,BONI BIO rozemarijn plant 1st,BONI BIO rozemarijn plant 1st,"1,39","1,39",EUR,Y,true,,"Fruit, groenten, aardappelen en noten > Groenten",https://www.collectandgo.be/wcsstore/CollectAndGoSFAS/images/JPG/200x200/std.lang.all/32/86/asset-4083286.jpg,3074457345616702300
3636080,25607-P,rapen gele,rapen gele 0,"2,99","2,99",EUR,Y,true,,"Fruit, groenten, aardappelen en noten > Groenten",https://www.collectandgo.be/wcsstore/CollectAndGoSFAS/images/JPG/200x200/std.lang.all/26/27/asset-1402627.jpg,3074457345616722718
3736135,29716-P,Ronde Courgettes (los),Ronde Courgettes (los),"4,49","4,49",EUR,Y,true,,"Fruit, groenten, aardappelen en noten > Groenten",https://www.collectandgo.be/wcsstore/CollectAndGoSFAS/images/JPG/200x200/std.lang.all/88/52/asset-1478852.jpg,3074457345616730264
2848906,29496-P,BONI BIO dille plant 1st,BONI BIO dille plant 1st,"1,29","1,29",EUR,Y,true,,"Fruit, groenten, aardappelen en noten > Groenten",https://www.collectandgo.be/wcsstore/CollectAndGoSFAS/images/JPG/200x200/std.lang.all/32/62/asset-4083262.jpg,3074457345616702302
1007288,29590-P,BONI BIO Cocktailtomaten 250g,BONI BIO Cocktailtomaten 250g,"2,87","11,48",EUR,Y,true,,"Fruit, groenten, aardappelen en noten > Groenten",https://www.collectandgo.be/wcsstore/CollectAndGoSFAS/images/JPG/200x200/std.lang.all/56/24/asset-3785624.jpg,3074457345616681590
2198894,29019-P,BONI BIO prinsessenbonen 400g,BONI BIO prinsessenbonen 400g,"4,29","10,73",EUR,Y,true,,"Fruit, groenten, aardappelen en noten > Groenten",https://www.collectandgo.be/wcsstore/CollectAndGoSFAS/images/JPG/200x200/std.lang.all/41/90/asset-2504190.jpg,3074457345616767190
3830373,42229-P,Peulvruchten Sugar snaps 200g,Peulvruchten Sugar snaps 200g,"1,99","9,95",EUR,Y,true,,"Fruit, groenten, aardappelen en noten > Groenten",https://www.collectandgo.be/wcsstore/CollectAndGoSFAS/images/JPG/200x200/std.lang.all/83/86/asset-1768386.jpg,3074457345616728482
3732422,29508-P,BONI Koriander 150g,BONI Koriander 150g,"3,39","22,60",EUR,Y,true,,"Fruit, groenten, aardappelen en noten > Groenten",https://www.collectandgo.be/wcsstore/CollectAndGoSFAS/images/JPG/200x200/std.lang.all/28/14/asset-1322814.jpg,3074457345616730058
4033485,5745-P,BONI maïs popcorn 500g,BONI maïs popcorn 500g,"2,19","4,38",EUR,Y,true,,"Fruit, groenten, aardappelen en noten > Groenten",https://www.collectandgo.be/wcsstore/CollectAndGoSFAS/images/JPG/200x200/std.lang.all/21/69/asset-3622169.jpg,3074457345616742626
3773607,41197-P,BONI gekleurde wortelen 600g,BONI gekleurde wortelen 600g,"2,69","4,49",EUR,Y,true,,"Fruit, groenten, aardappelen en noten > Groenten",https://www.collectandgo.be/wcsstore/CollectAndGoSFAS/images/JPG/200x200/std.lang.all/29/52/asset-2872952.jpg,3074457345616726204
29650,29650-P,Andijvie,Andijvie 0,"2,99","2,99",EUR,Y,true,,"Fruit, groenten, aardappelen en noten > Groenten",https://www.collectandgo.be/wcsstore/CollectAndGoSFAS/images/JPG/200x200/std.lang.all/20/95/asset-362095.jpg,3074457345616679086
4361877,24053-P,BONI mix kiemen 80g,BONI mix kiemen 80g,"2,09","26,13",EUR,Y,true,,"Fruit, groenten, aardappelen en noten > Groenten",https://www.collectandgo.be/wcsstore/CollectAndGoSFAS/images/JPG/200x200/std.lang.all/18/60/asset-2451860.jpg,3074457345616766210
28803,28803-P,BONI BIO sjalotten Bio 500g,BONI BIO sjalotten Bio 500g,"3,49","6,98",EUR,Y,true,,"Fruit, groenten, aardappelen en noten > Groenten",https://www.collectandgo.be/wcsstore/CollectAndGoSFAS/images/JPG/200x200/std.lang.all/64/07/asset-2236407.jpg,3074457345616678940
29654,29654-P,TUERLINCKX waterkers vers,TUERLINCKX waterkers vers,"1,59","1,59",EUR,Y,true,,"Fruit, groenten, aardappelen en noten > Groenten",https://www.collectandgo.be/wcsstore/CollectAndGoSFAS/images/JPG/200x200/std.lang.all/88/18/asset-1458818.jpg,3074457345616679092
1384751,28059-P,BONI mosselgroenten 300g,BONI mosselgroenten 300g,"1,13","3,77",EUR,Y,true,,"Fruit, groenten, aardappelen en noten > Groenten",https://www.collectandgo.be/wcsstore/CollectAndGoSFAS/images/JPG/200x200/std.lang.all/07/36/asset-2720736.jpg,3074457345616683418
1305731,29610-P,rabarber bot,rabarber bot,"3,55","3,55",EUR,Y,true,,"Fruit, groenten, aardappelen en noten > Groenten",https://www.collectandgo.be/wcsstore/CollectAndGoSFAS/images/JPG/200x200/std.lang.all/59/60/asset-375960.jpg,3074457345616781670
1842228,34750-P,FLORETTE seizoenssalade 180g,FLORETTE seizoenssalade 180g,"2,69","14,95",EUR,Y,true,,"Fruit, groenten, aardappelen en noten > Groenten",https://www.collectandgo.be/wcsstore/CollectAndGoSFAS/images/JPG/200x200/std.lang.all/31/60/asset-4083160.jpg,3074457345616692020
4718277,5869-P,FLORETTE Duo Veldsla & Rucola 100g,FLORETTE Duo Veldsla & Rucola 100g,"1,99","19,90",EUR,Y,true,,"Fruit, groenten, aardappelen en noten > Groenten",https://www.collectandgo.be/wcsstore/CollectAndGoSFAS/images/JPG/200x200/std.lang.all/46/53/asset-3964653.jpg,3074457345616815034
3344517,15307-P,BONI chinese wokmix 400g,BONI chinese wokmix 400g,"2,79","6,98",EUR,Y,true,,"Fruit, groenten, aardappelen en noten > Groenten",https://www.collectandgo.be/wcsstore/CollectAndGoSFAS/images/JPG/200x200/std.lang.all/70/82/asset-3877082.jpg,3074457345616712456
4601267,8224-P,BONI wortel snack 150g,BONI wortel snack 150g,"2,05","13,67",EUR,Y,true,,"Fruit, groenten, aardappelen en noten > Groenten",https://www.collectandgo.be/wcsstore/CollectAndGoSFAS/images/JPG/200x200/std.lang.all/52/93/asset-3125293.jpg,3074457345616798042
4601279,8432-P,BONI radijs snack 200g,BONI radijs snack 200g,"2,05","10,25",EUR,Y,true,,"Fruit, groenten, aardappelen en noten > Groenten",https://www.collectandgo.be/wcsstore/CollectAndGoSFAS/images/JPG/200x200/std.lang.all/07/31/asset-2960731.jpg,3074457345616798050
1145072,28051-P,Boni Selection Plan't Linzen Blond 500g,BONI PLAN'T blonde linzen 500g,"2,49","4,98",EUR,Y,true,,"Fruit, groenten, aardappelen en noten > Groenten",https://www.collectandgo.be/wcsstore/CollectAndGoSFAS/images/JPG/200x200/std.lang.all/84/62/asset-3988462.jpg,3074457345616682984
3981742,3808-P,BONI BIO Paksoi 1st,BONI BIO Paksoi 1st,"2,99","7,48",EUR,Y,true,,"Fruit, groenten, aardappelen en noten > Groenten",https://www.collectandgo.be/wcsstore/CollectAndGoSFAS/images/JPG/200x200/std.lang.all/12/79/asset-1591279.jpg,3074457345616741168
4296998,20877-P,Peper Chili mix 75g,Peper Chili mix 75g,"1,89","25,20",EUR,Y,true,,"Fruit, groenten, aardappelen en noten > Groenten",https://www.collectandgo.be/wcsstore/CollectAndGoSFAS/images/JPG/200x200/std.lang.all/08/48/asset-2170848.jpg,3074457345616756748
1887411,29057-P,BONI preischeuten 40g,BONI preischeuten 40g,"1,55","38,75",EUR,Y,true,,"Fruit, groenten, aardappelen en noten > Groenten",https://www.collectandgo.be/wcsstore/CollectAndGoSFAS/images/JPG/200x200/std.lang.all/20/54/asset-742054.jpg,3074457345616692312
2848907,29497-P,BONI BIO dragon plant 1st,BONI BIO dragon plant 1st,"1,49","1,49",EUR,Y,true,,"Fruit, groenten, aardappelen en noten > Groenten",https://www.collectandgo.be/wcsstore/CollectAndGoSFAS/images/JPG/200x200/std.lang.all/32/63/asset-4083263.jpg,3074457345616702304
3837738,29620-P,BONI BIO platte peterselie bot,BONI BIO platte peterselie bot,"2,45","2,45",EUR,Y,true,,"Fruit, groenten, aardappelen en noten > Groenten",https://www.collectandgo.be/wcsstore/CollectAndGoSFAS/images/JPG/200x200/std.lang.all/44/79/asset-2434479.jpg,3074457345616743428
2353318,26092-P,citroengras 100g,citroengras 100g,"2,75","27,50",EUR,Y,true,,"Fruit, groenten, aardappelen en noten > Groenten",https://www.collectandgo.be/wcsstore/CollectAndGoSFAS/images/JPG/200x200/std.lang.all/86/19/asset-3998619.jpg,3074457345616695958
4584919,13038-P,Maïs voorgegaard schijven 350g,Maïs voorgegaard schijven 350g,"2,49","7,12",EUR,Y,true,,"Fruit, groenten, aardappelen en noten > Groenten",https://www.collectandgo.be/wcsstore/CollectAndGoSFAS/images/JPG/200x200/std.lang.all/19/04/asset-2861904.jpg,3074457345616796880
29510,29510-P,artisjok,artisjok,"2,24","2,24",EUR,Y,true,,"Fruit, groenten, aardappelen en noten > Groenten",https://www.collectandgo.be/wcsstore/CollectAndGoSFAS/images/JPG/200x200/std.lang.all/64/94/asset-376494.jpg,3074457345616678988
4862370,22629-P,BONI Wokgroenten vietnamees 400g,BONI Wokgroenten vietnamees 400g,"2,89","7,23",EUR,Y,true,,"Fruit, groenten, aardappelen en noten > Groenten",https://www.collectandgo.be/wcsstore/CollectAndGoSFAS/images/JPG/200x200/std.lang.all/20/66/asset-3992066.jpg,3074457345616844222
4612487,10023-P,rode biet blokjes Bio 2x200g,rode biet blokjes Bio 2x200g,"1,75","4,38",EUR,Y,true,,"Fruit, groenten, aardappelen en noten > Groenten",https://www.collectandgo.be/wcsstore/CollectAndGoSFAS/images/JPG/200x200/std.lang.all/98/45/asset-2829845.jpg,3074457345616798850
4601243,7869-P,BONI bloemkoolroosjes 350g,BONI bloemkoolroosjes 350g,"2,59","7,40",EUR,Y,true,,"Fruit, groenten, aardappelen en noten > Groenten",https://www.collectandgo.be/wcsstore/CollectAndGoSFAS/images/JPG/200x200/std.lang.all/77/49/asset-2857749.jpg,3074457345616798032
4601261,8100-P,BONI bloemkool snack 150g,BONI bloemkool snack 150g,"2,05","13,67",EUR,Y,true,,"Fruit, groenten, aardappelen en noten > Groenten",https://www.collectandgo.be/wcsstore/CollectAndGoSFAS/images/JPG/200x200/std.lang.all/51/61/asset-3125161.jpg,3074457345616798040
1163787,29659-P,TUERLINCKX kervel vers,TUERLINCKX kervel vers,"1,99","1,99",EUR,Y,true,,"Fruit, groenten, aardappelen en noten > Groenten",https://www.collectandgo.be/wcsstore/CollectAndGoSFAS/images/JPG/200x200/std.lang.all/27/03/asset-1202703.jpg,3074457345616685458
3866634,13158-P,Bio kurkuma 80g,Bio kurkuma 80g,"1,97","24,63",EUR,Y,true,,"Fruit, groenten, aardappelen en noten > Groenten",https://www.collectandgo.be/wcsstore/CollectAndGoSFAS/images/JPG/200x200/std.lang.all/90/56/asset-1549056.jpg,3074457345616735828
2953767,17768-P,BONI PLAN'T zwarte linzen 500g,BONI PLAN'T zwarte linzen 500g,"2,74","5,48",EUR,Y,true,,"Fruit, groenten, aardappelen en noten > Groenten",https://www.collectandgo.be/wcsstore/CollectAndGoSFAS/images/JPG/200x200/std.lang.all/27/18/asset-3952718.jpg,3074457345616701336
3344525,14199-P,BONI stoofgroenten Mexican 350g,BONI stoofgroenten Mexican 350g,"2,62","7,49",EUR,Y,true,,"Fruit, groenten, aardappelen en noten > Groenten",https://www.collectandgo.be/wcsstore/CollectAndGoSFAS/images/JPG/200x200/std.lang.all/13/23/asset-4031323.jpg,3074457345616712464
4623866,4679-P,BONI PLAN'T kikkererwten Bio 500g,BONI PLAN'T kikkererwten Bio 500g,"2,49","4,98",EUR,Y,true,,"Fruit, groenten, aardappelen en noten > Groenten",https://www.collectandgo.be/wcsstore/CollectAndGoSFAS/images/JPG/200x200/std.lang.all/27/23/asset-3952723.jpg,3074457345616801948
4025600,5344-P,BONI PLAN'T witte bonen 500g,BONI PLAN'T witte bonen 500g,"2,39","4,78",EUR,Y,true,,"Fruit, groenten, aardappelen en noten > Groenten",https://www.collectandgo.be/wcsstore/CollectAndGoSFAS/images/JPG/200x200/std.lang.all/27/20/asset-3952720.jpg,3074457345616733304
4408044,24838-P,BOGRAIN linzen Nylon 1kg,BOGRAIN linzen Nylon 1kg,"3,49","3,49",EUR,Y,true,,"Fruit, groenten, aardappelen en noten > Groenten",https://www.collectandgo.be/wcsstore/CollectAndGoSFAS/images/JPG/200x200/std.lang.all/99/09/asset-3039909.jpg,3074457345616772942
4617864,11301-P,BONI PLAN'T spliterwten Bio 500g,BONI PLAN'T spliterwten Bio 500g,"2,25","4,50",EUR,Y,true,,"Fruit, groenten, aardappelen en noten > Groenten",https://www.collectandgo.be/wcsstore/CollectAndGoSFAS/images/JPG/200x200/std.lang.all/26/40/asset-3952640.jpg,3074457345616800778
2873389,29504-P,BONI BIO oregano plant 1st,BONI BIO oregano plant 1st,"1,59","1,59",EUR,Y,true,,"Fruit, groenten, aardappelen en noten > Groenten",https://www.collectandgo.be/wcsstore/CollectAndGoSFAS/images/JPG/200x200/std.lang.all/74/28/asset-1937428.jpg,3074457345616702118
29651,29651-P,andijvie gekruld 1st,andijvie gekruld 1st,"2,99","2,99",EUR,Y,true,,"Fruit, groenten, aardappelen en noten > Groenten",https://www.collectandgo.be/wcsstore/CollectAndGoSFAS/images/JPG/200x200/std.lang.all/61/16/asset-1376116.jpg,3074457345616679088
4601247,7873-P,BONI broccoliroosjes 250g,BONI broccoliroosjes 250g,"1,87","7,48",EUR,Y,true,,"Fruit, groenten, aardappelen en noten > Groenten",https://www.collectandgo.be/wcsstore/CollectAndGoSFAS/images/JPG/200x200/std.lang.all/31/52/asset-4083152.jpg,3074457345616798034
4408056,24843-P,BOGRAIN witte bonen 1kg,BOGRAIN witte bonen 1kg,"4,29","4,29",EUR,Y,true,,"Fruit, groenten, aardappelen en noten > Groenten",https://www.collectandgo.be/wcsstore/CollectAndGoSFAS/images/JPG/200x200/std.lang.all/99/10/asset-3039910.jpg,3074457345616772946
4408030,24833-P,BOGRAIN kikkererwten Oro 1kg,BOGRAIN kikkererwten Oro 1kg,"4,29","4,29",EUR,Y,true,,"Fruit, groenten, aardappelen en noten > Groenten",https://www.collectandgo.be/wcsstore/CollectAndGoSFAS/images/JPG/200x200/std.lang.all/00/32/asset-3040032.jpg,3074457345616772938
4408048,24839-P,BOGRAIN spliterwten groen 1kg,BOGRAIN spliterwten groen 1kg,"3,49","3,49",EUR,Y,true,,"Fruit, groenten, aardappelen en noten > Groenten",https://www.collectandgo.be/wcsstore/CollectAndGoSFAS/images/JPG/200x200/std.lang.all/00/33/asset-3040033.jpg,3074457345616772944
4884995,20847-P,SNACKTURAL Knoflook Peterselie 150g,SNACKTURAL Knoflook Peterselie 150g,"1,79","11,94",EUR,Y,true,,"Fruit, groenten, aardappelen en noten > Groenten",https://www.collectandgo.be/wcsstore/CollectAndGoSFAS/images/JPG/200x200/std.lang.all/04/94/asset-3810494.jpg,3074457345616848298
1625783,29636-P,witloof extra Flandria,witloof extra Flandria,"1,79","1,79",EUR,Y,true,,"Fruit, groenten, aardappelen en noten > Groenten",https://www.collectandgo.be/wcsstore/CollectAndGoSFAS/images/JPG/200x200/std.lang.all/11/17/asset-3711117.jpg,3074457345616685408
4716716,1468-P,BONI radijzen rood/wit 250g,BONI radijzen rood/wit 250g,"2,19","8,76",EUR,Y,true,,"Fruit, groenten, aardappelen en noten > Groenten",https://www.collectandgo.be/wcsstore/CollectAndGoSFAS/images/JPG/200x200/std.lang.all/88/03/asset-3738803.jpg,3074457345616814684
4578220,28941-P,BONI SNOEPTOMAATJES 500g,BONI SNOEPTOMAATJES 500g,"3,14","6,28",EUR,Y,true,,"Fruit, groenten, aardappelen en noten > Groenten",https://www.collectandgo.be/wcsstore/CollectAndGoSFAS/images/JPG/200x200/std.lang.all/58/80/asset-3855880.jpg,3074457345616795684
3157412,3708-P,dikke asperges,dikke asperges,"14,99","14,99",EUR,Y,true,,"Fruit, groenten, aardappelen en noten > Groenten",https://www.collectandgo.be/wcsstore/CollectAndGoSFAS/images/JPG/200x200/std.lang.all/19/32/asset-1501932.jpg,3074457345616707030
4726512,17188-P,BONI Bieslook 20g,BONI Bieslook 20g,"1,11","55,50",EUR,Y,true,,"Fruit, groenten, aardappelen en noten > Groenten",https://www.collectandgo.be/wcsstore/CollectAndGoSFAS/images/JPG/200x200/std.lang.all/55/35/asset-3785535.jpg,3074457345616816250
29713,29713-P,witte asperges extra 500g,witte asperges extra 500g,"5,99","11,98",EUR,Y,true,,"Fruit, groenten, aardappelen en noten > Groenten",https://www.collectandgo.be/wcsstore/CollectAndGoSFAS/images/JPG/200x200/std.lang.all/58/66/asset-1455866.jpg,3074457345616679118
2189079,29621-P,BONI preiwit 1kg,BONI preiwit 1kg,"2,79","2,79",EUR,Y,true,,"Fruit, groenten, aardappelen en noten > Groenten",https://www.collectandgo.be/wcsstore/CollectAndGoSFAS/images/JPG/200x200/std.lang.all/05/23/asset-3970523.jpg,3074457345616746668
4891415,4591-P,BONI Paprika mix 3st,BONI Paprika mix 3st,"3,98","3,98",EUR,Y,true,,"Fruit, groenten, aardappelen en noten > Groenten",https://www.collectandgo.be/wcsstore/CollectAndGoSFAS/images/JPG/200x200/std.lang.all/85/67/asset-3888567.jpg,3074457345616849790
4796230,35900-P,FLORETTE Rauwkost Zoet 200g,FLORETTE Rauwkost Zoet 200g,"2,49","12,45",EUR,Y,true,,"Fruit, groenten, aardappelen en noten > Groenten",https://www.collectandgo.be/wcsstore/CollectAndGoSFAS/images/JPG/200x200/std.lang.all/84/33/asset-3828433.jpg,3074457345616830476
4796226,35899-P,FLORETTE Rauwkost Krokant 200g,FLORETTE Rauwkost Krokant 200g,"1,99","9,95",EUR,Y,true,,"Fruit, groenten, aardappelen en noten > Groenten",https://www.collectandgo.be/wcsstore/CollectAndGoSFAS/images/JPG/200x200/std.lang.all/01/34/asset-3800134.jpg,3074457345616830474
4886861,39267-P,BONI Beukzwam Wit op voet 150g,BONI Beukzwam Wit op voet 150g,"1,99","13,27",EUR,Y,true,,"Fruit, groenten, aardappelen en noten > Groenten",https://www.collectandgo.be/wcsstore/CollectAndGoSFAS/images/JPG/200x200/std.lang.all/11/40/asset-3951140.jpg,3074457345616848526
4882800,9496-P,BONI Grotchampignons 400g,BONI Grotchampignons 400g,"3,99","9,98",EUR,Y,true,,"Fruit, groenten, aardappelen en noten > Groenten",https://www.collectandgo.be/wcsstore/CollectAndGoSFAS/images/JPG/200x200/std.lang.all/11/24/asset-3951124.jpg,3074457345616848048
3400749,29589-P,BONI BIO shiitake 150g,BONI BIO shiitake 150g,"2,95","19,67",EUR,Y,true,,"Fruit, groenten, aardappelen en noten > Groenten",https://www.collectandgo.be/wcsstore/CollectAndGoSFAS/images/JPG/200x200/std.lang.all/64/12/asset-3956412.jpg,3074457345616744190
4887207,39297-P,BONI champignonmix met kruiden 200g,BONI champignonmix met kruiden 200g,"2,89","14,45",EUR,Y,true,,"Fruit, groenten, aardappelen en noten > Groenten",https://www.collectandgo.be/wcsstore/CollectAndGoSFAS/images/JPG/200x200/std.lang.all/13/97/asset-3951397.jpg,3074457345616848584
4887212,39301-P,BONI portobello 3st,BONI portobello 3st,"2,76","13,15",EUR,Y,true,,"Fruit, groenten, aardappelen en noten > Groenten",https://www.collectandgo.be/wcsstore/CollectAndGoSFAS/images/JPG/200x200/std.lang.all/11/41/asset-3951141.jpg,3074457345616848590
4667833,15369-P,BONI Babywortelen 300g,BONI Babywortelen 300g,"1,79","5,97",EUR,Y,true,,"Fruit, groenten, aardappelen en noten > Groenten",https://www.collectandgo.be/wcsstore/CollectAndGoSFAS/images/JPG/200x200/std.lang.all/32/51/asset-4083251.jpg,3074457345616805934
4887184,39290-P,BONI Rustique mix 200g,BONI Rustique mix 200g,"3,09","15,45",EUR,Y,true,,"Fruit, groenten, aardappelen en noten > Groenten",https://www.collectandgo.be/wcsstore/CollectAndGoSFAS/images/JPG/200x200/std.lang.all/13/96/asset-3951396.jpg,3074457345616848572
3559041,33376-P,BONI witloof-ham-kaas 450g,BONI witloof-ham-kaas 450g,"6,92","15,38",EUR,Y,true,,"Fruit, groenten, aardappelen en noten > Groenten",https://www.collectandgo.be/wcsstore/CollectAndGoSFAS/images/JPG/200x200/std.lang.all/31/17/asset-3383117.jpg,3074457345616718270
4398135,24547-P,"BONI Freshbox Tomatensoep 3-4p 1,3kg","BONI Freshbox Tomatensoep 3-4p 1,3kg","4,67","3,60",EUR,Y,true,,"Fruit, groenten, aardappelen en noten > Groenten",https://www.collectandgo.be/wcsstore/CollectAndGoSFAS/images/JPG/200x200/std.lang.all/16/57/asset-2921657.jpg,3074457345616772334
4853514,13816-P,Eryngii Bio,Eryngii Bio,"19,99","19,99",EUR,Y,true,,"Fruit, groenten, aardappelen en noten > Groenten",https://www.collectandgo.be/wcsstore/CollectAndGoSFAS/images/JPG/200x200/std.lang.all/33/96/asset-3683396.jpg,3074457345616872668
4406375,24753-P,"BONI Freshbox Lentesoep 3-4p 1,5kg","BONI Freshbox Lentesoep 3-4p 1,5kg","4,99","3,33",EUR,Y,true,,"Fruit, groenten, aardappelen en noten > Groenten",https://www.collectandgo.be/wcsstore/CollectAndGoSFAS/images/JPG/200x200/std.lang.all/09/83/asset-2760983.jpg,3074457345616832382
4400548,24624-P,"BONI Freshbox Butternut soep 3-4p 1,5kg","BONI Freshbox Butternut soep 3-4p 1,5kg","4,29","2,86",EUR,Y,true,,"Fruit, groenten, aardappelen en noten > Groenten",https://www.collectandgo.be/wcsstore/CollectAndGoSFAS/images/JPG/200x200/std.lang.all/87/91/asset-2438791.jpg,3074457345616772668
4512612,6128-P,BONI Zoete aardappelsoep 800g,BONI Zoete aardappelsoep 800g,"4,49","5,62",EUR,Y,true,,"Fruit, groenten, aardappelen en noten > Groenten",https://www.collectandgo.be/wcsstore/CollectAndGoSFAS/images/JPG/200x200/std.lang.all/02/94/asset-2880294.jpg,3074457345616789420
29704,29704-P,EVERYDAY witte asperges 500g,EVERYDAY witte asperges 500g,"4,49","8,98",EUR,Y,true,,"Fruit, groenten, aardappelen en noten > Groenten",https://www.collectandgo.be/wcsstore/CollectAndGoSFAS/images/JPG/200x200/std.lang.all/78/81/asset-2107881.jpg,3074457345616679106
1164257,29715-P,Asperges Bot Groen 1st,Asperges Bot Groen 1st,"4,99","9,98",EUR,Y,true,,"Fruit, groenten, aardappelen en noten > Groenten",https://www.collectandgo.be/wcsstore/CollectAndGoSFAS/images/JPG/200x200/std.lang.all/01/56/asset-2730156.jpg,3074457345616685466
4439524,26191-P,Snack komkommer,Snack komkommer,"3,99","3,99",EUR,Y,true,,"Fruit, groenten, aardappelen en noten > Groenten",https://www.collectandgo.be/wcsstore/CollectAndGoSFAS/images/JPG/200x200/std.lang.all/75/39/asset-3457539.jpg,3074457345616776990
4798685,9074-P,BONI Zoete snackpaprika 175g,BONI Zoete snackpaprika 175g,"2,24","12,80",EUR,Y,true,,"Fruit, groenten, aardappelen en noten > Groenten",https://www.collectandgo.be/wcsstore/CollectAndGoSFAS/images/JPG/200x200/std.lang.all/54/26/asset-3905426.jpg,3074457345616831068
3460614,29712-P,Asperges Groen 500g,Asperges Groen 500g,"5,99","11,98",EUR,Y,true,,"Fruit, groenten, aardappelen en noten > Groenten",https://www.collectandgo.be/wcsstore/CollectAndGoSFAS/images/JPG/200x200/std.lang.all/59/33/asset-1225933.jpg,3074457345616715646
4798697,9119-P,BONI Mini Komkommer 400g,BONI Mini Komkommer 400g,"3,02","7,55",EUR,Y,true,,"Fruit, groenten, aardappelen en noten > Groenten",https://www.collectandgo.be/wcsstore/CollectAndGoSFAS/images/JPG/200x200/std.lang.all/54/27/asset-3905427.jpg,3074457345616831076
4734545,17477-P,BONI Dille 20g,BONI Dille 20g,"0,99","49,50",EUR,Y,true,,"Fruit, groenten, aardappelen en noten > Groenten",https://www.collectandgo.be/wcsstore/CollectAndGoSFAS/images/JPG/200x200/std.lang.all/55/36/asset-3785536.jpg,3074457345616819182
4948259,40670-P,FLORETTE gemengde salade 140g,FLORETTE gemengde salade 140g,"2,89","20,65",EUR,Y,true,,"Fruit, groenten, aardappelen en noten > Groenten",https://www.collectandgo.be/wcsstore/CollectAndGoSFAS/images/JPG/200x200/std.lang.all/30/21/asset-4083021.jpg,3074457345616871064
4796786,35925-P,FLORETTE Essentials Gourmet 150g,FLORETTE Essentials Gourmet 150g,"1,99","13,27",EUR,Y,true,,"Fruit, groenten, aardappelen en noten > Groenten",https://www.collectandgo.be/wcsstore/CollectAndGoSFAS/images/JPG/200x200/std.lang.all/34/16/asset-3493416.jpg,3074457345616830734
4487218,26849-P,KRAMER Kimchi groentenmix Bio 300g,KRAMER Kimchi groentenmix Bio 300g,"3,59","11,97",EUR,Y,true,,"Fruit, groenten, aardappelen en noten > Groenten",https://www.collectandgo.be/wcsstore/CollectAndGoSFAS/images/JPG/200x200/std.lang.all/51/45/asset-3955145.jpg,3074457345616782100
4866391,1568-P,"BONI Snoeptomaat 1,0kg","BONI Snoeptomaat 1,0kg","5,99","5,99",EUR,Y,true,,"Fruit, groenten, aardappelen en noten > Groenten",https://www.collectandgo.be/wcsstore/CollectAndGoSFAS/images/JPG/200x200/std.lang.all/58/76/asset-3855876.jpg,3074457345616845042
4713443,31834-P,STOFFELS Toma'Tapas 450g,STOFFELS Toma'Tapas 450g,"3,99","8,87",EUR,Y,true,,"Fruit, groenten, aardappelen en noten > Groenten",https://www.collectandgo.be/wcsstore/CollectAndGoSFAS/images/JPG/200x200/std.lang.all/59/15/asset-3205915.jpg,3074457345616813038
4661721,29841-P,BONI snoeptomaten mix 500g,BONI snoeptomaten mix 500g,"3,70","7,40",EUR,Y,true,,"Fruit, groenten, aardappelen en noten > Groenten",https://www.collectandgo.be/wcsstore/CollectAndGoSFAS/images/JPG/200x200/std.lang.all/60/58/asset-3856058.jpg,3074457345616805170
4895190,14951-P,Cherrytrostomaten Aromia 260g,Cherrytrostomaten Aromia 260g,"3,99","15,35",EUR,Y,true,,"Fruit, groenten, aardappelen en noten > Groenten",https://www.collectandgo.be/wcsstore/CollectAndGoSFAS/images/JPG/200x200/std.lang.all/47/59/asset-4054759.jpg,3074457345616851470
4696655,30773-P,Honingtomaten 180g,Honingtomaten 180g,"4,37","24,28",EUR,Y,true,,"Fruit, groenten, aardappelen en noten > Groenten",https://www.collectandgo.be/wcsstore/CollectAndGoSFAS/images/JPG/200x200/std.lang.all/24/05/asset-3942405.jpg,3074457345616809826
4852436,3985-P,BONI Tuinkers 1st,BONI Tuinkers 1st,"1,04","1,04",EUR,Y,true,,"Fruit, groenten, aardappelen en noten > Groenten",https://www.collectandgo.be/wcsstore/CollectAndGoSFAS/images/JPG/200x200/std.lang.all/75/33/asset-3767533.jpg,3074457345616842470
4936800,28737-P,BONI ijsbergsalade fijn 100g,BONI ijsbergsalade fijn 100g,"1,19","11,90",EUR,Y,true,,"Fruit, groenten, aardappelen en noten > Groenten",https://www.collectandgo.be/wcsstore/CollectAndGoSFAS/images/JPG/200x200/std.lang.all/30/19/asset-4083019.jpg,3074457345616865266
4876217,38988-P,BONI Cherrytomaten 250g,BONI Cherrytomaten 250g,"3,49","13,96",EUR,Y,true,,"Fruit, groenten, aardappelen en noten > Groenten",https://www.collectandgo.be/wcsstore/CollectAndGoSFAS/images/JPG/200x200/std.lang.all/60/53/asset-3856053.jpg,3074457345616846032
4865027,38766-P,BONI Wokgroenten nasi bami 400g,BONI Wokgroenten nasi bami 400g,"2,69","6,73",EUR,Y,true,,"Fruit, groenten, aardappelen en noten > Groenten",https://www.collectandgo.be/wcsstore/CollectAndGoSFAS/images/JPG/200x200/std.lang.all/20/67/asset-3992067.jpg,3074457345616844682
3066487,1874-P,BONI kervelsoepgroenten 500g,BONI kervelsoepgroenten 500g,"2,89","5,78",EUR,Y,true,,"Fruit, groenten, aardappelen en noten > Groenten",https://www.collectandgo.be/wcsstore/CollectAndGoSFAS/images/JPG/200x200/std.lang.all/02/16/asset-2480216.jpg,3074457345616790088
3066469,1828-P,BONI pompoensoepgroenten 500g,BONI pompoensoepgroenten 500g,"2,89","5,78",EUR,Y,true,,"Fruit, groenten, aardappelen en noten > Groenten",https://www.collectandgo.be/wcsstore/CollectAndGoSFAS/images/JPG/200x200/std.lang.all/38/83/asset-4053883.jpg,3074457345616704432
4667309,8323-P,BONI Pastagroenten 400g,BONI Pastagroenten 400g,"1,99","4,98",EUR,Y,true,,"Fruit, groenten, aardappelen en noten > Groenten",https://www.collectandgo.be/wcsstore/CollectAndGoSFAS/images/JPG/200x200/std.lang.all/56/72/asset-3595672.jpg,3074457345616805862
4865031,38767-P,BONI Wokgroenten Teriyaki + saus 400g,BONI Wokgroenten Teriyaki + saus 400g,"2,79","6,98",EUR,Y,true,,"Fruit, groenten, aardappelen en noten > Groenten",https://www.collectandgo.be/wcsstore/CollectAndGoSFAS/images/JPG/200x200/std.lang.all/20/68/asset-3992068.jpg,3074457345616844684
4751903,15072-P,BONI Courgettesoep 500g,BONI Courgettesoep 500g,"2,79","5,58",EUR,Y,true,,"Fruit, groenten, aardappelen en noten > Groenten",https://www.collectandgo.be/wcsstore/CollectAndGoSFAS/images/JPG/200x200/std.lang.all/35/68/asset-3363568.jpg,3074457345616821758
4865243,38771-P,BONI Wokgroenten indian curry +saus 400g,BONI Wokgroenten indian curry +saus 400g,"2,79","6,98",EUR,Y,true,,"Fruit, groenten, aardappelen en noten > Groenten",https://www.collectandgo.be/wcsstore/CollectAndGoSFAS/images/JPG/200x200/std.lang.all/23/16/asset-3992316.jpg,3074457345616844706
4838808,37965-P,"BONI Mexicaan burrito3-4p 1,55kg","BONI Mexicaan burrito3-4p 1,55kg","5,99","3,87",EUR,Y,true,,"Fruit, groenten, aardappelen en noten > Groenten",https://www.collectandgo.be/wcsstore/CollectAndGoSFAS/images/JPG/200x200/std.lang.all/74/32/asset-3727432.jpg,3074457345616839682
4865145,38768-P,BONI Wokgroenten japanees 400g,BONI Wokgroenten japanees 400g,"2,79","6,98",EUR,Y,true,,"Fruit, groenten, aardappelen en noten > Groenten",https://www.collectandgo.be/wcsstore/CollectAndGoSFAS/images/JPG/200x200/std.lang.all/22/14/asset-3992214.jpg,3074457345616844698
4839157,37979-P,BONI Pad thai 3-4 p 900g,BONI Pad thai 3-4 p 900g,"6,99","7,77",EUR,Y,true,,"Fruit, groenten, aardappelen en noten > Groenten",https://www.collectandgo.be/wcsstore/CollectAndGoSFAS/images/JPG/200x200/std.lang.all/23/79/asset-3632379.jpg,3074457345616839710
4865157,38769-P,BONI wokgroenten cambodian 400g,BONI wokgroenten cambodian 400g,"2,51","6,28",EUR,Y,true,,"Fruit, groenten, aardappelen en noten > Groenten",https://www.collectandgo.be/wcsstore/CollectAndGoSFAS/images/JPG/200x200/std.lang.all/23/15/asset-3992315.jpg,3074457345616844700
4393496,5003-P,"BONI Freshbox Groentenrisotto 3-4p 1,1kg","BONI Freshbox Groentenrisotto 3-4p 1,1kg","5,49","5,00",EUR,Y,true,,"Fruit, groenten, aardappelen en noten > Groenten",https://www.collectandgo.be/wcsstore/CollectAndGoSFAS/images/JPG/200x200/std.lang.all/16/55/asset-2921655.jpg,3074457345616770948
4393522,9767-P,"BONI Freshbox Moussaka 3-4p 1,25kg","BONI Freshbox Moussaka 3-4p 1,25kg","5,52","4,42",EUR,Y,true,,"Fruit, groenten, aardappelen en noten > Groenten",https://www.collectandgo.be/wcsstore/CollectAndGoSFAS/images/JPG/200x200/std.lang.all/67/09/asset-3576709.jpg,3074457345616770960
4862363,22221-P,BONI Wokgroenten couscous 400g,BONI Wokgroenten couscous 400g,"2,89","7,23",EUR,Y,true,,"Fruit, groenten, aardappelen en noten > Groenten",https://www.collectandgo.be/wcsstore/CollectAndGoSFAS/images/JPG/200x200/std.lang.all/21/54/asset-3992154.jpg,3074457345616844220
4393590,12083-P,"BONI Freshbox Indiase Curry 3-4p 1,1kg","BONI Freshbox Indiase Curry 3-4p 1,1kg","5,79","5,27",EUR,Y,true,,"Fruit, groenten, aardappelen en noten > Groenten",https://www.collectandgo.be/wcsstore/CollectAndGoSFAS/images/JPG/200x200/std.lang.all/67/08/asset-3576708.jpg,3074457345616770970
2295540,29009-P,BONI BIO knolselder,BONI BIO knolselder,"1,69","1,69",EUR,Y,true,,"Fruit, groenten, aardappelen en noten > Groenten",https://www.collectandgo.be/wcsstore/CollectAndGoSFAS/images/JPG/200x200/std.lang.all/10/04/asset-2311004.jpg,3074457345616790710
4680451,30414-P,Tomaat Ruby Red 500g,Tomaat Ruby Red 500g,"3,99","7,98",EUR,Y,true,,"Fruit, groenten, aardappelen en noten > Groenten",https://www.collectandgo.be/wcsstore/CollectAndGoSFAS/images/JPG/200x200/std.lang.all/90/51/asset-4019051.jpg,3074457345616807106
4686917,30223-P,BONI Cocktail Trostomaten 450g,BONI Cocktail Trostomaten 450g,"3,59","7,98",EUR,Y,true,,"Fruit, groenten, aardappelen en noten > Groenten",https://www.collectandgo.be/wcsstore/CollectAndGoSFAS/images/JPG/200x200/std.lang.all/59/85/asset-3855985.jpg,3074457345616808780
4884317,15455-P,BONI BIO TROSTOMAAT 500g,BONI BIO TROSTOMAAT 500g,"2,99","5,98",EUR,Y,true,,"Fruit, groenten, aardappelen en noten > Groenten",https://www.collectandgo.be/wcsstore/CollectAndGoSFAS/images/JPG/200x200/std.lang.all/58/77/asset-3855877.jpg,3074457345616848206
4798222,7256-P,Tomaten Kumato,Tomaten Kumato,"3,99","3,99",EUR,Y,true,,"Fruit, groenten, aardappelen en noten > Groenten",https://www.collectandgo.be/wcsstore/CollectAndGoSFAS/images/JPG/200x200/std.lang.all/42/20/asset-3554220.jpg,3074457345616830998
3595635,29561-P,Paksoi,Paksoi,"1,69","1,69",EUR,Y,true,,"Fruit, groenten, aardappelen en noten > Groenten",https://www.collectandgo.be/wcsstore/CollectAndGoSFAS/images/JPG/200x200/std.lang.all/23/08/asset-1122308.jpg,3074457345616749394
4725683,10713-P,BONI PLAN'T Rode linzen 500g,BONI PLAN'T Rode linzen 500g,"2,74","5,48",EUR,Y,true,,"Fruit, groenten, aardappelen en noten > Groenten",https://www.collectandgo.be/wcsstore/CollectAndGoSFAS/images/JPG/200x200/std.lang.all/87/71/asset-3988771.jpg,3074457345616816098
1602413,41697-P,HYGIENA witte bonen bio 500g,HYGIENA witte bonen bio 500g,"3,99","7,98",EUR,Y,true,,"Fruit, groenten, aardappelen en noten > Groenten",https://www.collectandgo.be/wcsstore/CollectAndGoSFAS/images/JPG/200x200/std.lang.all/11/79/asset-3681179.jpg,3074457345616686542
1602429,41699-P,HYGIENA bruine linzen bio 500g,HYGIENA bruine linzen bio 500g,"3,49","6,98",EUR,Y,true,,"Fruit, groenten, aardappelen en noten > Groenten",https://www.collectandgo.be/wcsstore/CollectAndGoSFAS/images/JPG/200x200/std.lang.all/11/80/asset-3681180.jpg,3074457345616686546
4088153,7971-P,LE BON SEMEUR rode linzen Bio 500g,LE BON SEMEUR rode linzen Bio 500g,"2,99","5,98",EUR,Y,true,,"Fruit, groenten, aardappelen en noten > Groenten",https://www.collectandgo.be/wcsstore/CollectAndGoSFAS/images/JPG/200x200/std.lang.all/15/20/asset-1761520.jpg,3074457345616740448
1602411,41696-P,HYGIENA rode bonen bio 500g,HYGIENA rode bonen bio 500g,"3,99","7,98",EUR,Y,true,,"Fruit, groenten, aardappelen en noten > Groenten",https://www.collectandgo.be/wcsstore/CollectAndGoSFAS/images/JPG/200x200/std.lang.all/11/78/asset-3681178.jpg,3074457345616686438
4551179,14926-P,Portobello 3st 210g,Portobello 3st 210g,"2,76","13,15",EUR,N,true,,"Fruit, groenten, aardappelen en noten > Groenten",https://www.collectandgo.be/wcsstore/CollectAndGoSFAS/images/JPG/200x200/std.lang.all/68/30/asset-3476830.jpg,3074457345616792888
4943659,40243-P,BONI rauwkost met kool 150g,BONI rauwkost met kool 150g,"1,49","9,94",EUR,N,true,,"Fruit, groenten, aardappelen en noten > Groenten",https://www.collectandgo.be/wcsstore/CollectAndGoSFAS/images/JPG/200x200/std.lang.all/30/20/asset-4083020.jpg,3074457345616869322
4946515,21503-P,BONI wortel selder snack 150g,BONI wortel selder snack 150g,"1,72","11,47",EUR,N,true,,"Fruit, groenten, aardappelen en noten > Groenten",https://www.collectandgo.be/wcsstore/CollectAndGoSFAS/images/JPG/200x200/std.lang.all/31/19/asset-4083119.jpg,3074457345616870444
3756160,12676-P,aardappelpuree ±500g,aardappelpuree ±500g,"8,79","8,79",EUR,Y,true,,"Fruit, groenten, aardappelen en noten > Aardappelen",https://www.collectandgo.be/wcsstore/CollectAndGoSFAS/images/JPG/200x200/std.lang.all/00/23/asset-1530023.jpg,3074457345616726086
4722238,17316-P,FFM aardappelsalade ±500g,FFM aardappelsalade ±500g,"9,00","9,00",EUR,Y,true,,"Fruit, groenten, aardappelen en noten > Aardappelen",https://www.collectandgo.be/wcsstore/CollectAndGoSFAS/images/JPG/200x200/std.lang.all/29/25/asset-2762925.jpg,3074457345616815538
4409943,24947-P,gemarineerde aardappelen ±660g,gemarineerde aardappelen ±660g,"7,88","7,88",EUR,Y,true,,"Fruit, groenten, aardappelen en noten > Aardappelen",https://www.collectandgo.be/wcsstore/CollectAndGoSFAS/images/JPG/200x200/std.lang.all/97/15/asset-2779715.jpg,3074457345616773068
4557280,25782-P,POTATO CH. zoete aardappel kruiden 650g,POTATO CH. zoete aardappel kruiden 650g,"4,06","6,25",EUR,Y,true,,"Fruit, groenten, aardappelen en noten > Aardappelen",https://www.collectandgo.be/wcsstore/CollectAndGoSFAS/images/JPG/200x200/std.lang.all/71/10/asset-3897110.jpg,3074457345616793822
4346053,19990-P,THE POTATO CHEF zoete aardpplkroket 420g,THE POTATO CHEF zoete aardpplkroket 420g,"4,94","11,77",EUR,Y,true,,"Fruit, groenten, aardappelen en noten > Aardappelen",https://www.collectandgo.be/wcsstore/CollectAndGoSFAS/images/JPG/200x200/std.lang.all/31/46/asset-3323146.jpg,3074457345616764704
1724824,33293-P,BONI aardappelkroketten 500g,BONI aardappelkroketten 500g,"3,99","7,98",EUR,Y,true,,"Fruit, groenten, aardappelen en noten > Aardappelen",https://www.collectandgo.be/wcsstore/CollectAndGoSFAS/images/JPG/200x200/std.lang.all/10/72/asset-2961072.jpg,3074457345616687550
28074,28074-P,Aardappelen matig vastkokend,Aardappelen matig vastkokend,"1,49","1,49",EUR,Y,true,,"Fruit, groenten, aardappelen en noten > Aardappelen",https://www.collectandgo.be/wcsstore/CollectAndGoSFAS/images/JPG/200x200/std.lang.all/21/54/asset-342154.jpg,3074457345616681050
3728318,29565-P,BONI zoete aardappel (los),BONI zoete aardappel (los),"2,49","2,49",EUR,Y,true,,"Fruit, groenten, aardappelen en noten > Aardappelen",https://www.collectandgo.be/wcsstore/CollectAndGoSFAS/images/JPG/200x200/std.lang.all/85/00/asset-1348500.jpg,3074457345616747740
1980938,14763-P,gratin dauphinois ±800g,gratin dauphinois ±800g,"7,89","7,89",EUR,Y,true,,"Fruit, groenten, aardappelen en noten > Aardappelen",https://www.collectandgo.be/wcsstore/CollectAndGoSFAS/images/JPG/200x200/std.lang.all/52/54/asset-2295254.jpg,3074457345616690424
4945867,9459-P,gevulde aardappel 4st 500g,gevulde aardappel 4st 500g,"6,00","12,00",EUR,Y,true,,"Fruit, groenten, aardappelen en noten > Aardappelen",https://www.collectandgo.be/wcsstore/CollectAndGoSFAS/images/JPG/200x200/std.lang.all/93/63/asset-3279363.jpg,3074457345616870298
4842805,12596-P,POTATO CHEF Bakaardappeltjes 425g,POTATO CHEF Bakaardappeltjes 425g,"1,69","3,98",EUR,Y,true,,"Fruit, groenten, aardappelen en noten > Aardappelen",https://www.collectandgo.be/wcsstore/CollectAndGoSFAS/images/JPG/200x200/std.lang.all/74/24/asset-3647424.jpg,3074457345616840452
1884840,28044-P,BONI BIO krielaardappelen 1kg,BONI BIO krielaardappelen 1kg,"3,14","3,14",EUR,Y,true,,"Fruit, groenten, aardappelen en noten > Aardappelen",https://www.collectandgo.be/wcsstore/CollectAndGoSFAS/images/JPG/200x200/std.lang.all/76/90/asset-2527690.jpg,3074457345616691008
3458142,28860-P,BONI minikrieltjes 1kg,BONI minikrieltjes 1kg,"2,86","2,86",EUR,Y,true,,"Fruit, groenten, aardappelen en noten > Aardappelen",https://www.collectandgo.be/wcsstore/CollectAndGoSFAS/images/JPG/200x200/std.lang.all/97/58/asset-3989758.jpg,3074457345616714032
1889971,28818-P,BONI krielaardappelen 2kg,BONI krielaardappelen 2kg,"4,98","2,49",EUR,Y,true,,"Fruit, groenten, aardappelen en noten > Aardappelen",https://www.collectandgo.be/wcsstore/CollectAndGoSFAS/images/JPG/200x200/std.lang.all/06/55/asset-3820655.jpg,3074457345616692744
4872143,29181-P,BONI Rode Kriel | Bewaar 1kg,BONI Rode Kriel | Bewaar 1kg,"2,49","2,49",EUR,Y,true,,"Fruit, groenten, aardappelen en noten > Aardappelen",https://www.collectandgo.be/wcsstore/CollectAndGoSFAS/images/JPG/200x200/std.lang.all/77/95/asset-3987795.jpg,3074457345616845662
3015205,9060-P,BONI aardappelpuree 850g,BONI aardappelpuree 850g,"4,14","4,88",EUR,Y,true,,"Fruit, groenten, aardappelen en noten > Aardappelen",https://www.collectandgo.be/wcsstore/CollectAndGoSFAS/images/JPG/200x200/std.lang.all/32/64/asset-3723264.jpg,3074457345616703464
4503655,19268-P,THE POTATO CHEF krieltjes Italian 420g,THE POTATO CHEF krieltjes Italian 420g,"2,59","6,17",EUR,Y,true,,"Fruit, groenten, aardappelen en noten > Aardappelen",https://www.collectandgo.be/wcsstore/CollectAndGoSFAS/images/JPG/200x200/std.lang.all/32/04/asset-3763204.jpg,3074457345616787254
4859762,3127-P,BONI aardappelen Charlotte 3kg,BONI aardappelen Charlotte 3kg,"4,50","1,50",EUR,Y,true,,"Fruit, groenten, aardappelen en noten > Aardappelen",https://www.collectandgo.be/wcsstore/CollectAndGoSFAS/images/JPG/200x200/std.lang.all/74/37/asset-3997437.jpg,3074457345616844072
3331449,22313-P,"BONI Laurette aardappelen 2,5kg","BONI Laurette aardappelen 2,5kg","4,95","1,98",EUR,Y,true,,"Fruit, groenten, aardappelen en noten > Aardappelen",https://www.collectandgo.be/wcsstore/CollectAndGoSFAS/images/JPG/200x200/std.lang.all/79/07/asset-3987907.jpg,3074457345616710156
4020422,5140-P,"BONI BIO aardappel vastkokend 2,5kg","BONI BIO aardappel vastkokend 2,5kg","4,95","1,98",EUR,Y,true,,"Fruit, groenten, aardappelen en noten > Aardappelen",https://www.collectandgo.be/wcsstore/CollectAndGoSFAS/images/JPG/200x200/std.lang.all/74/45/asset-3997445.jpg,3074457345616733818
4084059,7843-P,"BONI polderaardappelen 2,5kg","BONI polderaardappelen 2,5kg","3,95","1,58",EUR,Y,true,,"Fruit, groenten, aardappelen en noten > Aardappelen",https://www.collectandgo.be/wcsstore/CollectAndGoSFAS/images/JPG/200x200/std.lang.all/67/54/asset-3986754.jpg,3074457345616789320
3458126,22435-P,"BONI BIO aardappel 2,5kg","BONI BIO aardappel 2,5kg","4,15","1,66",EUR,Y,true,,"Fruit, groenten, aardappelen en noten > Aardappelen",https://www.collectandgo.be/wcsstore/CollectAndGoSFAS/images/JPG/200x200/std.lang.all/54/32/asset-3745432.jpg,3074457345616714030
3273474,12263-P,BONI aardappelschijf 100% gaar 500g,BONI aardappelschijf 100% gaar 500g,"0,75","1,50",EUR,Y,true,,"Fruit, groenten, aardappelen en noten > Aardappelen",https://www.collectandgo.be/wcsstore/CollectAndGoSFAS/images/JPG/200x200/std.lang.all/93/60/asset-3009360.jpg,3074457345616713560
4684133,10887-P,"BONI Goldmarie bewaaraardappelen 2,5kg","BONI Goldmarie bewaaraardappelen 2,5kg","3,95","1,58",EUR,Y,true,,"Fruit, groenten, aardappelen en noten > Aardappelen",https://www.collectandgo.be/wcsstore/CollectAndGoSFAS/images/JPG/200x200/std.lang.all/79/08/asset-3987908.jpg,3074457345616808166
3273467,12181-P,BONI krieltje voorgekookt 500g,BONI krieltje voorgekookt 500g,"0,95","1,90",EUR,Y,true,,"Fruit, groenten, aardappelen en noten > Aardappelen",https://www.collectandgo.be/wcsstore/CollectAndGoSFAS/images/JPG/200x200/std.lang.all/93/59/asset-3009359.jpg,3074457345616713556
4953659,9491-P,Aardappelen Zachtkokend 10kg,Aardappelen Zachtkokend 10kg,"7,95","0,80",EUR,Y,true,,"Fruit, groenten, aardappelen en noten > Aardappelen",,3074457345616873218
3992040,4227-P,BONI halve krieltjes m look peters. 425g,BONI halve krieltjes m look peters. 425g,"1,59","3,75",EUR,Y,true,,"Fruit, groenten, aardappelen en noten > Aardappelen",https://www.collectandgo.be/wcsstore/CollectAndGoSFAS/images/JPG/200x200/std.lang.all/75/56/asset-3987556.jpg,3074457345616740992
3992446,4234-P,BONI AARDAPPELPARTJ+SCHIL TIJ.ROZ 425g,BONI AARDAPPELPARTJ+SCHIL TIJ.ROZ 425g,"1,79","4,22",EUR,Y,true,,"Fruit, groenten, aardappelen en noten > Aardappelen",https://www.collectandgo.be/wcsstore/CollectAndGoSFAS/images/JPG/200x200/std.lang.all/75/57/asset-3987557.jpg,3074457345616738544
3659362,3722-P,BONI bistro minikrieltjes 500g,BONI bistro minikrieltjes 500g,"1,50","3,00",EUR,Y,true,,"Fruit, groenten, aardappelen en noten > Aardappelen",https://www.collectandgo.be/wcsstore/CollectAndGoSFAS/images/JPG/200x200/std.lang.all/49/47/asset-3964947.jpg,3074457345616721578
3709773,22438-P,"BONI aardappelen Franceline 2,5kg","BONI aardappelen Franceline 2,5kg","4,49","1,80",EUR,Y,true,,"Fruit, groenten, aardappelen en noten > Aardappelen",https://www.collectandgo.be/wcsstore/CollectAndGoSFAS/images/JPG/200x200/std.lang.all/86/55/asset-3128655.jpg,3074457345616746174
4924327,20467-P,BONI zoete aardappelblokjes 750g,BONI zoete aardappelblokjes 750g,"3,36","4,48",EUR,Y,true,,"Fruit, groenten, aardappelen en noten > Aardappelen",https://www.collectandgo.be/wcsstore/CollectAndGoSFAS/images/JPG/200x200/std.lang.all/37/93/asset-4053793.jpg,3074457345616859724
4856947,23101-P,"PRESTO POTATO Schil mij nietjes 2,5kg","PRESTO POTATO Schil mij nietjes 2,5kg","4,45","1,78",EUR,Y,true,,"Fruit, groenten, aardappelen en noten > Aardappelen",https://www.collectandgo.be/wcsstore/CollectAndGoSFAS/images/JPG/200x200/nl_be/50/45/asset-3955045.jpg,3074457345616843714
2573475,3648-P,BONI aardappelgolfjes 450g,BONI aardappelgolfjes 450g,"1,39","3,09",EUR,Y,true,,"Fruit, groenten, aardappelen en noten > Aardappelen",https://www.collectandgo.be/wcsstore/CollectAndGoSFAS/images/JPG/200x200/std.lang.all/65/74/asset-3566574.jpg,3074457345616698988
4507569,28039-P,THE POTATO CHEF krieltjes Provençal 420g,THE POTATO CHEF krieltjes Provençal 420g,"2,59","6,17",EUR,Y,true,,"Fruit, groenten, aardappelen en noten > Aardappelen",https://www.collectandgo.be/wcsstore/CollectAndGoSFAS/images/JPG/200x200/std.lang.all/15/57/asset-3841557.jpg,3074457345616788794
3993444,4240-P,BONI PIT.AARDAPPELPARTJES Z.SCHIL 425g,BONI PIT.AARDAPPELPARTJES Z.SCHIL 425g,"1,79","4,22",EUR,Y,true,,"Fruit, groenten, aardappelen en noten > Aardappelen",https://www.collectandgo.be/wcsstore/CollectAndGoSFAS/images/JPG/200x200/std.lang.all/49/48/asset-3964948.jpg,3074457345616736780
28086,28086-P,"BONI belle de fontenay 2,5kg","BONI belle de fontenay 2,5kg","6,25","2,50",EUR,Y,true,,"Fruit, groenten, aardappelen en noten > Aardappelen",https://www.collectandgo.be/wcsstore/CollectAndGoSFAS/images/JPG/200x200/std.lang.all/79/05/asset-3987905.jpg,3074457345616789476
28073,28073-P,BONI frietaardappelen 5kg,BONI frietaardappelen 5kg,"6,47","1,30",EUR,Y,true,,"Fruit, groenten, aardappelen en noten > Aardappelen",https://www.collectandgo.be/wcsstore/CollectAndGoSFAS/images/JPG/200x200/std.lang.all/86/53/asset-3128653.jpg,3074457345616681048
28076,28076-P,BONI nicola extra 5kg,BONI nicola extra 5kg,"6,95","1,39",EUR,Y,true,,"Fruit, groenten, aardappelen en noten > Aardappelen",https://www.collectandgo.be/wcsstore/CollectAndGoSFAS/images/JPG/200x200/std.lang.all/87/18/asset-3128718.jpg,3074457345616681052
28069,28069-P,BONI kookaardappelen 5kg,BONI kookaardappelen 5kg,"4,95","0,99",EUR,Y,true,,"Fruit, groenten, aardappelen en noten > Aardappelen",https://www.collectandgo.be/wcsstore/CollectAndGoSFAS/images/JPG/200x200/std.lang.all/93/24/asset-3159324.jpg,3074457345616681044
3312460,12053-P,BONI verse frieten 1kg,BONI verse frieten 1kg,"1,43","1,43",EUR,Y,true,,"Fruit, groenten, aardappelen en noten > Aardappelen",https://www.collectandgo.be/wcsstore/CollectAndGoSFAS/images/JPG/200x200/std.lang.all/37/65/asset-3373765.jpg,3074457345616708196
4684131,10863-P,POTATO CHEF Belgische aardappelen 4kg,POTATO CHEF Belgische aardappelen 4kg,"6,60","1,65",EUR,Y,true,,"Fruit, groenten, aardappelen en noten > Aardappelen",https://www.collectandgo.be/wcsstore/CollectAndGoSFAS/images/JPG/200x200/std.lang.all/54/64/asset-3685464.jpg,3074457345616808164
4779611,15909-P,ART OF POTATOES Frieten vers vrgb. 1kg,ART OF POTATOES Frieten vers vrgb. 1kg,"2,74","2,74",EUR,Y,true,,"Fruit, groenten, aardappelen en noten > Aardappelen",https://www.collectandgo.be/wcsstore/CollectAndGoSFAS/images/JPG/200x200/std.lang.all/07/02/asset-3530702.jpg,3074457345616826728
4724904,6352-P,THE POTATO CHEF Verse frieten 2kg,THE POTATO CHEF Verse frieten 2kg,"4,09","2,05",EUR,Y,true,,"Fruit, groenten, aardappelen en noten > Aardappelen",https://www.collectandgo.be/wcsstore/CollectAndGoSFAS/images/JPG/200x200/std.lang.all/61/21/asset-3726121.jpg,3074457345616815854
28070,28070-P,EVERYDAY bloemige aardappelen 5kg,EVERYDAY bloemige aardappelen 5kg,"4,95","0,99",EUR,Y,true,,"Fruit, groenten, aardappelen en noten > Aardappelen",https://www.collectandgo.be/wcsstore/CollectAndGoSFAS/images/JPG/200x200/std.lang.all/07/42/asset-2730742.jpg,3074457345616681046
1385684,28096-P,EVERYDAY aardappelen vastkokend 5kg,EVERYDAY aardappelen vastkokend 5kg,"5,49","1,10",EUR,Y,true,,"Fruit, groenten, aardappelen en noten > Aardappelen",https://www.collectandgo.be/wcsstore/CollectAndGoSFAS/images/JPG/200x200/std.lang.all/88/03/asset-3378803.jpg,3074457345616683504
3273447,12512-P,EVERYDAY aardappelblok voorgekookt 500g,EVERYDAY aardappelblok voorgekookt 500g,"1,39","2,78",EUR,Y,true,,"Fruit, groenten, aardappelen en noten > Aardappelen",https://www.collectandgo.be/wcsstore/CollectAndGoSFAS/images/JPG/200x200/std.lang.all/65/75/asset-3566575.jpg,3074457345616713554
2432652,24798-P,NOBERASCO sultana rozijnen Bio 250g,NOBERASCO sultana rozijnen Bio 250g,"2,55","10,20",EUR,Y,true,,"Fruit, groenten, aardappelen en noten > Noten, zaden, pitten en gedroogd fruit",https://www.collectandgo.be/wcsstore/CollectAndGoSFAS/images/JPG/200x200/std.lang.all/63/12/asset-3656312.jpg,3074457345616695488
2973335,42059-P,NOBERASCO abrikozen Bio 200g,NOBERASCO abrikozen Bio 200g,"4,29","21,45",EUR,Y,true,,"Fruit, groenten, aardappelen en noten > Noten, zaden, pitten en gedroogd fruit",https://www.collectandgo.be/wcsstore/CollectAndGoSFAS/images/JPG/200x200/std.lang.all/92/56/asset-3679256.jpg,3074457345616701628
2973353,42060-P,NOBERASCO dadels Bio 200g,NOBERASCO dadels Bio 200g,"2,99","14,95",EUR,Y,true,,"Fruit, groenten, aardappelen en noten > Noten, zaden, pitten en gedroogd fruit",https://www.collectandgo.be/wcsstore/CollectAndGoSFAS/images/JPG/200x200/std.lang.all/92/57/asset-3679257.jpg,3074457345616701630
2973370,42070-P,NOBERASCO pruimen zonder pit Bio 200g,NOBERASCO pruimen zonder pit Bio 200g,"4,49","22,45",EUR,Y,true,,"Fruit, groenten, aardappelen en noten > Noten, zaden, pitten en gedroogd fruit",https://www.collectandgo.be/wcsstore/CollectAndGoSFAS/images/JPG/200x200/std.lang.all/92/59/asset-3679259.jpg,3074457345616701634
3565986,14192-P,NUTS&BERRIES gevriesdr.aardbei bio 15g,NUTS&BERRIES gevriesdr.aardbei bio 15g,"4,29","286,00",EUR,Y,true,,"Fruit, groenten, aardappelen en noten > Noten, zaden, pitten en gedroogd fruit",https://www.collectandgo.be/wcsstore/CollectAndGoSFAS/images/JPG/200x200/std.lang.all/13/68/asset-1611368.jpg,3074457345616717464
28888,28888-P,EVERYDAY notenmengeling 300g,EVERYDAY notenmengeling 300g,"2,99","9,97",EUR,Y,true,,"Fruit, groenten, aardappelen en noten > Noten, zaden, pitten en gedroogd fruit",https://www.collectandgo.be/wcsstore/CollectAndGoSFAS/images/JPG/200x200/std.lang.all/55/83/asset-2775583.jpg,3074457345616678976
28856,28856-P,BONI walnootpitten 200g,BONI walnootpitten 200g,"3,19","15,95",EUR,Y,true,,"Fruit, groenten, aardappelen en noten > Noten, zaden, pitten en gedroogd fruit",https://www.collectandgo.be/wcsstore/CollectAndGoSFAS/images/JPG/200x200/std.lang.all/62/17/asset-3916217.jpg,3074457345616678942
28881,28881-P,BONI cashewnoten natuur 250g,BONI cashewnoten natuur 250g,"4,49","17,96",EUR,Y,true,,"Fruit, groenten, aardappelen en noten > Noten, zaden, pitten en gedroogd fruit",https://www.collectandgo.be/wcsstore/CollectAndGoSFAS/images/JPG/200x200/std.lang.all/86/21/asset-3878621.jpg,3074457345616678968
1823474,34887-P,EVERYDAY pijnboompitten 200g,EVERYDAY pijnboompitten 200g,"5,80","29,00",EUR,Y,true,,"Fruit, groenten, aardappelen en noten > Noten, zaden, pitten en gedroogd fruit",https://www.collectandgo.be/wcsstore/CollectAndGoSFAS/images/JPG/200x200/std.lang.all/62/62/asset-3456262.jpg,3074457345616691312
3312635,17600-P,BONI chiazaad 350g,BONI chiazaad 350g,"3,37","9,63",EUR,Y,true,,"Fruit, groenten, aardappelen en noten > Noten, zaden, pitten en gedroogd fruit",https://www.collectandgo.be/wcsstore/CollectAndGoSFAS/images/JPG/200x200/std.lang.all/58/99/asset-3905899.jpg,3074457345616708396
28857,28857-P,BONI amandelnoten 250g,BONI amandelnoten 250g,"3,11","12,44",EUR,Y,true,,"Fruit, groenten, aardappelen en noten > Noten, zaden, pitten en gedroogd fruit",https://www.collectandgo.be/wcsstore/CollectAndGoSFAS/images/JPG/200x200/std.lang.all/30/51/asset-2763051.jpg,3074457345616678944
28908,28908-P,BONI pistachenoten geroost.&gezout. 250g,BONI pistachenoten geroost.&gezout. 250g,"3,36","13,44",EUR,Y,true,,"Fruit, groenten, aardappelen en noten > Noten, zaden, pitten en gedroogd fruit",https://www.collectandgo.be/wcsstore/CollectAndGoSFAS/images/JPG/200x200/std.lang.all/08/40/asset-2170840.jpg,3074457345616679536
1937035,28268-P,BONI pecannoten 200g,BONI pecannoten 200g,"5,65","28,25",EUR,Y,true,,"Fruit, groenten, aardappelen en noten > Noten, zaden, pitten en gedroogd fruit",https://www.collectandgo.be/wcsstore/CollectAndGoSFAS/images/JPG/200x200/std.lang.all/02/41/asset-2480241.jpg,3074457345616693106
1541726,28955-P,BONI zachte dadels zonder pit 200g,BONI zachte dadels zonder pit 200g,"0,79","3,95",EUR,Y,true,,"Fruit, groenten, aardappelen en noten > Noten, zaden, pitten en gedroogd fruit",https://www.collectandgo.be/wcsstore/CollectAndGoSFAS/images/JPG/200x200/std.lang.all/29/37/asset-592937.jpg,3074457345616688932
1630024,11570-P,EVERYDAY rozijnen 500g,EVERYDAY rozijnen 500g,"1,98","3,96",EUR,Y,true,,"Fruit, groenten, aardappelen en noten > Noten, zaden, pitten en gedroogd fruit",https://www.collectandgo.be/wcsstore/CollectAndGoSFAS/images/JPG/200x200/std.lang.all/60/42/asset-3946042.jpg,3074457345616687904
4519357,9828-P,BONI cashewnoten rozemarijn 250g,BONI cashewnoten rozemarijn 250g,"5,95","23,80",EUR,Y,true,,"Fruit, groenten, aardappelen en noten > Noten, zaden, pitten en gedroogd fruit",https://www.collectandgo.be/wcsstore/CollectAndGoSFAS/images/JPG/200x200/std.lang.all/47/26/asset-4054726.jpg,3074457345616789944
28882,28882-P,BONI notenmengeling 350g,BONI notenmengeling 350g,"7,00","20,00",EUR,Y,true,,"Fruit, groenten, aardappelen en noten > Noten, zaden, pitten en gedroogd fruit",https://www.collectandgo.be/wcsstore/CollectAndGoSFAS/images/JPG/200x200/std.lang.all/03/91/asset-4070391.jpg,3074457345616678970
3312637,17029-P,BONI pompoenpitten 290g,BONI pompoenpitten 290g,"4,39","15,14",EUR,Y,true,,"Fruit, groenten, aardappelen en noten > Noten, zaden, pitten en gedroogd fruit",https://www.collectandgo.be/wcsstore/CollectAndGoSFAS/images/JPG/200x200/std.lang.all/38/47/asset-1013847.jpg,3074457345616708398
1937025,28271-P,BONI zachte veenbessen 250g,BONI zachte veenbessen 250g,"1,69","6,76",EUR,Y,true,,"Fruit, groenten, aardappelen en noten > Noten, zaden, pitten en gedroogd fruit",https://www.collectandgo.be/wcsstore/CollectAndGoSFAS/images/JPG/200x200/std.lang.all/89/65/asset-2518965.jpg,3074457345616693094
1937028,28263-P,BONI BIO cashewnoten 250g,BONI BIO cashewnoten 250g,"4,99","19,96",EUR,Y,true,,"Fruit, groenten, aardappelen en noten > Noten, zaden, pitten en gedroogd fruit",https://www.collectandgo.be/wcsstore/CollectAndGoSFAS/images/JPG/200x200/std.lang.all/08/18/asset-3610818.jpg,3074457345616693100
1421323,10702-P,BONI Golden rozijnen gedroogd 250g,BONI Golden rozijnen gedroogd 250g,"1,85","7,40",EUR,Y,true,,"Fruit, groenten, aardappelen en noten > Noten, zaden, pitten en gedroogd fruit",https://www.collectandgo.be/wcsstore/CollectAndGoSFAS/images/JPG/200x200/std.lang.all/67/88/asset-2786788.jpg,3074457345616689548
3977252,3617-P,BONI Brasilnoten 140g,BONI Brasilnoten 140g,"2,79","19,93",EUR,Y,true,,"Fruit, groenten, aardappelen en noten > Noten, zaden, pitten en gedroogd fruit",https://www.collectandgo.be/wcsstore/CollectAndGoSFAS/images/JPG/200x200/std.lang.all/40/98/asset-2394098.jpg,3074457345616737476
4519819,7454-P,BONI notenmengeling hon./rozemarijn 250g,BONI notenmengeling hon./rozemarijn 250g,"4,95","19,80",EUR,Y,true,,"Fruit, groenten, aardappelen en noten > Noten, zaden, pitten en gedroogd fruit",https://www.collectandgo.be/wcsstore/CollectAndGoSFAS/images/JPG/200x200/std.lang.all/64/96/asset-2986496.jpg,3074457345616789962
28884,28884-P,EVERYDAY studentenhaver 200g,EVERYDAY studentenhaver 200g,"1,50","7,50",EUR,Y,true,,"Fruit, groenten, aardappelen en noten > Noten, zaden, pitten en gedroogd fruit",https://www.collectandgo.be/wcsstore/CollectAndGoSFAS/images/JPG/200x200/std.lang.all/90/55/asset-3339055.jpg,3074457345616678972
1469937,10974-P,BONI zachte pruimen zonder pit 500g,BONI zachte pruimen zonder pit 500g,"3,49","6,98",EUR,Y,true,,"Fruit, groenten, aardappelen en noten > Noten, zaden, pitten en gedroogd fruit",https://www.collectandgo.be/wcsstore/CollectAndGoSFAS/images/JPG/200x200/std.lang.all/12/56/asset-2391256.jpg,3074457345616688368
28867,28867-P,EVERYDAY pinda's geroosterd 500g,EVERYDAY pinda's geroosterd 500g,"1,99","3,98",EUR,Y,true,,"Fruit, groenten, aardappelen en noten > Noten, zaden, pitten en gedroogd fruit",https://www.collectandgo.be/wcsstore/CollectAndGoSFAS/images/JPG/200x200/std.lang.all/04/52/asset-1260452.jpg,3074457345616678952
3312622,17033-P,BONI zonnebloempitten 280g,BONI zonnebloempitten 280g,"1,39","4,97",EUR,Y,true,,"Fruit, groenten, aardappelen en noten > Noten, zaden, pitten en gedroogd fruit",https://www.collectandgo.be/wcsstore/CollectAndGoSFAS/images/JPG/200x200/std.lang.all/77/40/asset-3377740.jpg,3074457345616708392
1421324,10703-P,BONI rozijnen natuur 250g,BONI rozijnen natuur 250g,"2,15","8,60",EUR,Y,true,,"Fruit, groenten, aardappelen en noten > Noten, zaden, pitten en gedroogd fruit",https://www.collectandgo.be/wcsstore/CollectAndGoSFAS/images/JPG/200x200/std.lang.all/49/31/asset-3914931.jpg,3074457345616689550
28858,28858-P,BONI hazelnoten 250g,BONI hazelnoten 250g,"4,11","16,44",EUR,Y,true,,"Fruit, groenten, aardappelen en noten > Noten, zaden, pitten en gedroogd fruit",https://www.collectandgo.be/wcsstore/CollectAndGoSFAS/images/JPG/200x200/std.lang.all/57/03/asset-2475703.jpg,3074457345616678946
4195250,15464-P,BONI amandelmeel 500g,BONI amandelmeel 500g,"4,49","8,98",EUR,Y,true,,"Fruit, groenten, aardappelen en noten > Noten, zaden, pitten en gedroogd fruit",https://www.collectandgo.be/wcsstore/CollectAndGoSFAS/images/JPG/200x200/std.lang.all/49/45/asset-2684945.jpg,3074457345616746672
3679859,22509-P,BONI sesamzaad 160g,BONI sesamzaad 160g,"3,11","19,44",EUR,Y,true,,"Fruit, groenten, aardappelen en noten > Noten, zaden, pitten en gedroogd fruit",https://www.collectandgo.be/wcsstore/CollectAndGoSFAS/images/JPG/200x200/std.lang.all/07/17/asset-2340717.jpg,3074457345616727192
28878,28878-P,BONI dadels gedroogd 400g,BONI dadels gedroogd 400g,"3,99","9,98",EUR,Y,true,,"Fruit, groenten, aardappelen en noten > Noten, zaden, pitten en gedroogd fruit",https://www.collectandgo.be/wcsstore/CollectAndGoSFAS/images/JPG/200x200/std.lang.all/02/32/asset-2480232.jpg,3074457345616678962
28880,28880-P,BONI kokospoeder 200g,BONI kokospoeder 200g,"1,59","7,95",EUR,Y,true,,"Fruit, groenten, aardappelen en noten > Noten, zaden, pitten en gedroogd fruit",https://www.collectandgo.be/wcsstore/CollectAndGoSFAS/images/JPG/200x200/std.lang.all/77/88/asset-3747788.jpg,3074457345616678966
28876,28876-P,BONI studentenhaver 350g,BONI studentenhaver 350g,"6,28","17,95",EUR,Y,true,,"Fruit, groenten, aardappelen en noten > Noten, zaden, pitten en gedroogd fruit",https://www.collectandgo.be/wcsstore/CollectAndGoSFAS/images/JPG/200x200/std.lang.all/77/87/asset-3747787.jpg,3074457345616678958
1541730,28957-P,EVERYDAY zachte abrikozen z.pit 200g,EVERYDAY zachte abrikozen z.pit 200g,"1,59","7,95",EUR,Y,true,,"Fruit, groenten, aardappelen en noten > Noten, zaden, pitten en gedroogd fruit",https://www.collectandgo.be/wcsstore/CollectAndGoSFAS/images/JPG/200x200/std.lang.all/78/74/asset-2787874.jpg,3074457345616688936
28896,28896-P,BONI amandelschilfers 150g,BONI amandelschilfers 150g,"3,37","22,47",EUR,Y,true,,"Fruit, groenten, aardappelen en noten > Noten, zaden, pitten en gedroogd fruit",https://www.collectandgo.be/wcsstore/CollectAndGoSFAS/images/JPG/200x200/std.lang.all/96/01/asset-2759601.jpg,3074457345616679528
1704973,32907-P,BONI bananenchips 150g,BONI bananenchips 150g,"1,67","11,14",EUR,Y,true,,"Fruit, groenten, aardappelen en noten > Noten, zaden, pitten en gedroogd fruit",https://www.collectandgo.be/wcsstore/CollectAndGoSFAS/images/JPG/200x200/std.lang.all/92/03/asset-2379203.jpg,3074457345616690924
1937030,28265-P,BONI BIO walnootpitten 175g,BONI BIO walnootpitten 175g,"3,49","19,95",EUR,Y,true,,"Fruit, groenten, aardappelen en noten > Noten, zaden, pitten en gedroogd fruit",https://www.collectandgo.be/wcsstore/CollectAndGoSFAS/images/JPG/200x200/std.lang.all/45/93/asset-4094593.jpg,3074457345616693102
28873,28873-P,BONI amandelmeel 225g,BONI amandelmeel 225g,"2,35","10,45",EUR,Y,true,,"Fruit, groenten, aardappelen en noten > Noten, zaden, pitten en gedroogd fruit",https://www.collectandgo.be/wcsstore/CollectAndGoSFAS/images/JPG/200x200/std.lang.all/10/30/asset-3741030.jpg,3074457345616678954
28918,28918-P,BONI pistachenoten gepeld 200g,BONI pistachenoten gepeld 200g,"8,65","43,25",EUR,Y,true,,"Fruit, groenten, aardappelen en noten > Noten, zaden, pitten en gedroogd fruit",https://www.collectandgo.be/wcsstore/CollectAndGoSFAS/images/JPG/200x200/std.lang.all/30/53/asset-2763053.jpg,3074457345616679542
3679847,22499-P,BONI lijnzaad 210g,BONI lijnzaad 210g,"2,49","11,86",EUR,Y,true,,"Fruit, groenten, aardappelen en noten > Noten, zaden, pitten en gedroogd fruit",https://www.collectandgo.be/wcsstore/CollectAndGoSFAS/images/JPG/200x200/std.lang.all/85/92/asset-2128592.jpg,3074457345616726790
4527540,25249-P,BONI mango schijven 100g,BONI mango schijven 100g,"2,39","23,90",EUR,Y,true,,"Fruit, groenten, aardappelen en noten > Noten, zaden, pitten en gedroogd fruit",https://www.collectandgo.be/wcsstore/CollectAndGoSFAS/images/JPG/200x200/std.lang.all/67/96/asset-2786796.jpg,3074457345616790726
4256711,22299-P,BONI BIO gebroken lijnzaad 500g,BONI BIO gebroken lijnzaad 500g,"2,99","5,98",EUR,Y,true,,"Fruit, groenten, aardappelen en noten > Noten, zaden, pitten en gedroogd fruit",https://www.collectandgo.be/wcsstore/CollectAndGoSFAS/images/JPG/200x200/std.lang.all/88/11/asset-3428811.jpg,3074457345616751330
3845665,20221-P,BEL'SARA natuurl.dadels Deglet Nour 1kg,BEL'SARA natuurl.dadels Deglet Nour 1kg,"5,79","5,79",EUR,Y,true,,"Fruit, groenten, aardappelen en noten > Noten, zaden, pitten en gedroogd fruit",https://www.collectandgo.be/wcsstore/CollectAndGoSFAS/images/JPG/200x200/std.lang.all/59/35/asset-2065935.jpg,3074457345616743336
28877,28877-P,BONI abrikozen gedroogd 200g,BONI abrikozen gedroogd 200g,"2,79","13,95",EUR,Y,true,,"Fruit, groenten, aardappelen en noten > Noten, zaden, pitten en gedroogd fruit",https://www.collectandgo.be/wcsstore/CollectAndGoSFAS/images/JPG/200x200/std.lang.all/62/65/asset-3456265.jpg,3074457345616678960
1754905,10707-P,BONI Exotic fruit mix 250g,BONI Exotic fruit mix 250g,"2,99","11,96",EUR,Y,true,,"Fruit, groenten, aardappelen en noten > Noten, zaden, pitten en gedroogd fruit",https://www.collectandgo.be/wcsstore/CollectAndGoSFAS/images/JPG/200x200/std.lang.all/51/13/asset-2465113.jpg,3074457345616687278
3962731,2467-P,BONI macadamia geroosterd 120g,BONI macadamia geroosterd 120g,"3,99","33,25",EUR,Y,true,,"Fruit, groenten, aardappelen en noten > Noten, zaden, pitten en gedroogd fruit",https://www.collectandgo.be/wcsstore/CollectAndGoSFAS/images/JPG/200x200/std.lang.all/85/45/asset-3978545.jpg,3074457345616733864
28887,28887-P,BONI pijnbpit geroosterd 200g,BONI pijnbpit geroosterd 200g,"11,99","59,95",EUR,Y,true,,"Fruit, groenten, aardappelen en noten > Noten, zaden, pitten en gedroogd fruit",https://www.collectandgo.be/wcsstore/CollectAndGoSFAS/images/JPG/200x200/std.lang.all/68/32/asset-2956832.jpg,3074457345616678974
4409745,24910-P,GARMELLO gesuikerde pinda's jumbo 300g,GARMELLO gesuikerde pinda's jumbo 300g,"2,49","8,30",EUR,Y,true,,"Fruit, groenten, aardappelen en noten > Noten, zaden, pitten en gedroogd fruit",https://www.collectandgo.be/wcsstore/CollectAndGoSFAS/images/JPG/200x200/std.lang.all/04/97/asset-2480497.jpg,3074457345616773032
28909,28909-P,BONI jumbo pinda's geroosterd 250g,BONI jumbo pinda's geroosterd 250g,"1,99","7,96",EUR,Y,true,,"Fruit, groenten, aardappelen en noten > Noten, zaden, pitten en gedroogd fruit",https://www.collectandgo.be/wcsstore/CollectAndGoSFAS/images/JPG/200x200/std.lang.all/30/43/asset-4063043.jpg,3074457345616679538
3973133,3297-P,BONI BIO bio amandelen 250g,BONI BIO bio amandelen 250g,"4,99","19,96",EUR,Y,true,,"Fruit, groenten, aardappelen en noten > Noten, zaden, pitten en gedroogd fruit",https://www.collectandgo.be/wcsstore/CollectAndGoSFAS/images/JPG/200x200/std.lang.all/27/81/asset-3352781.jpg,3074457345616737280
10715,10715-P,EVERYDAY zachte pruimen met pit 500g,EVERYDAY zachte pruimen met pit 500g,"3,49","6,98",EUR,Y,true,,"Fruit, groenten, aardappelen en noten > Noten, zaden, pitten en gedroogd fruit",https://www.collectandgo.be/wcsstore/CollectAndGoSFAS/images/JPG/200x200/std.lang.all/64/43/asset-2836443.jpg,3074457345616678536
3855644,21884-P,GARMELLO geroost.gez.zonnebloempit 300g,GARMELLO geroost.gez.zonnebloempit 300g,"2,75","9,17",EUR,Y,true,,"Fruit, groenten, aardappelen en noten > Noten, zaden, pitten en gedroogd fruit",https://www.collectandgo.be/wcsstore/CollectAndGoSFAS/images/JPG/200x200/std.lang.all/59/36/asset-2065936.jpg,3074457345616735736
1937026,28261-P,BONI BIO studentenhaver 250g,BONI BIO studentenhaver 250g,"4,69","18,76",EUR,Y,true,,"Fruit, groenten, aardappelen en noten > Noten, zaden, pitten en gedroogd fruit",https://www.collectandgo.be/wcsstore/CollectAndGoSFAS/images/JPG/200x200/std.lang.all/07/61/asset-3610761.jpg,3074457345616693096
4518634,4451-P,BONI witte amandelen 250g,BONI witte amandelen 250g,"5,63","22,52",EUR,Y,true,,"Fruit, groenten, aardappelen en noten > Noten, zaden, pitten en gedroogd fruit",https://www.collectandgo.be/wcsstore/CollectAndGoSFAS/images/JPG/200x200/std.lang.all/67/95/asset-2786795.jpg,3074457345616789898
2310723,5528-P,BONI BIO rozijnen 500g,BONI BIO rozijnen 500g,"4,98","9,96",EUR,Y,true,,"Fruit, groenten, aardappelen en noten > Noten, zaden, pitten en gedroogd fruit",https://www.collectandgo.be/wcsstore/CollectAndGoSFAS/images/JPG/200x200/std.lang.all/80/52/asset-2518052.jpg,3074457345616696878
4800009,13571-P,Notenmix Geroosterd en Gezouten Bio 250g,Notenmix Geroosterd en Gezouten Bio 250g,"5,99","23,96",EUR,Y,true,,"Fruit, groenten, aardappelen en noten > Noten, zaden, pitten en gedroogd fruit",https://www.collectandgo.be/wcsstore/CollectAndGoSFAS/images/JPG/200x200/std.lang.all/45/55/asset-3564555.jpg,3074457345616831244
3679857,22507-P,BONI gojibessen 140g,BONI gojibessen 140g,"3,94","28,15",EUR,Y,true,,"Fruit, groenten, aardappelen en noten > Noten, zaden, pitten en gedroogd fruit",https://www.collectandgo.be/wcsstore/CollectAndGoSFAS/images/JPG/200x200/std.lang.all/39/59/asset-2453959.jpg,3074457345616727190
1313367,28921-P,BONI notenmix voor salade 250g,BONI notenmix voor salade 250g,"7,90","31,60",EUR,Y,true,,"Fruit, groenten, aardappelen en noten > Noten, zaden, pitten en gedroogd fruit",https://www.collectandgo.be/wcsstore/CollectAndGoSFAS/images/JPG/200x200/std.lang.all/62/69/asset-3766269.jpg,3074457345616684252
3679852,22505-P,BONI hennepzaad 170g,BONI hennepzaad 170g,"4,49","26,42",EUR,Y,true,,"Fruit, groenten, aardappelen en noten > Noten, zaden, pitten en gedroogd fruit",https://www.collectandgo.be/wcsstore/CollectAndGoSFAS/images/JPG/200x200/std.lang.all/57/14/asset-2475714.jpg,3074457345616726794
4076615,7380-P,BONI BIO gember 170g,BONI BIO gember 170g,"4,95","29,12",EUR,Y,true,,"Fruit, groenten, aardappelen en noten > Noten, zaden, pitten en gedroogd fruit",https://www.collectandgo.be/wcsstore/CollectAndGoSFAS/images/JPG/200x200/std.lang.all/29/27/asset-2762927.jpg,3074457345616734806
2310724,5532-P,BONI BIO gedroogde vijgen 500g,BONI BIO gedroogde vijgen 500g,"7,18","14,36",EUR,Y,true,,"Fruit, groenten, aardappelen en noten > Noten, zaden, pitten en gedroogd fruit",https://www.collectandgo.be/wcsstore/CollectAndGoSFAS/images/JPG/200x200/std.lang.all/24/28/asset-3522428.jpg,3074457345616696880
1678299,28923-P,ROUCADIL zachte vijgen 250g,ROUCADIL zachte vijgen 250g,"4,49","17,96",EUR,Y,true,,"Fruit, groenten, aardappelen en noten > Noten, zaden, pitten en gedroogd fruit",https://www.collectandgo.be/wcsstore/CollectAndGoSFAS/images/JPG/200x200/std.lang.all/14/85/asset-3861485.jpg,3074457345616690912
4525841,22136-P,BONI kokosschilfers 50g,BONI kokosschilfers 50g,"1,66","33,20",EUR,Y,true,,"Fruit, groenten, aardappelen en noten > Noten, zaden, pitten en gedroogd fruit",https://www.collectandgo.be/wcsstore/CollectAndGoSFAS/images/JPG/200x200/std.lang.all/99/12/asset-3039912.jpg,3074457345616790656
3679849,22502-P,BONI maanzaad 180g,BONI maanzaad 180g,"2,96","16,45",EUR,Y,true,,"Fruit, groenten, aardappelen en noten > Noten, zaden, pitten en gedroogd fruit",https://www.collectandgo.be/wcsstore/CollectAndGoSFAS/images/JPG/200x200/std.lang.all/06/48/asset-2350648.jpg,3074457345616726792
1313363,28859-P,BONI Hawaïmix 200g,BONI Hawaïmix 200g,"2,99","14,95",EUR,Y,true,,"Fruit, groenten, aardappelen en noten > Noten, zaden, pitten en gedroogd fruit",https://www.collectandgo.be/wcsstore/CollectAndGoSFAS/images/JPG/200x200/std.lang.all/62/09/asset-3766209.jpg,3074457345616684248
4244993,20066-P,Applechips Magic Star 25g,Applechips Magic Star 25g,"2,63","105,20",EUR,Y,true,,"Fruit, groenten, aardappelen en noten > Noten, zaden, pitten en gedroogd fruit",https://www.collectandgo.be/wcsstore/CollectAndGoSFAS/images/JPG/200x200/std.lang.all/10/00/asset-2141000.jpg,3074457345616751500
3862700,22583-P,JUA gedroogde mango Bio 125g,JUA gedroogde mango Bio 125g,"3,84","30,72",EUR,Y,true,,"Fruit, groenten, aardappelen en noten > Noten, zaden, pitten en gedroogd fruit",https://www.collectandgo.be/wcsstore/CollectAndGoSFAS/images/JPG/200x200/std.lang.all/77/06/asset-2857706.jpg,3074457345616728188
4253094,21119-P,BONI BIO Mediterraanse pijnboompit. 100g,BONI BIO Mediterraanse pijnboompit. 100g,"9,99","99,90",EUR,Y,true,,"Fruit, groenten, aardappelen en noten > Noten, zaden, pitten en gedroogd fruit",https://www.collectandgo.be/wcsstore/CollectAndGoSFAS/images/JPG/200x200/std.lang.all/03/95/asset-3360395.jpg,3074457345616751584
4271084,22932-P,ECONOCE bio pompoenzaad 400g,ECONOCE bio pompoenzaad 400g,"7,99","19,98",EUR,Y,true,,"Fruit, groenten, aardappelen en noten > Noten, zaden, pitten en gedroogd fruit",https://www.collectandgo.be/wcsstore/CollectAndGoSFAS/images/JPG/200x200/std.lang.all/07/70/asset-3990770.jpg,3074457345616752300
4233783,18048-P,BONI BIO gedroogde mango 200g,BONI BIO gedroogde mango 200g,"4,99","24,95",EUR,Y,true,,"Fruit, groenten, aardappelen en noten > Noten, zaden, pitten en gedroogd fruit",https://www.collectandgo.be/wcsstore/CollectAndGoSFAS/images/JPG/200x200/std.lang.all/10/78/asset-3751078.jpg,3074457345616721694
4758437,30656-P,NOBERASCO BIO Crokkamela 20g,NOBERASCO BIO Crokkamela 20g,"1,55","77,50",EUR,Y,true,,"Fruit, groenten, aardappelen en noten > Noten, zaden, pitten en gedroogd fruit",https://www.collectandgo.be/wcsstore/CollectAndGoSFAS/images/JPG/200x200/std.lang.all/56/71/asset-3325671.jpg,3074457345616823414
3869487,15137-P,ECONOCE mix noten bio 400g,ECONOCE mix noten bio 400g,"9,79","24,48",EUR,Y,true,,"Fruit, groenten, aardappelen en noten > Noten, zaden, pitten en gedroogd fruit",https://www.collectandgo.be/wcsstore/CollectAndGoSFAS/images/JPG/200x200/std.lang.all/08/27/asset-3990827.jpg,3074457345616736180
4871169,23894-P,BONI Notenmix Oost.Kruid. 250g,BONI Notenmix Oost.Kruid. 250g,"5,19","20,76",EUR,Y,true,,"Fruit, groenten, aardappelen en noten > Noten, zaden, pitten en gedroogd fruit",https://www.collectandgo.be/wcsstore/CollectAndGoSFAS/images/JPG/200x200/std.lang.all/34/42/asset-4093442.jpg,3074457345616845570
4875474,38963-P,BONI Pinda. Geroosterd 200g,BONI Pinda. Geroosterd 200g,"1,39","6,95",EUR,Y,true,,"Fruit, groenten, aardappelen en noten > Noten, zaden, pitten en gedroogd fruit",https://www.collectandgo.be/wcsstore/CollectAndGoSFAS/images/JPG/200x200/std.lang.all/84/53/asset-3918453.jpg,3074457345616845982
4878270,39067-P,BONI bacon noten mix 170g,BONI bacon noten mix 170g,"3,45","20,30",EUR,Y,true,,"Fruit, groenten, aardappelen en noten > Noten, zaden, pitten en gedroogd fruit",https://www.collectandgo.be/wcsstore/CollectAndGoSFAS/images/JPG/200x200/std.lang.all/29/00/asset-3962900.jpg,3074457345616846160
4891589,6112-P,DRY TOP maïs geroosterd gezouten 250g,DRY TOP maïs geroosterd gezouten 250g,"3,95","15,80",EUR,Y,true,,"Fruit, groenten, aardappelen en noten > Noten, zaden, pitten en gedroogd fruit",https://www.collectandgo.be/wcsstore/CollectAndGoSFAS/images/JPG/200x200/std.lang.all/59/25/asset-3825925.jpg,3074457345616849830
4873972,38859-P,BONI Notenm.| Papr.| Ger. 170g,BONI Notenm.| Papr.| Ger. 170g,"5,95","35,00",EUR,Y,true,,"Fruit, groenten, aardappelen en noten > Noten, zaden, pitten en gedroogd fruit",https://www.collectandgo.be/wcsstore/CollectAndGoSFAS/images/JPG/200x200/std.lang.all/18/94/asset-3951894.jpg,3074457345616845760
4878259,39066-P,BONI ger.noten-bonenmix 160g,BONI ger.noten-bonenmix 160g,"2,99","18,69",EUR,Y,true,,"Fruit, groenten, aardappelen en noten > Noten, zaden, pitten en gedroogd fruit",https://www.collectandgo.be/wcsstore/CollectAndGoSFAS/images/JPG/200x200/std.lang.all/60/40/asset-3906040.jpg,3074457345616846158
4891126,3292-P,BESANA pinda cashew gesuik. gezout 200g,BESANA pinda cashew gesuik. gezout 200g,"3,95","19,75",EUR,Y,true,,"Fruit, groenten, aardappelen en noten > Noten, zaden, pitten en gedroogd fruit",https://www.collectandgo.be/wcsstore/CollectAndGoSFAS/images/JPG/200x200/std.lang.all/39/89/asset-3883989.jpg,3074457345616849740
4757624,22765-P,BESANA notenmengeling 650g,BESANA notenmengeling 650g,"12,50","19,24",EUR,Y,true,,"Fruit, groenten, aardappelen en noten > Noten, zaden, pitten en gedroogd fruit",https://www.collectandgo.be/wcsstore/CollectAndGoSFAS/images/JPG/200x200/std.lang.all/95/17/asset-3359517.jpg,3074457345616823338
4757965,24575-P,BESANA notenmengeling geroosterd 900g,BESANA notenmengeling geroosterd 900g,"9,95","11,06",EUR,Y,true,,"Fruit, groenten, aardappelen en noten > Noten, zaden, pitten en gedroogd fruit",https://www.collectandgo.be/wcsstore/CollectAndGoSFAS/images/JPG/200x200/std.lang.all/95/21/asset-3359521.jpg,3074457345616823356
4951497,41324-P,DRY TOP Pinda Wasabi Groen Rood 150g,DRY TOP Pinda Wasabi Groen Rood 150g,"1,99","13,27",EUR,Y,true,,"Fruit, groenten, aardappelen en noten > Noten, zaden, pitten en gedroogd fruit",,3074457345616872512
4951483,41320-P,DRY TOP Honing Zeezout Mix 200g,DRY TOP Honing Zeezout Mix 200g,"3,79","18,95",EUR,Y,true,,"Fruit, groenten, aardappelen en noten > Noten, zaden, pitten en gedroogd fruit",https://www.collectandgo.be/wcsstore/CollectAndGoSFAS/images/JPG/200x200/std.lang.all/01/21/asset-4100121.jpg,3074457345616872506
4951418,41297-P,DRY TOP BBQ Chili Noten Mix 200g,DRY TOP BBQ Chili Noten Mix 200g,"4,45","22,25",EUR,Y,true,,"Fruit, groenten, aardappelen en noten > Noten, zaden, pitten en gedroogd fruit",,3074457345616872472
4676878,10892-P,FIDABIO pijnboompitten Bio 100g,FIDABIO pijnboompitten Bio 100g,"5,99","59,90",EUR,Y,true,,"Fruit, groenten, aardappelen en noten > Noten, zaden, pitten en gedroogd fruit",https://www.collectandgo.be/wcsstore/CollectAndGoSFAS/images/JPG/200x200/std.lang.all/86/15/asset-2958615.jpg,3074457345616806806
4896209,19974-P,TERRASANA geroosterde pinda's bio 250g,TERRASANA geroosterde pinda's bio 250g,"3,69","14,76",EUR,Y,true,,"Fruit, groenten, aardappelen en noten > Noten, zaden, pitten en gedroogd fruit",https://www.collectandgo.be/wcsstore/CollectAndGoSFAS/images/JPG/200x200/std.lang.all/28/02/asset-3802802.jpg,3074457345616851738
4916065,15277-P,ECONOCE Geroosterd Pinda's Bio 300g,ECONOCE Geroosterd Pinda's Bio 300g,"3,69","12,30",EUR,Y,true,,"Fruit, groenten, aardappelen en noten > Noten, zaden, pitten en gedroogd fruit",https://www.collectandgo.be/wcsstore/CollectAndGoSFAS/images/JPG/200x200/std.lang.all/08/26/asset-3990826.jpg,3074457345616857832
3643187,13653-P,HYGIENA lijnzaad Bio 500g,HYGIENA lijnzaad Bio 500g,"3,19","6,38",EUR,Y,true,,"Fruit, groenten, aardappelen en noten > Noten, zaden, pitten en gedroogd fruit",https://www.collectandgo.be/wcsstore/CollectAndGoSFAS/images/JPG/200x200/std.lang.all/11/81/asset-3681181.jpg,3074457345616721604
4875408,38948-P,BONI Amandel Ger.| Gez. 200g,BONI Amandel Ger.| Gez. 200g,"3,09","15,45",EUR,Y,true,,"Fruit, groenten, aardappelen en noten > Noten, zaden, pitten en gedroogd fruit",https://www.collectandgo.be/wcsstore/CollectAndGoSFAS/images/JPG/200x200/std.lang.all/60/37/asset-3946037.jpg,3074457345616845954
4757944,23978-P,BESANA studentenhaver 800g,BESANA studentenhaver 800g,"9,99","12,49",EUR,Y,true,,"Fruit, groenten, aardappelen en noten > Noten, zaden, pitten en gedroogd fruit",https://www.collectandgo.be/wcsstore/CollectAndGoSFAS/images/JPG/200x200/std.lang.all/95/18/asset-3359518.jpg,3074457345616823346
4683922,9668-P,ROUCADIL pruimen zacht 250g,ROUCADIL pruimen zacht 250g,"5,95","23,80",EUR,Y,true,,"Fruit, groenten, aardappelen en noten > Noten, zaden, pitten en gedroogd fruit",https://www.collectandgo.be/wcsstore/CollectAndGoSFAS/images/JPG/200x200/std.lang.all/24/53/asset-3742453.jpg,3074457345616808150
4904276,285495-P,DAMHERT gebroken lijnzaad 250g,DAMHERT gebroken lijnzaad 250g,"2,95","11,80",EUR,Y,true,,"Fruit, groenten, aardappelen en noten > Noten, zaden, pitten en gedroogd fruit",https://www.collectandgo.be/wcsstore/CollectAndGoSFAS/images/JPG/200x200/std.lang.all/83/63/asset-3848363.jpg,3074457345616853430
3869490,15264-P,ECONOCE bio amandelschaafsel 50g,ECONOCE bio amandelschaafsel 50g,"1,99","39,80",EUR,Y,true,,"Fruit, groenten, aardappelen en noten > Noten, zaden, pitten en gedroogd fruit",https://www.collectandgo.be/wcsstore/CollectAndGoSFAS/images/JPG/200x200/std.lang.all/63/05/asset-1556305.jpg,3074457345616737584
4738068,32354-P,BONI BIO Zonnebloempitten 500g,BONI BIO Zonnebloempitten 500g,"3,89","7,78",EUR,Y,true,,"Fruit, groenten, aardappelen en noten > Noten, zaden, pitten en gedroogd fruit",https://www.collectandgo.be/wcsstore/CollectAndGoSFAS/images/JPG/200x200/std.lang.all/39/72/asset-3453972.jpg,3074457345616819276
4091009,8096-P,ECONOCE mix mango cashew kokos bio 200g,ECONOCE mix mango cashew kokos bio 200g,"4,79","23,95",EUR,Y,true,,"Fruit, groenten, aardappelen en noten > Noten, zaden, pitten en gedroogd fruit",https://www.collectandgo.be/wcsstore/CollectAndGoSFAS/images/JPG/200x200/std.lang.all/08/17/asset-3990817.jpg,3074457345616740568
4933560,22669-P,ROUCADIL abrikozen 250g,ROUCADIL abrikozen 250g,"6,19","24,76",EUR,Y,true,,"Fruit, groenten, aardappelen en noten > Noten, zaden, pitten en gedroogd fruit",https://www.collectandgo.be/wcsstore/CollectAndGoSFAS/images/JPG/200x200/std.lang.all/46/32/asset-4054632.jpg,3074457345616864166
4757969,24593-P,BESANA cashewnoten geroosterd 750g,BESANA cashewnoten geroosterd 750g,"13,19","17,59",EUR,Y,true,,"Fruit, groenten, aardappelen en noten > Noten, zaden, pitten en gedroogd fruit",https://www.collectandgo.be/wcsstore/CollectAndGoSFAS/images/JPG/200x200/std.lang.all/95/22/asset-3359522.jpg,3074457345616823358
4953468,8253-P,AUTHENTIA Griekse gedroogde vijgen 250g,AUTHENTIA Griekse gedroogde vijgen 250g,"3,75","15,00",EUR,Y,true,,"Fruit, groenten, aardappelen en noten > Noten, zaden, pitten en gedroogd fruit",,3074457345616873146
4916050,15052-P,ECONOCE cashewnoten Bio 400g,ECONOCE cashewnoten Bio 400g,"9,55","23,88",EUR,Y,true,,"Fruit, groenten, aardappelen en noten > Noten, zaden, pitten en gedroogd fruit",https://www.collectandgo.be/wcsstore/CollectAndGoSFAS/images/JPG/200x200/std.lang.all/08/25/asset-3990825.jpg,3074457345616857830
2796551,25787-P,NOBERASCO pistachenoten bio 150g,NOBERASCO pistachenoten bio 150g,"4,99","33,27",EUR,Y,true,,"Fruit, groenten, aardappelen en noten > Noten, zaden, pitten en gedroogd fruit",https://www.collectandgo.be/wcsstore/CollectAndGoSFAS/images/JPG/200x200/std.lang.all/47/48/asset-3624748.jpg,3074457345616702344
4906402,5256-P,BONI Pistachio Geroosterd Ongezout. 250g,BONI Pistachio Geroosterd Ongezout. 250g,"4,49","17,96",EUR,Y,true,,"Fruit, groenten, aardappelen en noten > Noten, zaden, pitten en gedroogd fruit",https://www.collectandgo.be/wcsstore/CollectAndGoSFAS/images/JPG/200x200/std.lang.all/21/97/asset-3922197.jpg,3074457345616853666
4881777,1062-P,EVERYDAY pistachenoten geroos.gez. 500g,EVERYDAY pistachenoten geroos.gez. 500g,"5,18","10,36",EUR,Y,true,,"Fruit, groenten, aardappelen en noten > Noten, zaden, pitten en gedroogd fruit",https://www.collectandgo.be/wcsstore/CollectAndGoSFAS/images/JPG/200x200/std.lang.all/86/79/asset-3848679.jpg,3074457345616846590
3108453,42324-P,HEMP ontpelde hennepzaden bio 200g,HEMP ontpelde hennepzaden bio 200g,"7,29","36,45",EUR,Y,true,,"Fruit, groenten, aardappelen en noten > Noten, zaden, pitten en gedroogd fruit",https://www.collectandgo.be/wcsstore/CollectAndGoSFAS/images/JPG/200x200/std.lang.all/37/25/asset-2213725.jpg,3074457345616706236
4757615,22762-P,BESANA Walnoten 600g,BESANA Walnoten 600g,"8,19","13,65",EUR,Y,true,,"Fruit, groenten, aardappelen en noten > Noten, zaden, pitten en gedroogd fruit",https://www.collectandgo.be/wcsstore/CollectAndGoSFAS/images/JPG/200x200/std.lang.all/94/19/asset-3359419.jpg,3074457345616823320
4914726,8736-P,ECONOCE bio walnoten 400g,ECONOCE bio walnoten 400g,"10,49","26,23",EUR,Y,true,,"Fruit, groenten, aardappelen en noten > Noten, zaden, pitten en gedroogd fruit",https://www.collectandgo.be/wcsstore/CollectAndGoSFAS/images/JPG/200x200/std.lang.all/07/63/asset-3990763.jpg,3074457345616857102
4789110,11556-P,FIDABIO Macadamianoten Bio 150g,FIDABIO Macadamianoten Bio 150g,"5,39","35,94",EUR,Y,true,,"Fruit, groenten, aardappelen en noten > Noten, zaden, pitten en gedroogd fruit",https://www.collectandgo.be/wcsstore/CollectAndGoSFAS/images/JPG/200x200/std.lang.all/87/02/asset-3428702.jpg,3074457345616828266
4250722,14326-P,BONI BIO brazilnoten 250g,BONI BIO brazilnoten 250g,"6,69","26,76",EUR,Y,true,,"Fruit, groenten, aardappelen en noten > Noten, zaden, pitten en gedroogd fruit",https://www.collectandgo.be/wcsstore/CollectAndGoSFAS/images/JPG/200x200/std.lang.all/75/45/asset-3507545.jpg,3074457345616717996
4543250,2119-P,FIDAFRUIT sesamzaden bio 200g,FIDAFRUIT sesamzaden bio 200g,"2,99","14,95",EUR,Y,true,,"Fruit, groenten, aardappelen en noten > Noten, zaden, pitten en gedroogd fruit",https://www.collectandgo.be/wcsstore/CollectAndGoSFAS/images/JPG/200x200/std.lang.all/93/63/asset-2759363.jpg,3074457345616792570
4414808,12317-P,ECONOCE geraspte kokosnoot bio 125g,ECONOCE geraspte kokosnoot bio 125g,"1,99","15,92",EUR,Y,true,,"Fruit, groenten, aardappelen en noten > Noten, zaden, pitten en gedroogd fruit",https://www.collectandgo.be/wcsstore/CollectAndGoSFAS/images/JPG/200x200/std.lang.all/08/22/asset-3990822.jpg,3074457345616774710
4769541,15471-P,HORIZON Pecannoten Bio 150g,HORIZON Pecannoten Bio 150g,"6,19","41,27",EUR,Y,true,,"Fruit, groenten, aardappelen en noten > Noten, zaden, pitten en gedroogd fruit",https://www.collectandgo.be/wcsstore/CollectAndGoSFAS/images/JPG/200x200/std.lang.all/12/77/asset-3551277.jpg,3074457345616825764
4443692,16735-P,RAW ORGANIC FOOD chiazaad bio 250g,RAW ORGANIC FOOD chiazaad bio 250g,"6,29","25,16",EUR,Y,true,,"Fruit, groenten, aardappelen en noten > Noten, zaden, pitten en gedroogd fruit",https://www.collectandgo.be/wcsstore/CollectAndGoSFAS/images/JPG/200x200/std.lang.all/77/39/asset-2447739.jpg,3074457345616777282
4757953,24351-P,BESANA zadenmengeling 900g,BESANA zadenmengeling 900g,"8,99","9,99",EUR,Y,true,,"Fruit, groenten, aardappelen en noten > Noten, zaden, pitten en gedroogd fruit",https://www.collectandgo.be/wcsstore/CollectAndGoSFAS/images/JPG/200x200/std.lang.all/95/20/asset-3359520.jpg,3074457345616823352
4344376,17548-P,BONI rozijnen golden 6x25g,BONI rozijnen golden 6x25g,"2,45","16,34",EUR,N,true,,"Fruit, groenten, aardappelen en noten > Noten, zaden, pitten en gedroogd fruit",https://www.collectandgo.be/wcsstore/CollectAndGoSFAS/images/JPG/200x200/nl_be/79/30/asset-2417930.jpg,3074457345616763802
4254982,21807-P,BONI BIO pompoenpitten 250g,BONI BIO pompoenpitten 250g,"3,49","13,96",EUR,N,true,,"Fruit, groenten, aardappelen en noten > Noten, zaden, pitten en gedroogd fruit",https://www.collectandgo.be/wcsstore/CollectAndGoSFAS/images/JPG/200x200/std.lang.all/75/46/asset-3507546.jpg,3074457345616749712
3799421,12865-P,NUTS&BERRIES Zadenmix gegrild Bio 200g,NUTS&BERRIES Zadenmix gegrild Bio 200g,"3,99","19,95",EUR,N,true,,"Fruit, groenten, aardappelen en noten > Noten, zaden, pitten en gedroogd fruit",https://www.collectandgo.be/wcsstore/CollectAndGoSFAS/images/JPG/200x200/std.lang.all/40/72/asset-3844072.jpg,3074457345616741272
1158995,10090-P,bereide filet americain,bereide filet americain,"13,16","13,16",EUR,Y,true,,"Vlees, charcuterie, vis en veggie > Vlees",https://www.collectandgo.be/wcsstore/CollectAndGoSFAS/images/JPG/200x200/std.lang.all/11/47/asset-3771147.jpg,3074457345616685666
1159152,10104-P,BH Chipolata Varken,BH Chipolata Varken,"4,48","4,48",EUR,Y,true,,"Vlees, charcuterie, vis en veggie > Vlees",https://www.collectandgo.be/wcsstore/CollectAndGoSFAS/images/JPG/200x200/std.lang.all/76/25/asset-1547625.jpg,3074457345616743722
1160214,10251-P,BH boerenchipolata varken,BH boerenchipolata varken,"8,97","8,97",EUR,Y,true,,"Vlees, charcuterie, vis en veggie > Vlees",https://www.collectandgo.be/wcsstore/CollectAndGoSFAS/images/JPG/200x200/std.lang.all/55/79/asset-2355579.jpg,3074457345616680458
1404515,10596-P,bereid gehakt tartaar varken,bereid gehakt tartaar varken,"9,84","9,84",EUR,Y,true,,"Vlees, charcuterie, vis en veggie > Vlees",https://www.collectandgo.be/wcsstore/CollectAndGoSFAS/images/JPG/200x200/std.lang.all/10/40/asset-3771040.jpg,3074457345616683432
1313298,10388-P,kalkoenbrochette,kalkoenbrochette,"15,53","15,53",EUR,Y,true,,"Vlees, charcuterie, vis en veggie > Vlees",https://www.collectandgo.be/wcsstore/CollectAndGoSFAS/images/JPG/200x200/std.lang.all/43/34/asset-3574334.jpg,3074457345616684246
1158990,10085-P,BH Hamburger Rund-Varken,BH Hamburger Rund-Varken,"14,98","14,98",EUR,Y,true,,"Vlees, charcuterie, vis en veggie > Vlees",https://www.collectandgo.be/wcsstore/CollectAndGoSFAS/images/JPG/200x200/std.lang.all/88/05/asset-2948805.jpg,3074457345616685662
1159153,10105-P,BH Merguez Lam-Varken,BH Merguez Lam-Varken,"13,72","13,72",EUR,Y,true,,"Vlees, charcuterie, vis en veggie > Vlees",https://www.collectandgo.be/wcsstore/CollectAndGoSFAS/images/JPG/200x200/std.lang.all/65/09/asset-1476509.jpg,3074457345616685818
2423672,6875-P,vlees voor pita,vlees voor pita,"11,97","11,97",EUR,Y,true,,"Vlees, charcuterie, vis en veggie > Vlees",https://www.collectandgo.be/wcsstore/CollectAndGoSFAS/images/JPG/200x200/std.lang.all/92/58/asset-1399258.jpg,3074457345616695548
1161822,10350-P,gemarineerde runderbrochette,gemarineerde runderbrochette,"17,09","17,09",EUR,Y,true,,"Vlees, charcuterie, vis en veggie > Vlees",https://www.collectandgo.be/wcsstore/CollectAndGoSFAS/images/JPG/200x200/std.lang.all/64/97/asset-1476497.jpg,3074457345616679828
4942454,39995-P,Kippenchipolata 2x150g,Kippenchipolata 2x150g,"3,79","12,64",EUR,Y,true,,"Vlees, charcuterie, vis en veggie > Vlees",https://www.collectandgo.be/wcsstore/CollectAndGoSFAS/images/JPG/200x200/std.lang.all/82/77/asset-4038277.jpg,3074457345616869062
1158785,10054-P,country steak,country steak,"22,54","22,54",EUR,Y,true,,"Vlees, charcuterie, vis en veggie > Vlees",https://www.collectandgo.be/wcsstore/CollectAndGoSFAS/images/JPG/200x200/std.lang.all/72/93/asset-1467293.jpg,3074457345616680004
1158991,10086-P,runderburger,runderburger,"15,96","15,96",EUR,Y,true,,"Vlees, charcuterie, vis en veggie > Vlees",https://www.collectandgo.be/wcsstore/CollectAndGoSFAS/images/JPG/200x200/std.lang.all/51/97/asset-2465197.jpg,3074457345616685664
4950474,41214-P,Vgg Krokant kippenhaasje 500g,Vgg Krokant kippenhaasje 500g,"6,99","13,98",EUR,Y,true,,"Vlees, charcuterie, vis en veggie > Vlees",https://www.collectandgo.be/wcsstore/CollectAndGoSFAS/images/JPG/200x200/std.lang.all/34/84/asset-4063484.jpg,3074457345616872292
4024773,10957-P,kip kebab ±350g,kip kebab ±350g,"16,39","16,39",EUR,Y,true,,"Vlees, charcuterie, vis en veggie > Vlees",https://www.collectandgo.be/wcsstore/CollectAndGoSFAS/images/JPG/200x200/std.lang.all/23/20/asset-1812320.jpg,3074457345616742614
1632044,11561-P,Martino,Martino,"10,95","10,95",EUR,Y,true,,"Vlees, charcuterie, vis en veggie > Vlees",https://www.collectandgo.be/wcsstore/CollectAndGoSFAS/images/JPG/200x200/std.lang.all/11/48/asset-3771148.jpg,3074457345616687976
1161823,10351-P,varkensbrochette,varkensbrochette,"13,92","13,92",EUR,Y,true,,"Vlees, charcuterie, vis en veggie > Vlees",https://www.collectandgo.be/wcsstore/CollectAndGoSFAS/images/JPG/200x200/std.lang.all/61/33/asset-2096133.jpg,3074457345616679830
1650698,11754-P,gevogeltepita ±400g,gevogeltepita ±400g,"11,98","11,98",EUR,Y,true,,"Vlees, charcuterie, vis en veggie > Vlees",https://www.collectandgo.be/wcsstore/CollectAndGoSFAS/images/JPG/200x200/std.lang.all/52/19/asset-2355219.jpg,3074457345616691020
4606578,27382-P,Cote a l os vark.Ital.wijze ±320g,Cote a l os vark.Ital.wijze ±320g,"13,96","13,96",EUR,Y,true,,"Vlees, charcuterie, vis en veggie > Vlees",https://www.collectandgo.be/wcsstore/CollectAndGoSFAS/images/JPG/200x200/std.lang.all/05/30/asset-4040530.jpg,3074457345616802830
4941648,39915-P,Kalkoenschnitzels Boursin 300g,Kalkoenschnitzels Boursin 300g,"4,92","16,40",EUR,Y,true,,"Vlees, charcuterie, vis en veggie > Vlees",https://www.collectandgo.be/wcsstore/CollectAndGoSFAS/images/JPG/200x200/std.lang.all/68/49/asset-4076849.jpg,3074457345616868904
3293583,10781-P,taboule 500g,taboule 500g,"3,09","6,18",EUR,Y,true,,"Vlees, charcuterie, vis en veggie > Vlees",https://www.collectandgo.be/wcsstore/CollectAndGoSFAS/images/JPG/200x200/std.lang.all/70/22/asset-2097022.jpg,3074457345616713106
4711662,12823-P,BH Vol-au-vent ±600g,BH Vol-au-vent ±600g,"13,20","13,20",EUR,Y,true,,"Vlees, charcuterie, vis en veggie > Vlees",https://www.collectandgo.be/wcsstore/CollectAndGoSFAS/images/JPG/200x200/std.lang.all/27/35/asset-3452735.jpg,3074457345616812786
1158787,10056-P,gemarineerde runderreepjes,gemarineerde runderreepjes,"20,45","20,45",EUR,Y,true,,"Vlees, charcuterie, vis en veggie > Vlees",https://www.collectandgo.be/wcsstore/CollectAndGoSFAS/images/JPG/200x200/std.lang.all/16/18/asset-391618.jpg,3074457345616680008
4711684,13720-P,BH Spaghettisaus ±600g,BH Spaghettisaus ±600g,"10,98","10,98",EUR,Y,true,,"Vlees, charcuterie, vis en veggie > Vlees",https://www.collectandgo.be/wcsstore/CollectAndGoSFAS/images/JPG/200x200/std.lang.all/05/15/asset-3290515.jpg,3074457345616822266
4948748,40808-P,Kippenworsten 4x130g,Kippenworsten 4x130g,"4,98","9,58",EUR,Y,true,,"Vlees, charcuterie, vis en veggie > Vlees",https://www.collectandgo.be/wcsstore/CollectAndGoSFAS/images/JPG/200x200/std.lang.all/10/17/asset-4071017.jpg,3074457345616871240
4948746,40807-P,kippenchipolataworsten 600g,kippenchipolataworsten 600g,"5,75","9,59",EUR,Y,true,,"Vlees, charcuterie, vis en veggie > Vlees",https://www.collectandgo.be/wcsstore/CollectAndGoSFAS/images/JPG/200x200/std.lang.all/14/62/asset-4071462.jpg,3074457345616871238
3582445,17252-P,Linguini Bolognese ±600g,Linguini Bolognese ±600g,"9,95","9,95",EUR,Y,true,,"Vlees, charcuterie, vis en veggie > Vlees",https://www.collectandgo.be/wcsstore/CollectAndGoSFAS/images/JPG/200x200/std.lang.all/65/21/asset-2366521.jpg,3074457345616723844
4711646,12588-P,BH Balletjes Tomatensaus ±700g,BH Balletjes Tomatensaus ±700g,"14,98","14,98",EUR,Y,true,,"Vlees, charcuterie, vis en veggie > Vlees",https://www.collectandgo.be/wcsstore/CollectAndGoSFAS/images/JPG/200x200/std.lang.all/05/13/asset-3290513.jpg,3074457345616812784
3582434,17162-P,Linguini Ham-Kaas ±600g,Linguini Ham-Kaas ±600g,"9,95","9,95",EUR,Y,true,,"Vlees, charcuterie, vis en veggie > Vlees",https://www.collectandgo.be/wcsstore/CollectAndGoSFAS/images/JPG/200x200/std.lang.all/21/21/asset-2052121.jpg,3074457345616723836
3559434,10811-P,COLRUYT mosterdspek 150g,COLRUYT mosterdspek 150g,"2,54","16,94",EUR,Y,true,,"Vlees, charcuterie, vis en veggie > Vlees",https://www.collectandgo.be/wcsstore/CollectAndGoSFAS/images/JPG/200x200/std.lang.all/80/03/asset-2708003.jpg,3074457345616720330
3559741,14097-P,COLRUYT bacon 150g,COLRUYT bacon 150g,"4,27","28,47",EUR,Y,true,,"Vlees, charcuterie, vis en veggie > Vlees",https://www.collectandgo.be/wcsstore/CollectAndGoSFAS/images/JPG/200x200/std.lang.all/80/08/asset-2708008.jpg,3074457345616718156
4948940,40875-P,Kippenboomstammetjes 4x150g,Kippenboomstammetjes 4x150g,"7,55","12,59",EUR,Y,true,,"Vlees, charcuterie, vis en veggie > Vlees",https://www.collectandgo.be/wcsstore/CollectAndGoSFAS/images/JPG/200x200/std.lang.all/10/18/asset-4071018.jpg,3074457345616871962
4483053,18305-P,gyros varken,gyros varken,"10,16","10,16",EUR,Y,true,,"Vlees, charcuterie, vis en veggie > Vlees",https://www.collectandgo.be/wcsstore/CollectAndGoSFAS/images/JPG/200x200/std.lang.all/78/88/asset-3277888.jpg,3074457345616781724
3582488,17490-P,kipfilet champignonsaus ±600g,kipfilet champignonsaus ±600g,"14,74","14,74",EUR,Y,true,,"Vlees, charcuterie, vis en veggie > Vlees",https://www.collectandgo.be/wcsstore/CollectAndGoSFAS/images/JPG/200x200/std.lang.all/46/20/asset-3694620.jpg,3074457345616723918
3582495,17524-P,kipfilet pepersaus ±600g,kipfilet pepersaus ±600g,"14,74","14,74",EUR,Y,true,,"Vlees, charcuterie, vis en veggie > Vlees",https://www.collectandgo.be/wcsstore/CollectAndGoSFAS/images/JPG/200x200/std.lang.all/45/46/asset-3694546.jpg,3074457345616723922
4745307,32646-P,FFM Gekookt Soepballetjes 350g,FFM Gekookt Soepballetjes 350g,"5,04","14,40",EUR,Y,true,,"Vlees, charcuterie, vis en veggie > Vlees",https://www.collectandgo.be/wcsstore/CollectAndGoSFAS/images/JPG/200x200/std.lang.all/14/11/asset-3621411.jpg,3074457345616820642
4862581,24243-P,Kip Tikka Masala-rijst ±600g,Kip Tikka Masala-rijst ±600g,"14,40","14,40",EUR,Y,true,,"Vlees, charcuterie, vis en veggie > Vlees",https://www.collectandgo.be/wcsstore/CollectAndGoSFAS/images/JPG/200x200/std.lang.all/45/31/asset-3714531.jpg,3074457345616844248
4862594,24564-P,Kip Zoet-zuur met rijst ±600g,Kip Zoet-zuur met rijst ±600g,"14,40","14,40",EUR,Y,true,,"Vlees, charcuterie, vis en veggie > Vlees",https://www.collectandgo.be/wcsstore/CollectAndGoSFAS/images/JPG/200x200/std.lang.all/45/32/asset-3714532.jpg,3074457345616844250
3582527,17617-P,scharfiletrol witte wijnsaus ±600g,scharfiletrol witte wijnsaus ±600g,"19,80","19,80",EUR,Y,true,,"Vlees, charcuterie, vis en veggie > Vlees",https://www.collectandgo.be/wcsstore/CollectAndGoSFAS/images/JPG/200x200/std.lang.all/52/91/asset-2355291.jpg,3074457345616723988
3582459,17354-P,Gebraad vark.champignonsaus ±600g,Gebraad vark.champignonsaus ±600g,"12,49","12,49",EUR,Y,true,,"Vlees, charcuterie, vis en veggie > Vlees",https://www.collectandgo.be/wcsstore/CollectAndGoSFAS/images/JPG/200x200/std.lang.all/07/63/asset-1970763.jpg,3074457345616723856
4949433,40987-P,Kippenburger Val-Dieu 2x125g,Kippenburger Val-Dieu 2x125g,"4,15","16,60",EUR,Y,true,,"Vlees, charcuterie, vis en veggie > Vlees",https://www.collectandgo.be/wcsstore/CollectAndGoSFAS/images/JPG/200x200/std.lang.all/21/09/asset-4072109.jpg,3074457345616872108
2306805,16797-P,gemarineerde steak met pepers,gemarineerde steak met pepers,"19,99","19,99",EUR,Y,true,,"Vlees, charcuterie, vis en veggie > Vlees",https://www.collectandgo.be/wcsstore/CollectAndGoSFAS/images/JPG/200x200/std.lang.all/73/55/asset-1487355.jpg,3074457345616699114
4711674,13480-P,BH Bereid Stoofvlees ±600g,BH Bereid Stoofvlees ±600g,"21,82","21,82",EUR,Y,true,,"Vlees, charcuterie, vis en veggie > Vlees",https://www.collectandgo.be/wcsstore/CollectAndGoSFAS/images/JPG/200x200/std.lang.all/05/14/asset-3290514.jpg,3074457345616812792
3582465,17356-P,varkensgebraad pepersaus ±600g,varkensgebraad pepersaus ±600g,"12,49","12,49",EUR,Y,true,,"Vlees, charcuterie, vis en veggie > Vlees",https://www.collectandgo.be/wcsstore/CollectAndGoSFAS/images/JPG/200x200/std.lang.all/80/73/asset-1178073.jpg,3074457345616723860
1710048,10217-P,gehaktbal italiaanse wijze ±1kg,gehaktbal italiaanse wijze ±1kg,"10,45","10,45",EUR,Y,true,,"Vlees, charcuterie, vis en veggie > Vlees",https://www.collectandgo.be/wcsstore/CollectAndGoSFAS/images/JPG/200x200/std.lang.all/03/96/asset-2520396.jpg,3074457345616689118
4415732,15330-P,tomaat garnaal ±550g,tomaat garnaal ±550g,"22,49","22,49",EUR,Y,true,,"Vlees, charcuterie, vis en veggie > Vlees",https://www.collectandgo.be/wcsstore/CollectAndGoSFAS/images/JPG/200x200/std.lang.all/43/54/asset-2444354.jpg,3074457345616774782
4951499,41325-P,KalkoenBrochet.Chimichurri ±450g,KalkoenBrochet.Chimichurri ±450g,"17,20","17,20",EUR,Y,true,,"Vlees, charcuterie, vis en veggie > Vlees",https://www.collectandgo.be/wcsstore/CollectAndGoSFAS/images/JPG/200x200/std.lang.all/34/86/asset-4063486.jpg,3074457345616872514
4950596,41222-P,Kippenchipolata BBQ 350g,Kippenchipolata BBQ 350g,"3,79","10,83",EUR,Y,true,,"Vlees, charcuterie, vis en veggie > Vlees",https://www.collectandgo.be/wcsstore/CollectAndGoSFAS/images/JPG/200x200/std.lang.all/34/85/asset-4063485.jpg,3074457345616872318
4789843,22174-P,Pinsa Panch Gedr. Tomaat 380g,Pinsa Panch Gedr. Tomaat 380g,"5,74","15,11",EUR,Y,true,,"Vlees, charcuterie, vis en veggie > Vlees",https://www.collectandgo.be/wcsstore/CollectAndGoSFAS/images/JPG/200x200/std.lang.all/23/19/asset-3412319.jpg,3074457345616828432
4370090,10325-P,Kalkoenhaas.Champignonssaus ±600g,Kalkoenhaas.Champignonssaus ±600g,"18,10","18,10",EUR,Y,true,,"Vlees, charcuterie, vis en veggie > Vlees",https://www.collectandgo.be/wcsstore/CollectAndGoSFAS/images/JPG/200x200/std.lang.all/45/48/asset-3694548.jpg,3074457345616768244
4370083,10274-P,Kalkoenhaasje pepersaus ±600g,Kalkoenhaasje pepersaus ±600g,"18,10","18,10",EUR,Y,true,,"Vlees, charcuterie, vis en veggie > Vlees",https://www.collectandgo.be/wcsstore/CollectAndGoSFAS/images/JPG/200x200/std.lang.all/45/47/asset-3694547.jpg,3074457345616768242
4955407,41432-P,VAL-DIEU Voorge.mini kipburg 300g,VAL-DIEU Voorge.mini kipburg 300g,"4,19","13,97",EUR,Y,true,,"Vlees, charcuterie, vis en veggie > Vlees",https://www.collectandgo.be/wcsstore/CollectAndGoSFAS/images/JPG/200x200/std.lang.all/14/65/asset-3831465.jpg,3074457345616873656
4892354,8965-P,Gemar.Kipvleugel Paprika ±500g,Gemar.Kipvleugel Paprika ±500g,"10,20","10,20",EUR,Y,true,,"Vlees, charcuterie, vis en veggie > Vlees",https://www.collectandgo.be/wcsstore/CollectAndGoSFAS/images/JPG/200x200/std.lang.all/67/33/asset-3846733.jpg,3074457345616850168
4789841,21864-P,Pinsa Panchetta Olijven 355g,Pinsa Panchetta Olijven 355g,"5,74","16,17",EUR,Y,true,,"Vlees, charcuterie, vis en veggie > Vlees",https://www.collectandgo.be/wcsstore/CollectAndGoSFAS/images/JPG/200x200/std.lang.all/23/18/asset-3412318.jpg,3074457345616828428
4459310,19493-P,pizza chorizo 470g,pizza chorizo 470g,"7,14","15,13",EUR,Y,true,,"Vlees, charcuterie, vis en veggie > Vlees",https://www.collectandgo.be/wcsstore/CollectAndGoSFAS/images/JPG/200x200/std.lang.all/40/95/asset-2454095.jpg,3074457345616778402
4874013,38863-P,Griekse Pasta ±600g,Griekse Pasta ±600g,"8,49","8,49",EUR,Y,true,,"Vlees, charcuterie, vis en veggie > Vlees",https://www.collectandgo.be/wcsstore/CollectAndGoSFAS/images/JPG/200x200/std.lang.all/97/99/asset-3749799.jpg,3074457345616853590
4945498,4439-P,Pizza Kip-kebab 570g,Pizza Kip-kebab 570g,"7,14","12,53",EUR,Y,true,,"Vlees, charcuterie, vis en veggie > Vlees",https://www.collectandgo.be/wcsstore/CollectAndGoSFAS/images/JPG/200x200/std.lang.all/45/32/asset-4014532.jpg,3074457345616870222
4459351,19959-P,pizza traditionale 500g,pizza traditionale 500g,"7,14","14,23",EUR,Y,true,,"Vlees, charcuterie, vis en veggie > Vlees",https://www.collectandgo.be/wcsstore/CollectAndGoSFAS/images/JPG/200x200/std.lang.all/43/03/asset-2454303.jpg,3074457345616778414
4953833,10448-P,Gepaneerde gevogelteburger 300g,Gepaneerde gevogelteburger 300g,"3,95","13,17",EUR,Y,true,,"Vlees, charcuterie, vis en veggie > Vlees",https://www.collectandgo.be/wcsstore/CollectAndGoSFAS/images/JPG/200x200/std.lang.all/34/90/asset-4063490.jpg,3074457345616873274
4935208,26246-P,Kip Tikka Masala-noedels ±600g,Kip Tikka Masala-noedels ±600g,"14,40","14,40",EUR,Y,true,,"Vlees, charcuterie, vis en veggie > Vlees",https://www.collectandgo.be/wcsstore/CollectAndGoSFAS/images/JPG/200x200/std.lang.all/43/86/asset-3984386.jpg,3074457345616864400
4947997,40613-P,Zuiderse BBQ Aardappelen ±500g,Zuiderse BBQ Aardappelen ±500g,"12,99","12,99",EUR,Y,true,,"Vlees, charcuterie, vis en veggie > Vlees",https://www.collectandgo.be/wcsstore/CollectAndGoSFAS/images/JPG/200x200/std.lang.all/55/14/asset-4045514.jpg,3074457345616870976
4935210,26261-P,Kip zoetzuur noedels ±600g,Kip zoetzuur noedels ±600g,"14,40","14,40",EUR,Y,true,,"Vlees, charcuterie, vis en veggie > Vlees",https://www.collectandgo.be/wcsstore/CollectAndGoSFAS/images/JPG/200x200/std.lang.all/43/88/asset-3984388.jpg,3074457345616864404
4667702,12688-P,quiche zalm broccoli 375g,quiche zalm broccoli 375g,"8,79","23,44",EUR,Y,true,,"Vlees, charcuterie, vis en veggie > Vlees",https://www.collectandgo.be/wcsstore/CollectAndGoSFAS/images/JPG/200x200/std.lang.all/53/04/asset-2355304.jpg,3074457345616823654
4935209,26251-P,KIP Kyoto noedels ±600g,KIP Kyoto noedels ±600g,"14,40","14,40",EUR,Y,true,,"Vlees, charcuterie, vis en veggie > Vlees",https://www.collectandgo.be/wcsstore/CollectAndGoSFAS/images/JPG/200x200/std.lang.all/43/87/asset-3984387.jpg,3074457345616864402
4887973,39384-P,Gemar. Lamsboutsne mb ±275g,Gemar. Lamsboutsne mb ±275g,"27,03","27,03",EUR,Y,true,,"Vlees, charcuterie, vis en veggie > Vlees",https://www.collectandgo.be/wcsstore/CollectAndGoSFAS/images/JPG/200x200/std.lang.all/82/75/asset-4038275.jpg,3074457345616853416
4732021,5048-P,Pizza 4 kazen 495g,Pizza 4 kazen 495g,"7,14","14,09",EUR,Y,true,,"Vlees, charcuterie, vis en veggie > Vlees",https://www.collectandgo.be/wcsstore/CollectAndGoSFAS/images/JPG/200x200/std.lang.all/79/26/asset-3377926.jpg,3074457345616822250
1158634,10036-P,runderfondue,runderfondue,"27,99","27,99",EUR,Y,true,,"Vlees, charcuterie, vis en veggie > Vlees",https://www.collectandgo.be/wcsstore/CollectAndGoSFAS/images/JPG/200x200/std.lang.all/25/23/asset-392523.jpg,3074457345616679906
4130733,10166-P,paella ±575g,paella ±575g,"15,39","15,39",EUR,Y,true,,"Vlees, charcuterie, vis en veggie > Vlees",https://www.collectandgo.be/wcsstore/CollectAndGoSFAS/images/JPG/200x200/std.lang.all/76/11/asset-2507611.jpg,3074457345616750396
4303799,23678-P,wraps maaltijd kebab 4p 1680g,wraps maaltijd kebab 4p 1680g,"16,25","9,68",EUR,Y,true,,"Vlees, charcuterie, vis en veggie > Vlees",https://www.collectandgo.be/wcsstore/CollectAndGoSFAS/images/JPG/200x200/std.lang.all/04/60/asset-2670460.jpg,3074457345616758348
1158651,10047-P,"dunne lende met been ±1,5kg","dunne lende met been ±1,5kg","25,49","25,49",EUR,Y,true,,"Vlees, charcuterie, vis en veggie > Vlees",https://www.collectandgo.be/wcsstore/CollectAndGoSFAS/images/JPG/200x200/std.lang.all/94/06/asset-2109406.jpg,3074457345616679984
4789847,22524-P,Pinsa Porchetta 335g,Pinsa Porchetta 335g,"5,74","17,14",EUR,Y,true,,"Vlees, charcuterie, vis en veggie > Vlees",https://www.collectandgo.be/wcsstore/CollectAndGoSFAS/images/JPG/200x200/std.lang.all/23/20/asset-3412320.jpg,3074457345616828436
4933466,21888-P,Kip Kyoto met rijst ±600g,Kip Kyoto met rijst ±600g,"14,40","14,40",EUR,Y,true,,"Vlees, charcuterie, vis en veggie > Vlees",https://www.collectandgo.be/wcsstore/CollectAndGoSFAS/images/JPG/200x200/std.lang.all/58/00/asset-3985800.jpg,3074457345616864236
4953053,6282-P,Barbecue Pilon ±450g,Barbecue Pilon ±450g,"10,99","10,99",EUR,Y,true,,"Vlees, charcuterie, vis en veggie > Vlees",https://www.collectandgo.be/wcsstore/CollectAndGoSFAS/images/JPG/200x200/std.lang.all/34/89/asset-4063489.jpg,3074457345616872966
4635628,1896-P,Pizza Margaritha 472g,Pizza Margaritha 472g,"4,99","10,58",EUR,Y,true,,"Vlees, charcuterie, vis en veggie > Vlees",https://www.collectandgo.be/wcsstore/CollectAndGoSFAS/images/JPG/200x200/std.lang.all/27/87/asset-2942787.jpg,3074457345616802796
4789805,21357-P,Pinsa Mortadella 410g,Pinsa Mortadella 410g,"5,74","14,00",EUR,Y,true,,"Vlees, charcuterie, vis en veggie > Vlees",https://www.collectandgo.be/wcsstore/CollectAndGoSFAS/images/JPG/200x200/std.lang.all/23/17/asset-3412317.jpg,3074457345616828416
4825173,10714-P,Schotel Hamb. Rund Varken 1060g,Schotel Hamb. Rund Varken 1060g,"12,00","11,33",EUR,Y,true,,"Vlees, charcuterie, vis en veggie > Vlees",https://www.collectandgo.be/wcsstore/CollectAndGoSFAS/images/JPG/200x200/std.lang.all/70/87/asset-3547087.jpg,3074457345616836732
4952587,4066-P,Barbecuesaus 300g,Barbecuesaus 300g,"3,39","11,30",EUR,Y,true,,"Vlees, charcuterie, vis en veggie > Vlees",https://www.collectandgo.be/wcsstore/CollectAndGoSFAS/images/JPG/200x200/std.lang.all/34/88/asset-4063488.jpg,3074457345616872840
4887936,39372-P,Gemarineerde Lamskoteletten ±300g,Gemarineerde Lamskoteletten ±300g,"25,96","25,96",EUR,Y,true,,"Vlees, charcuterie, vis en veggie > Vlees",https://www.collectandgo.be/wcsstore/CollectAndGoSFAS/images/JPG/200x200/std.lang.all/88/68/asset-3848868.jpg,3074457345616853410
4862563,23821-P,Rund involtini pesto,Rund involtini pesto,"19,90","19,90",EUR,Y,true,,"Vlees, charcuterie, vis en veggie > Vlees",https://www.collectandgo.be/wcsstore/CollectAndGoSFAS/images/JPG/200x200/std.lang.all/95/80/asset-3759580.jpg,3074457345616844242
4459316,19688-P,pizza hawai 520g,pizza hawai 520g,"7,14","13,74",EUR,Y,true,,"Vlees, charcuterie, vis en veggie > Vlees",https://www.collectandgo.be/wcsstore/CollectAndGoSFAS/images/JPG/200x200/std.lang.all/38/37/asset-3503837.jpg,3074457345616778404
4903455,28243-P,Gemarineerde eendenfilet ±350g,Gemarineerde eendenfilet ±350g,"23,99","23,99",EUR,Y,true,,"Vlees, charcuterie, vis en veggie > Vlees",https://www.collectandgo.be/wcsstore/CollectAndGoSFAS/images/JPG/200x200/std.lang.all/51/94/asset-3865194.jpg,3074457345616853332
4952015,2225-P,Duroc BBQ Burger ±250g,Duroc BBQ Burger ±250g,"14,99","14,99",EUR,Y,true,,"Vlees, charcuterie, vis en veggie > Vlees",https://www.collectandgo.be/wcsstore/CollectAndGoSFAS/images/JPG/200x200/std.lang.all/34/87/asset-4063487.jpg,3074457345616872730
4948010,40622-P,Pizza barbecue 525g,Pizza barbecue 525g,"7,14","13,60",EUR,Y,true,,"Vlees, charcuterie, vis en veggie > Vlees",https://www.collectandgo.be/wcsstore/CollectAndGoSFAS/images/JPG/200x200/std.lang.all/34/83/asset-4063483.jpg,3074457345616870992
4702854,31232-P,Kip taboulé ±650g,Kip taboulé ±650g,"14,08","14,08",EUR,Y,true,,"Vlees, charcuterie, vis en veggie > Vlees",https://www.collectandgo.be/wcsstore/CollectAndGoSFAS/images/JPG/200x200/std.lang.all/97/19/asset-3139719.jpg,3074457345616815268
4935421,26536-P,Dahl op Indische wijze ±430g,Dahl op Indische wijze ±430g,"14,40","14,40",EUR,Y,true,,"Vlees, charcuterie, vis en veggie > Vlees",https://www.collectandgo.be/wcsstore/CollectAndGoSFAS/images/JPG/200x200/std.lang.all/04/75/asset-3990475.jpg,3074457345616867198
4828874,19743-P,Pizza gegrilde groenten 530g,Pizza gegrilde groenten 530g,"7,14","13,48",EUR,Y,true,,"Vlees, charcuterie, vis en veggie > Vlees",https://www.collectandgo.be/wcsstore/CollectAndGoSFAS/images/JPG/200x200/std.lang.all/44/88/asset-3554488.jpg,3074457345616837254
4948225,40669-P,St-Hubert Salami Bâton | Pur porc 200g,SAINT HUBERT Baton pur porc 200g,"4,49","22,45",EUR,Y,true,,"Vlees, charcuterie, vis en veggie > Vlees",https://www.collectandgo.be/wcsstore/CollectAndGoSFAS/images/JPG/200x200/std.lang.all/82/64/asset-4038264.jpg,3074457345616871056
4828301,18541-P,Pizza Tono 560g,Pizza Tono 560g,"7,14","12,75",EUR,Y,true,,"Vlees, charcuterie, vis en veggie > Vlees",https://www.collectandgo.be/wcsstore/CollectAndGoSFAS/images/JPG/200x200/std.lang.all/44/87/asset-3554487.jpg,3074457345616837218
3191847,11523-P,familiegourmet,familiegourmet,"15,95","15,95",EUR,Y,true,,"Vlees, charcuterie, vis en veggie > Vlees",https://www.collectandgo.be/wcsstore/CollectAndGoSFAS/images/JPG/200x200/std.lang.all/31/48/asset-3323148.jpg,3074457345616705242
4921102,19155-P,GOURMET,GOURMET,"23,55","23,55",EUR,Y,true,,"Vlees, charcuterie, vis en veggie > Vlees",https://www.collectandgo.be/wcsstore/CollectAndGoSFAS/images/JPG/200x200/std.lang.all/17/55/asset-3941755.jpg,3074457345616863842
4921081,19147-P,FEESTGOURMET,FEESTGOURMET,"25,55","25,55",EUR,Y,true,,"Vlees, charcuterie, vis en veggie > Vlees",https://www.collectandgo.be/wcsstore/CollectAndGoSFAS/images/JPG/200x200/std.lang.all/17/59/asset-3941759.jpg,3074457345616863840
4667577,11339-P,WAHID KIPDONER 300g,WAHID KIPDONER 300g,"6,99","23,30",EUR,Y,true,,"Vlees, charcuterie, vis en veggie > Vlees",https://www.collectandgo.be/wcsstore/CollectAndGoSFAS/images/JPG/200x200/std.lang.all/16/31/asset-3961631.jpg,3074457345616808752
4759286,5154-P,VERSE KIPFILET ±1kg,VERSE KIPFILET ±1kg,"9,69","9,69",EUR,Y,true,,"Vlees, charcuterie, vis en veggie > Vlees",https://www.collectandgo.be/wcsstore/CollectAndGoSFAS/images/JPG/200x200/std.lang.all/95/53/asset-3999553.jpg,3074457345616823546
1159660,10194-P,Cordon Bleu,Cordon Bleu,"13,79","13,79",EUR,Y,true,,"Vlees, charcuterie, vis en veggie > Vlees",https://www.collectandgo.be/wcsstore/CollectAndGoSFAS/images/JPG/200x200/std.lang.all/74/97/asset-3997497.jpg,3074457345616680194
1158635,10037-P,biefsteak chateaubriand,biefsteak chateaubriand,"21,79","21,79",EUR,Y,true,,"Vlees, charcuterie, vis en veggie > Vlees",https://www.collectandgo.be/wcsstore/CollectAndGoSFAS/images/JPG/200x200/std.lang.all/83/67/asset-2798367.jpg,3074457345616679908
1158981,10078-P,kalkoensneden,kalkoensneden,"11,30","11,30",EUR,Y,true,,"Vlees, charcuterie, vis en veggie > Vlees",https://www.collectandgo.be/wcsstore/CollectAndGoSFAS/images/JPG/200x200/std.lang.all/01/33/asset-2070133.jpg,3074457345616685544
1158646,10044-P,Restaurantsteak ±2 cm,Restaurantsteak ±2 cm,"21,23","21,23",EUR,Y,true,,"Vlees, charcuterie, vis en veggie > Vlees",https://www.collectandgo.be/wcsstore/CollectAndGoSFAS/images/JPG/200x200/std.lang.all/14/93/asset-1371493.jpg,3074457345616679920
3166596,20641-P,HERTA spekreepjes gerookt 2x100g,HERTA spekreepjes gerookt 2x100g,"2,79","13,95",EUR,Y,true,,"Vlees, charcuterie, vis en veggie > Vlees",https://www.collectandgo.be/wcsstore/CollectAndGoSFAS/images/JPG/200x200/std.lang.all/94/33/asset-2009433.jpg,3074457345616709336
1159404,10144-P,Mignonnettes,Mignonnettes,"11,63","11,63",EUR,Y,true,,"Vlees, charcuterie, vis en veggie > Vlees",https://www.collectandgo.be/wcsstore/CollectAndGoSFAS/images/JPG/200x200/std.lang.all/09/82/asset-1500982.jpg,3074457345616682362
1159397,10142-P,varkenskoteletten,varkenskoteletten,"6,88","6,88",EUR,Y,true,,"Vlees, charcuterie, vis en veggie > Vlees",https://www.collectandgo.be/wcsstore/CollectAndGoSFAS/images/JPG/200x200/std.lang.all/00/64/asset-1600064.jpg,3074457345616682358
3166599,20603-P,HERTA spekreepjes natuur 2x100g,HERTA spekreepjes natuur 2x100g,"2,39","11,95",EUR,Y,true,,"Vlees, charcuterie, vis en veggie > Vlees",https://www.collectandgo.be/wcsstore/CollectAndGoSFAS/images/JPG/200x200/std.lang.all/94/34/asset-2009434.jpg,3074457345616709338
1158652,10048-P,Rumpsteak,Rumpsteak,"22,29","22,29",EUR,Y,true,,"Vlees, charcuterie, vis en veggie > Vlees",https://www.collectandgo.be/wcsstore/CollectAndGoSFAS/images/JPG/200x200/std.lang.all/57/57/asset-1515757.jpg,3074457345616679986
4755781,9098-P,VERSE KIPPENPILON ±1kg,VERSE KIPPENPILON ±1kg,"4,98","4,98",EUR,Y,true,,"Vlees, charcuterie, vis en veggie > Vlees",https://www.collectandgo.be/wcsstore/CollectAndGoSFAS/images/JPG/200x200/std.lang.all/43/23/asset-3574323.jpg,3074457345616822342
1159388,10140-P,spiering,spiering,"6,27","6,27",EUR,Y,true,,"Vlees, charcuterie, vis en veggie > Vlees",https://www.collectandgo.be/wcsstore/CollectAndGoSFAS/images/JPG/200x200/std.lang.all/01/96/asset-3310196.jpg,3074457345616682354
3076016,11206-P,Schnitzel op praagse wijze,Schnitzel op praagse wijze,"12,39","12,39",EUR,Y,true,,"Vlees, charcuterie, vis en veggie > Vlees",https://www.collectandgo.be/wcsstore/CollectAndGoSFAS/images/JPG/200x200/std.lang.all/74/77/asset-1487477.jpg,3074457345616703850
1158636,10038-P,dunne lende,dunne lende,"21,46","21,46",EUR,Y,true,,"Vlees, charcuterie, vis en veggie > Vlees",https://www.collectandgo.be/wcsstore/CollectAndGoSFAS/images/JPG/200x200/std.lang.all/15/20/asset-2341520.jpg,3074457345616679910
3094555,11257-P,minuutsteak,minuutsteak,"17,47","17,47",EUR,Y,true,,"Vlees, charcuterie, vis en veggie > Vlees",https://www.collectandgo.be/wcsstore/CollectAndGoSFAS/images/JPG/200x200/std.lang.all/60/84/asset-1476084.jpg,3074457345616703614
1621919,11547-P,Milanese schnitzel,Milanese schnitzel,"14,99","14,99",EUR,Y,true,,"Vlees, charcuterie, vis en veggie > Vlees",https://www.collectandgo.be/wcsstore/CollectAndGoSFAS/images/JPG/200x200/std.lang.all/29/28/asset-1682928.jpg,3074457345616689928
2974552,4324-P,HERTA ontbijtspek gerookt 100g,HERTA ontbijtspek gerookt 100g,"1,99","19,90",EUR,Y,true,,"Vlees, charcuterie, vis en veggie > Vlees",https://www.collectandgo.be/wcsstore/CollectAndGoSFAS/images/JPG/200x200/std.lang.all/70/62/asset-2007062.jpg,3074457345616701824
3138369,10902-P,"gebraden kip 1,1kg","gebraden kip 1,1kg","6,99","6,36",EUR,Y,true,,"Vlees, charcuterie, vis en veggie > Vlees",https://www.collectandgo.be/wcsstore/CollectAndGoSFAS/images/JPG/200x200/std.lang.all/67/81/asset-3576781.jpg,3074457345616709002
1158641,10039-P,zesrib entrecote,zesrib entrecote,"21,57","21,57",EUR,Y,true,,"Vlees, charcuterie, vis en veggie > Vlees",https://www.collectandgo.be/wcsstore/CollectAndGoSFAS/images/JPG/200x200/std.lang.all/57/48/asset-1515748.jpg,3074457345616679912
1159400,10143-P,kotelet zonder been,kotelet zonder been,"9,99","9,99",EUR,Y,true,,"Vlees, charcuterie, vis en veggie > Vlees",https://www.collectandgo.be/wcsstore/CollectAndGoSFAS/images/JPG/200x200/std.lang.all/09/44/asset-2440944.jpg,3074457345616682360
2356149,26811-P,spiering zonder been,spiering zonder been,"8,44","8,44",EUR,Y,true,,"Vlees, charcuterie, vis en veggie > Vlees",https://www.collectandgo.be/wcsstore/CollectAndGoSFAS/images/JPG/200x200/std.lang.all/97/14/asset-2779714.jpg,3074457345616794002
2168649,14859-P,Steak royal,Steak royal,"28,99","28,99",EUR,Y,true,,"Vlees, charcuterie, vis en veggie > Vlees",https://www.collectandgo.be/wcsstore/CollectAndGoSFAS/images/JPG/200x200/std.lang.all/42/45/asset-3954245.jpg,3074457345616695874
1158633,10034-P,ossenhaas filet pur,ossenhaas filet pur,"39,99","39,99",EUR,Y,true,,"Vlees, charcuterie, vis en veggie > Vlees",https://www.collectandgo.be/wcsstore/CollectAndGoSFAS/images/JPG/200x200/std.lang.all/36/60/asset-393660.jpg,3074457345616679904
4688525,30647-P,"VERSE BRAADKIP ±1,3kg","VERSE BRAADKIP ±1,3kg","4,19","4,19",EUR,Y,true,,"Vlees, charcuterie, vis en veggie > Vlees",https://www.collectandgo.be/wcsstore/CollectAndGoSFAS/images/JPG/200x200/std.lang.all/05/72/asset-3120572.jpg,3074457345616811194
2529553,10341-P,kalkoenhaasje ±200g,kalkoenhaasje ±200g,"22,49","22,49",EUR,Y,true,,"Vlees, charcuterie, vis en veggie > Vlees",https://www.collectandgo.be/wcsstore/CollectAndGoSFAS/images/JPG/200x200/std.lang.all/64/54/asset-2836454.jpg,3074457345616695386
3373448,11133-P,steak vrouwelijk,steak vrouwelijk,"23,19","23,19",EUR,Y,true,,"Vlees, charcuterie, vis en veggie > Vlees",https://www.collectandgo.be/wcsstore/CollectAndGoSFAS/images/JPG/200x200/std.lang.all/75/67/asset-1507567.jpg,3074457345616743996
3286566,32979-P,HERTA spekblokjes gerookt 200g,HERTA spekblokjes gerookt 200g,"2,69","13,45",EUR,Y,true,,"Vlees, charcuterie, vis en veggie > Vlees",https://www.collectandgo.be/wcsstore/CollectAndGoSFAS/images/JPG/200x200/std.lang.all/94/35/asset-2009435.jpg,3074457345616713726
1159414,10145-P,varkenssneden,varkenssneden,"12,94","12,94",EUR,Y,true,,"Vlees, charcuterie, vis en veggie > Vlees",https://www.collectandgo.be/wcsstore/CollectAndGoSFAS/images/JPG/200x200/std.lang.all/63/89/asset-1436389.jpg,3074457345616682364
1158643,10042-P,biefstuk cat.II,biefstuk cat.II,"18,38","18,38",EUR,Y,true,,"Vlees, charcuterie, vis en veggie > Vlees",https://www.collectandgo.be/wcsstore/CollectAndGoSFAS/images/JPG/200x200/std.lang.all/70/98/asset-2487098.jpg,3074457345616679916
1158795,10061-P,kalfssneden,kalfssneden,"22,99","22,99",EUR,Y,true,,"Vlees, charcuterie, vis en veggie > Vlees",https://www.collectandgo.be/wcsstore/CollectAndGoSFAS/images/JPG/200x200/std.lang.all/61/85/asset-3346185.jpg,3074457345616685436
1681995,10545-P,kalfsescalope,kalfsescalope,"28,99","28,99",EUR,Y,true,,"Vlees, charcuterie, vis en veggie > Vlees",https://www.collectandgo.be/wcsstore/CollectAndGoSFAS/images/JPG/200x200/std.lang.all/88/04/asset-1868804.jpg,3074457345616691168
1159466,10177-P,borstfilet van eend,borstfilet van eend,"19,89","19,89",EUR,Y,true,,"Vlees, charcuterie, vis en veggie > Vlees",https://www.collectandgo.be/wcsstore/CollectAndGoSFAS/images/JPG/200x200/std.lang.all/98/41/asset-2349841.jpg,3074457345616680090
1230287,10370-P,"belgische kip val dieu ±1,4kg","belgische kip val dieu ±1,4kg","8,75","8,75",EUR,Y,true,,"Vlees, charcuterie, vis en veggie > Vlees",https://www.collectandgo.be/wcsstore/CollectAndGoSFAS/images/JPG/200x200/std.lang.all/43/56/asset-2844356.jpg,3074457345616685338
2356065,26804-P,ierse ribeye ±360g,ierse ribeye ±360g,"37,49","37,49",EUR,Y,true,,"Vlees, charcuterie, vis en veggie > Vlees",https://www.collectandgo.be/wcsstore/CollectAndGoSFAS/images/JPG/200x200/std.lang.all/94/07/asset-2109407.jpg,3074457345616743756
1158834,10070-P,"Braadkip ±1,3kg","Braadkip ±1,3kg","6,66","6,66",EUR,Y,true,,"Vlees, charcuterie, vis en veggie > Vlees",https://www.collectandgo.be/wcsstore/CollectAndGoSFAS/images/JPG/200x200/std.lang.all/59/94/asset-3855994.jpg,3074457345616685450
1159394,10141-P,varkens lage rib,varkens lage rib,"7,71","7,71",EUR,Y,true,,"Vlees, charcuterie, vis en veggie > Vlees",https://www.collectandgo.be/wcsstore/CollectAndGoSFAS/images/JPG/200x200/std.lang.all/43/33/asset-3574333.jpg,3074457345616682356
3373446,10462-P,dunne lende vrouwelijk,dunne lende vrouwelijk,"20,99","20,99",EUR,Y,true,,"Vlees, charcuterie, vis en veggie > Vlees",https://www.collectandgo.be/wcsstore/CollectAndGoSFAS/images/JPG/200x200/std.lang.all/77/69/asset-1507769.jpg,3074457345616743994
1160045,10230-P,"maiskip val dieu ±1,4kg","maiskip val dieu ±1,4kg","8,99","8,99",EUR,Y,true,,"Vlees, charcuterie, vis en veggie > Vlees",https://www.collectandgo.be/wcsstore/CollectAndGoSFAS/images/JPG/200x200/std.lang.all/19/36/asset-2951936.jpg,3074457345616680332
4618689,11455-P,HERTA spekblokjes natuur 200g,HERTA spekblokjes natuur 200g,"3,49","17,45",EUR,Y,true,,"Vlees, charcuterie, vis en veggie > Vlees",https://www.collectandgo.be/wcsstore/CollectAndGoSFAS/images/JPG/200x200/std.lang.all/42/51/asset-3414251.jpg,3074457345616800806
1158819,10066-P,kalfsmedaillon,kalfsmedaillon,"25,99","25,99",EUR,Y,true,,"Vlees, charcuterie, vis en veggie > Vlees",https://www.collectandgo.be/wcsstore/CollectAndGoSFAS/images/JPG/200x200/std.lang.all/73/54/asset-2137354.jpg,3074457345616685446
1953127,10919-P,rundsescalope,rundsescalope,"23,29","23,29",EUR,Y,true,,"Vlees, charcuterie, vis en veggie > Vlees",https://www.collectandgo.be/wcsstore/CollectAndGoSFAS/images/JPG/200x200/std.lang.all/92/71/asset-649271.jpg,3074457345616692418
1158796,10062-P,kalfskoteletten,kalfskoteletten,"24,69","24,69",EUR,Y,true,,"Vlees, charcuterie, vis en veggie > Vlees",https://www.collectandgo.be/wcsstore/CollectAndGoSFAS/images/JPG/200x200/std.lang.all/89/94/asset-1868994.jpg,3074457345616685438
1160222,10261-P,paardenrumpsteak ±400g,paardenrumpsteak ±400g,"22,99","22,99",EUR,Y,true,,"Vlees, charcuterie, vis en veggie > Vlees",https://www.collectandgo.be/wcsstore/CollectAndGoSFAS/images/JPG/200x200/std.lang.all/46/90/asset-2254690.jpg,3074457345616680466
4709082,31706-P,Brazadeschotel ±480g,Brazadeschotel ±480g,"17,98","17,98",EUR,Y,true,,"Vlees, charcuterie, vis en veggie > Vlees",https://www.collectandgo.be/wcsstore/CollectAndGoSFAS/images/JPG/200x200/std.lang.all/71/01/asset-3177101.jpg,3074457345616815276
2278605,11000-P,varkensescalope,varkensescalope,"11,99","11,99",EUR,Y,true,,"Vlees, charcuterie, vis en veggie > Vlees",https://www.collectandgo.be/wcsstore/CollectAndGoSFAS/images/JPG/200x200/std.lang.all/16/82/asset-2921682.jpg,3074457345616697204
1158837,10071-P,"hoevekip 'rood label' ±1,5kg","hoevekip 'rood label' ±1,5kg","9,29","9,29",EUR,Y,true,,"Vlees, charcuterie, vis en veggie > Vlees",https://www.collectandgo.be/wcsstore/CollectAndGoSFAS/images/JPG/200x200/std.lang.all/30/36/asset-2063036.jpg,3074457345616685452
1159223,10130-P,BH Lamskoteletten,BH Lamskoteletten,"29,49","29,49",EUR,Y,true,,"Vlees, charcuterie, vis en veggie > Vlees",https://www.collectandgo.be/wcsstore/CollectAndGoSFAS/images/JPG/200x200/std.lang.all/46/87/asset-2384687.jpg,3074457345616685934
1159205,10123-P,BBQ schotel N°1 4p,BBQ schotel N°1 4p,"11,77","11,77",EUR,Y,true,,"Vlees, charcuterie, vis en veggie > Vlees",https://www.collectandgo.be/wcsstore/CollectAndGoSFAS/images/JPG/200x200/std.lang.all/53/37/asset-1445337.jpg,3074457345616685920
3864917,27611-P,"Ierse tomahawk ±1,1kg","Ierse tomahawk ±1,1kg","38,00","38,00",EUR,Y,true,,"Vlees, charcuterie, vis en veggie > Vlees",https://www.collectandgo.be/wcsstore/CollectAndGoSFAS/images/JPG/200x200/std.lang.all/59/20/asset-2435920.jpg,3074457345616875670
1158786,10055-P,vlees voor steengrill,vlees voor steengrill,"19,95","19,95",EUR,Y,true,,"Vlees, charcuterie, vis en veggie > Vlees",https://www.collectandgo.be/wcsstore/CollectAndGoSFAS/images/JPG/200x200/std.lang.all/90/21/asset-699021.jpg,3074457345616680006
4577673,28855-P,BBQ Schotel N°2,BBQ Schotel N°2,"11,22","11,22",EUR,Y,true,,"Vlees, charcuterie, vis en veggie > Vlees",https://www.collectandgo.be/wcsstore/CollectAndGoSFAS/images/JPG/200x200/std.lang.all/82/34/asset-3598234.jpg,3074457345616798474
2772828,11234-P,barbequecolli 6 personen 2000g,barbequecolli 6 personen 2000g,"16,50","8,09",EUR,Y,true,,"Vlees, charcuterie, vis en veggie > Vlees",https://www.collectandgo.be/wcsstore/CollectAndGoSFAS/images/JPG/200x200/std.lang.all/50/40/asset-1435040.jpg,3074457345616698316
1159218,10128-P,BH Lamsboutsneden zonder Been,BH Lamsboutsneden zonder Been,"27,49","27,49",EUR,Y,true,,"Vlees, charcuterie, vis en veggie > Vlees",https://www.collectandgo.be/wcsstore/CollectAndGoSFAS/images/JPG/200x200/std.lang.all/63/04/asset-1426304.jpg,3074457345616685928
1159219,10025-P,BH Lamsmanchettes,BH Lamsmanchettes,"44,99","44,99",EUR,Y,true,,"Vlees, charcuterie, vis en veggie > Vlees",https://www.collectandgo.be/wcsstore/CollectAndGoSFAS/images/JPG/200x200/std.lang.all/39/16/asset-2513916.jpg,3074457345616685930
1159214,10127-P,BH lamsrumpsteak,BH lamsrumpsteak,"28,95","28,95",EUR,Y,true,,"Vlees, charcuterie, vis en veggie > Vlees",https://www.collectandgo.be/wcsstore/CollectAndGoSFAS/images/JPG/200x200/std.lang.all/09/19/asset-1400919.jpg,3074457345616685926
3109128,10569-P,dry aged cote a l'os ±450g,dry aged cote a l'os ±450g,"65,00","65,00",EUR,Y,true,,"Vlees, charcuterie, vis en veggie > Vlees",https://www.collectandgo.be/wcsstore/CollectAndGoSFAS/images/JPG/200x200/std.lang.all/19/28/asset-371928.jpg,3074457345616706768
1159425,10148-P,ongezouten spek,ongezouten spek,"9,90","9,90",EUR,Y,true,,"Vlees, charcuterie, vis en veggie > Vlees",https://www.collectandgo.be/wcsstore/CollectAndGoSFAS/images/JPG/200x200/std.lang.all/29/34/asset-2772934.jpg,3074457345616682448
4577692,28869-P,Spekburger varken,Spekburger varken,"13,17","13,17",EUR,Y,true,,"Vlees, charcuterie, vis en veggie > Vlees",https://www.collectandgo.be/wcsstore/CollectAndGoSFAS/images/JPG/200x200/std.lang.all/30/88/asset-2763088.jpg,3074457345616803728
1578895,11394-P,chipolata varken mix ±400g,chipolata varken mix ±400g,"11,08","11,08",EUR,Y,true,,"Vlees, charcuterie, vis en veggie > Vlees",https://www.collectandgo.be/wcsstore/CollectAndGoSFAS/images/JPG/200x200/std.lang.all/47/23/asset-2804723.jpg,3074457345616689764
4915682,13812-P,Smashburger 240g,Smashburger 240g,"19,00","19,00",EUR,Y,true,,"Vlees, charcuterie, vis en veggie > Vlees",https://www.collectandgo.be/wcsstore/CollectAndGoSFAS/images/JPG/200x200/std.lang.all/31/12/asset-3943112.jpg,3074457345616863838
4667674,11949-P,WAHID rundergehakt 500g,WAHID rundergehakt 500g,"9,99","19,98",EUR,Y,true,,"Vlees, charcuterie, vis en veggie > Vlees",https://www.collectandgo.be/wcsstore/CollectAndGoSFAS/images/JPG/200x200/std.lang.all/16/35/asset-3961635.jpg,3074457345616808738
4923249,10523-P,WAHID Kippengehakt 500g,WAHID Kippengehakt 500g,"7,99","15,98",EUR,Y,true,,"Vlees, charcuterie, vis en veggie > Vlees",https://www.collectandgo.be/wcsstore/CollectAndGoSFAS/images/JPG/200x200/std.lang.all/16/29/asset-3961629.jpg,3074457345616859462
4667669,11906-P,WAHID runderburger 360g,WAHID runderburger 360g,"6,99","19,42",EUR,Y,true,,"Vlees, charcuterie, vis en veggie > Vlees",https://www.collectandgo.be/wcsstore/CollectAndGoSFAS/images/JPG/200x200/std.lang.all/16/34/asset-3961634.jpg,3074457345616808734
1158996,10091-P,BH bereid gehakt rund+varken,BH bereid gehakt rund+varken,"10,78","10,78",EUR,Y,true,,"Vlees, charcuterie, vis en veggie > Vlees",https://www.collectandgo.be/wcsstore/CollectAndGoSFAS/images/JPG/200x200/std.lang.all/09/73/asset-1390973.jpg,3074457345616685668
1158993,10088-P,BH Kaasburger Varken,BH Kaasburger Varken,"10,57","10,57",EUR,Y,true,,"Vlees, charcuterie, vis en veggie > Vlees",https://www.collectandgo.be/wcsstore/CollectAndGoSFAS/images/JPG/200x200/std.lang.all/81/67/asset-1858167.jpg,3074457345616743714
4604998,21883-P,Crispy burger,Crispy burger,"11,69","11,69",EUR,Y,true,,"Vlees, charcuterie, vis en veggie > Vlees",https://www.collectandgo.be/wcsstore/CollectAndGoSFAS/images/JPG/200x200/std.lang.all/42/31/asset-2844231.jpg,3074457345616870170
4757142,21300-P,GEHAKT VARKEN RUND ±500g,GEHAKT VARKEN RUND ±500g,"6,60","6,60",EUR,Y,true,,"Vlees, charcuterie, vis en veggie > Vlees",https://www.collectandgo.be/wcsstore/CollectAndGoSFAS/images/JPG/200x200/std.lang.all/55/60/asset-1515560.jpg,3074457345616822608
1159134,10095-P,bereid gehakt varken+kalf,bereid gehakt varken+kalf,"8,49","8,49",EUR,Y,true,,"Vlees, charcuterie, vis en veggie > Vlees",https://www.collectandgo.be/wcsstore/CollectAndGoSFAS/images/JPG/200x200/std.lang.all/74/96/asset-3997496.jpg,3074457345616685806
1158999,10093-P,BH Bereid Gehakt Varken,BH Bereid Gehakt Varken,"7,49","7,49",EUR,Y,true,,"Vlees, charcuterie, vis en veggie > Vlees",https://www.collectandgo.be/wcsstore/CollectAndGoSFAS/images/JPG/200x200/std.lang.all/81/68/asset-1858168.jpg,3074457345616685674
1438922,10001-P,bereid boerengehakt varken,bereid boerengehakt varken,"9,98","9,98",EUR,Y,true,,"Vlees, charcuterie, vis en veggie > Vlees",https://www.collectandgo.be/wcsstore/CollectAndGoSFAS/images/JPG/200x200/std.lang.all/89/14/asset-1508914.jpg,3074457345616688720
1159378,10139-P,varkenshaas,varkenshaas,"12,98","12,98",EUR,Y,true,,"Vlees, charcuterie, vis en veggie > Vlees",https://www.collectandgo.be/wcsstore/CollectAndGoSFAS/images/JPG/200x200/std.lang.all/51/21/asset-1855121.jpg,3074457345616682350
4783648,27291-P,Brazade van Kip,Brazade van Kip,"12,88","12,88",EUR,Y,true,,"Vlees, charcuterie, vis en veggie > Vlees",https://www.collectandgo.be/wcsstore/CollectAndGoSFAS/images/JPG/200x200/std.lang.all/58/88/asset-3425888.jpg,3074457345616833464
4256260,22058-P,BH kalkoenbrazade,BH kalkoenbrazade,"19,99","19,99",EUR,Y,true,,"Vlees, charcuterie, vis en veggie > Vlees",https://www.collectandgo.be/wcsstore/CollectAndGoSFAS/images/JPG/200x200/std.lang.all/20/03/asset-2072003.jpg,3074457345616798292
1677316,10296-P,Rundbrazade,Rundbrazade,"28,99","28,99",EUR,Y,true,,"Vlees, charcuterie, vis en veggie > Vlees",https://www.collectandgo.be/wcsstore/CollectAndGoSFAS/images/JPG/200x200/std.lang.all/53/36/asset-1745336.jpg,3074457345616690824
1677312,10031-P,varkensbrazade,varkensbrazade,"13,99","13,99",EUR,Y,true,,"Vlees, charcuterie, vis en veggie > Vlees",https://www.collectandgo.be/wcsstore/CollectAndGoSFAS/images/JPG/200x200/std.lang.all/18/59/asset-1491859.jpg,3074457345616690822
2476629,10917-P,Epigram 6st,Epigram 6st,"18,55","18,55",EUR,Y,true,,"Vlees, charcuterie, vis en veggie > Vlees",https://www.collectandgo.be/wcsstore/CollectAndGoSFAS/images/JPG/200x200/std.lang.all/14/18/asset-3621418.jpg,3074457345616694978
1795201,12518-P,eendenbrazade,eendenbrazade,"24,87","24,87",EUR,Y,true,,"Vlees, charcuterie, vis en veggie > Vlees",https://www.collectandgo.be/wcsstore/CollectAndGoSFAS/images/JPG/200x200/std.lang.all/75/66/asset-1497566.jpg,3074457345616691660
4186043,13668-P,toscaans varkenshaasje ±520g,toscaans varkenshaasje ±520g,"18,68","18,68",EUR,Y,true,,"Vlees, charcuterie, vis en veggie > Vlees",https://www.collectandgo.be/wcsstore/CollectAndGoSFAS/images/JPG/200x200/std.lang.all/64/86/asset-2076486.jpg,3074457345616833456
1578215,11382-P,BH Lamsbrazade,BH Lamsbrazade,"32,99","32,99",EUR,Y,true,,"Vlees, charcuterie, vis en veggie > Vlees",https://www.collectandgo.be/wcsstore/CollectAndGoSFAS/images/JPG/200x200/std.lang.all/51/57/asset-1745157.jpg,3074457345616685212
1160061,10236-P,bereid gehakt kalf,bereid gehakt kalf,"17,29","17,29",EUR,Y,true,,"Vlees, charcuterie, vis en veggie > Vlees",https://www.collectandgo.be/wcsstore/CollectAndGoSFAS/images/JPG/200x200/std.lang.all/52/93/asset-3625293.jpg,3074457345616680338
1158994,10089-P,filet americain,filet americain,"14,88","14,88",EUR,Y,true,,"Vlees, charcuterie, vis en veggie > Vlees",https://www.collectandgo.be/wcsstore/CollectAndGoSFAS/images/JPG/200x200/std.lang.all/57/50/asset-1515750.jpg,3074457345616743716
4948026,40628-P,préparé van de chef,préparé van de chef,"14,99","14,99",EUR,Y,true,,"Vlees, charcuterie, vis en veggie > Vlees",https://www.collectandgo.be/wcsstore/CollectAndGoSFAS/images/JPG/200x200/std.lang.all/38/81/asset-4053881.jpg,3074457345616871000
2356063,26798-P,balletjesbrochette,balletjesbrochette,"13,99","13,99",EUR,Y,true,,"Vlees, charcuterie, vis en veggie > Vlees",https://www.collectandgo.be/wcsstore/CollectAndGoSFAS/images/JPG/200x200/std.lang.all/55/63/asset-1515563.jpg,3074457345616696302
2948431,10827-P,VERSE KIPPENHAASJES ±500g,VERSE KIPPENHAASJES ±500g,"11,98","11,98",EUR,Y,true,,"Vlees, charcuterie, vis en veggie > Vlees",https://www.collectandgo.be/wcsstore/CollectAndGoSFAS/images/JPG/200x200/std.lang.all/78/51/asset-1547851.jpg,3074457345616700152
4761139,11760-P,Kippenfilet ±450g,Kippenfilet ±450g,"14,73","14,73",EUR,Y,true,,"Vlees, charcuterie, vis en veggie > Vlees",https://www.collectandgo.be/wcsstore/CollectAndGoSFAS/images/JPG/200x200/std.lang.all/02/95/asset-3850295.jpg,3074457345616836948
2945402,10323-P,gemarineerde kippenbrochette,gemarineerde kippenbrochette,"15,00","15,00",EUR,Y,true,,"Vlees, charcuterie, vis en veggie > Vlees",https://www.collectandgo.be/wcsstore/CollectAndGoSFAS/images/JPG/200x200/std.lang.all/57/59/asset-1515759.jpg,3074457345616701536
4948568,40752-P,Kippenescalope 450g,Kippenescalope 450g,"5,84","12,98",EUR,Y,true,,"Vlees, charcuterie, vis en veggie > Vlees",https://www.collectandgo.be/wcsstore/CollectAndGoSFAS/images/JPG/200x200/std.lang.all/68/54/asset-4076854.jpg,3074457345616871194
4632946,13088-P,kippenhaasje ±350g,kippenhaasje ±350g,"15,69","15,69",EUR,Y,true,,"Vlees, charcuterie, vis en veggie > Vlees",https://www.collectandgo.be/wcsstore/CollectAndGoSFAS/images/JPG/200x200/std.lang.all/02/96/asset-3850296.jpg,3074457345616808104
1437336,10788-P,boomstammetjes varken 4x140g,boomstammetjes varken 4x140g,"9,97","9,97",EUR,Y,true,,"Vlees, charcuterie, vis en veggie > Vlees",https://www.collectandgo.be/wcsstore/CollectAndGoSFAS/images/JPG/200x200/std.lang.all/39/17/asset-2513917.jpg,3074457345616743732
1158982,10079-P,kalkoenengebraad,kalkoenengebraad,"12,48","12,48",EUR,Y,true,,"Vlees, charcuterie, vis en veggie > Vlees",https://www.collectandgo.be/wcsstore/CollectAndGoSFAS/images/JPG/200x200/std.lang.all/90/33/asset-2199033.jpg,3074457345616685546
4577060,28813-P,Souvlaki Varken Gekruid,Souvlaki Varken Gekruid,"12,99","12,99",EUR,Y,true,,"Vlees, charcuterie, vis en veggie > Vlees",https://www.collectandgo.be/wcsstore/CollectAndGoSFAS/images/JPG/200x200/std.lang.all/54/84/asset-4045484.jpg,3074457345616795562
1158989,10084-P,BH BLINDE VINK,BH BLINDE VINK,"14,98","14,98",EUR,Y,true,,"Vlees, charcuterie, vis en veggie > Vlees",https://www.collectandgo.be/wcsstore/CollectAndGoSFAS/images/JPG/200x200/std.lang.all/94/99/asset-1399499.jpg,3074457345616685660
4336350,29000-P,ffm ardens gebraad ±1kg,ffm ardens gebraad ±1kg,"11,88","11,88",EUR,Y,true,,"Vlees, charcuterie, vis en veggie > Vlees",https://www.collectandgo.be/wcsstore/CollectAndGoSFAS/images/JPG/200x200/std.lang.all/58/82/asset-1415882.jpg,3074457345616792040
1159136,10096-P,vleeskoek varken ±1kg,vleeskoek varken ±1kg,"11,19","11,19",EUR,Y,true,,"Vlees, charcuterie, vis en veggie > Vlees",https://www.collectandgo.be/wcsstore/CollectAndGoSFAS/images/JPG/200x200/std.lang.all/60/39/asset-2946039.jpg,3074457345616743718
4924789,22003-P,VAL DIEU Kipfilet ±375g,VAL DIEU Kipfilet ±375g,"14,99","14,99",EUR,Y,true,,"Vlees, charcuterie, vis en veggie > Vlees",https://www.collectandgo.be/wcsstore/CollectAndGoSFAS/images/JPG/200x200/std.lang.all/87/67/asset-3908767.jpg,3074457345616859790
4890059,39530-P,Gevogelte Bal.brochette ±250g,Gevogelte Bal.brochette ±250g,"14,96","14,96",EUR,Y,true,,"Vlees, charcuterie, vis en veggie > Vlees",https://www.collectandgo.be/wcsstore/CollectAndGoSFAS/images/JPG/200x200/std.lang.all/14/63/asset-3831463.jpg,3074457345616853588
1159366,10137-P,spieringgebraad,spieringgebraad,"7,99","7,99",EUR,Y,true,,"Vlees, charcuterie, vis en veggie > Vlees",https://www.collectandgo.be/wcsstore/CollectAndGoSFAS/images/JPG/200x200/std.lang.all/20/06/asset-392006.jpg,3074457345616682346
1158630,10027-P,rosbief chateaubriand,rosbief chateaubriand,"23,99","23,99",EUR,Y,true,,"Vlees, charcuterie, vis en veggie > Vlees",https://www.collectandgo.be/wcsstore/CollectAndGoSFAS/images/JPG/200x200/std.lang.all/14/84/asset-1731484.jpg,3074457345616679898
1159368,10138-P,gebraad van koteletten,gebraad van koteletten,"13,95","13,95",EUR,Y,true,,"Vlees, charcuterie, vis en veggie > Vlees",https://www.collectandgo.be/wcsstore/CollectAndGoSFAS/images/JPG/200x200/std.lang.all/87/78/asset-2528778.jpg,3074457345616682348
2758837,11132-P,supreme varkensgebraad ±1kg,supreme varkensgebraad ±1kg,"13,99","13,99",EUR,Y,true,,"Vlees, charcuterie, vis en veggie > Vlees",https://www.collectandgo.be/wcsstore/CollectAndGoSFAS/images/JPG/200x200/std.lang.all/28/48/asset-1402848.jpg,3074457345616698374
1159200,10119-P,gevulde tomaten,gevulde tomaten,"12,39","12,39",EUR,Y,true,,"Vlees, charcuterie, vis en veggie > Vlees",https://www.collectandgo.be/wcsstore/CollectAndGoSFAS/images/JPG/200x200/std.lang.all/55/71/asset-1405571.jpg,3074457345616685826
1159235,10134-P,hespengebraad,hespengebraad,"14,25","14,25",EUR,Y,true,,"Vlees, charcuterie, vis en veggie > Vlees",https://www.collectandgo.be/wcsstore/CollectAndGoSFAS/images/JPG/200x200/std.lang.all/38/09/asset-1713809.jpg,3074457345616743728
4951774,41408-P,Gemarineerd Kippenescalope ±400g,Gemarineerd Kippenescalope ±400g,"11,97","11,97",EUR,Y,true,,"Vlees, charcuterie, vis en veggie > Vlees",https://www.collectandgo.be/wcsstore/CollectAndGoSFAS/images/JPG/200x200/std.lang.all/38/19/asset-4063819.jpg,3074457345616872596
4934243,24382-P,Burger Rund Tuinboonbloem ±250g,Burger Rund Tuinboonbloem ±250g,"13,96","13,96",EUR,Y,true,,"Vlees, charcuterie, vis en veggie > Vlees",https://www.collectandgo.be/wcsstore/CollectAndGoSFAS/images/JPG/200x200/std.lang.all/74/87/asset-3997487.jpg,3074457345616864298
4950082,41152-P,Burger Vark.Zomers groenten ±250g,Burger Vark.Zomers groenten ±250g,"13,96","13,96",EUR,Y,true,,"Vlees, charcuterie, vis en veggie > Vlees",https://www.collectandgo.be/wcsstore/CollectAndGoSFAS/images/JPG/200x200/std.lang.all/60/51/asset-4076051.jpg,3074457345616872240
1158632,10033-P,gerolde rosbief,gerolde rosbief,"20,99","20,99",EUR,Y,true,,"Vlees, charcuterie, vis en veggie > Vlees",https://www.collectandgo.be/wcsstore/CollectAndGoSFAS/images/JPG/200x200/std.lang.all/34/67/asset-1623467.jpg,3074457345616679902
4861613,17227-P,IKBAL Kipfilet ±1kg,IKBAL Kipfilet ±1kg,"11,49","11,49",EUR,Y,true,,"Vlees, charcuterie, vis en veggie > Vlees",https://www.collectandgo.be/wcsstore/CollectAndGoSFAS/images/JPG/200x200/std.lang.all/98/07/asset-3739807.jpg,3074457345616844172
1158790,10058-P,kalfsgebraad eerste keus,kalfsgebraad eerste keus,"23,99","23,99",EUR,Y,true,,"Vlees, charcuterie, vis en veggie > Vlees",https://www.collectandgo.be/wcsstore/CollectAndGoSFAS/images/JPG/200x200/std.lang.all/12/91/asset-1731291.jpg,3074457345616685430
4915734,13914-P,IKBAL Kippendijfilet ±1kg,IKBAL Kippendijfilet ±1kg,"12,98","12,98",EUR,Y,true,,"Vlees, charcuterie, vis en veggie > Vlees",https://www.collectandgo.be/wcsstore/CollectAndGoSFAS/images/JPG/200x200/std.lang.all/97/27/asset-3909727.jpg,3074457345616857784
3475058,13839-P,rosbief vrouwelijk,rosbief vrouwelijk,"26,29","26,29",EUR,Y,true,,"Vlees, charcuterie, vis en veggie > Vlees",https://www.collectandgo.be/wcsstore/CollectAndGoSFAS/images/JPG/200x200/std.lang.all/56/98/asset-2545698.jpg,3074457345616744770
1159209,10126-P,BH lamsbout ±2kg,BH lamsbout ±2kg,"21,95","21,95",EUR,Y,true,,"Vlees, charcuterie, vis en veggie > Vlees",https://www.collectandgo.be/wcsstore/CollectAndGoSFAS/images/JPG/200x200/std.lang.all/00/47/asset-1950047.jpg,3074457345616685924
4887985,39393-P,Droge worst Felino IGP 300g,Salame Felino IGP 300g,"26,99","26,99",EUR,Y,true,,"Vlees, charcuterie, vis en veggie > Vlees",https://www.collectandgo.be/wcsstore/CollectAndGoSFAS/images/JPG/200x200/std.lang.all/07/29/asset-3790729.jpg,3074457345616854818
2336260,27482-P,"Mees.1/4 Gedroogd.Belg.ham ±1,3kg","Mees.1/4 Gedroogd.Belg.ham ±1,3kg","19,99","19,99",EUR,Y,true,,"Vlees, charcuterie, vis en veggie > Vlees",https://www.collectandgo.be/wcsstore/CollectAndGoSFAS/images/JPG/200x200/std.lang.all/46/92/asset-2254692.jpg,3074457345616854784
4923331,12992-P,Gehaktmix Rund&Tuinboonbl. ±400g,Gehaktmix Rund&Tuinboonbl. ±400g,"11,22","11,22",EUR,Y,true,,"Vlees, charcuterie, vis en veggie > Vlees",https://www.collectandgo.be/wcsstore/CollectAndGoSFAS/images/JPG/200x200/std.lang.all/60/49/asset-4076049.jpg,3074457345616862668
4948538,40732-P,Kippenblokjes 500g,Kippenblokjes 500g,"5,99","11,98",EUR,Y,true,,"Vlees, charcuterie, vis en veggie > Vlees",https://www.collectandgo.be/wcsstore/CollectAndGoSFAS/images/JPG/200x200/std.lang.all/68/56/asset-4076856.jpg,3074457345616871186
4760572,10224-P,kippenbil ±600g,kippenbil ±600g,"7,59","7,59",EUR,Y,true,,"Vlees, charcuterie, vis en veggie > Vlees",https://www.collectandgo.be/wcsstore/CollectAndGoSFAS/images/JPG/200x200/std.lang.all/02/93/asset-3850293.jpg,3074457345616823648
4804565,1939-P,Kippendijfilet 500g,Kippendijfilet 500g,"12,99","12,99",EUR,Y,true,,"Vlees, charcuterie, vis en veggie > Vlees",https://www.collectandgo.be/wcsstore/CollectAndGoSFAS/images/JPG/200x200/std.lang.all/17/08/asset-3851708.jpg,3074457345616833178
4688615,30651-P,VERSE KIPPENBIL ±1kg,VERSE KIPPENBIL ±1kg,"5,26","5,26",EUR,Y,true,,"Vlees, charcuterie, vis en veggie > Vlees",https://www.collectandgo.be/wcsstore/CollectAndGoSFAS/images/JPG/200x200/std.lang.all/05/73/asset-3120573.jpg,3074457345616842384
4761152,11886-P,Kippenfilet ±800g,Kippenfilet ±800g,"14,73","14,73",EUR,Y,true,,"Vlees, charcuterie, vis en veggie > Vlees",https://www.collectandgo.be/wcsstore/CollectAndGoSFAS/images/JPG/200x200/std.lang.all/67/26/asset-3846726.jpg,3074457345616823692
4760867,10822-P,Kippenbil ±1kg,Kippenbil ±1kg,"7,59","7,59",EUR,Y,true,,"Vlees, charcuterie, vis en veggie > Vlees",https://www.collectandgo.be/wcsstore/CollectAndGoSFAS/images/JPG/200x200/std.lang.all/02/94/asset-3850294.jpg,3074457345616823666
4861445,16709-P,IKBAL Kippenbil ±1kg,IKBAL Kippenbil ±1kg,"5,99","5,99",EUR,Y,true,,"Vlees, charcuterie, vis en veggie > Vlees",https://www.collectandgo.be/wcsstore/CollectAndGoSFAS/images/JPG/200x200/std.lang.all/98/08/asset-3739808.jpg,3074457345616844178
4632945,12969-P,Kippenpilons ±600g,Kippenpilons ±600g,"6,15","6,15",EUR,Y,true,,"Vlees, charcuterie, vis en veggie > Vlees",https://www.collectandgo.be/wcsstore/CollectAndGoSFAS/images/JPG/200x200/std.lang.all/67/37/asset-3846737.jpg,3074457345616808102
4759391,6594-P,kippenvleugel ±600g,kippenvleugel ±600g,"6,82","6,82",EUR,Y,true,,"Vlees, charcuterie, vis en veggie > Vlees",https://www.collectandgo.be/wcsstore/CollectAndGoSFAS/images/JPG/200x200/std.lang.all/04/38/asset-3850438.jpg,3074457345616823570
4955404,41430-P,VAL-DIEU Vgg kippenboutjes 400g,VAL-DIEU Vgg kippenboutjes 400g,"4,96","12,40",EUR,Y,true,,"Vlees, charcuterie, vis en veggie > Vlees",https://www.collectandgo.be/wcsstore/CollectAndGoSFAS/images/JPG/200x200/std.lang.all/01/26/asset-3620126.jpg,3074457345616873652
4861568,16717-P,IKBAL Kippenvleugel ±1kg,IKBAL Kippenvleugel ±1kg,"6,49","6,49",EUR,Y,true,,"Vlees, charcuterie, vis en veggie > Vlees",https://www.collectandgo.be/wcsstore/CollectAndGoSFAS/images/JPG/200x200/std.lang.all/98/06/asset-3739806.jpg,3074457345616844170
1985128,10011-P,wokreepjes gevogelte,wokreepjes gevogelte,"13,73","13,73",EUR,Y,true,,"Vlees, charcuterie, vis en veggie > Vlees",https://www.collectandgo.be/wcsstore/CollectAndGoSFAS/images/JPG/200x200/std.lang.all/78/86/asset-3277886.jpg,3074457345616687140
4459182,19084-P,gevogelte gyros,gevogelte gyros,"11,89","11,89",EUR,Y,true,,"Vlees, charcuterie, vis en veggie > Vlees",https://www.collectandgo.be/wcsstore/CollectAndGoSFAS/images/JPG/200x200/std.lang.all/79/22/asset-3277922.jpg,3074457345616778392
1158797,10063-P,kalfsblanquette extra zonder been,kalfsblanquette extra zonder been,"19,99","19,99",EUR,Y,true,,"Vlees, charcuterie, vis en veggie > Vlees",https://www.collectandgo.be/wcsstore/CollectAndGoSFAS/images/JPG/200x200/std.lang.all/99/85/asset-1599985.jpg,3074457345616685440
1158817,10065-P,kalfsschenkel osso buco,kalfsschenkel osso buco,"22,99","22,99",EUR,Y,true,,"Vlees, charcuterie, vis en veggie > Vlees",https://www.collectandgo.be/wcsstore/CollectAndGoSFAS/images/JPG/200x200/std.lang.all/21/23/asset-2052123.jpg,3074457345616685442
4959673,1840-P,Pulled chicken 300g,Pulled chicken 300g,"5,85","19,50",EUR,Y,true,,"Vlees, charcuterie, vis en veggie > Vlees",https://www.collectandgo.be/wcsstore/CollectAndGoSFAS/images/JPG/200x200/std.lang.all/38/18/asset-4063818.jpg,3074457345616875390
4811959,37570-P,Sweet Spareribs ±650g,Sweet Spareribs ±650g,"9,49","9,49",EUR,Y,true,,"Vlees, charcuterie, vis en veggie > Vlees",https://www.collectandgo.be/wcsstore/CollectAndGoSFAS/images/JPG/200x200/std.lang.all/69/24/asset-3496924.jpg,3074457345616834452
4940827,39881-P,kalkoenenschnitzel 375g,kalkoenenschnitzel 375g,"4,89","13,04",EUR,Y,true,,"Vlees, charcuterie, vis en veggie > Vlees",https://www.collectandgo.be/wcsstore/CollectAndGoSFAS/images/JPG/200x200/std.lang.all/68/48/asset-4076848.jpg,3074457345616873392
4941776,39922-P,Gepaneerde Krokante Kip 500g,Gepaneerde Krokante Kip 500g,"3,99","7,98",EUR,Y,true,,"Vlees, charcuterie, vis en veggie > Vlees",https://www.collectandgo.be/wcsstore/CollectAndGoSFAS/images/JPG/200x200/std.lang.all/86/91/asset-4058691.jpg,3074457345616872220
1159158,10108-P,Gemarineerde Ribbetjes,Gemarineerde Ribbetjes,"6,99","6,99",EUR,Y,true,,"Vlees, charcuterie, vis en veggie > Vlees",https://www.collectandgo.be/wcsstore/CollectAndGoSFAS/images/JPG/200x200/std.lang.all/20/79/asset-4072079.jpg,3074457345616685820
4942027,39956-P,Kipschnitzels Kaas Ham 1kg,Kipschnitzels Kaas Ham 1kg,"12,78","12,78",EUR,Y,true,,"Vlees, charcuterie, vis en veggie > Vlees",https://www.collectandgo.be/wcsstore/CollectAndGoSFAS/images/JPG/200x200/std.lang.all/86/92/asset-4058692.jpg,3074457345616872172
3559793,15461-P,COLRUYT gezouten speksneden dik 200g,COLRUYT gezouten speksneden dik 200g,"3,19","15,95",EUR,Y,true,,"Vlees, charcuterie, vis en veggie > Vlees",https://www.collectandgo.be/wcsstore/CollectAndGoSFAS/images/JPG/200x200/std.lang.all/80/12/asset-2708012.jpg,3074457345616718208
3822055,21078-P,Vgg Ribs Texas ±700g,Vgg Ribs Texas ±700g,"12,95","12,95",EUR,Y,true,,"Vlees, charcuterie, vis en veggie > Vlees",https://www.collectandgo.be/wcsstore/CollectAndGoSFAS/images/JPG/200x200/std.lang.all/02/24/asset-3180224.jpg,3074457345616815262
4942336,39975-P,Kipschnitzel Tomaat Mozzarella 500g,Kipschnitzel Tomaat Mozzarella 500g,"7,98","15,96",EUR,Y,true,,"Vlees, charcuterie, vis en veggie > Vlees",https://www.collectandgo.be/wcsstore/CollectAndGoSFAS/images/JPG/200x200/std.lang.all/70/52/asset-4067052.jpg,3074457345616873328
4577010,28797-P,Koude schotel gebak.bal ±460g,Koude schotel gebak.bal ±460g,"10,45","10,45",EUR,Y,true,,"Vlees, charcuterie, vis en veggie > Vlees",https://www.collectandgo.be/wcsstore/CollectAndGoSFAS/images/JPG/200x200/std.lang.all/31/49/asset-2763149.jpg,3074457345616798294
4942529,40027-P,Kipschnitzels Champignons 500g,Kipschnitzels Champignons 500g,"7,58","15,16",EUR,Y,true,,"Vlees, charcuterie, vis en veggie > Vlees",https://www.collectandgo.be/wcsstore/CollectAndGoSFAS/images/JPG/200x200/std.lang.all/86/93/asset-4058693.jpg,3074457345616872174
3559755,14651-P,COLRUYT gerookte speksneden dun 200g,COLRUYT gerookte speksneden dun 200g,"4,98","24,90",EUR,Y,true,,"Vlees, charcuterie, vis en veggie > Vlees",https://www.collectandgo.be/wcsstore/CollectAndGoSFAS/images/JPG/200x200/std.lang.all/99/14/asset-2709914.jpg,3074457345616718164
4415784,15799-P,carpaccio ±230g,carpaccio ±230g,"29,99","29,99",EUR,Y,true,,"Vlees, charcuterie, vis en veggie > Vlees",https://www.collectandgo.be/wcsstore/CollectAndGoSFAS/images/JPG/200x200/std.lang.all/97/00/asset-3659700.jpg,3074457345616774802
4249806,10475-P,carpaccio natuur ±210g,carpaccio natuur ±210g,"29,99","29,99",EUR,Y,true,,"Vlees, charcuterie, vis en veggie > Vlees",https://www.collectandgo.be/wcsstore/CollectAndGoSFAS/images/JPG/200x200/std.lang.all/64/61/asset-3676461.jpg,3074457345616718634
3185703,10180-P,gemarineerde bbq sneden,gemarineerde bbq sneden,"11,15","11,15",EUR,Y,true,,"Vlees, charcuterie, vis en veggie > Vlees",https://www.collectandgo.be/wcsstore/CollectAndGoSFAS/images/JPG/200x200/std.lang.all/81/69/asset-1858169.jpg,3074457345616743820
3559797,15652-P,COLRUYT gezouten speksneden dun 200g,COLRUYT gezouten speksneden dun 200g,"3,59","17,95",EUR,Y,true,,"Vlees, charcuterie, vis en veggie > Vlees",https://www.collectandgo.be/wcsstore/CollectAndGoSFAS/images/JPG/200x200/std.lang.all/80/13/asset-2708013.jpg,3074457345616718210
4791573,33532-P,Koude schotel kip ±480g,Koude schotel kip ±480g,"15,00","15,00",EUR,Y,true,,"Vlees, charcuterie, vis en veggie > Vlees",https://www.collectandgo.be/wcsstore/CollectAndGoSFAS/images/JPG/200x200/std.lang.all/58/90/asset-3425890.jpg,3074457345616835556
4248417,10002-P,gemarineerde varkens entrecôte,gemarineerde varkens entrecôte,"11,54","11,54",EUR,Y,true,,"Vlees, charcuterie, vis en veggie > Vlees",https://www.collectandgo.be/wcsstore/CollectAndGoSFAS/images/JPG/200x200/std.lang.all/20/56/asset-2072056.jpg,3074457345616716682
4945503,4562-P,Gekruide spekrol ±150g,Gekruide spekrol ±150g,"11,54","11,54",EUR,Y,true,,"Vlees, charcuterie, vis en veggie > Vlees",https://www.collectandgo.be/wcsstore/CollectAndGoSFAS/images/JPG/200x200/std.lang.all/34/80/asset-4063480.jpg,3074457345616870224
2349987,11360-P,gemarineerd spek,gemarineerd spek,"9,98","9,98",EUR,Y,true,,"Vlees, charcuterie, vis en veggie > Vlees",https://www.collectandgo.be/wcsstore/CollectAndGoSFAS/images/JPG/200x200/std.lang.all/73/49/asset-1467349.jpg,3074457345616697226
3536584,27024-P,BONI spekblokjes gerookt GV 2x100g,BONI spekblokjes gerookt GV 2x100g,"2,23","11,15",EUR,Y,true,,"Vlees, charcuterie, vis en veggie > Vlees",https://www.collectandgo.be/wcsstore/CollectAndGoSFAS/images/JPG/200x200/std.lang.all/31/05/asset-3133105.jpg,3074457345616749954
3536636,27054-P,BONI spekblokjes gezouten GV 2x100g,BONI spekblokjes gezouten GV 2x100g,"2,23","11,15",EUR,Y,true,,"Vlees, charcuterie, vis en veggie > Vlees",https://www.collectandgo.be/wcsstore/CollectAndGoSFAS/images/JPG/200x200/std.lang.all/23/69/asset-3342369.jpg,3074457345616749962
3951470,27066-P,BONI Baconreepjes 2x100g,BONI Baconreepjes 2x100g,"2,79","13,95",EUR,Y,true,,"Vlees, charcuterie, vis en veggie > Vlees",https://www.collectandgo.be/wcsstore/CollectAndGoSFAS/images/JPG/200x200/std.lang.all/30/27/asset-3133027.jpg,3074457345616733188
3520573,27378-P,BONI ontbijtspek gerookt sneden 250g,BONI ontbijtspek gerookt sneden 250g,"3,82","15,28",EUR,Y,true,,"Vlees, charcuterie, vis en veggie > Vlees",https://www.collectandgo.be/wcsstore/CollectAndGoSFAS/images/JPG/200x200/std.lang.all/36/21/asset-3123621.jpg,3074457345616714862
1577506,11377-P,gemarineerde kippenpilons,gemarineerde kippenpilons,"5,66","5,66",EUR,Y,true,,"Vlees, charcuterie, vis en veggie > Vlees",https://www.collectandgo.be/wcsstore/CollectAndGoSFAS/images/JPG/200x200/std.lang.all/43/35/asset-3574335.jpg,3074457345616688132
1158653,10049-P,mager rundstoofvlees,mager rundstoofvlees,"15,29","15,29",EUR,Y,true,,"Vlees, charcuterie, vis en veggie > Vlees",https://www.collectandgo.be/wcsstore/CollectAndGoSFAS/images/JPG/200x200/std.lang.all/14/82/asset-1371482.jpg,3074457345616679988
3519623,27256-P,BONI gezouten spek sneden GV 250g,BONI gezouten spek sneden GV 250g,"3,99","15,96",EUR,Y,true,,"Vlees, charcuterie, vis en veggie > Vlees",https://www.collectandgo.be/wcsstore/CollectAndGoSFAS/images/JPG/200x200/std.lang.all/73/19/asset-3747319.jpg,3074457345616749836
3536613,27039-P,BONI Coppa varkensreepjes 2x100g,BONI Coppa varkensreepjes 2x100g,"3,32","16,60",EUR,Y,true,,"Vlees, charcuterie, vis en veggie > Vlees",https://www.collectandgo.be/wcsstore/CollectAndGoSFAS/images/JPG/200x200/std.lang.all/51/61/asset-3445161.jpg,3074457345616749960
4577693,28870-P,Gemarineerd Kalkoen rumpsteak,Gemarineerd Kalkoen rumpsteak,"18,68","18,68",EUR,Y,true,,"Vlees, charcuterie, vis en veggie > Vlees",https://www.collectandgo.be/wcsstore/CollectAndGoSFAS/images/JPG/200x200/std.lang.all/30/89/asset-2763089.jpg,3074457345616798480
3115202,42878-P,BONI spekrepen kalkoen gerookt 2x75g,BONI spekrepen kalkoen gerookt 2x75g,"3,79","25,27",EUR,Y,true,,"Vlees, charcuterie, vis en veggie > Vlees",https://www.collectandgo.be/wcsstore/CollectAndGoSFAS/images/JPG/200x200/std.lang.all/86/48/asset-3348648.jpg,3074457345616700536
4188882,27549-P,BONI BIO gerookt spek 150g,BONI BIO gerookt spek 150g,"4,13","27,54",EUR,Y,true,,"Vlees, charcuterie, vis en veggie > Vlees",https://www.collectandgo.be/wcsstore/CollectAndGoSFAS/images/JPG/200x200/std.lang.all/98/48/asset-2919848.jpg,3074457345616745306
3172432,10754-P,BH Gemarineerde Kipfilet,BH Gemarineerde Kipfilet,"16,98","16,98",EUR,Y,true,,"Vlees, charcuterie, vis en veggie > Vlees",https://www.collectandgo.be/wcsstore/CollectAndGoSFAS/images/JPG/200x200/std.lang.all/65/11/asset-1476511.jpg,3074457345616746172
3373449,11363-P,stoofvlees vrouwelijk,stoofvlees vrouwelijk,"17,98","17,98",EUR,Y,true,,"Vlees, charcuterie, vis en veggie > Vlees",https://www.collectandgo.be/wcsstore/CollectAndGoSFAS/images/JPG/200x200/std.lang.all/75/68/asset-1507568.jpg,3074457345616743998
4256257,22055-P,Gemarin.Kipvleugel,Gemarin.Kipvleugel,"6,82","6,82",EUR,Y,true,,"Vlees, charcuterie, vis en veggie > Vlees",https://www.collectandgo.be/wcsstore/CollectAndGoSFAS/images/JPG/200x200/std.lang.all/20/02/asset-2072002.jpg,3074457345616722284
1159140,10098-P,BH Verse Worsten Rund+Varken,BH Verse Worsten Rund+Varken,"13,49","13,49",EUR,Y,true,,"Vlees, charcuterie, vis en veggie > Vlees",https://www.collectandgo.be/wcsstore/CollectAndGoSFAS/images/JPG/200x200/std.lang.all/71/89/asset-1787189.jpg,3074457345616685808
4759348,6328-P,worsten varken rund ±600g,worsten varken rund ±600g,"9,99","9,99",EUR,Y,true,,"Vlees, charcuterie, vis en veggie > Vlees",https://www.collectandgo.be/wcsstore/CollectAndGoSFAS/images/JPG/200x200/std.lang.all/30/72/asset-3603072.jpg,3074457345616823564
4897300,2208-P,Worst Varken Paprika ±360g,Worst Varken Paprika ±360g,"11,99","11,99",EUR,Y,true,,"Vlees, charcuterie, vis en veggie > Vlees",https://www.collectandgo.be/wcsstore/CollectAndGoSFAS/images/JPG/200x200/std.lang.all/60/48/asset-4076048.jpg,3074457345616855878
4833649,22194-P,BERETTA Pancetta Blokjes 100g,BERETTA Pancetta Blokjes 100g,"3,29","32,90",EUR,Y,true,,"Vlees, charcuterie, vis en veggie > Vlees",https://www.collectandgo.be/wcsstore/CollectAndGoSFAS/images/JPG/200x200/std.lang.all/77/57/asset-3587757.jpg,3074457345616838252
4856075,18963-P,BERETTA Sud Tyrol Speck IGP 90g,BERETTA Sud Tyrol Speck IGP 90g,"2,89","32,12",EUR,Y,true,,"Vlees, charcuterie, vis en veggie > Vlees",https://www.collectandgo.be/wcsstore/CollectAndGoSFAS/images/JPG/200x200/std.lang.all/85/34/asset-3688534.jpg,3074457345616843128
1159144,10101-P,verse worsten varken+kalf,verse worsten varken+kalf,"10,11","10,11",EUR,Y,true,,"Vlees, charcuterie, vis en veggie > Vlees",https://www.collectandgo.be/wcsstore/CollectAndGoSFAS/images/JPG/200x200/std.lang.all/77/68/asset-1507768.jpg,3074457345616685814
4138251,9676-P,BIO BUTCHER spekblokjes gerookt Bio 150g,BIO BUTCHER spekblokjes gerookt Bio 150g,"4,09","27,27",EUR,Y,true,,"Vlees, charcuterie, vis en veggie > Vlees",https://www.collectandgo.be/wcsstore/CollectAndGoSFAS/images/JPG/200x200/std.lang.all/34/34/asset-3383434.jpg,3074457345616731730
3823483,21207-P,barbecue worst varken,barbecue worst varken,"9,97","9,97",EUR,Y,true,,"Vlees, charcuterie, vis en veggie > Vlees",https://www.collectandgo.be/wcsstore/CollectAndGoSFAS/images/JPG/200x200/std.lang.all/75/70/asset-1497570.jpg,3074457345616729716
4577684,28868-P,Perzik met tonijn ±520g,Perzik met tonijn ±520g,"12,52","12,52",EUR,Y,true,,"Vlees, charcuterie, vis en veggie > Vlees",https://www.collectandgo.be/wcsstore/CollectAndGoSFAS/images/JPG/200x200/std.lang.all/31/52/asset-2763152.jpg,3074457345616802782
4249944,11444-P,ass mini bbq worstjes ±500g,ass mini bbq worstjes ±500g,"12,29","12,29",EUR,Y,true,,"Vlees, charcuterie, vis en veggie > Vlees",https://www.collectandgo.be/wcsstore/CollectAndGoSFAS/images/JPG/200x200/std.lang.all/19/90/asset-2071990.jpg,3074457345616700328
2773601,27070-P,chorizo BBQ ±330g,chorizo BBQ ±330g,"12,69","12,69",EUR,Y,true,,"Vlees, charcuterie, vis en veggie > Vlees",https://www.collectandgo.be/wcsstore/CollectAndGoSFAS/images/JPG/200x200/std.lang.all/61/79/asset-336179.jpg,3074457345616794048
4577013,28799-P,Grillworst ±340g,Grillworst ±340g,"12,45","12,45",EUR,Y,true,,"Vlees, charcuterie, vis en veggie > Vlees",https://www.collectandgo.be/wcsstore/CollectAndGoSFAS/images/JPG/200x200/std.lang.all/14/66/asset-3831466.jpg,3074457345616833448
4889173,39475-P,Gevogelte Grillworst Kaas ±340g,Gevogelte Grillworst Kaas ±340g,"13,25","13,25",EUR,Y,true,,"Vlees, charcuterie, vis en veggie > Vlees",https://www.collectandgo.be/wcsstore/CollectAndGoSFAS/images/JPG/200x200/std.lang.all/43/99/asset-3834399.jpg,3074457345616853534
4784145,33085-P,Koude Schotel Hamrol Asperge ±665g,Koude Schotel Hamrol Asperge ±665g,"16,90","16,90",EUR,Y,true,,"Vlees, charcuterie, vis en veggie > Vlees",https://www.collectandgo.be/wcsstore/CollectAndGoSFAS/images/JPG/200x200/std.lang.all/58/89/asset-3425889.jpg,3074457345616835498
1159147,10102-P,BH Boerenworsten Varken,BH Boerenworsten Varken,"10,12","10,12",EUR,Y,true,,"Vlees, charcuterie, vis en veggie > Vlees",https://www.collectandgo.be/wcsstore/CollectAndGoSFAS/images/JPG/200x200/std.lang.all/73/78/asset-1467378.jpg,3074457345616743720
2350025,11913-P,Barbecueburger varken,Barbecueburger varken,"12,69","12,69",EUR,Y,true,,"Vlees, charcuterie, vis en veggie > Vlees",https://www.collectandgo.be/wcsstore/CollectAndGoSFAS/images/JPG/200x200/std.lang.all/74/84/asset-1487484.jpg,3074457345616743766
4825172,10659-P,Schotel Bbq Burger Varken 1060g,Schotel Bbq Burger Varken 1060g,"10,00","9,44",EUR,Y,true,,"Vlees, charcuterie, vis en veggie > Vlees",https://www.collectandgo.be/wcsstore/CollectAndGoSFAS/images/JPG/200x200/std.lang.all/70/86/asset-3547086.jpg,3074457345616836730
3472514,12950-P,BH fakkels,BH fakkels,"17,11","17,11",EUR,Y,true,,"Vlees, charcuterie, vis en veggie > Vlees",https://www.collectandgo.be/wcsstore/CollectAndGoSFAS/images/JPG/200x200/std.lang.all/60/16/asset-2096016.jpg,3074457345616720126
4948532,40728-P,bereid kippengehakt 500g,bereid kippengehakt 500g,"4,49","8,98",EUR,Y,true,,"Vlees, charcuterie, vis en veggie > Vlees",https://www.collectandgo.be/wcsstore/CollectAndGoSFAS/images/JPG/200x200/std.lang.all/21/08/asset-4072108.jpg,3074457345616871184
1349319,10406-P,"wokschotel gevogelte 2pers 1,14kg","wokschotel gevogelte 2pers 1,14kg","11,85","10,40",EUR,Y,true,,"Vlees, charcuterie, vis en veggie > Vlees",https://www.collectandgo.be/wcsstore/CollectAndGoSFAS/images/JPG/200x200/std.lang.all/04/54/asset-2670454.jpg,3074457345616686208
3293579,10554-P,Pastasalade 500g,Pastasalade 500g,"7,69","15,38",EUR,Y,true,,"Vlees, charcuterie, vis en veggie > Vlees",https://www.collectandgo.be/wcsstore/CollectAndGoSFAS/images/JPG/200x200/std.lang.all/92/86/asset-2429286.jpg,3074457345616713104
4796772,35923-P,Kool Wortelsalade 500g,Kool Wortelsalade 500g,"4,82","9,64",EUR,Y,true,,"Vlees, charcuterie, vis en veggie > Vlees",https://www.collectandgo.be/wcsstore/CollectAndGoSFAS/images/JPG/200x200/std.lang.all/81/73/asset-3428173.jpg,3074457345616835246
1159436,10149-P,ribbetjes,ribbetjes,"11,99","11,99",EUR,Y,true,,"Vlees, charcuterie, vis en veggie > Vlees",https://www.collectandgo.be/wcsstore/CollectAndGoSFAS/images/JPG/200x200/std.lang.all/72/45/asset-2877245.jpg,3074457345616682450
1159439,10150-P,varkensstoofvlees,varkensstoofvlees,"8,99","8,99",EUR,Y,true,,"Vlees, charcuterie, vis en veggie > Vlees",https://www.collectandgo.be/wcsstore/CollectAndGoSFAS/images/JPG/200x200/std.lang.all/61/00/asset-1426100.jpg,3074457345616682454
4948034,40631-P,koude schotel préparé chef ±400g,koude schotel préparé chef ±400g,"13,49","13,49",EUR,Y,true,,"Vlees, charcuterie, vis en veggie > Vlees",https://www.collectandgo.be/wcsstore/CollectAndGoSFAS/images/JPG/200x200/std.lang.all/92/19/asset-2859219.jpg,3074457345616875672
4947600,40511-P,Kefta Lam Varken ±225g,Kefta Lam Varken ±225g,"15,45","15,45",EUR,Y,true,,"Vlees, charcuterie, vis en veggie > Vlees",https://www.collectandgo.be/wcsstore/CollectAndGoSFAS/images/JPG/200x200/std.lang.all/34/81/asset-4063481.jpg,3074457345616870862
1587764,11448-P,Schotel MEXI.wijz.2pers. 1100g,Schotel MEXI.wijz.2pers. 1100g,"15,00","13,64",EUR,Y,true,,"Vlees, charcuterie, vis en veggie > Vlees",https://www.collectandgo.be/wcsstore/CollectAndGoSFAS/images/JPG/200x200/std.lang.all/04/56/asset-2670456.jpg,3074457345616687864
1650694,11753-P,gevogeltepitamaaltijd 2 p 1100g,gevogeltepitamaaltijd 2 p 1100g,"11,95","10,87",EUR,Y,true,,"Vlees, charcuterie, vis en veggie > Vlees",https://www.collectandgo.be/wcsstore/CollectAndGoSFAS/images/JPG/200x200/std.lang.all/04/58/asset-2670458.jpg,3074457345616691018
1158821,10067-P,parkkonijn,parkkonijn,"9,70","9,70",EUR,Y,true,,"Vlees, charcuterie, vis en veggie > Vlees",https://www.collectandgo.be/wcsstore/CollectAndGoSFAS/images/JPG/200x200/std.lang.all/23/18/asset-3992318.jpg,3074457345616750624
4948000,40616-P,Koud Schotel Griek.past-tom ±500g,Koud Schotel Griek.past-tom ±500g,"12,59","12,59",EUR,Y,true,,"Vlees, charcuterie, vis en veggie > Vlees",https://www.collectandgo.be/wcsstore/CollectAndGoSFAS/images/JPG/200x200/std.lang.all/34/82/asset-4063482.jpg,3074457345616870980
4301521,23614-P,konijnenfiletroulade park ±2x150g,konijnenfiletroulade park ±2x150g,"23,99","23,99",EUR,Y,true,,"Vlees, charcuterie, vis en veggie > Vlees",https://www.collectandgo.be/wcsstore/CollectAndGoSFAS/images/JPG/200x200/std.lang.all/81/07/asset-2158107.jpg,3074457345616758230
4825174,10815-P,Schotel kip krokant 960g,Schotel kip krokant 960g,"10,00","10,42",EUR,Y,true,,"Vlees, charcuterie, vis en veggie > Vlees",https://www.collectandgo.be/wcsstore/CollectAndGoSFAS/images/JPG/200x200/std.lang.all/70/88/asset-3547088.jpg,3074457345616836734
4667663,11646-P,WAHID kipfilet ±400g,WAHID kipfilet ±400g,"14,97","14,97",EUR,Y,true,,"Vlees, charcuterie, vis en veggie > Vlees",https://www.collectandgo.be/wcsstore/CollectAndGoSFAS/images/JPG/200x200/std.lang.all/17/16/asset-3961716.jpg,3074457345616808758
4667667,11870-P,WAHID Vlees kipmerguez 300g,WAHID Vlees kipmerguez 300g,"5,79","19,30",EUR,Y,true,,"Vlees, charcuterie, vis en veggie > Vlees",https://www.collectandgo.be/wcsstore/CollectAndGoSFAS/images/JPG/200x200/std.lang.all/16/33/asset-3961633.jpg,3074457345616808732
4667664,11724-P,WAHID kip krokantschnitsel 200g,WAHID kip krokantschnitsel 200g,"4,59","22,95",EUR,Y,true,,"Vlees, charcuterie, vis en veggie > Vlees",https://www.collectandgo.be/wcsstore/CollectAndGoSFAS/images/JPG/200x200/std.lang.all/16/32/asset-3961632.jpg,3074457345616808730
4825175,10833-P,Schotel Burger Varken-Kaas 1060g,Schotel Burger Varken-Kaas 1060g,"10,00","9,44",EUR,Y,true,,"Vlees, charcuterie, vis en veggie > Vlees",https://www.collectandgo.be/wcsstore/CollectAndGoSFAS/images/JPG/200x200/std.lang.all/73/60/asset-3547360.jpg,3074457345616836736
4862578,23855-P,Schotel ger. spekburger,Schotel ger. spekburger,"10,00","9,44",EUR,Y,true,,"Vlees, charcuterie, vis en veggie > Vlees",https://www.collectandgo.be/wcsstore/CollectAndGoSFAS/images/JPG/200x200/std.lang.all/72/68/asset-3717268.jpg,3074457345616844246
4948004,40620-P,Schotel pulled chicken 850g,Schotel pulled chicken 850g,"12,90","15,18",EUR,Y,true,,"Vlees, charcuterie, vis en veggie > Vlees",https://www.collectandgo.be/wcsstore/CollectAndGoSFAS/images/JPG/200x200/std.lang.all/68/16/asset-4046816.jpg,3074457345616870988
3191846,10828-P,mixed fondue,mixed fondue,"15,49","15,49",EUR,Y,true,,"Vlees, charcuterie, vis en veggie > Vlees",https://www.collectandgo.be/wcsstore/CollectAndGoSFAS/images/JPG/200x200/std.lang.all/02/54/asset-2930254.jpg,3074457345616793674
1473623,11287-P,gevarieerde fondueballen ±450g,gevarieerde fondueballen ±450g,"14,95","14,95",EUR,Y,true,,"Vlees, charcuterie, vis en veggie > Vlees",https://www.collectandgo.be/wcsstore/CollectAndGoSFAS/images/JPG/200x200/std.lang.all/90/33/asset-699033.jpg,3074457345616688580
4338623,27120-P,EVERYDAY gerookte spekblokjes 250g,EVERYDAY gerookte spekblokjes 250g,"1,91","7,64",EUR,Y,true,,"Vlees, charcuterie, vis en veggie > Vlees",https://www.collectandgo.be/wcsstore/CollectAndGoSFAS/images/JPG/200x200/std.lang.all/30/24/asset-3813024.jpg,3074457345616762170
4236539,27175-P,EVERYDAY spek gerookt sneetjes 250g,EVERYDAY spek gerookt sneetjes 250g,"2,98","11,92",EUR,Y,true,,"Vlees, charcuterie, vis en veggie > Vlees",https://www.collectandgo.be/wcsstore/CollectAndGoSFAS/images/JPG/200x200/std.lang.all/27/01/asset-2092701.jpg,3074457345616679310
4791172,33458-P,BONI Zalmbrazade ±250g,BONI Zalmbrazade ±250g,"32,95","32,95",EUR,N,true,,"Vlees, charcuterie, vis en veggie > Vlees",https://www.collectandgo.be/wcsstore/CollectAndGoSFAS/images/JPG/200x200/std.lang.all/47/37/asset-3864737.jpg,3074457345616828794
3072106,8541-P,BONI ansjovisfilet olie nat. MSC 200g,BONI ansjovisfilet olie nat. MSC 200g,"3,05","15,25",EUR,Y,true,,"Vlees, charcuterie, vis en veggie > Vis en schaaldieren",https://www.collectandgo.be/wcsstore/CollectAndGoSFAS/images/JPG/200x200/std.lang.all/01/63/asset-2730163.jpg,3074457345616704712
3072119,8684-P,BONI ansjovisfilet olie look MSC 200g,BONI ansjovisfilet olie look MSC 200g,"3,05","15,25",EUR,Y,true,,"Vlees, charcuterie, vis en veggie > Vis en schaaldieren",https://www.collectandgo.be/wcsstore/CollectAndGoSFAS/images/JPG/200x200/std.lang.all/50/20/asset-3195020.jpg,3074457345616704714
3046600,22612-P,BONI Atl.zalmfilet graatloos 2x±180g,BONI Atl.zalmfilet graatloos 2x±180g,"26,00","26,00",EUR,Y,true,,"Vlees, charcuterie, vis en veggie > Vis en schaaldieren",https://www.collectandgo.be/wcsstore/CollectAndGoSFAS/images/JPG/200x200/std.lang.all/77/55/asset-3267755.jpg,3074457345616704330
4747744,32804-P,BONI Zalmfilet ±200g,BONI Zalmfilet ±200g,"22,50","22,50",EUR,Y,true,,"Vlees, charcuterie, vis en veggie > Vis en schaaldieren",https://www.collectandgo.be/wcsstore/CollectAndGoSFAS/images/JPG/200x200/std.lang.all/67/98/asset-3466798.jpg,3074457345616820878
4437534,20988-P,DELTA hangcultuur royal 2kg,DELTA hangcultuur royal 2kg,"7,98","3,99",EUR,Y,true,,"Vlees, charcuterie, vis en veggie > Vis en schaaldieren",https://www.collectandgo.be/wcsstore/CollectAndGoSFAS/images/JPG/200x200/std.lang.all/04/21/asset-2420421.jpg,3074457345616776830
4539097,28337-P,BONI BIO Bio Noorse zalmfil huid ±2x150g,BONI BIO Bio Noorse zalmfil huid ±2x150g,"37,95","37,95",EUR,Y,true,,"Vlees, charcuterie, vis en veggie > Vis en schaaldieren",https://www.collectandgo.be/wcsstore/CollectAndGoSFAS/images/JPG/200x200/std.lang.all/63/77/asset-2846377.jpg,3074457345616792006
4923619,15046-P,BONI Kabeljauwhaas Pac 2x125g,BONI Kabeljauwhaas Pac 2x125g,"4,65","18,60",EUR,Y,true,,"Vlees, charcuterie, vis en veggie > Vis en schaaldieren",https://www.collectandgo.be/wcsstore/CollectAndGoSFAS/images/JPG/200x200/std.lang.all/98/79/asset-3969879.jpg,3074457345616859506
4747732,32803-P,EVERYDAY zalmfilet met vel 4x±150g,EVERYDAY zalmfilet met vel 4x±150g,"21,16","21,16",EUR,Y,true,,"Vlees, charcuterie, vis en veggie > Vis en schaaldieren",https://www.collectandgo.be/wcsstore/CollectAndGoSFAS/images/JPG/200x200/std.lang.all/11/59/asset-3391159.jpg,3074457345616820876
3628079,19296-P,BONI mosselen gekookt MSC 200g,BONI mosselen gekookt MSC 200g,"2,25","11,25",EUR,Y,true,,"Vlees, charcuterie, vis en veggie > Vis en schaaldieren",https://www.collectandgo.be/wcsstore/CollectAndGoSFAS/images/JPG/200x200/std.lang.all/79/75/asset-3197975.jpg,3074457345616722648
4500345,1393-P,BONI kabeljauwhaasje graatl. MSC ±200g,BONI kabeljauwhaasje graatl. MSC ±200g,"31,63","31,63",EUR,Y,true,,"Vlees, charcuterie, vis en veggie > Vis en schaaldieren",https://www.collectandgo.be/wcsstore/CollectAndGoSFAS/images/JPG/200x200/std.lang.all/34/30/asset-3463430.jpg,3074457345616787010
3086336,40227-P,BONI kabeljauwfilet graatloos MSC ±300g,BONI kabeljauwfilet graatloos MSC ±300g,"24,95","24,95",EUR,Y,true,,"Vlees, charcuterie, vis en veggie > Vis en schaaldieren",https://www.collectandgo.be/wcsstore/CollectAndGoSFAS/images/JPG/200x200/std.lang.all/77/89/asset-3197789.jpg,3074457345616700692
3209946,15544-P,BONI kabeljauw royal graatloos MSC ±600g,BONI kabeljauw royal graatloos MSC ±600g,"36,25","36,25",EUR,Y,true,,"Vlees, charcuterie, vis en veggie > Vis en schaaldieren",https://www.collectandgo.be/wcsstore/CollectAndGoSFAS/images/JPG/200x200/std.lang.all/99/49/asset-3269949.jpg,3074457345616705854
2933913,33893-P,BONI kabeljauwfil.gepan.graatl.MSC ±300g,BONI kabeljauwfil.gepan.graatl.MSC ±300g,"25,95","25,95",EUR,Y,true,,"Vlees, charcuterie, vis en veggie > Vis en schaaldieren",https://www.collectandgo.be/wcsstore/CollectAndGoSFAS/images/JPG/200x200/std.lang.all/33/42/asset-3933342.jpg,3074457345616701858
2987649,42189-P,BONI kabeljauwburger graatl.MSC 4x100g,BONI kabeljauwburger graatl.MSC 4x100g,"4,09","10,23",EUR,Y,true,,"Vlees, charcuterie, vis en veggie > Vis en schaaldieren",https://www.collectandgo.be/wcsstore/CollectAndGoSFAS/images/JPG/200x200/std.lang.all/77/88/asset-3197788.jpg,3074457345616703308
4683468,6017-P,BONI garnalen Jumbo ASC 150g,BONI garnalen Jumbo ASC 150g,"3,98","26,54",EUR,Y,true,,"Vlees, charcuterie, vis en veggie > Vis en schaaldieren",https://www.collectandgo.be/wcsstore/CollectAndGoSFAS/images/JPG/200x200/std.lang.all/24/13/asset-3242413.jpg,3074457345616808122
3677781,40156-P,BONI grijze gepelde garnalen 125g,BONI grijze gepelde garnalen 125g,"9,99","79,92",EUR,Y,true,,"Vlees, charcuterie, vis en veggie > Vis en schaaldieren",https://www.collectandgo.be/wcsstore/CollectAndGoSFAS/images/JPG/200x200/std.lang.all/71/83/asset-3357183.jpg,3074457345616726180
3458880,30683-P,BONI schelvishaasje graatl. MSC ±250g,BONI schelvishaasje graatl. MSC ±250g,"34,95","34,95",EUR,Y,true,,"Vlees, charcuterie, vis en veggie > Vis en schaaldieren",https://www.collectandgo.be/wcsstore/CollectAndGoSFAS/images/JPG/200x200/std.lang.all/03/04/asset-3340304.jpg,3074457345616716972
4710392,3184-P,BONI grijze gepelde garnalen 75g,BONI grijze gepelde garnalen 75g,"6,59","87,87",EUR,Y,true,,"Vlees, charcuterie, vis en veggie > Vis en schaaldieren",https://www.collectandgo.be/wcsstore/CollectAndGoSFAS/images/JPG/200x200/std.lang.all/07/50/asset-4090750.jpg,3074457345616812622
4419759,25635-P,BONI roze diepzeegarnalen MSC 100g,BONI roze diepzeegarnalen MSC 100g,"2,99","29,90",EUR,Y,true,,"Vlees, charcuterie, vis en veggie > Vis en schaaldieren",https://www.collectandgo.be/wcsstore/CollectAndGoSFAS/images/JPG/200x200/std.lang.all/39/10/asset-3233910.jpg,3074457345616775094
4734335,15910-P,BONI Knoflook fijne kr.scampi ASC 200g,BONI Knoflook fijne kr.scampi ASC 200g,"5,99","29,95",EUR,Y,true,,"Vlees, charcuterie, vis en veggie > Vis en schaaldieren",https://www.collectandgo.be/wcsstore/CollectAndGoSFAS/images/JPG/200x200/std.lang.all/50/79/asset-3365079.jpg,3074457345616818786
3776159,20215-P,BONI schar meunière MSC ±300g,BONI schar meunière MSC ±300g,"19,95","19,95",EUR,Y,true,,"Vlees, charcuterie, vis en veggie > Vis en schaaldieren",https://www.collectandgo.be/wcsstore/CollectAndGoSFAS/images/JPG/200x200/std.lang.all/16/56/asset-3871656.jpg,3074457345616730530
4810061,24870-P,LABEYRIE Garnalen Kroon 130g,LABEYRIE Garnalen Kroon 130g,"6,59","50,70",EUR,Y,true,,"Vlees, charcuterie, vis en veggie > Vis en schaaldieren",https://www.collectandgo.be/wcsstore/CollectAndGoSFAS/images/JPG/200x200/std.lang.all/32/81/asset-3513281.jpg,3074457345616834024
4709958,2532-P,BONI Roodbaarsfilet ±250g,BONI Roodbaarsfilet ±250g,"21,95","21,95",EUR,Y,true,,"Vlees, charcuterie, vis en veggie > Vis en schaaldieren",https://www.collectandgo.be/wcsstore/CollectAndGoSFAS/images/JPG/200x200/std.lang.all/24/79/asset-3252479.jpg,3074457345616812568
4093624,8187-P,BONI Pangasiusfilet gemarineerd ±280g,BONI Pangasiusfilet gemarineerd ±280g,"13,28","13,28",EUR,Y,true,,"Vlees, charcuterie, vis en veggie > Vis en schaaldieren",https://www.collectandgo.be/wcsstore/CollectAndGoSFAS/images/JPG/200x200/std.lang.all/80/35/asset-3718035.jpg,3074457345616738580
2377757,25652-P,BONI BIO garnalen gepeld 100g,BONI BIO garnalen gepeld 100g,"3,69","36,90",EUR,Y,true,,"Vlees, charcuterie, vis en veggie > Vis en schaaldieren",https://www.collectandgo.be/wcsstore/CollectAndGoSFAS/images/JPG/200x200/std.lang.all/03/86/asset-3360386.jpg,3074457345616696112
4891456,5123-P,BONI Roze garnalen Gepeld 350g,BONI Roze garnalen Gepeld 350g,"5,95","17,00",EUR,Y,true,,"Vlees, charcuterie, vis en veggie > Vis en schaaldieren",https://www.collectandgo.be/wcsstore/CollectAndGoSFAS/images/JPG/200x200/std.lang.all/25/34/asset-3932534.jpg,3074457345616849800
4958915,41606-P,PURE FISH Scampi citr-gember-chili 200g,PURE FISH Scampi citr-gember-chili 200g,"5,99","29,95",EUR,Y,true,,"Vlees, charcuterie, vis en veggie > Vis en schaaldieren",,3074457345616875288
4956852,13785-P,PURE FISH Scampi curry 200g,PURE FISH Scampi curry 200g,"5,99","29,95",EUR,Y,true,,"Vlees, charcuterie, vis en veggie > Vis en schaaldieren",,3074457345616874414
27924,27924-P,EVERYDAY garnalen Noordzee MSC 200g,EVERYDAY garnalen Noordzee MSC 200g,"11,99","59,95",EUR,Y,true,,"Vlees, charcuterie, vis en veggie > Vis en schaaldieren",https://www.collectandgo.be/wcsstore/CollectAndGoSFAS/images/JPG/200x200/std.lang.all/94/46/asset-2059446.jpg,3074457345616679590
1833033,35100-P,EVERYDAY pangasiusf. graatl. ASC 2x±180g,EVERYDAY pangasiusf. graatl. ASC 2x±180g,"9,53","9,53",EUR,Y,true,,"Vlees, charcuterie, vis en veggie > Vis en schaaldieren",https://www.collectandgo.be/wcsstore/CollectAndGoSFAS/images/JPG/200x200/std.lang.all/92/60/asset-619260.jpg,3074457345616694636
3152633,16743-P,BONI 3 haring maatjes met ui MSC,BONI 3 haring maatjes met ui MSC,"2,95","13,12",EUR,Y,true,,"Vlees, charcuterie, vis en veggie > Vis en schaaldieren",https://www.collectandgo.be/wcsstore/CollectAndGoSFAS/images/JPG/200x200/std.lang.all/56/39/asset-3265639.jpg,3074457345616706936
27928,27928-P,BONI scampi Party ASC 150g,BONI scampi Party ASC 150g,"4,04","26,94",EUR,Y,true,,"Vlees, charcuterie, vis en veggie > Vis en schaaldieren",https://www.collectandgo.be/wcsstore/CollectAndGoSFAS/images/JPG/200x200/std.lang.all/98/46/asset-4039846.jpg,3074457345616679592
4862445,23576-P,BONI kibbeling ±300g,BONI kibbeling ±300g,"15,99","15,99",EUR,Y,true,,"Vlees, charcuterie, vis en veggie > Vis en schaaldieren",https://www.collectandgo.be/wcsstore/CollectAndGoSFAS/images/JPG/200x200/std.lang.all/85/22/asset-4068522.jpg,3074457345616844230
4708694,31648-P,BONI Gambas ASC 300g,BONI Gambas ASC 300g,"5,79","19,30",EUR,Y,true,,"Vlees, charcuterie, vis en veggie > Vis en schaaldieren",https://www.collectandgo.be/wcsstore/CollectAndGoSFAS/images/JPG/200x200/std.lang.all/24/57/asset-3252457.jpg,3074457345616812310
4695031,27089-P,BONI gekookte zalm Bellevue 200g,BONI gekookte zalm Bellevue 200g,"7,93","39,65",EUR,Y,true,,"Vlees, charcuterie, vis en veggie > Vis en schaaldieren",https://www.collectandgo.be/wcsstore/CollectAndGoSFAS/images/JPG/200x200/std.lang.all/88/63/asset-3198863.jpg,3074457345616809658
4877965,39059-P,BONI rivierkreeftjes gepeld ASC 150g,BONI rivierkreeftjes gepeld ASC 150g,"5,99","39,94",EUR,Y,true,,"Vlees, charcuterie, vis en veggie > Vis en schaaldieren",https://www.collectandgo.be/wcsstore/CollectAndGoSFAS/images/JPG/200x200/std.lang.all/55/66/asset-3965566.jpg,3074457345616846146
4744616,32623-P,BONI Surimi MSC 200g,BONI Surimi MSC 200g,"1,59","7,95",EUR,Y,true,,"Vlees, charcuterie, vis en veggie > Vis en schaaldieren",https://www.collectandgo.be/wcsstore/CollectAndGoSFAS/images/JPG/200x200/std.lang.all/11/36/asset-4041136.jpg,3074457345616820520
4586530,16416-P,VICI Surimi garnalen knoflook 175g,VICI Surimi garnalen knoflook 175g,"2,99","17,09",EUR,Y,true,,"Vlees, charcuterie, vis en veggie > Vis en schaaldieren",https://www.collectandgo.be/wcsstore/CollectAndGoSFAS/images/JPG/200x200/std.lang.all/21/92/asset-2782192.jpg,3074457345616796972
4956902,15191-P,HEIPLOEG Torpedo spiesen knoflook 100g,HEIPLOEG Torpedo spiesen knoflook 100g,"3,49","34,90",EUR,Y,true,,"Vlees, charcuterie, vis en veggie > Vis en schaaldieren",,3074457345616874444
4956906,15305-P,HEIPLOEG Torpedo spiesen chili 100g,HEIPLOEG Torpedo spiesen chili 100g,"3,49","34,90",EUR,Y,true,,"Vlees, charcuterie, vis en veggie > Vis en schaaldieren",,3074457345616874448
2196909,27750-P,EVERYDAY surimisticks 4x100g,EVERYDAY surimisticks 4x100g,"1,74","4,35",EUR,Y,true,,"Vlees, charcuterie, vis en veggie > Vis en schaaldieren",https://www.collectandgo.be/wcsstore/CollectAndGoSFAS/images/JPG/200x200/std.lang.all/38/32/asset-1703832.jpg,3074457345616696212
2963085,38573-P,BONI Noorse gerookte zalm sneden 140g,BONI Noorse gerookte zalm sneden 140g,"6,29","44,93",EUR,Y,true,,"Vlees, charcuterie, vis en veggie > Vis en schaaldieren",https://www.collectandgo.be/wcsstore/CollectAndGoSFAS/images/JPG/200x200/std.lang.all/79/54/asset-3497954.jpg,3074457345616700102
4769167,12554-P,BONI BIO gerookte zalm sneetjes 140g,BONI BIO gerookte zalm sneetjes 140g,"5,59","39,93",EUR,Y,true,,"Vlees, charcuterie, vis en veggie > Vis en schaaldieren",https://www.collectandgo.be/wcsstore/CollectAndGoSFAS/images/JPG/200x200/std.lang.all/65/81/asset-4066581.jpg,3074457345616825326
4603313,13405-P,BONI Schotse gerookte zalm sneden 130g,BONI Schotse gerookte zalm sneden 130g,"6,99","53,77",EUR,Y,true,,"Vlees, charcuterie, vis en veggie > Vis en schaaldieren",https://www.collectandgo.be/wcsstore/CollectAndGoSFAS/images/JPG/200x200/std.lang.all/34/45/asset-2883445.jpg,3074457345616798172
4735947,24958-P,BONI Gerookte zalm -25% zout ASC 130g,BONI Gerookte zalm -25% zout ASC 130g,"5,66","43,54",EUR,Y,true,,"Vlees, charcuterie, vis en veggie > Vis en schaaldieren",https://www.collectandgo.be/wcsstore/CollectAndGoSFAS/images/JPG/200x200/std.lang.all/41/04/asset-3904104.jpg,3074457345616819044
2963097,38571-P,BONI Noorse gerookte zalm sneden 280g,BONI Noorse gerookte zalm sneden 280g,"12,12","43,29",EUR,Y,true,,"Vlees, charcuterie, vis en veggie > Vis en schaaldieren",https://www.collectandgo.be/wcsstore/CollectAndGoSFAS/images/JPG/200x200/std.lang.all/10/73/asset-3921073.jpg,3074457345616700104
4603306,13394-P,BONI Schotse gerookte zalm sneden 260g,BONI Schotse gerookte zalm sneden 260g,"12,79","49,20",EUR,Y,true,,"Vlees, charcuterie, vis en veggie > Vis en schaaldieren",https://www.collectandgo.be/wcsstore/CollectAndGoSFAS/images/JPG/200x200/std.lang.all/54/92/asset-3615492.jpg,3074457345616798168
2932100,38570-P,BONI Noorse gerookte zalmreepjes 150g,BONI Noorse gerookte zalmreepjes 150g,"6,59","43,94",EUR,Y,true,,"Vlees, charcuterie, vis en veggie > Vis en schaaldieren",https://www.collectandgo.be/wcsstore/CollectAndGoSFAS/images/JPG/200x200/std.lang.all/95/72/asset-3199572.jpg,3074457345616700166
4607149,29494-P,BONI Gravad Lax 140g,BONI Gravad Lax 140g,"6,99","49,93",EUR,Y,true,,"Vlees, charcuterie, vis en veggie > Vis en schaaldieren",https://www.collectandgo.be/wcsstore/CollectAndGoSFAS/images/JPG/200x200/std.lang.all/89/74/asset-3438974.jpg,3074457345616798576
3007756,14044-P,BONI Noors gerookt zalmhaasje 160g,BONI Noors gerookt zalmhaasje 160g,"8,99","56,19",EUR,Y,true,,"Vlees, charcuterie, vis en veggie > Vis en schaaldieren",https://www.collectandgo.be/wcsstore/CollectAndGoSFAS/images/JPG/200x200/std.lang.all/79/74/asset-3197974.jpg,3074457345616704498
3007680,1314-P,BONI gerookte zalm snippers 150g,BONI gerookte zalm snippers 150g,"5,49","36,60",EUR,Y,true,,"Vlees, charcuterie, vis en veggie > Vis en schaaldieren",https://www.collectandgo.be/wcsstore/CollectAndGoSFAS/images/JPG/200x200/std.lang.all/06/44/asset-3330644.jpg,3074457345616704494
4695726,27773-P,BONI Zalm war.gero.4pepp.ASC 125g,BONI Zalm war.gero.4pepp.ASC 125g,"5,49","43,92",EUR,Y,true,,"Vlees, charcuterie, vis en veggie > Vis en schaaldieren",https://www.collectandgo.be/wcsstore/CollectAndGoSFAS/images/JPG/200x200/std.lang.all/09/88/asset-3270988.jpg,3074457345616809694
27931,27931-P,EVERYDAY Atlantische gerookte zalm 200g,EVERYDAY Atlantische gerookte zalm 200g,"4,39","21,95",EUR,Y,true,,"Vlees, charcuterie, vis en veggie > Vis en schaaldieren",https://www.collectandgo.be/wcsstore/CollectAndGoSFAS/images/JPG/200x200/std.lang.all/93/30/asset-2509330.jpg,3074457345616679594
4017958,5069-P,BONI ansjovisfilets olijfolie MSC 50g,BONI ansjovisfilets olijfolie MSC 50g,"2,10","42,00",EUR,Y,true,,"Vlees, charcuterie, vis en veggie > Vis en schaaldieren",https://www.collectandgo.be/wcsstore/CollectAndGoSFAS/images/JPG/200x200/std.lang.all/27/86/asset-1772786.jpg,3074457345616738552
1407717,27794-P,VANDERMAESEN haringfilet in azijn 1kg,VANDERMAESEN haringfilet in azijn 1kg,"8,99","19,98",EUR,Y,true,,"Vlees, charcuterie, vis en veggie > Vis en schaaldieren",https://www.collectandgo.be/wcsstore/CollectAndGoSFAS/images/JPG/200x200/std.lang.all/66/68/asset-376668.jpg,3074457345616683586
4786451,33306-P,BONI Haringhapjes in Dillesaus 400g,BONI Haringhapjes in Dillesaus 400g,"6,29","15,73",EUR,Y,true,,"Vlees, charcuterie, vis en veggie > Vis en schaaldieren",https://www.collectandgo.be/wcsstore/CollectAndGoSFAS/images/JPG/200x200/std.lang.all/12/88/asset-3601288.jpg,3074457345616827428
27967,27967-P,BONI Zeeuwse mossel op azijn MSC 350g,BONI Zeeuwse mossel op azijn MSC 350g,"2,49","11,86",EUR,Y,true,,"Vlees, charcuterie, vis en veggie > Vis en schaaldieren",https://www.collectandgo.be/wcsstore/CollectAndGoSFAS/images/JPG/200x200/std.lang.all/03/62/asset-3320362.jpg,3074457345616679608
4943110,40155-P,BONI ZalmBurger ASC 2x90g,BONI ZalmBurger ASC 2x90g,"3,95","21,95",EUR,Y,true,,"Vlees, charcuterie, vis en veggie > Vis en schaaldieren",https://www.collectandgo.be/wcsstore/CollectAndGoSFAS/images/JPG/200x200/std.lang.all/77/71/asset-4077771.jpg,3074457345616869246
27077,27077-P,BONI rolmops mayonaise MSC 350g,BONI rolmops mayonaise MSC 350g,"4,97","14,20",EUR,Y,true,,"Vlees, charcuterie, vis en veggie > Vis en schaaldieren",https://www.collectandgo.be/wcsstore/CollectAndGoSFAS/images/JPG/200x200/std.lang.all/05/65/asset-3240565.jpg,3074457345616679476
4708845,31661-P,VICI premium surimi sticks 150g,VICI premium surimi sticks 150g,"3,39","22,60",EUR,Y,true,,"Vlees, charcuterie, vis en veggie > Vis en schaaldieren",https://www.collectandgo.be/wcsstore/CollectAndGoSFAS/images/JPG/200x200/std.lang.all/49/71/asset-3194971.jpg,3074457345616812338
4728150,30031-P,BONI Rolmops op azijn 270g,BONI Rolmops op azijn 270g,"7,14","26,45",EUR,Y,true,,"Vlees, charcuterie, vis en veggie > Vis en schaaldieren",https://www.collectandgo.be/wcsstore/CollectAndGoSFAS/images/JPG/200x200/std.lang.all/35/84/asset-3273584.jpg,3074457345616816620
4411268,25419-P,BONI heekfilet gemarineerd zd.huid ±250g,BONI heekfilet gemarineerd zd.huid ±250g,"19,45","19,45",EUR,Y,true,,"Vlees, charcuterie, vis en veggie > Vis en schaaldieren",https://www.collectandgo.be/wcsstore/CollectAndGoSFAS/images/JPG/200x200/std.lang.all/55/20/asset-3175520.jpg,3074457345616773238
4059311,6775-P,"BONI paella garnalen,mossels,kip 1kg","BONI paella garnalen,mossels,kip 1kg","12,45","12,45",EUR,Y,true,,"Vlees, charcuterie, vis en veggie > Vis en schaaldieren",https://www.collectandgo.be/wcsstore/CollectAndGoSFAS/images/JPG/200x200/std.lang.all/58/78/asset-3695878.jpg,3074457345616731018
4314866,23830-P,BONI haringhapjes in dillesaus 125g,BONI haringhapjes in dillesaus 125g,"2,49","19,92",EUR,Y,true,,"Vlees, charcuterie, vis en veggie > Vis en schaaldieren",https://www.collectandgo.be/wcsstore/CollectAndGoSFAS/images/JPG/200x200/std.lang.all/46/38/asset-3894638.jpg,3074457345616759588
27944,27944-P,BONI gerookte forelfilet 125g,BONI gerookte forelfilet 125g,"2,99","23,92",EUR,Y,true,,"Vlees, charcuterie, vis en veggie > Vis en schaaldieren",https://www.collectandgo.be/wcsstore/CollectAndGoSFAS/images/JPG/200x200/std.lang.all/94/62/asset-3959462.jpg,3074457345616679598
4842908,13139-P,GABRIEL Gerookte heilbot 150g,GABRIEL Gerookte heilbot 150g,"5,39","35,94",EUR,Y,true,,"Vlees, charcuterie, vis en veggie > Vis en schaaldieren",https://www.collectandgo.be/wcsstore/CollectAndGoSFAS/images/JPG/200x200/std.lang.all/24/56/asset-3632456.jpg,3074457345616840470
4795135,35696-P,BONI Forelfilet | Gerookt | Peper 125g,BONI Forelfilet | Gerookt | Peper 125g,"3,49","27,92",EUR,Y,true,,"Vlees, charcuterie, vis en veggie > Vis en schaaldieren",https://www.collectandgo.be/wcsstore/CollectAndGoSFAS/images/JPG/200x200/std.lang.all/48/54/asset-3564854.jpg,3074457345616830062
27067,27067-P,EVERYDAY haringfilet op azijn MSC 330g,EVERYDAY haringfilet op azijn MSC 330g,"2,45","12,25",EUR,Y,true,,"Vlees, charcuterie, vis en veggie > Vis en schaaldieren",https://www.collectandgo.be/wcsstore/CollectAndGoSFAS/images/JPG/200x200/std.lang.all/18/76/asset-2481876.jpg,3074457345616679472
4961252,28471-P,MARINE HARVEST Forel ASC 2 st. 2x±200g,MARINE HARVEST Forel ASC 2 st. 2x±200g,"18,95","18,95",EUR,N,true,,"Vlees, charcuterie, vis en veggie > Vis en schaaldieren",,3074457345616876182
4415574,14151-P,BONI gemar.scampibrochette ASC ±250g,BONI gemar.scampibrochette ASC ±250g,"29,95","29,95",EUR,N,true,,"Vlees, charcuterie, vis en veggie > Vis en schaaldieren",https://www.collectandgo.be/wcsstore/CollectAndGoSFAS/images/JPG/200x200/std.lang.all/87/55/asset-3178755.jpg,3074457345616774760
2566229,23012-P,BONI PLAN'T salami sneden Bio 100g,BONI PLAN'T salami sneden Bio 100g,"2,39","23,90",EUR,Y,true,,"Vlees, charcuterie, vis en veggie > Veggie",https://www.collectandgo.be/wcsstore/CollectAndGoSFAS/images/JPG/200x200/std.lang.all/34/17/asset-3693417.jpg,3074457345616698982
2909554,16830-P,BAUCKHOF falafelmix glutenvrij Bio 160g,BAUCKHOF falafelmix glutenvrij Bio 160g,"2,29","14,32",EUR,Y,true,,"Vlees, charcuterie, vis en veggie > Veggie",https://www.collectandgo.be/wcsstore/CollectAndGoSFAS/images/JPG/200x200/std.lang.all/82/16/asset-1958216.jpg,3074457345616700980
4889355,39479-P,BONI Snackloempia Veggi 24x20g,BONI Snackloempia Veggi 24x20g,"3,18","6,63",EUR,Y,true,,"Vlees, charcuterie, vis en veggie > Veggie",https://www.collectandgo.be/wcsstore/CollectAndGoSFAS/images/JPG/200x200/std.lang.all/19/01/asset-3831901.jpg,3074457345616849234
2493300,39376-P,BONI PLAN'T schnitzels 200g,BONI PLAN'T schnitzels 200g,"2,15","10,75",EUR,Y,true,,"Vlees, charcuterie, vis en veggie > Veggie",https://www.collectandgo.be/wcsstore/CollectAndGoSFAS/images/JPG/200x200/std.lang.all/55/29/asset-3735529.jpg,3074457345616695306
4569141,14753-P,BONI PLAN'T Stukjes zoals kip 180g,BONI PLAN'T Stukjes zoals kip 180g,"2,50","13,89",EUR,Y,true,,"Vlees, charcuterie, vis en veggie > Veggie",https://www.collectandgo.be/wcsstore/CollectAndGoSFAS/images/JPG/200x200/std.lang.all/29/96/asset-3732996.jpg,3074457345616794488
4257142,22401-P,DE VEGETARISCHE SLAGER Poulettekes 160g,DE VEGETARISCHE SLAGER Poulettekes 160g,"4,49","28,07",EUR,Y,true,,"Vlees, charcuterie, vis en veggie > Veggie",https://www.collectandgo.be/wcsstore/CollectAndGoSFAS/images/JPG/200x200/std.lang.all/56/11/asset-2415611.jpg,3074457345616751794
4910829,39314-P,PLANTASTY Balletje wortel BBQ 500g,PLANTASTY Balletje wortel BBQ 500g,"7,65","15,30",EUR,Y,true,,"Vlees, charcuterie, vis en veggie > Veggie",https://www.collectandgo.be/wcsstore/CollectAndGoSFAS/images/JPG/200x200/std.lang.all/70/44/asset-3897044.jpg,3074457345616855242
4483246,19452-P,GALBANI croccante mozzarella 150g,GALBANI croccante mozzarella 150g,"3,69","24,60",EUR,Y,true,,"Vlees, charcuterie, vis en veggie > Veggie",https://www.collectandgo.be/wcsstore/CollectAndGoSFAS/images/JPG/200x200/std.lang.all/12/22/asset-2641222.jpg,3074457345616781738
4890399,39563-P,NUT'S AMORE Pistachenoten Amandelen 175g,NUT'S AMORE Pistachenoten Amandelen 175g,"6,79","38,80",EUR,Y,true,,"Vlees, charcuterie, vis en veggie > Veggie",https://www.collectandgo.be/wcsstore/CollectAndGoSFAS/images/JPG/200x200/std.lang.all/40/41/asset-3934041.jpg,3074457345616849378
4223713,18062-P,GARDEN GOURMET Lightly Roast pieces 175g,GARDEN GOURMET Lightly Roast pieces 175g,"3,49","19,95",EUR,Y,true,,"Vlees, charcuterie, vis en veggie > Veggie",https://www.collectandgo.be/wcsstore/CollectAndGoSFAS/images/JPG/200x200/std.lang.all/29/54/asset-3602954.jpg,3074457345616749142
4669828,30155-P,DE VEGETARISCHE SLAGER filettekes 100g,DE VEGETARISCHE SLAGER filettekes 100g,"2,83","28,30",EUR,Y,true,,"Vlees, charcuterie, vis en veggie > Veggie",https://www.collectandgo.be/wcsstore/CollectAndGoSFAS/images/JPG/200x200/std.lang.all/35/68/asset-3013568.jpg,3074457345616806138
4664888,30124-P,PRÉSIDENT Pavés fondant Emmental 200g,PRÉSIDENT Pavés fondant Emmental 200g,"3,79","18,95",EUR,Y,true,,"Vlees, charcuterie, vis en veggie > Veggie",https://www.collectandgo.be/wcsstore/CollectAndGoSFAS/images/JPG/200x200/std.lang.all/98/36/asset-3789836.jpg,3074457345616805496
4682255,30521-P,BONI PLAN'T zeesalade BIO 170g,BONI PLAN'T zeesalade BIO 170g,"3,69","21,71",EUR,Y,true,,"Vlees, charcuterie, vis en veggie > Veggie",https://www.collectandgo.be/wcsstore/CollectAndGoSFAS/images/JPG/200x200/std.lang.all/01/19/asset-3860119.jpg,3074457345616807238
4436844,20435-P,GARDEN GOURMET gemar. filet stukjes 160g,GARDEN GOURMET gemar. filet stukjes 160g,"4,49","28,07",EUR,Y,true,,"Vlees, charcuterie, vis en veggie > Veggie",https://www.collectandgo.be/wcsstore/CollectAndGoSFAS/images/JPG/200x200/std.lang.all/29/57/asset-3602957.jpg,3074457345616776794
4905228,29542-P,BONI PLAN'T Spaghettisaus 600g,BONI PLAN'T Spaghettisaus 600g,"6,49","10,82",EUR,Y,true,,"Vlees, charcuterie, vis en veggie > Veggie",https://www.collectandgo.be/wcsstore/CollectAndGoSFAS/images/JPG/200x200/std.lang.all/58/66/asset-3905866.jpg,3074457345616853524
4585164,15199-P,DE HOBBIT zijden tofu Bio 300g,DE HOBBIT zijden tofu Bio 300g,"3,59","11,97",EUR,Y,true,,"Vlees, charcuterie, vis en veggie > Veggie",https://www.collectandgo.be/wcsstore/CollectAndGoSFAS/images/JPG/200x200/std.lang.all/36/26/asset-3123626.jpg,3074457345616796916
3304581,15724-P,PROLATERRE tofu ambacht.gerookt Bio 200g,PROLATERRE tofu ambacht.gerookt Bio 200g,"2,59","12,95",EUR,Y,true,,"Vlees, charcuterie, vis en veggie > Veggie",https://www.collectandgo.be/wcsstore/CollectAndGoSFAS/images/JPG/200x200/std.lang.all/59/87/asset-3715987.jpg,3074457345616709594
4820104,22013-P,DE HOBBIT Tofu Natuur Bio 250g,DE HOBBIT Tofu Natuur Bio 250g,"2,79","11,16",EUR,Y,true,,"Vlees, charcuterie, vis en veggie > Veggie",https://www.collectandgo.be/wcsstore/CollectAndGoSFAS/images/JPG/200x200/std.lang.all/57/08/asset-3505708.jpg,3074457345616835490
4484742,21251-P,LA VIE EST BELLE Falafel Origin.Bio 200g,LA VIE EST BELLE Falafel Origin.Bio 200g,"4,29","21,45",EUR,Y,true,,"Vlees, charcuterie, vis en veggie > Veggie",https://www.collectandgo.be/wcsstore/CollectAndGoSFAS/images/JPG/200x200/std.lang.all/31/13/asset-2793113.jpg,3074457345616781898
4870341,21411-P,BONI PLAN'T Tofu Bio 2x200g,BONI PLAN'T Tofu Bio 2x200g,"1,32","3,30",EUR,Y,true,,"Vlees, charcuterie, vis en veggie > Veggie",https://www.collectandgo.be/wcsstore/CollectAndGoSFAS/images/JPG/200x200/std.lang.all/97/20/asset-3809720.jpg,3074457345616845440
4791230,33471-P,BONI PLAN'T Falafels 200g,BONI PLAN'T Falafels 200g,"1,29","6,45",EUR,Y,true,,"Vlees, charcuterie, vis en veggie > Veggie",https://www.collectandgo.be/wcsstore/CollectAndGoSFAS/images/JPG/200x200/std.lang.all/01/55/asset-3800155.jpg,3074457345616828816
4733320,9431-P,BONI PLAN'T Burger 200g,BONI PLAN'T Burger 200g,"1,29","6,45",EUR,Y,true,,"Vlees, charcuterie, vis en veggie > Veggie",https://www.collectandgo.be/wcsstore/CollectAndGoSFAS/images/JPG/200x200/std.lang.all/01/53/asset-3800153.jpg,3074457345616818368
4869632,18082-P,BONI PLAN'T gemarin. tofu medit. 180g,BONI PLAN'T gemarin. tofu medit. 180g,"1,49","8,28",EUR,Y,true,,"Vlees, charcuterie, vis en veggie > Veggie",https://www.collectandgo.be/wcsstore/CollectAndGoSFAS/images/JPG/200x200/std.lang.all/84/47/asset-3828447.jpg,3074457345616845334
4935553,26785-P,BONI PLAN'T Fal.Feta Veg. 160g,BONI PLAN'T Fal.Feta Veg. 160g,"2,99","18,69",EUR,Y,true,,"Vlees, charcuterie, vis en veggie > Veggie",https://www.collectandgo.be/wcsstore/CollectAndGoSFAS/images/JPG/200x200/std.lang.all/80/81/asset-3998081.jpg,3074457345616864696
4658294,29752-P,BONI PLAN'T Pomp-hazeln.burger Bio 180g,BONI PLAN'T Pomp-hazeln.burger Bio 180g,"3,19","17,73",EUR,Y,true,,"Vlees, charcuterie, vis en veggie > Veggie",https://www.collectandgo.be/wcsstore/CollectAndGoSFAS/images/JPG/200x200/std.lang.all/55/00/asset-3735500.jpg,3074457345616804236
4896897,23661-P,BONI PLAN'T Groentburger gemixt 200g,BONI PLAN'T Groentburger gemixt 200g,"1,38","6,90",EUR,Y,true,,"Vlees, charcuterie, vis en veggie > Veggie",https://www.collectandgo.be/wcsstore/CollectAndGoSFAS/images/JPG/200x200/std.lang.all/54/35/asset-3905435.jpg,3074457345616851808
4925475,23716-P,BONI PLAN'T Falafel Vegetarisch 1kg,BONI PLAN'T Falafel Vegetarisch 1kg,"8,99","8,99",EUR,Y,true,,"Vlees, charcuterie, vis en veggie > Veggie",https://www.collectandgo.be/wcsstore/CollectAndGoSFAS/images/JPG/200x200/std.lang.all/67/47/asset-4046747.jpg,3074457345616860082
4557177,25352-P,GARDEN GOURMET Falafel Classic 190g,GARDEN GOURMET Falafel Classic 190g,"3,59","18,90",EUR,Y,true,,"Vlees, charcuterie, vis en veggie > Veggie",https://www.collectandgo.be/wcsstore/CollectAndGoSFAS/images/JPG/200x200/std.lang.all/29/58/asset-3602958.jpg,3074457345616793806
3544461,33137-P,BONI PLAN'T tofu reepjes 170g,BONI PLAN'T tofu reepjes 170g,"2,49","14,65",EUR,Y,true,,"Vlees, charcuterie, vis en veggie > Veggie",https://www.collectandgo.be/wcsstore/CollectAndGoSFAS/images/JPG/200x200/std.lang.all/75/64/asset-3987564.jpg,3074457345616719068
4314849,23827-P,BONI PLAN'T Kaas-Groenteburger Bio 200g,BONI PLAN'T Kaas-Groenteburger Bio 200g,"3,49","17,45",EUR,Y,true,,"Vlees, charcuterie, vis en veggie > Veggie",https://www.collectandgo.be/wcsstore/CollectAndGoSFAS/images/JPG/200x200/std.lang.all/17/34/asset-3771734.jpg,3074457345616759584
4296638,19530-P,GARDEN GOURMET Vegan burgers 750g,GARDEN GOURMET Vegan burgers 750g,"13,15","17,54",EUR,Y,true,,"Vlees, charcuterie, vis en veggie > Veggie",https://www.collectandgo.be/wcsstore/CollectAndGoSFAS/images/JPG/200x200/std.lang.all/26/89/asset-3602689.jpg,3074457345616756716
4302566,23651-P,GARDEN GOURMET Vegan nuggets 700g,GARDEN GOURMET Vegan nuggets 700g,"13,15","18,79",EUR,Y,true,,"Vlees, charcuterie, vis en veggie > Veggie",https://www.collectandgo.be/wcsstore/CollectAndGoSFAS/images/JPG/200x200/std.lang.all/29/55/asset-3602955.jpg,3074457345616758298
4400486,24620-P,BONI PLAN'T Groentenbur. soja Bio 2x88g,BONI PLAN'T Groentenbur. soja Bio 2x88g,"3,49","19,83",EUR,Y,true,,"Vlees, charcuterie, vis en veggie > Veggie",https://www.collectandgo.be/wcsstore/CollectAndGoSFAS/images/JPG/200x200/std.lang.all/37/06/asset-2733706.jpg,3074457345616772452
4829853,9526-P,GARDEN GOURMET Schnit.Chick'n St.x8 720g,GARDEN GOURMET Schnit.Chick'n St.x8 720g,"13,35","18,55",EUR,Y,true,,"Vlees, charcuterie, vis en veggie > Veggie",https://www.collectandgo.be/wcsstore/CollectAndGoSFAS/images/JPG/200x200/std.lang.all/29/52/asset-3602952.jpg,3074457345616837830
4211628,16400-P,BONI PLAN'T nuggets Bio 154g,BONI PLAN'T nuggets Bio 154g,"3,19","20,72",EUR,Y,true,,"Vlees, charcuterie, vis en veggie > Veggie",https://www.collectandgo.be/wcsstore/CollectAndGoSFAS/images/JPG/200x200/std.lang.all/33/90/asset-3973390.jpg,3074457345616747632
4803388,37338-P,LA VIE EST BELLE Fal.G.er.Tnkr.BIO 200g,LA VIE EST BELLE Fal.G.er.Tnkr.BIO 200g,"3,99","19,95",EUR,Y,true,,"Vlees, charcuterie, vis en veggie > Veggie",https://www.collectandgo.be/wcsstore/CollectAndGoSFAS/images/JPG/200x200/std.lang.all/28/76/asset-3452876.jpg,3074457345616832544
4484746,21281-P,LA VIE EST BELLE Falafel Greek Bio 190g,LA VIE EST BELLE Falafel Greek Bio 190g,"4,49","23,64",EUR,Y,true,,"Vlees, charcuterie, vis en veggie > Veggie",https://www.collectandgo.be/wcsstore/CollectAndGoSFAS/images/JPG/200x200/std.lang.all/49/10/asset-2794910.jpg,3074457345616781902
4337284,22716-P,DE HOBBIT tofu curry Bio 250g,DE HOBBIT tofu curry Bio 250g,"4,89","19,56",EUR,Y,true,,"Vlees, charcuterie, vis en veggie > Veggie",https://www.collectandgo.be/wcsstore/CollectAndGoSFAS/images/JPG/200x200/std.lang.all/18/98/asset-2541898.jpg,3074457345616761982
4337318,22723-P,DE HOBBIT tofu hazelnoot Bio 200g,DE HOBBIT tofu hazelnoot Bio 200g,"4,79","23,95",EUR,Y,true,,"Vlees, charcuterie, vis en veggie > Veggie",https://www.collectandgo.be/wcsstore/CollectAndGoSFAS/images/JPG/200x200/std.lang.all/27/54/asset-2342754.jpg,3074457345616761984
4714343,31890-P,BONI PLAN'T Vegan gehakt 200g,BONI PLAN'T Vegan gehakt 200g,"1,39","6,95",EUR,Y,true,,"Vlees, charcuterie, vis en veggie > Veggie",https://www.collectandgo.be/wcsstore/CollectAndGoSFAS/images/JPG/200x200/std.lang.all/17/35/asset-3771735.jpg,3074457345616813132
4754897,4861-P,BONI PLAN'T Nuggets vegan 200g,BONI PLAN'T Nuggets vegan 200g,"1,56","7,80",EUR,Y,true,,"Vlees, charcuterie, vis en veggie > Veggie",https://www.collectandgo.be/wcsstore/CollectAndGoSFAS/images/JPG/200x200/std.lang.all/01/52/asset-3800152.jpg,3074457345616822220
4563918,1596-P,VIVERA Vegan Krokante Schnitzel 2x100g,VIVERA Vegan Krokante Schnitzel 2x100g,"3,09","15,45",EUR,Y,true,,"Vlees, charcuterie, vis en veggie > Veggie",https://www.collectandgo.be/wcsstore/CollectAndGoSFAS/images/JPG/200x200/std.lang.all/27/84/asset-2942784.jpg,3074457345616794128
4751860,14942-P,DE VEGETARISCHE SLAGER Chic Burger 180g,DE VEGETARISCHE SLAGER Chic Burger 180g,"3,59","19,95",EUR,Y,true,,"Vlees, charcuterie, vis en veggie > Veggie",https://www.collectandgo.be/wcsstore/CollectAndGoSFAS/images/JPG/200x200/std.lang.all/82/10/asset-3418210.jpg,3074457345616821754
4719234,9308-P,VIVERA Plantaardige chicken tenders 200g,VIVERA Plantaardige chicken tenders 200g,"3,99","19,95",EUR,Y,true,,"Vlees, charcuterie, vis en veggie > Veggie",https://www.collectandgo.be/wcsstore/CollectAndGoSFAS/images/JPG/200x200/std.lang.all/99/49/asset-3229949.jpg,3074457345616815176
4896291,20531-P,BONI PLAN'T Schnitzel zoals kip 200g,BONI PLAN'T Schnitzel zoals kip 200g,"2,49","12,45",EUR,Y,true,,"Vlees, charcuterie, vis en veggie > Veggie",https://www.collectandgo.be/wcsstore/CollectAndGoSFAS/images/JPG/200x200/std.lang.all/33/39/asset-3933339.jpg,3074457345616851748
4953694,9957-P,VIVERA Pantaardige drumsticks 4st 216g,VIVERA Pantaardige drumsticks 4st 216g,"3,69","17,09",EUR,Y,true,,"Vlees, charcuterie, vis en veggie > Veggie",https://www.collectandgo.be/wcsstore/CollectAndGoSFAS/images/JPG/200x200/std.lang.all/74/74/asset-4087474.jpg,3074457345616873256
4765895,29130-P,VIVERA Plantaardige nuggets 200g,VIVERA Plantaardige nuggets 200g,"4,49","22,45",EUR,Y,true,,"Vlees, charcuterie, vis en veggie > Veggie",https://www.collectandgo.be/wcsstore/CollectAndGoSFAS/images/JPG/200x200/std.lang.all/06/93/asset-3440693.jpg,3074457345616824752
4844194,27332-P,DE VEGETARISCHE SLAGER Filet Croqu. 200g,DE VEGETARISCHE SLAGER Filet Croqu. 200g,"4,49","22,45",EUR,Y,true,,"Vlees, charcuterie, vis en veggie > Veggie",https://www.collectandgo.be/wcsstore/CollectAndGoSFAS/images/JPG/200x200/std.lang.all/24/62/asset-3632462.jpg,3074457345616840628
4775733,1941-P,BONMUSH No chick chicken samba 135g,BONMUSH No chick chicken samba 135g,"3,39","25,12",EUR,Y,true,,"Vlees, charcuterie, vis en veggie > Veggie",https://www.collectandgo.be/wcsstore/CollectAndGoSFAS/images/JPG/200x200/std.lang.all/74/69/asset-3427469.jpg,3074457345616826426
4952874,5473-P,VEGET. SLAGER Les Crispy Tenders 180g,VEGET. SLAGER Les Crispy Tenders 180g,"4,19","23,28",EUR,Y,true,,"Vlees, charcuterie, vis en veggie > Veggie",,3074457345616872912
4914614,7449-P,VIVERA Pantaardig krok.kipburger 2x100g,VIVERA Pantaardig krok.kipburger 2x100g,"3,99","19,95",EUR,Y,true,,"Vlees, charcuterie, vis en veggie > Veggie",https://www.collectandgo.be/wcsstore/CollectAndGoSFAS/images/JPG/200x200/std.lang.all/33/41/asset-3933341.jpg,3074457345616857078
4845264,38213-P,VIVERA Veggie gehakt 375g,VIVERA Veggie gehakt 375g,"4,99","13,31",EUR,Y,true,,"Vlees, charcuterie, vis en veggie > Veggie",https://www.collectandgo.be/wcsstore/CollectAndGoSFAS/images/JPG/200x200/std.lang.all/60/23/asset-3656023.jpg,3074457345616841008
4801859,36063-P,DE VEGETARISCHE SLAGER Saucis.Rôtie 160g,DE VEGETARISCHE SLAGER Saucis.Rôtie 160g,"4,50","28,13",EUR,Y,true,,"Vlees, charcuterie, vis en veggie > Veggie",https://www.collectandgo.be/wcsstore/CollectAndGoSFAS/images/JPG/200x200/std.lang.all/23/29/asset-3452329.jpg,3074457345616832436
4737337,32318-P,GREENWAY Chicken Chipolata 160g,GREENWAY Chicken Chipolata 160g,"4,17","26,07",EUR,Y,true,,"Vlees, charcuterie, vis en veggie > Veggie",https://www.collectandgo.be/wcsstore/CollectAndGoSFAS/images/JPG/200x200/std.lang.all/93/43/asset-3769343.jpg,3074457345616819192
4775710,1439-P,GREENWAY BBQ mix worst 160g,GREENWAY BBQ mix worst 160g,"3,99","24,94",EUR,Y,true,,"Vlees, charcuterie, vis en veggie > Veggie",https://www.collectandgo.be/wcsstore/CollectAndGoSFAS/images/JPG/200x200/std.lang.all/02/23/asset-3800223.jpg,3074457345616826422
4535875,28229-P,BONI PLAN'T braadworst 180g,BONI PLAN'T braadworst 180g,"2,69","14,95",EUR,Y,true,,"Vlees, charcuterie, vis en veggie > Veggie",https://www.collectandgo.be/wcsstore/CollectAndGoSFAS/images/JPG/200x200/std.lang.all/44/86/asset-3734486.jpg,3074457345616791680
4808784,22515-P,GREENWAY Vegan Gehakt 180g,GREENWAY Vegan Gehakt 180g,"3,89","21,62",EUR,Y,true,,"Vlees, charcuterie, vis en veggie > Veggie",https://www.collectandgo.be/wcsstore/CollectAndGoSFAS/images/JPG/200x200/std.lang.all/02/24/asset-3800224.jpg,3074457345616833904
4936518,28583-P,GREENWAY Reepjes Just like chicken 150g,GREENWAY Reepjes Just like chicken 150g,"3,79","25,27",EUR,Y,true,,"Vlees, charcuterie, vis en veggie > Veggie",https://www.collectandgo.be/wcsstore/CollectAndGoSFAS/images/JPG/200x200/std.lang.all/33/58/asset-3973358.jpg,3074457345616865202
4719555,10125-P,BONMUSH Veggie Witte Worst 2x90g,BONMUSH Veggie Witte Worst 2x90g,"3,29","18,28",EUR,Y,true,,"Vlees, charcuterie, vis en veggie > Veggie",https://www.collectandgo.be/wcsstore/CollectAndGoSFAS/images/JPG/200x200/std.lang.all/24/84/asset-3342484.jpg,3074457345616815244
3304614,15934-P,PROLATERRE tofu gehakt BIO 180g,PROLATERRE tofu gehakt BIO 180g,"2,85","15,84",EUR,Y,true,,"Vlees, charcuterie, vis en veggie > Veggie",https://www.collectandgo.be/wcsstore/CollectAndGoSFAS/images/JPG/200x200/std.lang.all/48/47/asset-3754847.jpg,3074457345616709624
3464920,30742-P,GARDEN GOURMET groenteburger veg 170g,GARDEN GOURMET groenteburger veg 170g,"3,59","21,12",EUR,Y,true,,"Vlees, charcuterie, vis en veggie > Veggie",https://www.collectandgo.be/wcsstore/CollectAndGoSFAS/images/JPG/200x200/std.lang.all/29/53/asset-3602953.jpg,3074457345616717398
2947752,3425-P,GARDEN GOURMET Spinach cheese 180g,GARDEN GOURMET Spinach cheese 180g,"3,79","21,06",EUR,Y,true,,"Vlees, charcuterie, vis en veggie > Veggie",https://www.collectandgo.be/wcsstore/CollectAndGoSFAS/images/JPG/200x200/std.lang.all/06/14/asset-3810614.jpg,3074457345616699990
4557186,25475-P,GARDEN GOURMET kaas schnitzel 180g,GARDEN GOURMET kaas schnitzel 180g,"3,49","19,39",EUR,Y,true,,"Vlees, charcuterie, vis en veggie > Veggie",https://www.collectandgo.be/wcsstore/CollectAndGoSFAS/images/JPG/200x200/std.lang.all/29/59/asset-3602959.jpg,3074457345616793814
4103636,8521-P,GARDEN GOURMET Sensational Burger 226g,GARDEN GOURMET Sensational Burger 226g,"4,55","20,14",EUR,Y,true,,"Vlees, charcuterie, vis en veggie > Veggie",https://www.collectandgo.be/wcsstore/CollectAndGoSFAS/images/JPG/200x200/std.lang.all/29/38/asset-3602938.jpg,3074457345616736646
2947780,3255-P,GARDEN GOURMET burger Deluxe veg 180g,GARDEN GOURMET burger Deluxe veg 180g,"2,89","16,06",EUR,Y,true,,"Vlees, charcuterie, vis en veggie > Veggie",https://www.collectandgo.be/wcsstore/CollectAndGoSFAS/images/JPG/200x200/std.lang.all/29/35/asset-3602935.jpg,3074457345616699994
4952755,4342-P,QUORN Stukjes vegetarisch 600g,QUORN Stukjes vegetarisch 600g,"8,51","14,19",EUR,Y,true,,"Vlees, charcuterie, vis en veggie > Veggie",https://www.collectandgo.be/wcsstore/CollectAndGoSFAS/images/JPG/200x200/std.lang.all/66/45/asset-4066645.jpg,3074457345616872874
4781888,22928-P,GARDEN GOURMET Vegan Burger 150g,GARDEN GOURMET Vegan Burger 150g,"3,39","22,60",EUR,Y,true,,"Vlees, charcuterie, vis en veggie > Veggie",https://www.collectandgo.be/wcsstore/CollectAndGoSFAS/images/JPG/200x200/std.lang.all/30/30/asset-3943030.jpg,3074457345616826872
4930937,5132-P,GARDEN GOURMET Toscaanse Carré 160g,GARDEN GOURMET Toscaanse Carré 160g,"3,79","23,69",EUR,Y,true,,"Vlees, charcuterie, vis en veggie > Veggie",https://www.collectandgo.be/wcsstore/CollectAndGoSFAS/images/JPG/200x200/std.lang.all/21/74/asset-4102174.jpg,3074457345616862826
4951221,41287-P,QUORN Fijngehakt vegetarisch 600g,QUORN Fijngehakt vegetarisch 600g,"8,51","14,19",EUR,Y,true,,"Vlees, charcuterie, vis en veggie > Veggie",https://www.collectandgo.be/wcsstore/CollectAndGoSFAS/images/JPG/200x200/std.lang.all/66/44/asset-4066644.jpg,3074457345616872456
3822762,21126-P,BONI PLAN'T wokreepjes 200g,BONI PLAN'T wokreepjes 200g,"2,49","12,45",EUR,Y,true,,"Vlees, charcuterie, vis en veggie > Veggie",https://www.collectandgo.be/wcsstore/CollectAndGoSFAS/images/JPG/200x200/std.lang.all/01/56/asset-3800156.jpg,3074457345616730018
4875104,38926-P,BONI TexMex Reep. 160g,BONI TexMex Reep. 160g,"2,69","16,82",EUR,Y,true,,"Vlees, charcuterie, vis en veggie > Veggie",https://www.collectandgo.be/wcsstore/CollectAndGoSFAS/images/JPG/200x200/std.lang.all/96/65/asset-3839665.jpg,3074457345616846068
4893099,11666-P,DE VEGETARISCHE SLAGER No Misteak 160g,DE VEGETARISCHE SLAGER No Misteak 160g,"4,39","27,44",EUR,Y,true,,"Vlees, charcuterie, vis en veggie > Veggie",https://www.collectandgo.be/wcsstore/CollectAndGoSFAS/images/JPG/200x200/std.lang.all/24/36/asset-3942436.jpg,3074457345616850616
4460194,21264-P,BONI PLAN'T zeesticks 210g,BONI PLAN'T zeesticks 210g,"3,19","15,20",EUR,Y,true,,"Vlees, charcuterie, vis en veggie > Veggie",https://www.collectandgo.be/wcsstore/CollectAndGoSFAS/images/JPG/200x200/std.lang.all/94/30/asset-3949430.jpg,3074457345616778442
4593036,29235-P,GARDEN GOURMET filetstukjes 160g,GARDEN GOURMET filetstukjes 160g,"3,59","22,44",EUR,Y,true,,"Vlees, charcuterie, vis en veggie > Veggie",https://www.collectandgo.be/wcsstore/CollectAndGoSFAS/images/JPG/200x200/std.lang.all/29/60/asset-3602960.jpg,3074457345616797354
4221794,17713-P,VIVERA Vegetarische gyros 175g,VIVERA Vegetarische gyros 175g,"3,99","22,80",EUR,Y,true,,"Vlees, charcuterie, vis en veggie > Veggie",https://www.collectandgo.be/wcsstore/CollectAndGoSFAS/images/JPG/200x200/std.lang.all/35/00/asset-2173500.jpg,3074457345616751446
4221814,17724-P,VIVERA Veg.Spekreepjes 175g,VIVERA Veg.Spekreepjes 175g,"2,99","17,09",EUR,Y,true,,"Vlees, charcuterie, vis en veggie > Veggie",https://www.collectandgo.be/wcsstore/CollectAndGoSFAS/images/JPG/200x200/std.lang.all/68/90/asset-3036890.jpg,3074457345616716196
4712790,27784-P,VIVERA Kebabreepjes 175g,VIVERA Kebabreepjes 175g,"2,99","17,09",EUR,Y,true,,"Vlees, charcuterie, vis en veggie > Veggie",https://www.collectandgo.be/wcsstore/CollectAndGoSFAS/images/JPG/200x200/std.lang.all/38/01/asset-3233801.jpg,3074457345616812988
4953685,9810-P,VIVERA Plantaardig gehakt 175g,VIVERA Plantaardig gehakt 175g,"3,19","18,23",EUR,Y,true,,"Vlees, charcuterie, vis en veggie > Veggie",https://www.collectandgo.be/wcsstore/CollectAndGoSFAS/images/JPG/200x200/std.lang.all/74/73/asset-4087473.jpg,3074457345616873246
1215469,3793-P,HOBBIT tempeh gerookt Bio 170g,HOBBIT tempeh gerookt Bio 170g,"4,49","26,42",EUR,Y,true,,"Vlees, charcuterie, vis en veggie > Veggie",https://www.collectandgo.be/wcsstore/CollectAndGoSFAS/images/JPG/200x200/std.lang.all/22/93/asset-3282293.jpg,3074457345616683296
4683954,9731-P,BONI PLAN'T Tempehblokjes ketjap 180g,BONI PLAN'T Tempehblokjes ketjap 180g,"2,79","15,50",EUR,Y,true,,"Vlees, charcuterie, vis en veggie > Veggie",https://www.collectandgo.be/wcsstore/CollectAndGoSFAS/images/JPG/200x200/std.lang.all/18/28/asset-3771828.jpg,3074457345616808152
4081477,6082-P,BONI PLAN'T filets gemarineerd 180g,BONI PLAN'T filets gemarineerd 180g,"2,95","16,39",EUR,Y,true,,"Vlees, charcuterie, vis en veggie > Veggie",https://www.collectandgo.be/wcsstore/CollectAndGoSFAS/images/JPG/200x200/std.lang.all/55/31/asset-3735531.jpg,3074457345616734750
4872752,38820-P,GREENWAY Fijngehakt 1kg,GREENWAY Fijngehakt 1kg,"15,18","15,18",EUR,Y,true,,"Vlees, charcuterie, vis en veggie > Veggie",https://www.collectandgo.be/wcsstore/CollectAndGoSFAS/images/JPG/200x200/std.lang.all/48/15/asset-3924815.jpg,3074457345616845724
4297147,22147-P,VIVERA Vegetarische Kaasschnitzel 150g,VIVERA Vegetarische Kaasschnitzel 150g,"3,09","20,60",EUR,Y,true,,"Vlees, charcuterie, vis en veggie > Veggie",https://www.collectandgo.be/wcsstore/CollectAndGoSFAS/images/JPG/200x200/std.lang.all/37/34/asset-3353734.jpg,3074457345616756730
4433945,16238-P,GARDEN GOURMET schnitzel 180g,GARDEN GOURMET schnitzel 180g,"3,49","19,39",EUR,Y,true,,"Vlees, charcuterie, vis en veggie > Veggie",https://www.collectandgo.be/wcsstore/CollectAndGoSFAS/images/JPG/200x200/std.lang.all/29/56/asset-3602956.jpg,3074457345616776638
4257114,22399-P,DE VEGETARISCHE SLAGER Le Burger 160g,DE VEGETARISCHE SLAGER Le Burger 160g,"3,99","24,94",EUR,Y,true,,"Vlees, charcuterie, vis en veggie > Veggie",https://www.collectandgo.be/wcsstore/CollectAndGoSFAS/images/JPG/200x200/std.lang.all/56/10/asset-2415610.jpg,3074457345616689300
4591807,28829-P,DE VEGETARISCHE SLAGER Super hâché 200g,DE VEGETARISCHE SLAGER Super hâché 200g,"3,59","17,95",EUR,Y,true,,"Vlees, charcuterie, vis en veggie > Veggie",https://www.collectandgo.be/wcsstore/CollectAndGoSFAS/images/JPG/200x200/std.lang.all/99/61/asset-2789961.jpg,3074457345616797260
4892814,11560-P,GARDEN GOURMET Veg.Schnitz.cris.tw. 180g,GARDEN GOURMET Veg.Schnitz.cris.tw. 180g,"3,69","20,50",EUR,Y,true,,"Vlees, charcuterie, vis en veggie > Veggie",https://www.collectandgo.be/wcsstore/CollectAndGoSFAS/images/JPG/200x200/std.lang.all/06/59/asset-3810659.jpg,3074457345616850588
4953291,7193-P,GARDEN GOURMET Cheesy Nuggets 180g,GARDEN GOURMET Cheesy Nuggets 180g,"3,59","19,95",EUR,Y,true,,"Vlees, charcuterie, vis en veggie > Veggie",https://www.collectandgo.be/wcsstore/CollectAndGoSFAS/images/JPG/200x200/std.lang.all/22/30/asset-4102230.jpg,3074457345616873086
4477741,6837-P,PLANET V Thai Curry Basmati Ric.Bio 400g,PLANET V Thai Curry Basmati Ric.Bio 400g,"5,35","13,38",EUR,Y,true,,"Vlees, charcuterie, vis en veggie > Veggie",https://www.collectandgo.be/wcsstore/CollectAndGoSFAS/images/JPG/200x200/std.lang.all/19/76/asset-2721976.jpg,3074457345616781204
1751632,1233-P,FIT FOOD VeggiDeli Veggiwiener Bio 5x40g,FIT FOOD VeggiDeli Veggiwiener Bio 5x40g,"4,29","21,45",EUR,Y,true,,"Vlees, charcuterie, vis en veggie > Veggie",https://www.collectandgo.be/wcsstore/CollectAndGoSFAS/images/JPG/200x200/std.lang.all/92/29/asset-1789229.jpg,3074457345616688870
1593748,41661-P,HOBBIT oosterse tofureepjes BIO 200g,HOBBIT oosterse tofureepjes BIO 200g,"4,39","21,95",EUR,Y,true,,"Vlees, charcuterie, vis en veggie > Veggie",https://www.collectandgo.be/wcsstore/CollectAndGoSFAS/images/JPG/200x200/std.lang.all/36/82/asset-3353682.jpg,3074457345616689516
1127146,27972-P,BONI PLAN'T seitan Bio 200g,BONI PLAN'T seitan Bio 200g,"4,69","23,45",EUR,Y,true,,"Vlees, charcuterie, vis en veggie > Veggie",https://www.collectandgo.be/wcsstore/CollectAndGoSFAS/images/JPG/200x200/std.lang.all/80/27/asset-3028027.jpg,3074457345616685962
2425431,22685-P,MAYA seitan traditional Bio 250g,MAYA seitan traditional Bio 250g,"7,99","31,96",EUR,Y,true,,"Vlees, charcuterie, vis en veggie > Veggie",https://www.collectandgo.be/wcsstore/CollectAndGoSFAS/images/JPG/200x200/std.lang.all/16/60/asset-2171660.jpg,3074457345616696570
4525388,21716-P,BONI PLAN'T Seitan gehakt Bio 180g,BONI PLAN'T Seitan gehakt Bio 180g,"3,39","18,84",EUR,Y,true,,"Vlees, charcuterie, vis en veggie > Veggie",https://www.collectandgo.be/wcsstore/CollectAndGoSFAS/images/JPG/200x200/std.lang.all/94/31/asset-3949431.jpg,3074457345616790624
4919625,5849-P,WHEATY Merguez vegan 2.0 Bio 120g,WHEATY Merguez vegan 2.0 Bio 120g,"2,69","22,42",EUR,Y,true,,"Vlees, charcuterie, vis en veggie > Veggie",https://www.collectandgo.be/wcsstore/CollectAndGoSFAS/images/JPG/200x200/std.lang.all/84/01/asset-3888401.jpg,3074457345616858816
2493299,39379-P,BONI PLAN'T balletjes 204g,BONI PLAN'T balletjes 204g,"1,31","6,43",EUR,Y,true,,"Vlees, charcuterie, vis en veggie > Veggie",https://www.collectandgo.be/wcsstore/CollectAndGoSFAS/images/JPG/200x200/std.lang.all/25/11/asset-3802511.jpg,3074457345616695304
2947783,3914-P,GARDEN GOURMET groenteballetjes 200g,GARDEN GOURMET groenteballetjes 200g,"3,09","15,45",EUR,Y,true,,"Vlees, charcuterie, vis en veggie > Veggie",https://www.collectandgo.be/wcsstore/CollectAndGoSFAS/images/JPG/200x200/std.lang.all/29/36/asset-3602936.jpg,3074457345616700064
4786751,33329-P,GARDEN GOURMET Balletjes 200g,GARDEN GOURMET Balletjes 200g,"3,69","18,45",EUR,Y,true,,"Vlees, charcuterie, vis en veggie > Veggie",https://www.collectandgo.be/wcsstore/CollectAndGoSFAS/images/JPG/200x200/std.lang.all/29/50/asset-3602950.jpg,3074457345616827446
4755256,7915-P,DE VEGETARISCHE SLAGER Boulettes 180g,DE VEGETARISCHE SLAGER Boulettes 180g,"4,09","22,73",EUR,Y,true,,"Vlees, charcuterie, vis en veggie > Veggie",https://www.collectandgo.be/wcsstore/CollectAndGoSFAS/images/JPG/200x200/std.lang.all/71/05/asset-3327105.jpg,3074457345616822308
3806357,33116-P,TBVC champignonburger Bio 2x80g,TBVC champignonburger Bio 2x80g,"4,79","29,94",EUR,Y,true,,"Vlees, charcuterie, vis en veggie > Veggie",https://www.collectandgo.be/wcsstore/CollectAndGoSFAS/images/JPG/200x200/std.lang.all/03/83/asset-3800383.jpg,3074457345616729546
3805022,42118-P,TBVC groentenburgers Bio 2x85g,TBVC groentenburgers Bio 2x85g,"4,79","28,18",EUR,Y,true,,"Vlees, charcuterie, vis en veggie > Veggie",https://www.collectandgo.be/wcsstore/CollectAndGoSFAS/images/JPG/200x200/std.lang.all/10/50/asset-3541050.jpg,3074457345616729588
4135690,9568-P,THE BIO VEGGIE COMPANY Spin.bu.Bio 2x80g,THE BIO VEGGIE COMPANY Spin.bu.Bio 2x80g,"3,79","23,69",EUR,Y,true,,"Vlees, charcuterie, vis en veggie > Veggie",https://www.collectandgo.be/wcsstore/CollectAndGoSFAS/images/JPG/200x200/std.lang.all/06/42/asset-4040642.jpg,3074457345616731544
4135666,9558-P,THE BIO VEGGIE COMPANY Kaasbur.Bio 2x85g,THE BIO VEGGIE COMPANY Kaasbur.Bio 2x85g,"4,17","24,53",EUR,Y,true,,"Vlees, charcuterie, vis en veggie > Veggie",https://www.collectandgo.be/wcsstore/CollectAndGoSFAS/images/JPG/200x200/std.lang.all/06/41/asset-4040641.jpg,3074457345616731524
4944659,40353-P,THE BIO VEGGIE COMPANY Bro.burger 180g,THE BIO VEGGIE COMPANY Bro.burger 180g,"3,49","19,39",EUR,Y,true,,"Vlees, charcuterie, vis en veggie > Veggie",https://www.collectandgo.be/wcsstore/CollectAndGoSFAS/images/JPG/200x200/std.lang.all/66/82/asset-4076682.jpg,3074457345616869518
4910831,39368-P,PLANTASTY Bal.knolselder ind.kr. 500g,PLANTASTY Bal.knolselder ind.kr. 500g,"7,65","15,30",EUR,Y,true,,"Vlees, charcuterie, vis en veggie > Veggie",https://www.collectandgo.be/wcsstore/CollectAndGoSFAS/images/JPG/200x200/std.lang.all/70/46/asset-3897046.jpg,3074457345616855246
4910832,39370-P,PLANTASTY Burger wortel zoete aard 920g,PLANTASTY Burger wortel zoete aard 920g,"12,73","13,84",EUR,Y,true,,"Vlees, charcuterie, vis en veggie > Veggie",https://www.collectandgo.be/wcsstore/CollectAndGoSFAS/images/JPG/200x200/std.lang.all/70/47/asset-3897047.jpg,3074457345616855248
4910830,39364-P,PLANTASTY Burger knolselder 920g,PLANTASTY Burger knolselder 920g,"12,73","13,84",EUR,Y,true,,"Vlees, charcuterie, vis en veggie > Veggie",https://www.collectandgo.be/wcsstore/CollectAndGoSFAS/images/JPG/200x200/std.lang.all/70/45/asset-3897045.jpg,3074457345616855244
1335803,6151-P,HOBBIT broccolisalade BIO 170g,HOBBIT broccolisalade BIO 170g,"3,79","22,30",EUR,Y,true,,"Vlees, charcuterie, vis en veggie > Veggie",https://www.collectandgo.be/wcsstore/CollectAndGoSFAS/images/JPG/200x200/std.lang.all/71/48/asset-4037148.jpg,3074457345616684412
2478655,31855-P,WHEATY veganistisch gerookt be. BIO 100g,WHEATY veganistisch gerookt be. BIO 100g,"3,29","32,90",EUR,Y,true,,"Vlees, charcuterie, vis en veggie > Veggie",https://www.collectandgo.be/wcsstore/CollectAndGoSFAS/images/JPG/200x200/std.lang.all/88/41/asset-2028841.jpg,3074457345616699732
3369342,23156-P,ALLOS groentespread paprika BIO 135g,ALLOS groentespread paprika BIO 135g,"3,79","28,08",EUR,Y,true,,"Vlees, charcuterie, vis en veggie > Veggie",https://www.collectandgo.be/wcsstore/CollectAndGoSFAS/images/JPG/200x200/std.lang.all/73/89/asset-727389.jpg,3074457345616711104
3484282,33095-P,ABINDA paprikasalade Bio 180g,ABINDA paprikasalade Bio 180g,"3,99","22,17",EUR,Y,true,,"Vlees, charcuterie, vis en veggie > Veggie",https://www.collectandgo.be/wcsstore/CollectAndGoSFAS/images/JPG/200x200/std.lang.all/66/88/asset-1516688.jpg,3074457345616720200
3484316,33120-P,ABINDA champignon à la grecque Bio 180g,ABINDA champignon à la grecque Bio 180g,"4,79","26,62",EUR,Y,true,,"Vlees, charcuterie, vis en veggie > Veggie",https://www.collectandgo.be/wcsstore/CollectAndGoSFAS/images/JPG/200x200/std.lang.all/31/05/asset-2793105.jpg,3074457345616720204
3499711,10780-P,TARTEX veget.paté champignon BIO 125g,TARTEX veget.paté champignon BIO 125g,"4,29","34,32",EUR,Y,true,,"Vlees, charcuterie, vis en veggie > Veggie",https://www.collectandgo.be/wcsstore/CollectAndGoSFAS/images/JPG/200x200/std.lang.all/10/52/asset-2861052.jpg,3074457345616716934
3977138,3604-P,ALLOS bio linzenspread balsamico 140g,ALLOS bio linzenspread balsamico 140g,"3,89","27,79",EUR,Y,true,,"Vlees, charcuterie, vis en veggie > Veggie",https://www.collectandgo.be/wcsstore/CollectAndGoSFAS/images/JPG/200x200/std.lang.all/35/90/asset-1623590.jpg,3074457345616739228
4464610,26788-P,ZWERGENWIESE mierikswo.br.smeer.bio 180g,ZWERGENWIESE mierikswo.br.smeer.bio 180g,"3,39","18,84",EUR,Y,true,,"Vlees, charcuterie, vis en veggie > Veggie",https://www.collectandgo.be/wcsstore/CollectAndGoSFAS/images/JPG/200x200/std.lang.all/72/65/asset-2537265.jpg,3074457345616778628
4469586,26984-P,ZWERGENWIESE Bio Ro.b. mierikswort 180g,ZWERGENWIESE Bio Ro.b. mierikswort 180g,"3,49","19,39",EUR,Y,true,,"Vlees, charcuterie, vis en veggie > Veggie",https://www.collectandgo.be/wcsstore/CollectAndGoSFAS/images/JPG/200x200/std.lang.all/14/80/asset-2471480.jpg,3074457345616779254
2881520,33662-P,BONI PLAN'T currysalade 200g,BONI PLAN'T currysalade 200g,"2,79","13,95",EUR,Y,true,,"Vlees, charcuterie, vis en veggie > Veggie",https://www.collectandgo.be/wcsstore/CollectAndGoSFAS/images/JPG/200x200/std.lang.all/68/28/asset-3946828.jpg,3074457345616702850
3567930,31019-P,BONI PLAN'T Vegan martino 200g,BONI PLAN'T Vegan martino 200g,"2,13","10,65",EUR,Y,true,,"Vlees, charcuterie, vis en veggie > Veggie",https://www.collectandgo.be/wcsstore/CollectAndGoSFAS/images/JPG/200x200/std.lang.all/74/00/asset-3927400.jpg,3074457345616720478
3401494,50032-P,BONI PLAN'T worst natuur 100g,BONI PLAN'T worst natuur 100g,"1,79","17,90",EUR,Y,true,,"Vlees, charcuterie, vis en veggie > Veggie",https://www.collectandgo.be/wcsstore/CollectAndGoSFAS/images/JPG/200x200/std.lang.all/55/30/asset-3735530.jpg,3074457345616711220
3401521,50033-P,BONI PLAN'T worst tom-basil 100g,BONI PLAN'T worst tom-basil 100g,"1,79","17,90",EUR,Y,true,,"Vlees, charcuterie, vis en veggie > Veggie",https://www.collectandgo.be/wcsstore/CollectAndGoSFAS/images/JPG/200x200/std.lang.all/49/57/asset-3194957.jpg,3074457345616711276
4260094,2355-P,BONMUSH Veggie Sea Salad 135g,BONMUSH Veggie Sea Salad 135g,"3,09","22,89",EUR,Y,true,,"Vlees, charcuterie, vis en veggie > Veggie",https://www.collectandgo.be/wcsstore/CollectAndGoSFAS/images/JPG/200x200/std.lang.all/24/79/asset-3342479.jpg,3074457345616710188
4798441,7606-P,DELIO Salade plant.chicky curry 180g,DELIO Salade plant.chicky curry 180g,"3,29","18,28",EUR,Y,true,,"Vlees, charcuterie, vis en veggie > Veggie",https://www.collectandgo.be/wcsstore/CollectAndGoSFAS/images/JPG/200x200/std.lang.all/83/32/asset-3658332.jpg,3074457345616831020
4210357,16053-P,BONI PLAN'T Groentepate Bio 170g,BONI PLAN'T Groentepate Bio 170g,"3,49","20,53",EUR,Y,true,,"Vlees, charcuterie, vis en veggie > Veggie",https://www.collectandgo.be/wcsstore/CollectAndGoSFAS/images/JPG/200x200/std.lang.all/25/26/asset-3952526.jpg,3074457345616747490
4020239,5101-P,AOSTE Vegetarische Sneetjes Curry 100g,AOSTE Vegetarische Sneetjes Curry 100g,"3,09","30,90",EUR,Y,true,,"Vlees, charcuterie, vis en veggie > Veggie",https://www.collectandgo.be/wcsstore/CollectAndGoSFAS/images/JPG/200x200/std.lang.all/73/56/asset-3357356.jpg,3074457345616733814
30012,30012-P,"BONI PLAN'T Bur.aard&groent ±12st 1,35kg","BONI PLAN'T Bur.aard&groent ±12st 1,35kg","6,49","4,81",EUR,Y,true,,"Vlees, charcuterie, vis en veggie > Veggie",https://www.collectandgo.be/wcsstore/CollectAndGoSFAS/images/JPG/200x200/std.lang.all/42/45/asset-3874245.jpg,3074457345616676714
4890379,39557-P,AMORE NUTS Geroosterde Amandelen 175g,AMORE NUTS Geroosterde Amandelen 175g,"4,29","24,52",EUR,Y,true,,"Vlees, charcuterie, vis en veggie > Veggie",https://www.collectandgo.be/wcsstore/CollectAndGoSFAS/images/JPG/200x200/std.lang.all/60/43/asset-3906043.jpg,3074457345616849370
4798461,7691-P,DELIO Salade plant.vegan préparé 180g,DELIO Salade plant.vegan préparé 180g,"3,39","18,84",EUR,Y,true,,"Vlees, charcuterie, vis en veggie > Veggie",https://www.collectandgo.be/wcsstore/CollectAndGoSFAS/images/JPG/200x200/std.lang.all/83/33/asset-3658333.jpg,3074457345616831028
4711007,6930-P,AOSTE Veggie Sneetjes Tuinkruiden 100g,AOSTE Veggie Sneetjes Tuinkruiden 100g,"3,09","30,90",EUR,Y,true,,"Vlees, charcuterie, vis en veggie > Veggie",https://www.collectandgo.be/wcsstore/CollectAndGoSFAS/images/JPG/200x200/std.lang.all/27/78/asset-3252778.jpg,3074457345616812694
4309093,18130-P,BONI PLAN'T vegan martino spr. Bio 170g,BONI PLAN'T vegan martino spr. Bio 170g,"3,49","20,53",EUR,Y,true,,"Vlees, charcuterie, vis en veggie > Veggie",https://www.collectandgo.be/wcsstore/CollectAndGoSFAS/images/JPG/200x200/std.lang.all/01/17/asset-3860117.jpg,3074457345616758586
4361997,24055-P,BONMUSH Veggie slagersalade 135g,BONMUSH Veggie slagersalade 135g,"3,09","22,89",EUR,Y,true,,"Vlees, charcuterie, vis en veggie > Veggie",https://www.collectandgo.be/wcsstore/CollectAndGoSFAS/images/JPG/200x200/std.lang.all/23/72/asset-3342372.jpg,3074457345616766214
4414326,10882-P,BONMUSH Veggie Tune-in salad 135g,BONMUSH Veggie Tune-in salad 135g,"3,09","22,89",EUR,Y,true,,"Vlees, charcuterie, vis en veggie > Veggie",https://www.collectandgo.be/wcsstore/CollectAndGoSFAS/images/JPG/200x200/std.lang.all/24/80/asset-3342480.jpg,3074457345616774310
4716607,1248-P,BONMUSH curry salade 135g,BONMUSH curry salade 135g,"3,09","22,89",EUR,Y,true,,"Vlees, charcuterie, vis en veggie > Veggie",https://www.collectandgo.be/wcsstore/CollectAndGoSFAS/images/JPG/200x200/std.lang.all/24/82/asset-3342482.jpg,3074457345616814676
4948269,40683-P,BONMUSH Honey No ham Mustard Salad 135g,BONMUSH Honey No ham Mustard Salad 135g,"3,19","23,63",EUR,Y,true,,"Vlees, charcuterie, vis en veggie > Veggie",https://www.collectandgo.be/wcsstore/CollectAndGoSFAS/images/JPG/200x200/std.lang.all/87/36/asset-4038736.jpg,3074457345616871074
4937294,29533-P,DELIO Spread Chicky samourai 180g,DELIO Spread Chicky samourai 180g,"3,39","18,84",EUR,Y,true,,"Vlees, charcuterie, vis en veggie > Veggie",https://www.collectandgo.be/wcsstore/CollectAndGoSFAS/images/JPG/200x200/std.lang.all/06/26/asset-4070626.jpg,3074457345616867212
3827566,41322-P,BONI PLAN'T gyros 1kg,BONI PLAN'T gyros 1kg,"14,99","14,99",EUR,Y,true,,"Vlees, charcuterie, vis en veggie > Veggie",https://www.collectandgo.be/wcsstore/CollectAndGoSFAS/images/JPG/200x200/std.lang.all/55/24/asset-3735524.jpg,3074457345616728548
1134706,30060-P,BONI PLAN'T schnitzel 10x100g,BONI PLAN'T schnitzel 10x100g,"9,99","9,99",EUR,Y,true,,"Vlees, charcuterie, vis en veggie > Veggie",https://www.collectandgo.be/wcsstore/CollectAndGoSFAS/images/JPG/200x200/std.lang.all/30/70/asset-3933070.jpg,3074457345616679762
4222861,17775-P,"Boni Selection Plan't Vegetarisch Vleesvervangers Dv groente burger bloemkool 12 stuks 1,35kg","BONI PLAN'T Bur.bl.k&broc ±12st 1,35kg","7,99","5,92",EUR,Y,true,,"Vlees, charcuterie, vis en veggie > Veggie",https://www.collectandgo.be/wcsstore/CollectAndGoSFAS/images/JPG/200x200/std.lang.all/43/36/asset-3874336.jpg,3074457345616749116
4548124,7699-P,BONI PLAN'T vegan curry spread Bio 170g,BONI PLAN'T vegan curry spread Bio 170g,"3,49","20,53",EUR,Y,true,,"Vlees, charcuterie, vis en veggie > Veggie",https://www.collectandgo.be/wcsstore/CollectAndGoSFAS/images/JPG/200x200/std.lang.all/01/18/asset-3860118.jpg,3074457345616792690
4949308,40951-P,AOSTE Veggie Sneetjes Méditerranée 100g,AOSTE Veggie Sneetjes Méditerranée 100g,"3,09","30,90",EUR,Y,true,,"Vlees, charcuterie, vis en veggie > Veggie",https://www.collectandgo.be/wcsstore/CollectAndGoSFAS/images/JPG/200x200/std.lang.all/04/62/asset-4080462.jpg,3074457345616872018
4939642,39790-P,Boni Selection Plan't Balletjes Kefta 200g,BONI Kefta-balletjes 200g,"2,79","13,95",EUR,Y,true,,"Vlees, charcuterie, vis en veggie > Veggie",https://www.collectandgo.be/wcsstore/CollectAndGoSFAS/images/JPG/200x200/std.lang.all/91/03/asset-4079103.jpg,3074457345616868272
4945874,9482-P,NATURA Spread Wortel Gember 170g,NATURA Spread Wortel Gember 170g,"3,40","20,00",EUR,Y,true,,"Vlees, charcuterie, vis en veggie > Veggie",https://www.collectandgo.be/wcsstore/CollectAndGoSFAS/images/JPG/200x200/std.lang.all/60/23/asset-4086023.jpg,3074457345616870304
4783633,26715-P,VEGAN DELI VegaOla BIO 90g,VEGAN DELI VegaOla BIO 90g,"2,79","31,00",EUR,Y,true,,"Vlees, charcuterie, vis en veggie > Veggie",https://www.collectandgo.be/wcsstore/CollectAndGoSFAS/images/JPG/200x200/std.lang.all/52/40/asset-3385240.jpg,3074457345616827056
3365260,17435-P,HOBBIT tofusalade amandel-prei Bio 170g,HOBBIT tofusalade amandel-prei Bio 170g,"3,89","22,89",EUR,Y,true,,"Vlees, charcuterie, vis en veggie > Veggie",https://www.collectandgo.be/wcsstore/CollectAndGoSFAS/images/JPG/200x200/std.lang.all/23/46/asset-2842346.jpg,3074457345616712578
3484263,33067-P,ABINDA hazelnootpaté Bio 170g,ABINDA hazelnootpaté Bio 170g,"4,59","27,00",EUR,Y,true,,"Vlees, charcuterie, vis en veggie > Veggie",https://www.collectandgo.be/wcsstore/CollectAndGoSFAS/images/JPG/200x200/std.lang.all/41/18/asset-944118.jpg,3074457345616719894
3531065,50674-P,ALLOS spread rucola-kerstomaat BIO 135g,ALLOS spread rucola-kerstomaat BIO 135g,"3,69","27,34",EUR,Y,true,,"Vlees, charcuterie, vis en veggie > Veggie",https://www.collectandgo.be/wcsstore/CollectAndGoSFAS/images/JPG/200x200/std.lang.all/06/52/asset-980652.jpg,3074457345616718498
4946154,11118-P,LA VACHE QUI REG. Spr.wort&gemb Bio 180g,LA VACHE QUI REG. Spr.wort&gemb Bio 180g,"3,05","16,95",EUR,Y,true,,"Vlees, charcuterie, vis en veggie > Veggie",https://www.collectandgo.be/wcsstore/CollectAndGoSFAS/images/JPG/200x200/std.lang.all/57/92/asset-2105792.jpg,3074457345616870322
4946159,11145-P,LA VACHE QUI REG. Spr.pap&chili Bio 180g,LA VACHE QUI REG. Spr.pap&chili Bio 180g,"3,05","16,95",EUR,Y,true,,"Vlees, charcuterie, vis en veggie > Veggie",https://www.collectandgo.be/wcsstore/CollectAndGoSFAS/images/JPG/200x200/std.lang.all/59/69/asset-2105969.jpg,3074457345616870324
4946177,11904-P,LA VACHE QUI REG. Spr.mang&curr Bio 180g,LA VACHE QUI REG. Spr.mang&curr Bio 180g,"3,05","16,95",EUR,Y,true,,"Vlees, charcuterie, vis en veggie > Veggie",https://www.collectandgo.be/wcsstore/CollectAndGoSFAS/images/JPG/200x200/std.lang.all/71/12/asset-2507112.jpg,3074457345616870328
4946183,11939-P,LA VACHE QUI REG. Spr.aubergine Bio 180g,LA VACHE QUI REG. Spr.aubergine Bio 180g,"3,05","16,95",EUR,Y,true,,"Vlees, charcuterie, vis en veggie > Veggie",https://www.collectandgo.be/wcsstore/CollectAndGoSFAS/images/JPG/200x200/std.lang.all/58/64/asset-2105864.jpg,3074457345616870330
4946201,12507-P,LA VACHE QUI REG. Spr.tom&basil Bio 180g,LA VACHE QUI REG. Spr.tom&basil Bio 180g,"3,05","16,95",EUR,Y,true,,"Vlees, charcuterie, vis en veggie > Veggie",https://www.collectandgo.be/wcsstore/CollectAndGoSFAS/images/JPG/200x200/std.lang.all/17/71/asset-3921771.jpg,3074457345616870334
1445999,40475-P,BERTYN vegg.protein steak spelt Bio 250g,BERTYN vegg.protein steak spelt Bio 250g,"6,99","27,96",EUR,Y,true,,"Vlees, charcuterie, vis en veggie > Veggie",https://www.collectandgo.be/wcsstore/CollectAndGoSFAS/images/JPG/200x200/std.lang.all/31/15/asset-3383115.jpg,3074457345616772910
3963738,2588-P,HOBBIT hennepburger zeewier BIO 150g,HOBBIT hennepburger zeewier BIO 150g,"4,65","31,00",EUR,Y,true,,"Vlees, charcuterie, vis en veggie > Veggie",https://www.collectandgo.be/wcsstore/CollectAndGoSFAS/images/JPG/200x200/std.lang.all/49/16/asset-2454916.jpg,3074457345616739188
4919430,2901-P,WHEATY Superhero veg.burger 2.0 Bio 180g,WHEATY Superhero veg.burger 2.0 Bio 180g,"3,49","19,39",EUR,Y,true,,"Vlees, charcuterie, vis en veggie > Veggie",https://www.collectandgo.be/wcsstore/CollectAndGoSFAS/images/JPG/200x200/std.lang.all/86/16/asset-3888616.jpg,3074457345616858786
4885588,27994-P,BONI Gemarin. tofu BBQ 180g,BONI Gemarin. tofu BBQ 180g,"1,49","8,28",EUR,N,true,,"Vlees, charcuterie, vis en veggie > Veggie",https://www.collectandgo.be/wcsstore/CollectAndGoSFAS/images/JPG/200x200/std.lang.all/14/60/asset-3831460.jpg,3074457345616848398
3354197,22426-P,EVERYDAY gehaktballen 8x60g,EVERYDAY gehaktballen 8x60g,"2,87","5,98",EUR,Y,true,,"Vlees, charcuterie, vis en veggie > Charcuterie",https://www.collectandgo.be/wcsstore/CollectAndGoSFAS/images/JPG/200x200/std.lang.all/66/80/asset-766680.jpg,3074457345616712732
3571098,16073-P,COLRUYT gevogeltecervela's 2x170g,COLRUYT gevogeltecervela's 2x170g,"4,95","14,56",EUR,Y,true,,"Vlees, charcuterie, vis en veggie > Charcuterie",https://www.collectandgo.be/wcsstore/CollectAndGoSFAS/images/JPG/200x200/std.lang.all/31/51/asset-3613151.jpg,3074457345616723746
3559449,11115-P,COLRUYT strasbourg 200g,COLRUYT strasbourg 200g,"3,87","19,35",EUR,Y,true,,"Vlees, charcuterie, vis en veggie > Charcuterie",https://www.collectandgo.be/wcsstore/CollectAndGoSFAS/images/JPG/200x200/std.lang.all/80/04/asset-2708004.jpg,3074457345616720332
4574477,28676-P,BIFI original family pack 7x20g,BIFI original family pack 7x20g,"2,99","21,36",EUR,Y,true,,"Vlees, charcuterie, vis en veggie > Charcuterie",https://www.collectandgo.be/wcsstore/CollectAndGoSFAS/images/JPG/200x200/std.lang.all/00/61/asset-3460061.jpg,3074457345616795274
3592667,27443-P,BONI Gevogelte balletjes groenten 150g,BONI Gevogelte balletjes groenten 150g,"2,72","18,14",EUR,Y,true,,"Vlees, charcuterie, vis en veggie > Charcuterie",https://www.collectandgo.be/wcsstore/CollectAndGoSFAS/images/JPG/200x200/std.lang.all/02/93/asset-4070293.jpg,3074457345616720664
3579227,16387-P,COLRUYT kippenvleesbrood 160g,COLRUYT kippenvleesbrood 160g,"3,27","20,44",EUR,Y,true,,"Vlees, charcuterie, vis en veggie > Charcuterie",https://www.collectandgo.be/wcsstore/CollectAndGoSFAS/images/JPG/200x200/std.lang.all/80/61/asset-2708061.jpg,3074457345616717854
3571140,16612-P,COLRUYT gebakken gevogeltebal. 4x100g,COLRUYT gebakken gevogeltebal. 4x100g,"6,87","17,18",EUR,Y,true,,"Vlees, charcuterie, vis en veggie > Charcuterie",https://www.collectandgo.be/wcsstore/CollectAndGoSFAS/images/JPG/200x200/std.lang.all/26/55/asset-1252655.jpg,3074457345616723784
4267215,20579-P,BIFI rol 3x45g,BIFI rol 3x45g,"2,69","19,93",EUR,Y,true,,"Vlees, charcuterie, vis en veggie > Charcuterie",https://www.collectandgo.be/wcsstore/CollectAndGoSFAS/images/JPG/200x200/std.lang.all/97/31/asset-2139731.jpg,3074457345616723416
4939727,39795-P,MARHABA magere kalkoen salami halal 100g,MARHABA magere kalkoen salami halal 100g,"2,89","28,90",EUR,Y,true,,"Vlees, charcuterie, vis en veggie > Charcuterie",https://www.collectandgo.be/wcsstore/CollectAndGoSFAS/images/JPG/200x200/std.lang.all/49/66/asset-3994966.jpg,3074457345616868280
3213379,14848-P,BONI chorizo sneetjes 150g,BONI chorizo sneetjes 150g,"3,50","23,34",EUR,Y,true,,"Vlees, charcuterie, vis en veggie > Charcuterie",https://www.collectandgo.be/wcsstore/CollectAndGoSFAS/images/JPG/200x200/std.lang.all/33/31/asset-3223331.jpg,3074457345616705290
4914942,10454-P,BONI Salami met truffel stuk 75g,BONI Salami met truffel stuk 75g,"2,99","39,87",EUR,Y,true,,"Vlees, charcuterie, vis en veggie > Charcuterie",https://www.collectandgo.be/wcsstore/CollectAndGoSFAS/images/JPG/200x200/std.lang.all/33/77/asset-3973377.jpg,3074457345616857152
4793601,35819-P,BIFI Snackpack 60g,BIFI Snackpack 60g,"3,05","50,84",EUR,Y,true,,"Vlees, charcuterie, vis en veggie > Charcuterie",https://www.collectandgo.be/wcsstore/CollectAndGoSFAS/images/JPG/200x200/std.lang.all/00/69/asset-3460069.jpg,3074457345616829322
4742544,1638-P,BONI Foie Fin Regular 2x40g,BONI Foie Fin Regular 2x40g,"5,49","68,63",EUR,Y,true,,"Vlees, charcuterie, vis en veggie > Charcuterie",https://www.collectandgo.be/wcsstore/CollectAndGoSFAS/images/JPG/200x200/std.lang.all/24/34/asset-3942434.jpg,3074457345616820258
4745302,32644-P,Louis Davignac Duo Eendenlever 2x40g,Louis Davignac Duo Eendenlever 2x40g,"4,99","62,38",EUR,Y,true,,"Vlees, charcuterie, vis en veggie > Charcuterie",https://www.collectandgo.be/wcsstore/CollectAndGoSFAS/images/JPG/200x200/std.lang.all/03/40/asset-3380340.jpg,3074457345616820640
4725025,7685-P,BONI Ontvette ham GV 150g,BONI Ontvette ham GV 150g,"1,97","13,14",EUR,Y,true,,"Vlees, charcuterie, vis en veggie > Charcuterie",https://www.collectandgo.be/wcsstore/CollectAndGoSFAS/images/JPG/200x200/std.lang.all/37/99/asset-3893799.jpg,3074457345616815882
4730347,32202-P,BONI Beenham zonder gluten 150g,BONI Beenham zonder gluten 150g,"2,34","15,60",EUR,Y,true,,"Vlees, charcuterie, vis en veggie > Charcuterie",https://www.collectandgo.be/wcsstore/CollectAndGoSFAS/images/JPG/200x200/std.lang.all/73/54/asset-3597354.jpg,3074457345616817776
2940408,38787-P,BONI gegrilde ham 200g,BONI gegrilde ham 200g,"3,45","17,25",EUR,Y,true,,"Vlees, charcuterie, vis en veggie > Charcuterie",https://www.collectandgo.be/wcsstore/CollectAndGoSFAS/images/JPG/200x200/std.lang.all/03/66/asset-3320366.jpg,3074457345616701404
4730381,32207-P,BONI Beenham 250g,BONI Beenham 250g,"3,90","15,60",EUR,Y,true,,"Vlees, charcuterie, vis en veggie > Charcuterie",https://www.collectandgo.be/wcsstore/CollectAndGoSFAS/images/JPG/200x200/std.lang.all/73/55/asset-3597355.jpg,3074457345616817784
4194476,27586-P,BONI hamreepjes 200g,BONI hamreepjes 200g,"2,29","11,45",EUR,Y,true,,"Vlees, charcuterie, vis en veggie > Charcuterie",https://www.collectandgo.be/wcsstore/CollectAndGoSFAS/images/JPG/200x200/std.lang.all/07/53/asset-2690753.jpg,3074457345616746210
4724867,5492-P,BONI ontvette ham glutenvrij 300g,BONI ontvette ham glutenvrij 300g,"3,93","13,10",EUR,Y,true,,"Vlees, charcuterie, vis en veggie > Charcuterie",https://www.collectandgo.be/wcsstore/CollectAndGoSFAS/images/JPG/200x200/std.lang.all/37/13/asset-3923713.jpg,3074457345616815840
4414337,27244-P,BONI ontvette ham glutenvrij 500g,BONI ontvette ham glutenvrij 500g,"6,56","13,12",EUR,Y,true,,"Vlees, charcuterie, vis en veggie > Charcuterie",https://www.collectandgo.be/wcsstore/CollectAndGoSFAS/images/JPG/200x200/std.lang.all/34/73/asset-3883473.jpg,3074457345616774316
3571110,16122-P,COLRUYT luikse pens 2x150g,COLRUYT luikse pens 2x150g,"3,29","10,97",EUR,Y,true,,"Vlees, charcuterie, vis en veggie > Charcuterie",https://www.collectandgo.be/wcsstore/CollectAndGoSFAS/images/JPG/200x200/std.lang.all/08/39/asset-3790839.jpg,3074457345616723750
4912876,39741-P,BONI Toastham 150g,BONI Toastham 150g,"1,89","12,60",EUR,Y,true,,"Vlees, charcuterie, vis en veggie > Charcuterie",https://www.collectandgo.be/wcsstore/CollectAndGoSFAS/images/JPG/200x200/std.lang.all/00/69/asset-3960069.jpg,3074457345616855982
4703608,31271-P,BONI Ringworst 150g,BONI Ringworst 150g,"1,99","13,27",EUR,Y,true,,"Vlees, charcuterie, vis en veggie > Charcuterie",https://www.collectandgo.be/wcsstore/CollectAndGoSFAS/images/JPG/200x200/std.lang.all/04/87/asset-3180487.jpg,3074457345616810774
3571106,16089-P,COLRUYT witte pens 2x150g,COLRUYT witte pens 2x150g,"2,41","8,04",EUR,Y,true,,"Vlees, charcuterie, vis en veggie > Charcuterie",https://www.collectandgo.be/wcsstore/CollectAndGoSFAS/images/JPG/200x200/std.lang.all/26/39/asset-2732639.jpg,3074457345616723748
3571132,16339-P,COLRUYT gebakken balletjes 4x100g,COLRUYT gebakken balletjes 4x100g,"6,47","16,18",EUR,Y,true,,"Vlees, charcuterie, vis en veggie > Charcuterie",https://www.collectandgo.be/wcsstore/CollectAndGoSFAS/images/JPG/200x200/std.lang.all/37/76/asset-3453776.jpg,3074457345616723780
1889967,35802-P,AOSTE Bistro Patron droge worst 230g,AOSTE Bistro Patron droge worst 230g,"3,99","17,35",EUR,Y,true,,"Vlees, charcuterie, vis en veggie > Charcuterie",https://www.collectandgo.be/wcsstore/CollectAndGoSFAS/images/JPG/200x200/std.lang.all/59/64/asset-2985964.jpg,3074457345616692742
4728356,30762-P,BONI Gekookte ham zonder nitriet 150g,BONI Gekookte ham zonder nitriet 150g,"3,84","25,60",EUR,Y,true,,"Vlees, charcuterie, vis en veggie > Charcuterie",https://www.collectandgo.be/wcsstore/CollectAndGoSFAS/images/JPG/200x200/std.lang.all/81/26/asset-3958126.jpg,3074457345616816578
4696254,30737-P,BONI boerenham 150g,BONI boerenham 150g,"3,39","22,60",EUR,Y,true,,"Vlees, charcuterie, vis en veggie > Charcuterie",https://www.collectandgo.be/wcsstore/CollectAndGoSFAS/images/JPG/200x200/std.lang.all/43/73/asset-3874373.jpg,3074457345616809752
3559809,15815-P,COLRUYT ovengebakken vleeskoek 160g,COLRUYT ovengebakken vleeskoek 160g,"2,18","13,63",EUR,Y,true,,"Vlees, charcuterie, vis en veggie > Charcuterie",https://www.collectandgo.be/wcsstore/CollectAndGoSFAS/images/JPG/200x200/std.lang.all/80/14/asset-2708014.jpg,3074457345616718212
3571124,16311-P,COLRUYT zwarte pens 2x150g,COLRUYT zwarte pens 2x150g,"3,21","10,70",EUR,Y,true,,"Vlees, charcuterie, vis en veggie > Charcuterie",https://www.collectandgo.be/wcsstore/CollectAndGoSFAS/images/JPG/200x200/std.lang.all/26/54/asset-1252654.jpg,3074457345616723776
1373450,27447-P,BONI BIO gekookte ham 150g,BONI BIO gekookte ham 150g,"4,80","32,00",EUR,Y,true,,"Vlees, charcuterie, vis en veggie > Charcuterie",https://www.collectandgo.be/wcsstore/CollectAndGoSFAS/images/JPG/200x200/std.lang.all/61/02/asset-3356102.jpg,3074457345616683632
2359965,26238-P,AOSTE crèmepaté 150g,AOSTE crèmepaté 150g,"2,99","19,94",EUR,Y,true,,"Vlees, charcuterie, vis en veggie > Charcuterie",https://www.collectandgo.be/wcsstore/CollectAndGoSFAS/images/JPG/200x200/std.lang.all/48/86/asset-2884886.jpg,3074457345616694448
4841092,8075-P,BONI Proscuitto Cotto Alle Erbe 120g,BONI Proscuitto Cotto Alle Erbe 120g,"3,49","29,09",EUR,Y,true,,"Vlees, charcuterie, vis en veggie > Charcuterie",https://www.collectandgo.be/wcsstore/CollectAndGoSFAS/images/JPG/200x200/std.lang.all/41/41/asset-3774141.jpg,3074457345616840294
4897519,3142-P,COLRUYT Kipsalade Thaise Wijze 160g,COLRUYT Kipsalade Thaise Wijze 160g,"2,45","15,32",EUR,Y,true,,"Vlees, charcuterie, vis en veggie > Charcuterie",https://www.collectandgo.be/wcsstore/CollectAndGoSFAS/images/JPG/200x200/std.lang.all/96/07/asset-3879607.jpg,3074457345616855708
3857513,27576-P,AOSTE Disney Cars hespenworst 5st 150g,AOSTE Disney Cars hespenworst 5st 150g,"3,29","21,94",EUR,Y,true,,"Vlees, charcuterie, vis en veggie > Charcuterie",https://www.collectandgo.be/wcsstore/CollectAndGoSFAS/images/JPG/200x200/std.lang.all/73/63/asset-3357363.jpg,3074457345616750228
1908635,35235-P,AOSTE Bistro Time snacks 8st 150g,AOSTE Bistro Time snacks 8st 150g,"3,99","26,60",EUR,Y,true,,"Vlees, charcuterie, vis en veggie > Charcuterie",https://www.collectandgo.be/wcsstore/CollectAndGoSFAS/images/JPG/200x200/std.lang.all/73/51/asset-3357351.jpg,3074457345616691746
3857544,27578-P,AOSTE Authentiek kalkoengebraad 120g,AOSTE Authentiek kalkoengebraad 120g,"3,85","32,09",EUR,Y,true,,"Vlees, charcuterie, vis en veggie > Charcuterie",https://www.collectandgo.be/wcsstore/CollectAndGoSFAS/images/JPG/200x200/std.lang.all/48/89/asset-2884889.jpg,3074457345616750218
4953699,9973-P,AOSTE kippensalami 90g,AOSTE kippensalami 90g,"2,99","33,23",EUR,Y,true,,"Vlees, charcuterie, vis en veggie > Charcuterie",,3074457345616873258
4952284,3154-P,AOSTE stickado noten 70g,AOSTE stickado noten 70g,"2,49","35,58",EUR,Y,true,,"Vlees, charcuterie, vis en veggie > Charcuterie",,3074457345616872792
4890429,39570-P,HERTA Finesse Kipfilet Natuur 100g,HERTA Finesse Kipfilet Natuur 100g,"2,99","29,90",EUR,Y,true,,"Vlees, charcuterie, vis en veggie > Charcuterie",https://www.collectandgo.be/wcsstore/CollectAndGoSFAS/images/JPG/200x200/std.lang.all/36/74/asset-4013674.jpg,3074457345616849388
4890432,39571-P,HERTA Finesse Kalkoenfilet Natuur 100g,HERTA Finesse Kalkoenfilet Natuur 100g,"2,99","29,90",EUR,Y,true,,"Vlees, charcuterie, vis en veggie > Charcuterie",https://www.collectandgo.be/wcsstore/CollectAndGoSFAS/images/JPG/200x200/std.lang.all/43/13/asset-4014313.jpg,3074457345616849390
3055568,27056-P,COLRUYT gerookte forelsalade 160g,COLRUYT gerookte forelsalade 160g,"3,73","23,32",EUR,Y,true,,"Vlees, charcuterie, vis en veggie > Charcuterie",https://www.collectandgo.be/wcsstore/CollectAndGoSFAS/images/JPG/200x200/std.lang.all/82/49/asset-4028249.jpg,3074457345616704000
3332757,29005-P,COLRUYT smossalade met beenham 180g,COLRUYT smossalade met beenham 180g,"3,39","18,84",EUR,Y,true,,"Vlees, charcuterie, vis en veggie > Charcuterie",https://www.collectandgo.be/wcsstore/CollectAndGoSFAS/images/JPG/200x200/std.lang.all/53/02/asset-3155302.jpg,3074457345616712530
3605463,16519-P,COLRUYT beenhamsalade 150g,COLRUYT beenhamsalade 150g,"2,49","16,60",EUR,Y,true,,"Vlees, charcuterie, vis en veggie > Charcuterie",https://www.collectandgo.be/wcsstore/CollectAndGoSFAS/images/JPG/200x200/std.lang.all/30/13/asset-2503013.jpg,3074457345616722218
4897556,3579-P,COLRUYT Ei-Spek Salade 160g,COLRUYT Ei-Spek Salade 160g,"2,19","13,69",EUR,Y,true,,"Vlees, charcuterie, vis en veggie > Charcuterie",https://www.collectandgo.be/wcsstore/CollectAndGoSFAS/images/JPG/200x200/std.lang.all/04/31/asset-3880431.jpg,3074457345616855712
4897549,3448-P,COLRUYT Krab-Scampi Rode Curry Sal. 160g,COLRUYT Krab-Scampi Rode Curry Sal. 160g,"3,09","19,32",EUR,Y,true,,"Vlees, charcuterie, vis en veggie > Charcuterie",https://www.collectandgo.be/wcsstore/CollectAndGoSFAS/images/JPG/200x200/std.lang.all/96/08/asset-3879608.jpg,3074457345616855710
4338337,23879-P,COLRUYT salade kip curry 150g,COLRUYT salade kip curry 150g,"3,45","23,00",EUR,Y,true,,"Vlees, charcuterie, vis en veggie > Charcuterie",https://www.collectandgo.be/wcsstore/CollectAndGoSFAS/images/JPG/200x200/std.lang.all/70/42/asset-4067042.jpg,3074457345616762074
3605450,16196-P,COLRUYT grijze garnaalsalade 150g,COLRUYT grijze garnaalsalade 150g,"5,99","39,94",EUR,Y,true,,"Vlees, charcuterie, vis en veggie > Charcuterie",https://www.collectandgo.be/wcsstore/CollectAndGoSFAS/images/JPG/200x200/std.lang.all/26/08/asset-4082608.jpg,3074457345616722174
4335658,20194-P,COLRUYT tonijnsalade 150g,COLRUYT tonijnsalade 150g,"3,45","23,00",EUR,Y,true,,"Vlees, charcuterie, vis en veggie > Charcuterie",https://www.collectandgo.be/wcsstore/CollectAndGoSFAS/images/JPG/200x200/std.lang.all/31/28/asset-2503128.jpg,3074457345616761932
3605476,16564-P,COLRUYT salade kip andalouse 150g,COLRUYT salade kip andalouse 150g,"3,45","23,00",EUR,Y,true,,"Vlees, charcuterie, vis en veggie > Charcuterie",https://www.collectandgo.be/wcsstore/CollectAndGoSFAS/images/JPG/200x200/std.lang.all/82/50/asset-4028250.jpg,3074457345616722220
3605434,16022-P,COLRUYT king krabsalade 150g,COLRUYT king krabsalade 150g,"6,49","43,27",EUR,Y,true,,"Vlees, charcuterie, vis en veggie > Charcuterie",https://www.collectandgo.be/wcsstore/CollectAndGoSFAS/images/JPG/200x200/std.lang.all/30/12/asset-2503012.jpg,3074457345616722170
3679825,27454-P,AOSTE Disney Mickey kippenworst 5st 150g,AOSTE Disney Mickey kippenworst 5st 150g,"3,29","21,94",EUR,Y,true,,"Vlees, charcuterie, vis en veggie > Charcuterie",https://www.collectandgo.be/wcsstore/CollectAndGoSFAS/images/JPG/200x200/std.lang.all/71/84/asset-3357184.jpg,3074457345616750120
27403,27403-P,HERTA KNACKI Original 10st,HERTA KNACKI Original 10st,"2,99","8,55",EUR,Y,true,,"Vlees, charcuterie, vis en veggie > Charcuterie",https://www.collectandgo.be/wcsstore/CollectAndGoSFAS/images/JPG/200x200/std.lang.all/57/11/asset-2785711.jpg,3074457345616679332
4592818,29149-P,AOSTE Disney kipworstj familypack 240g,AOSTE Disney kipworstj familypack 240g,"5,69","23,71",EUR,Y,true,,"Vlees, charcuterie, vis en veggie > Charcuterie",https://www.collectandgo.be/wcsstore/CollectAndGoSFAS/images/JPG/200x200/std.lang.all/00/37/asset-2790037.jpg,3074457345616797312
2936775,38611-P,MARCASSOU Saucisson de Table sn. 100g,MARCASSOU Saucisson de Table sn. 100g,"3,49","34,90",EUR,Y,true,,"Vlees, charcuterie, vis en veggie > Charcuterie",https://www.collectandgo.be/wcsstore/CollectAndGoSFAS/images/JPG/200x200/std.lang.all/86/25/asset-2148625.jpg,3074457345616703282
4890424,39567-P,HERTA Knacki Kip 10st 350g,HERTA Knacki Kip 10st 350g,"4,35","12,43",EUR,Y,true,,"Vlees, charcuterie, vis en veggie > Charcuterie",https://www.collectandgo.be/wcsstore/CollectAndGoSFAS/images/JPG/200x200/std.lang.all/30/42/asset-3793042.jpg,3074457345616849384
3676192,27420-P,AOSTE kipfilet aan't spit sneetjes 120g,AOSTE kipfilet aan't spit sneetjes 120g,"3,99","33,25",EUR,Y,true,,"Vlees, charcuterie, vis en veggie > Charcuterie",https://www.collectandgo.be/wcsstore/CollectAndGoSFAS/images/JPG/200x200/std.lang.all/48/19/asset-2884819.jpg,3074457345616726624
4236648,18695-P,AUBEL Poolse worst 2x150g,AUBEL Poolse worst 2x150g,"6,15","20,50",EUR,Y,true,,"Vlees, charcuterie, vis en veggie > Charcuterie",https://www.collectandgo.be/wcsstore/CollectAndGoSFAS/images/JPG/200x200/std.lang.all/15/75/asset-2041575.jpg,3074457345616749608
2339942,18520-P,MARCASSOU saucis.d'Arden.IGP z.look 270g,MARCASSOU saucis.d'Arden.IGP z.look 270g,"3,59","13,30",EUR,Y,true,,"Vlees, charcuterie, vis en veggie > Charcuterie",https://www.collectandgo.be/wcsstore/CollectAndGoSFAS/images/JPG/200x200/std.lang.all/73/53/asset-3357353.jpg,3074457345616699670
2339150,18521-P,MARCASSOU saucis.d'Arden.IGP look 270g,MARCASSOU saucis.d'Arden.IGP look 270g,"4,79","17,75",EUR,Y,true,,"Vlees, charcuterie, vis en veggie > Charcuterie",https://www.collectandgo.be/wcsstore/CollectAndGoSFAS/images/JPG/200x200/std.lang.all/73/52/asset-3357352.jpg,3074457345616699502
27092,27092-P,MARCASSOU Marcachouffe zonder look 8st,MARCASSOU Marcachouffe zonder look 8st,"4,60","23,00",EUR,Y,true,,"Vlees, charcuterie, vis en veggie > Charcuterie",https://www.collectandgo.be/wcsstore/CollectAndGoSFAS/images/JPG/200x200/std.lang.all/60/14/asset-2176014.jpg,3074457345616679478
2368436,32042-P,MARCASSOU pipes d'Ardenne IGP 250g,MARCASSOU pipes d'Ardenne IGP 250g,"4,99","19,96",EUR,Y,true,,"Vlees, charcuterie, vis en veggie > Charcuterie",https://www.collectandgo.be/wcsstore/CollectAndGoSFAS/images/JPG/200x200/std.lang.all/47/48/asset-3034748.jpg,3074457345616696158
4745321,32649-P,COLRUYT Gegrilde Ham 120g,COLRUYT Gegrilde Ham 120g,"3,29","27,42",EUR,Y,true,,"Vlees, charcuterie, vis en veggie > Charcuterie",https://www.collectandgo.be/wcsstore/CollectAndGoSFAS/images/JPG/200x200/std.lang.all/14/87/asset-3281487.jpg,3074457345616820648
4745089,32641-P,COLRUYT Ontvette ham 160g,COLRUYT Ontvette ham 160g,"4,16","26,00",EUR,Y,true,,"Vlees, charcuterie, vis en veggie > Charcuterie",https://www.collectandgo.be/wcsstore/CollectAndGoSFAS/images/JPG/200x200/std.lang.all/40/31/asset-3304031.jpg,3074457345616820626
3579168,12939-P,COLRUYT beenhouwersham 160g,COLRUYT beenhouwersham 160g,"3,24","20,25",EUR,Y,true,,"Vlees, charcuterie, vis en veggie > Charcuterie",https://www.collectandgo.be/wcsstore/CollectAndGoSFAS/images/JPG/200x200/std.lang.all/49/43/asset-2484943.jpg,3074457345616717616
3559608,12157-P,COLRUYT kalkoenfilet natuur 200g,COLRUYT kalkoenfilet natuur 200g,"4,66","23,30",EUR,Y,true,,"Vlees, charcuterie, vis en veggie > Charcuterie",https://www.collectandgo.be/wcsstore/CollectAndGoSFAS/images/JPG/200x200/std.lang.all/49/42/asset-2484942.jpg,3074457345616718000
4897834,5031-P,COLRUYT Kipfilet Natuur 130g,COLRUYT Kipfilet Natuur 130g,"3,03","23,31",EUR,Y,true,,"Vlees, charcuterie, vis en veggie > Charcuterie",https://www.collectandgo.be/wcsstore/CollectAndGoSFAS/images/JPG/200x200/std.lang.all/99/22/asset-3879922.jpg,3074457345616851984
2389273,1710-P,DÉLIO salade kip curry 200g,DÉLIO salade kip curry 200g,"2,89","14,45",EUR,Y,true,,"Vlees, charcuterie, vis en veggie > Charcuterie",https://www.collectandgo.be/wcsstore/CollectAndGoSFAS/images/JPG/200x200/std.lang.all/24/90/asset-3632490.jpg,3074457345616699258
3559417,10775-P,COLRUYT hoeveham 200g,COLRUYT hoeveham 200g,"4,20","21,00",EUR,Y,true,,"Vlees, charcuterie, vis en veggie > Charcuterie",https://www.collectandgo.be/wcsstore/CollectAndGoSFAS/images/JPG/200x200/std.lang.all/22/80/asset-3542280.jpg,3074457345616718280
4903442,28097-P,COLRUYT Kipfilet met Tuinkruiden 130g,COLRUYT Kipfilet met Tuinkruiden 130g,"3,03","23,31",EUR,Y,true,,"Vlees, charcuterie, vis en veggie > Charcuterie",https://www.collectandgo.be/wcsstore/CollectAndGoSFAS/images/JPG/200x200/std.lang.all/99/23/asset-3879923.jpg,3074457345616853326
3173760,37159-P,DÉLIO Vleessalade 200g,DÉLIO Vleessalade 200g,"2,55","12,75",EUR,Y,true,,"Vlees, charcuterie, vis en veggie > Charcuterie",https://www.collectandgo.be/wcsstore/CollectAndGoSFAS/images/JPG/200x200/std.lang.all/24/07/asset-3632407.jpg,3074457345616707510
4903444,28117-P,COLRUYT Kipfilet Met Asperges 130g,COLRUYT Kipfilet Met Asperges 130g,"3,65","28,08",EUR,Y,true,,"Vlees, charcuterie, vis en veggie > Charcuterie",https://www.collectandgo.be/wcsstore/CollectAndGoSFAS/images/JPG/200x200/std.lang.all/05/40/asset-3880540.jpg,3074457345616853328
2935833,38797-P,DÉLIO tonijnsalade 180g,DÉLIO tonijnsalade 180g,"2,99","16,62",EUR,Y,true,,"Vlees, charcuterie, vis en veggie > Charcuterie",https://www.collectandgo.be/wcsstore/CollectAndGoSFAS/images/JPG/200x200/std.lang.all/24/92/asset-3632492.jpg,3074457345616701708
4332678,13219-P,DÉLIO salade met krab 200g,DÉLIO salade met krab 200g,"4,45","22,25",EUR,Y,true,,"Vlees, charcuterie, vis en veggie > Charcuterie",https://www.collectandgo.be/wcsstore/CollectAndGoSFAS/images/JPG/200x200/std.lang.all/24/10/asset-3632410.jpg,3074457345616761696
1795800,34109-P,DÉLIO lentesalade 200g,DÉLIO lentesalade 200g,"3,19","15,95",EUR,Y,true,,"Vlees, charcuterie, vis en veggie > Charcuterie",https://www.collectandgo.be/wcsstore/CollectAndGoSFAS/images/JPG/200x200/std.lang.all/24/89/asset-3632489.jpg,3074457345616691706
4445544,20419-P,DÉLIO kipsalade 200g,DÉLIO kipsalade 200g,"3,09","15,45",EUR,Y,true,,"Vlees, charcuterie, vis en veggie > Charcuterie",https://www.collectandgo.be/wcsstore/CollectAndGoSFAS/images/JPG/200x200/std.lang.all/24/11/asset-3632411.jpg,3074457345616777370
2800909,2974-P,DÉLIO salade kip samourai 200g,DÉLIO salade kip samourai 200g,"3,49","17,45",EUR,Y,true,,"Vlees, charcuterie, vis en veggie > Charcuterie",https://www.collectandgo.be/wcsstore/CollectAndGoSFAS/images/JPG/200x200/std.lang.all/24/91/asset-3632491.jpg,3074457345616700862
3659427,30196-P,DÉLIO Noordzeesalade 200g,DÉLIO Noordzeesalade 200g,"3,95","19,75",EUR,Y,true,,"Vlees, charcuterie, vis en veggie > Charcuterie",https://www.collectandgo.be/wcsstore/CollectAndGoSFAS/images/JPG/200x200/std.lang.all/24/09/asset-3632409.jpg,3074457345616721278
3279578,8462-P,DÉLIO Kipsalade hawaï 200g,DÉLIO Kipsalade hawaï 200g,"3,19","15,95",EUR,Y,true,,"Vlees, charcuterie, vis en veggie > Charcuterie",https://www.collectandgo.be/wcsstore/CollectAndGoSFAS/images/JPG/200x200/std.lang.all/34/69/asset-3633469.jpg,3074457345616713236
4811884,37558-P,Geb.kalkoenf.jalapen/paprik. 150g,Geb.kalkoenf.jalapen/paprik. 150g,"3,99","26,60",EUR,Y,true,,"Vlees, charcuterie, vis en veggie > Charcuterie",https://www.collectandgo.be/wcsstore/CollectAndGoSFAS/images/JPG/200x200/std.lang.all/33/18/asset-3523318.jpg,3074457345616852840
3317626,12256-P,DÉLIO Breydelhamsalade 180g,DÉLIO Breydelhamsalade 180g,"3,89","21,62",EUR,Y,true,,"Vlees, charcuterie, vis en veggie > Charcuterie",https://www.collectandgo.be/wcsstore/CollectAndGoSFAS/images/JPG/200x200/std.lang.all/24/08/asset-3632408.jpg,3074457345616709644
2266778,5489-P,MAISTRES OCCITANS eendenlever blok 2x40g,MAISTRES OCCITANS eendenlever blok 2x40g,"9,99","124,88",EUR,Y,true,,"Vlees, charcuterie, vis en veggie > Charcuterie",https://www.collectandgo.be/wcsstore/CollectAndGoSFAS/images/JPG/200x200/std.lang.all/07/78/asset-360778.jpg,3074457345616694066
4178863,12379-P,COLRUYT pâté met ardeense ham 170g,COLRUYT pâté met ardeense ham 170g,"2,83","16,65",EUR,Y,true,,"Vlees, charcuterie, vis en veggie > Charcuterie",https://www.collectandgo.be/wcsstore/CollectAndGoSFAS/images/JPG/200x200/std.lang.all/48/74/asset-1994874.jpg,3074457345616744228
3560184,16190-P,COLRUYT cremepastei 170g,COLRUYT cremepastei 170g,"2,98","17,53",EUR,Y,true,,"Vlees, charcuterie, vis en veggie > Charcuterie",https://www.collectandgo.be/wcsstore/CollectAndGoSFAS/images/JPG/200x200/std.lang.all/79/83/asset-3637983.jpg,3074457345616717486
3559587,12005-P,COLRUYT salami met peper 150g,COLRUYT salami met peper 150g,"3,50","23,34",EUR,Y,true,,"Vlees, charcuterie, vis en veggie > Charcuterie",https://www.collectandgo.be/wcsstore/CollectAndGoSFAS/images/JPG/200x200/std.lang.all/35/58/asset-3013558.jpg,3074457345616718048
1159362,10157-P,gebraden rosbief ±200g,gebraden rosbief ±200g,"26,65","26,65",EUR,Y,true,,"Vlees, charcuterie, vis en veggie > Charcuterie",https://www.collectandgo.be/wcsstore/CollectAndGoSFAS/images/JPG/200x200/std.lang.all/42/30/asset-2774230.jpg,3074457345616685940
3579197,14642-P,COLRUYT hespenworst 200g,COLRUYT hespenworst 200g,"3,33","16,65",EUR,Y,true,,"Vlees, charcuterie, vis en veggie > Charcuterie",https://www.collectandgo.be/wcsstore/CollectAndGoSFAS/images/JPG/200x200/std.lang.all/51/13/asset-2485113.jpg,3074457345616717832
3579183,14013-P,COLRUYT geperste kop 200g,COLRUYT geperste kop 200g,"3,73","18,65",EUR,Y,true,,"Vlees, charcuterie, vis en veggie > Charcuterie",https://www.collectandgo.be/wcsstore/CollectAndGoSFAS/images/JPG/200x200/std.lang.all/80/18/asset-2708018.jpg,3074457345616717624
4890004,39523-P,COLRUYT Parmaham 90g,COLRUYT Parmaham 90g,"3,77","41,89",EUR,Y,true,,"Vlees, charcuterie, vis en veggie > Charcuterie",https://www.collectandgo.be/wcsstore/CollectAndGoSFAS/images/JPG/200x200/std.lang.all/37/92/asset-3893792.jpg,3074457345616849306
1159380,10158-P,gebakken varkensgebraad ±200g,gebakken varkensgebraad ±200g,"15,20","15,20",EUR,Y,true,,"Vlees, charcuterie, vis en veggie > Charcuterie",https://www.collectandgo.be/wcsstore/CollectAndGoSFAS/images/JPG/200x200/std.lang.all/78/86/asset-2787886.jpg,3074457345616682352
3033408,18289-P,COLRUYT droge worsten 275g,COLRUYT droge worsten 275g,"5,40","19,64",EUR,Y,true,,"Vlees, charcuterie, vis en veggie > Charcuterie",https://www.collectandgo.be/wcsstore/CollectAndGoSFAS/images/JPG/200x200/std.lang.all/03/21/asset-2930321.jpg,3074457345616704156
4401749,24655-P,COLRUYT Blokpastei 170g,COLRUYT Blokpastei 170g,"2,61","15,36",EUR,Y,true,,"Vlees, charcuterie, vis en veggie > Charcuterie",https://www.collectandgo.be/wcsstore/CollectAndGoSFAS/images/JPG/200x200/std.lang.all/02/02/asset-2930202.jpg,3074457345616772730
3033396,18146-P,COLRUYT gerookte droge worsten 275g,COLRUYT gerookte droge worsten 275g,"5,40","19,64",EUR,Y,true,,"Vlees, charcuterie, vis en veggie > Charcuterie",https://www.collectandgo.be/wcsstore/CollectAndGoSFAS/images/JPG/200x200/std.lang.all/03/20/asset-2930320.jpg,3074457345616704154
3560168,16153-P,COLRUYT ovengebakken pâté 170g,COLRUYT ovengebakken pâté 170g,"3,96","23,30",EUR,Y,true,,"Vlees, charcuterie, vis en veggie > Charcuterie",https://www.collectandgo.be/wcsstore/CollectAndGoSFAS/images/JPG/200x200/std.lang.all/80/15/asset-2708015.jpg,3074457345616717484
3559597,11998-P,COLRUYT tongblok 160g,COLRUYT tongblok 160g,"3,38","21,13",EUR,Y,true,,"Vlees, charcuterie, vis en veggie > Charcuterie",https://www.collectandgo.be/wcsstore/CollectAndGoSFAS/images/JPG/200x200/std.lang.all/01/92/asset-2930192.jpg,3074457345616718052
3559466,11374-P,COLRUYT gerookte paardenfilet 160g,COLRUYT gerookte paardenfilet 160g,"5,33","33,32",EUR,Y,true,,"Vlees, charcuterie, vis en veggie > Charcuterie",https://www.collectandgo.be/wcsstore/CollectAndGoSFAS/images/JPG/200x200/std.lang.all/80/05/asset-2708005.jpg,3074457345616720422
3579184,14045-P,COLRUYT chorizo duroc 150g,COLRUYT chorizo duroc 150g,"3,88","25,87",EUR,Y,true,,"Vlees, charcuterie, vis en veggie > Charcuterie",https://www.collectandgo.be/wcsstore/CollectAndGoSFAS/images/JPG/200x200/std.lang.all/80/59/asset-2708059.jpg,3074457345616717626
3556397,15676-P,COLRUYT ambacht.worst pur porc 150g,COLRUYT ambacht.worst pur porc 150g,"4,37","29,14",EUR,Y,true,,"Vlees, charcuterie, vis en veggie > Charcuterie",https://www.collectandgo.be/wcsstore/CollectAndGoSFAS/images/JPG/200x200/std.lang.all/80/57/asset-2708057.jpg,3074457345616719072
3559011,10005-P,COLRUYT gedroogde belgische ham 160g,COLRUYT gedroogde belgische ham 160g,"5,73","35,82",EUR,Y,true,,"Vlees, charcuterie, vis en veggie > Charcuterie",https://www.collectandgo.be/wcsstore/CollectAndGoSFAS/images/JPG/200x200/std.lang.all/80/58/asset-2708058.jpg,3074457345616718980
2477684,39155-P,COLRUYT ambacht .worst pur porc st 350g,COLRUYT ambacht .worst pur porc st 350g,"7,19","20,55",EUR,Y,true,,"Vlees, charcuterie, vis en veggie > Charcuterie",https://www.collectandgo.be/wcsstore/CollectAndGoSFAS/images/JPG/200x200/std.lang.all/26/43/asset-1252643.jpg,3074457345616694844
3579160,12742-P,COLRUYT serranoham duroc 160g,COLRUYT serranoham duroc 160g,"5,93","37,07",EUR,Y,true,,"Vlees, charcuterie, vis en veggie > Charcuterie",https://www.collectandgo.be/wcsstore/CollectAndGoSFAS/images/JPG/200x200/std.lang.all/80/17/asset-2708017.jpg,3074457345616717614
3858709,22181-P,COLRUYT mortadella de bologna 130g,COLRUYT mortadella de bologna 130g,"3,89","29,93",EUR,Y,true,,"Vlees, charcuterie, vis en veggie > Charcuterie",https://www.collectandgo.be/wcsstore/CollectAndGoSFAS/images/JPG/200x200/std.lang.all/80/64/asset-2708064.jpg,3074457345616736014
1043481,27445-P,COLRUYT gaumais worst IGP 370g,COLRUYT gaumais worst IGP 370g,"5,95","16,09",EUR,Y,true,,"Vlees, charcuterie, vis en veggie > Charcuterie",https://www.collectandgo.be/wcsstore/CollectAndGoSFAS/images/JPG/200x200/std.lang.all/27/92/asset-1252792.jpg,3074457345616681308
3556388,15663-P,COLRUYT gaumaisworst IGP 150g,COLRUYT gaumaisworst IGP 150g,"4,07","27,14",EUR,Y,true,,"Vlees, charcuterie, vis en veggie > Charcuterie",https://www.collectandgo.be/wcsstore/CollectAndGoSFAS/images/JPG/200x200/std.lang.all/80/56/asset-2708056.jpg,3074457345616718920
3559619,12352-P,COLRUYT boulogne in sneetjes 150g,COLRUYT boulogne in sneetjes 150g,"3,83","25,54",EUR,Y,true,,"Vlees, charcuterie, vis en veggie > Charcuterie",https://www.collectandgo.be/wcsstore/CollectAndGoSFAS/images/JPG/200x200/std.lang.all/80/07/asset-2708007.jpg,3074457345616718004
4218173,17212-P,COLRUYT ardeense ham st hubert 200g,COLRUYT ardeense ham st hubert 200g,"5,88","29,40",EUR,Y,true,,"Vlees, charcuterie, vis en veggie > Charcuterie",https://www.collectandgo.be/wcsstore/CollectAndGoSFAS/images/JPG/200x200/std.lang.all/80/22/asset-2708022.jpg,3074457345616751954
3571154,16677-P,COLRUYT cervelas 2x150g,COLRUYT cervelas 2x150g,"4,90","16,34",EUR,Y,true,,"Vlees, charcuterie, vis en veggie > Charcuterie",https://www.collectandgo.be/wcsstore/CollectAndGoSFAS/images/JPG/200x200/std.lang.all/26/56/asset-1252656.jpg,3074457345616723790
4409959,24950-P,COLRUYT panchetta cotta 160g,COLRUYT panchetta cotta 160g,"4,99","31,19",EUR,Y,true,,"Vlees, charcuterie, vis en veggie > Charcuterie",https://www.collectandgo.be/wcsstore/CollectAndGoSFAS/images/JPG/200x200/std.lang.all/04/04/asset-2930404.jpg,3074457345616773072
3964845,27627-P,COLRUYT coppa met kruiden 150g,COLRUYT coppa met kruiden 150g,"4,95","33,00",EUR,Y,true,,"Vlees, charcuterie, vis en veggie > Charcuterie",https://www.collectandgo.be/wcsstore/CollectAndGoSFAS/images/JPG/200x200/std.lang.all/01/95/asset-2930195.jpg,3074457345616750326
4877252,39032-P,COLRUYT Ventricina 120g,COLRUYT Ventricina 120g,"2,88","24,00",EUR,Y,true,,"Vlees, charcuterie, vis en veggie > Charcuterie",https://www.collectandgo.be/wcsstore/CollectAndGoSFAS/images/JPG/200x200/std.lang.all/06/66/asset-3820666.jpg,3074457345616852842
3571163,16695-P,COLRUYT mini-hespenworst 240g,COLRUYT mini-hespenworst 240g,"3,49","14,55",EUR,Y,true,,"Vlees, charcuterie, vis en veggie > Charcuterie",https://www.collectandgo.be/wcsstore/CollectAndGoSFAS/images/JPG/200x200/std.lang.all/59/72/asset-1295972.jpg,3074457345616718126
3126276,27283-P,COLRUYT lomo duroc ±400g,COLRUYT lomo duroc ±400g,"27,80","27,80",EUR,Y,true,,"Vlees, charcuterie, vis en veggie > Charcuterie",https://www.collectandgo.be/wcsstore/CollectAndGoSFAS/images/JPG/200x200/std.lang.all/14/18/asset-1521418.jpg,3074457345616706898
4725198,8383-P,EVERYDAY achterham 200g,EVERYDAY achterham 200g,"1,99","9,95",EUR,Y,true,,"Vlees, charcuterie, vis en veggie > Charcuterie",https://www.collectandgo.be/wcsstore/CollectAndGoSFAS/images/JPG/200x200/std.lang.all/61/72/asset-3356172.jpg,3074457345616815866
4032438,27767-P,BONI kipfilet sneden 200g,BONI kipfilet sneden 200g,"3,19","15,95",EUR,Y,true,,"Vlees, charcuterie, vis en veggie > Charcuterie",https://www.collectandgo.be/wcsstore/CollectAndGoSFAS/images/JPG/200x200/std.lang.all/86/50/asset-3348650.jpg,3074457345616733776
4236702,27197-P,EVERYDAY Gekookte schouderham 300g,EVERYDAY Gekookte schouderham 300g,"2,48","8,27",EUR,Y,true,,"Vlees, charcuterie, vis en veggie > Charcuterie",https://www.collectandgo.be/wcsstore/CollectAndGoSFAS/images/JPG/200x200/std.lang.all/61/63/asset-3356163.jpg,3074457345616709218
4032445,27769-P,BONI Kalkoenfilet GV 150g,BONI Kalkoenfilet GV 150g,"2,39","15,94",EUR,Y,true,,"Vlees, charcuterie, vis en veggie > Charcuterie",https://www.collectandgo.be/wcsstore/CollectAndGoSFAS/images/JPG/200x200/std.lang.all/86/51/asset-3348651.jpg,3074457345616733782
2946055,38786-P,EVERYDAY Ambachtel. ham met zwoerd 200g,EVERYDAY Ambachtel. ham met zwoerd 200g,"2,60","13,00",EUR,Y,true,,"Vlees, charcuterie, vis en veggie > Charcuterie",https://www.collectandgo.be/wcsstore/CollectAndGoSFAS/images/JPG/200x200/std.lang.all/61/04/asset-3356104.jpg,3074457345616701666
3940955,27621-P,BONI Prosciutto Crudo 175g,BONI Prosciutto Crudo 175g,"3,48","19,89",EUR,Y,true,,"Vlees, charcuterie, vis en veggie > Charcuterie",https://www.collectandgo.be/wcsstore/CollectAndGoSFAS/images/JPG/200x200/std.lang.all/73/20/asset-3747320.jpg,3074457345616732058
3393405,38228-P,BONI hespenworst sneetjes 200g,BONI hespenworst sneetjes 200g,"1,19","5,95",EUR,Y,true,,"Vlees, charcuterie, vis en veggie > Charcuterie",https://www.collectandgo.be/wcsstore/CollectAndGoSFAS/images/JPG/200x200/std.lang.all/40/60/asset-3364060.jpg,3074457345616711288
4256801,27324-P,BONI mini gevogelte balletjes 300g,BONI mini gevogelte balletjes 300g,"1,79","5,97",EUR,Y,true,,"Vlees, charcuterie, vis en veggie > Charcuterie",https://www.collectandgo.be/wcsstore/CollectAndGoSFAS/images/JPG/200x200/std.lang.all/22/76/asset-2132276.jpg,3074457345616690982
4221133,27155-P,EVERYDAY GEKOOKTE HAMBLOKJES 250g,EVERYDAY GEKOOKTE HAMBLOKJES 250g,"2,18","8,72",EUR,Y,true,,"Vlees, charcuterie, vis en veggie > Charcuterie",https://www.collectandgo.be/wcsstore/CollectAndGoSFAS/images/JPG/200x200/std.lang.all/30/23/asset-3813023.jpg,3074457345616750516
2489442,39346-P,BONI Prosciutto di Parma 90g,BONI Prosciutto di Parma 90g,"2,65","29,45",EUR,Y,true,,"Vlees, charcuterie, vis en veggie > Charcuterie",https://www.collectandgo.be/wcsstore/CollectAndGoSFAS/images/JPG/200x200/std.lang.all/53/22/asset-2165322.jpg,3074457345616696772
1977593,27015-P,BONI salami ministicks 12st,BONI salami ministicks 12st,"2,63","21,92",EUR,Y,true,,"Vlees, charcuterie, vis en veggie > Charcuterie",https://www.collectandgo.be/wcsstore/CollectAndGoSFAS/images/JPG/200x200/std.lang.all/93/32/asset-2509332.jpg,3074457345616693006
4841085,7703-P,BONI Chorizo Zacht Sneetjes 150g,BONI Chorizo Zacht Sneetjes 150g,"1,69","11,27",EUR,Y,true,,"Vlees, charcuterie, vis en veggie > Charcuterie",https://www.collectandgo.be/wcsstore/CollectAndGoSFAS/images/JPG/200x200/std.lang.all/10/02/asset-3671002.jpg,3074457345616840288
3518226,27154-P,BONI salami zonder look GV 200g,BONI salami zonder look GV 200g,"2,87","14,35",EUR,Y,true,,"Vlees, charcuterie, vis en veggie > Charcuterie",https://www.collectandgo.be/wcsstore/CollectAndGoSFAS/images/JPG/200x200/std.lang.all/37/89/asset-3123789.jpg,3074457345616749814
3266123,36561-P,BONI kipcurrysalade 200g,BONI kipcurrysalade 200g,"2,19","10,95",EUR,Y,true,,"Vlees, charcuterie, vis en veggie > Charcuterie",https://www.collectandgo.be/wcsstore/CollectAndGoSFAS/images/JPG/200x200/std.lang.all/74/17/asset-2617417.jpg,3074457345616750778
1963547,27345-P,BONI droge worst mager 200g,BONI droge worst mager 200g,"2,79","13,95",EUR,Y,true,,"Vlees, charcuterie, vis en veggie > Charcuterie",https://www.collectandgo.be/wcsstore/CollectAndGoSFAS/images/JPG/200x200/std.lang.all/00/62/asset-3420062.jpg,3074457345616686864
3253279,23554-P,BONI kipfilet tuinkr. sneetjes 150g,BONI kipfilet tuinkr. sneetjes 150g,"2,85","19,00",EUR,Y,true,,"Vlees, charcuterie, vis en veggie > Charcuterie",https://www.collectandgo.be/wcsstore/CollectAndGoSFAS/images/JPG/200x200/std.lang.all/90/33/asset-3349033.jpg,3074457345616708452
4214928,27227-P,BONI filet de saxe GV 200g,BONI filet de saxe GV 200g,"3,78","18,90",EUR,Y,true,,"Vlees, charcuterie, vis en veggie > Charcuterie",https://www.collectandgo.be/wcsstore/CollectAndGoSFAS/images/JPG/200x200/std.lang.all/40/40/asset-3364040.jpg,3074457345616750512
4659786,29804-P,BONI gebraden kipfilet stukjes 150g,BONI gebraden kipfilet stukjes 150g,"2,69","17,94",EUR,Y,true,,"Vlees, charcuterie, vis en veggie > Charcuterie",https://www.collectandgo.be/wcsstore/CollectAndGoSFAS/images/JPG/200x200/std.lang.all/40/91/asset-2954091.jpg,3074457345616804704
4067777,27786-P,BONI vleessalade zonder gluten 200g,BONI vleessalade zonder gluten 200g,"1,94","9,70",EUR,Y,true,,"Vlees, charcuterie, vis en veggie > Charcuterie",https://www.collectandgo.be/wcsstore/CollectAndGoSFAS/images/JPG/200x200/std.lang.all/82/74/asset-2428274.jpg,3074457345616734980
4323241,27121-P,BONI KIPFILET MET CURRY 150g,BONI KIPFILET MET CURRY 150g,"2,79","18,60",EUR,Y,true,,"Vlees, charcuterie, vis en veggie > Charcuterie",https://www.collectandgo.be/wcsstore/CollectAndGoSFAS/images/JPG/200x200/std.lang.all/13/24/asset-2281324.jpg,3074457345616760930
3278378,18182-P,BONI ham Zwartewoud 200g,BONI ham Zwartewoud 200g,"2,50","12,50",EUR,Y,true,,"Vlees, charcuterie, vis en veggie > Charcuterie",https://www.collectandgo.be/wcsstore/CollectAndGoSFAS/images/JPG/200x200/std.lang.all/84/34/asset-4098434.jpg,3074457345616707928
2931679,37012-P,BONI Coppa 100g,BONI Coppa 100g,"2,24","22,40",EUR,Y,true,,"Vlees, charcuterie, vis en veggie > Charcuterie",https://www.collectandgo.be/wcsstore/CollectAndGoSFAS/images/JPG/200x200/std.lang.all/40/57/asset-3364057.jpg,3074457345616703512
4451560,27088-P,BONI GEROOKTE KIPFILET 150g,BONI GEROOKTE KIPFILET 150g,"2,86","19,07",EUR,Y,true,,"Vlees, charcuterie, vis en veggie > Charcuterie",https://www.collectandgo.be/wcsstore/CollectAndGoSFAS/images/JPG/200x200/std.lang.all/05/03/asset-2500503.jpg,3074457345616777718
3981451,27647-P,BONI gv tonijnsalade 200g,BONI gv tonijnsalade 200g,"2,04","10,20",EUR,Y,true,,"Vlees, charcuterie, vis en veggie > Charcuterie",https://www.collectandgo.be/wcsstore/CollectAndGoSFAS/images/JPG/200x200/std.lang.all/36/45/asset-2723645.jpg,3074457345616750302
4278189,27053-P,BONI kippenvleesbrood 200g,BONI kippenvleesbrood 200g,"2,12","10,60",EUR,Y,true,,"Vlees, charcuterie, vis en veggie > Charcuterie",https://www.collectandgo.be/wcsstore/CollectAndGoSFAS/images/JPG/200x200/std.lang.all/35/02/asset-2173502.jpg,3074457345616704360
4763706,22536-P,BONI Mortadella Bologna 150g,BONI Mortadella Bologna 150g,"1,99","13,27",EUR,Y,true,,"Vlees, charcuterie, vis en veggie > Charcuterie",https://www.collectandgo.be/wcsstore/CollectAndGoSFAS/images/JPG/200x200/std.lang.all/12/78/asset-3421278.jpg,3074457345616824500
3518212,27146-P,BONI Rosette sneetjes 200g,BONI Rosette sneetjes 200g,"3,85","19,25",EUR,Y,true,,"Vlees, charcuterie, vis en veggie > Charcuterie",https://www.collectandgo.be/wcsstore/CollectAndGoSFAS/images/JPG/200x200/std.lang.all/86/38/asset-3128638.jpg,3074457345616749812
1383991,27959-P,BONI Pancetta 100g,BONI Pancetta 100g,"1,99","19,90",EUR,Y,true,,"Vlees, charcuterie, vis en veggie > Charcuterie",https://www.collectandgo.be/wcsstore/CollectAndGoSFAS/images/JPG/200x200/std.lang.all/78/82/asset-2107882.jpg,3074457345616686232
3519570,27231-P,BONI bacon sneetjes GV 200g,BONI bacon sneetjes GV 200g,"3,05","15,25",EUR,Y,true,,"Vlees, charcuterie, vis en veggie > Charcuterie",https://www.collectandgo.be/wcsstore/CollectAndGoSFAS/images/JPG/200x200/std.lang.all/59/43/asset-3635943.jpg,3074457345616749816
3100509,20234-P,BONI peterselieworst sneden 150g,BONI peterselieworst sneden 150g,"1,99","13,27",EUR,Y,true,,"Vlees, charcuterie, vis en veggie > Charcuterie",https://www.collectandgo.be/wcsstore/CollectAndGoSFAS/images/JPG/200x200/std.lang.all/97/59/asset-2919759.jpg,3074457345616707052
4841088,7798-P,BONI Chorizo Pikant 225g,BONI Chorizo Pikant 225g,"2,24","9,96",EUR,Y,true,,"Vlees, charcuterie, vis en veggie > Charcuterie",https://www.collectandgo.be/wcsstore/CollectAndGoSFAS/images/JPG/200x200/std.lang.all/73/37/asset-3717337.jpg,3074457345616840290
3266094,36560-P,BONI kipsalade andalouse 200g,BONI kipsalade andalouse 200g,"1,65","8,25",EUR,Y,true,,"Vlees, charcuterie, vis en veggie > Charcuterie",https://www.collectandgo.be/wcsstore/CollectAndGoSFAS/images/JPG/200x200/std.lang.all/17/03/asset-2881703.jpg,3074457345616750776
3518339,27230-P,BONI salami met look GV 200g,BONI salami met look GV 200g,"2,87","14,35",EUR,Y,true,,"Vlees, charcuterie, vis en veggie > Charcuterie",https://www.collectandgo.be/wcsstore/CollectAndGoSFAS/images/JPG/200x200/std.lang.all/36/20/asset-3123620.jpg,3074457345616749822
4613788,10262-P,EVERYDAY droge worsten 5st 5x55g,EVERYDAY droge worsten 5st 5x55g,"2,99","10,88",EUR,Y,true,,"Vlees, charcuterie, vis en veggie > Charcuterie",https://www.collectandgo.be/wcsstore/CollectAndGoSFAS/images/JPG/200x200/std.lang.all/26/06/asset-2952606.jpg,3074457345616798950
3266163,36575-P,BONI kipsalade Hawaï 200g,BONI kipsalade Hawaï 200g,"1,65","8,25",EUR,Y,true,,"Vlees, charcuterie, vis en veggie > Charcuterie",https://www.collectandgo.be/wcsstore/CollectAndGoSFAS/images/JPG/200x200/std.lang.all/96/61/asset-2459661.jpg,3074457345616750790
4611949,9306-P,BONI miniworstjes ±30st 180g,BONI miniworstjes ±30st 180g,"3,59","19,95",EUR,Y,true,,"Vlees, charcuterie, vis en veggie > Charcuterie",https://www.collectandgo.be/wcsstore/CollectAndGoSFAS/images/JPG/200x200/std.lang.all/27/91/asset-2892791.jpg,3074457345616798812
3266353,36580-P,BONI eiersalade 200g,BONI eiersalade 200g,"1,33","6,65",EUR,Y,true,,"Vlees, charcuterie, vis en veggie > Charcuterie",https://www.collectandgo.be/wcsstore/CollectAndGoSFAS/images/JPG/200x200/std.lang.all/18/78/asset-2481878.jpg,3074457345616750742
3935316,27608-P,BONI pikante tonijnsalade 200g,BONI pikante tonijnsalade 200g,"1,89","9,45",EUR,Y,true,,"Vlees, charcuterie, vis en veggie > Charcuterie",https://www.collectandgo.be/wcsstore/CollectAndGoSFAS/images/JPG/200x200/std.lang.all/16/32/asset-2881632.jpg,3074457345616732040
4710390,3091-P,BONI salami Milano GV 150g,BONI salami Milano GV 150g,"2,24","14,94",EUR,Y,true,,"Vlees, charcuterie, vis en veggie > Charcuterie",https://www.collectandgo.be/wcsstore/CollectAndGoSFAS/images/JPG/200x200/std.lang.all/26/23/asset-3222623.jpg,3074457345616812620
3539122,27063-P,BONI Serranoham Reserva 12m GV 200g,BONI Serranoham Reserva 12m GV 200g,"4,99","24,95",EUR,Y,true,,"Vlees, charcuterie, vis en veggie > Charcuterie",https://www.collectandgo.be/wcsstore/CollectAndGoSFAS/images/JPG/200x200/std.lang.all/35/58/asset-4093558.jpg,3074457345616749972
3521455,27417-P,BONI vleesbrood sneetjes 150g,BONI vleesbrood sneetjes 150g,"1,85","12,34",EUR,Y,true,,"Vlees, charcuterie, vis en veggie > Charcuterie",https://www.collectandgo.be/wcsstore/CollectAndGoSFAS/images/JPG/200x200/std.lang.all/93/95/asset-2509395.jpg,3074457345616714996
4042715,27772-P,BONI kipfilet bbq 150g,BONI kipfilet bbq 150g,"2,78","18,54",EUR,Y,true,,"Vlees, charcuterie, vis en veggie > Charcuterie",https://www.collectandgo.be/wcsstore/CollectAndGoSFAS/images/JPG/200x200/std.lang.all/28/28/asset-2122828.jpg,3074457345616742132
3832089,27159-P,BONI Bolzano salami 200g,BONI Bolzano salami 200g,"3,05","15,25",EUR,Y,true,,"Vlees, charcuterie, vis en veggie > Charcuterie",https://www.collectandgo.be/wcsstore/CollectAndGoSFAS/images/JPG/200x200/std.lang.all/86/46/asset-3128646.jpg,3074457345616730304
3980624,27418-P,BONI gv kipsalade 200g,BONI gv kipsalade 200g,"1,65","8,25",EUR,Y,true,,"Vlees, charcuterie, vis en veggie > Charcuterie",https://www.collectandgo.be/wcsstore/CollectAndGoSFAS/images/JPG/200x200/std.lang.all/36/75/asset-2723675.jpg,3074457345616741104
4841076,7645-P,BONI Chorizo Zacht 225g,BONI Chorizo Zacht 225g,"2,29","10,18",EUR,Y,true,,"Vlees, charcuterie, vis en veggie > Charcuterie",https://www.collectandgo.be/wcsstore/CollectAndGoSFAS/images/JPG/200x200/std.lang.all/63/57/asset-3716357.jpg,3074457345616840286
4791341,33504-P,BONI Vleesbrood Provençaals 150g,BONI Vleesbrood Provençaals 150g,"1,99","13,27",EUR,Y,true,,"Vlees, charcuterie, vis en veggie > Charcuterie",https://www.collectandgo.be/wcsstore/CollectAndGoSFAS/images/JPG/200x200/std.lang.all/80/19/asset-3548019.jpg,3074457345616828862
4112385,27555-P,BONI kippenreepjes 200g,BONI kippenreepjes 200g,"2,99","14,95",EUR,Y,true,,"Vlees, charcuterie, vis en veggie > Charcuterie",https://www.collectandgo.be/wcsstore/CollectAndGoSFAS/images/JPG/200x200/std.lang.all/64/66/asset-2976466.jpg,3074457345616750386
3266006,36492-P,BONI salade krab surimi 200g,BONI salade krab surimi 200g,"2,91","14,55",EUR,Y,true,,"Vlees, charcuterie, vis en veggie > Charcuterie",https://www.collectandgo.be/wcsstore/CollectAndGoSFAS/images/JPG/200x200/std.lang.all/82/58/asset-2428258.jpg,3074457345616750766
3386085,34028-P,BONI Parijse worst sneetjes 150g,BONI Parijse worst sneetjes 150g,"2,99","19,94",EUR,Y,true,,"Vlees, charcuterie, vis en veggie > Charcuterie",https://www.collectandgo.be/wcsstore/CollectAndGoSFAS/images/JPG/200x200/std.lang.all/96/07/asset-2139607.jpg,3074457345616711176
3520841,27413-P,BONI boerenpaté 200g,BONI boerenpaté 200g,"1,76","8,80",EUR,Y,true,,"Vlees, charcuterie, vis en veggie > Charcuterie",https://www.collectandgo.be/wcsstore/CollectAndGoSFAS/images/JPG/200x200/std.lang.all/42/39/asset-594239.jpg,3074457345616749984
3518180,27108-P,BONI gevogelteworst sneetjes 150g,BONI gevogelteworst sneetjes 150g,"1,49","9,94",EUR,Y,true,,"Vlees, charcuterie, vis en veggie > Charcuterie",https://www.collectandgo.be/wcsstore/CollectAndGoSFAS/images/JPG/200x200/std.lang.all/37/96/asset-3123796.jpg,3074457345616749808
3940924,27619-P,BONI tonijn cocktail 200g,BONI tonijn cocktail 200g,"1,89","9,45",EUR,Y,true,,"Vlees, charcuterie, vis en veggie > Charcuterie",https://www.collectandgo.be/wcsstore/CollectAndGoSFAS/images/JPG/200x200/std.lang.all/71/56/asset-2617156.jpg,3074457345616750268
4915004,11099-P,BONI Boerenring sneetjes 150g,BONI Boerenring sneetjes 150g,"2,49","16,60",EUR,Y,true,,"Vlees, charcuterie, vis en veggie > Charcuterie",https://www.collectandgo.be/wcsstore/CollectAndGoSFAS/images/JPG/200x200/std.lang.all/15/31/asset-3901531.jpg,3074457345616857162
4338625,27139-P,BONI strassbourg 200g,BONI strassbourg 200g,"2,30","11,50",EUR,Y,true,,"Vlees, charcuterie, vis en veggie > Charcuterie",https://www.collectandgo.be/wcsstore/CollectAndGoSFAS/images/JPG/200x200/std.lang.all/43/48/asset-2284348.jpg,3074457345616762172
3520652,27399-P,BONI salami fijnkost 300g,BONI salami fijnkost 300g,"4,58","15,27",EUR,Y,true,,"Vlees, charcuterie, vis en veggie > Charcuterie",https://www.collectandgo.be/wcsstore/CollectAndGoSFAS/images/JPG/200x200/std.lang.all/37/90/asset-3123790.jpg,3074457345616716852
4179690,27409-P,BONI kalfsworst 200g,BONI kalfsworst 200g,"2,65","13,25",EUR,Y,true,,"Vlees, charcuterie, vis en veggie > Charcuterie",https://www.collectandgo.be/wcsstore/CollectAndGoSFAS/images/JPG/200x200/std.lang.all/86/47/asset-3128647.jpg,3074457345616750480
3266801,36581-P,BONI pitasalade 200g,BONI pitasalade 200g,"2,95","14,75",EUR,Y,true,,"Vlees, charcuterie, vis en veggie > Charcuterie",https://www.collectandgo.be/wcsstore/CollectAndGoSFAS/images/JPG/200x200/std.lang.all/20/97/asset-2482097.jpg,3074457345616750750
4294997,27080-P,BONI pandaworst 100g,BONI pandaworst 100g,"1,89","18,90",EUR,Y,true,,"Vlees, charcuterie, vis en veggie > Charcuterie",https://www.collectandgo.be/wcsstore/CollectAndGoSFAS/images/JPG/200x200/std.lang.all/26/61/asset-3222661.jpg,3074457345616756490
3266009,36486-P,BONI groentesalade 200g,BONI groentesalade 200g,"2,12","10,59",EUR,Y,true,,"Vlees, charcuterie, vis en veggie > Charcuterie",https://www.collectandgo.be/wcsstore/CollectAndGoSFAS/images/JPG/200x200/std.lang.all/25/92/asset-2732592.jpg,3074457345616750772
3746082,27261-P,BONI peperfilet 150g,BONI peperfilet 150g,"3,70","24,64",EUR,Y,true,,"Vlees, charcuterie, vis en veggie > Charcuterie",https://www.collectandgo.be/wcsstore/CollectAndGoSFAS/images/JPG/200x200/std.lang.all/16/37/asset-3961637.jpg,3074457345616725158
2806661,17446-P,BONI paardenfilet sneetjes 150g,BONI paardenfilet sneetjes 150g,"4,43","29,54",EUR,Y,true,,"Vlees, charcuterie, vis en veggie > Charcuterie",https://www.collectandgo.be/wcsstore/CollectAndGoSFAS/images/JPG/200x200/std.lang.all/36/88/asset-3353688.jpg,3074457345616703090
3936838,27613-P,BONI San Daniel 90g,BONI San Daniel 90g,"3,29","36,56",EUR,Y,true,,"Vlees, charcuterie, vis en veggie > Charcuterie",https://www.collectandgo.be/wcsstore/CollectAndGoSFAS/images/JPG/200x200/std.lang.all/99/71/asset-1619971.jpg,3074457345616750276
4086184,7893-P,BONI mini salami gedroogd-gerookt 5x25g,BONI mini salami gedroogd-gerookt 5x25g,"2,39","19,12",EUR,Y,true,,"Vlees, charcuterie, vis en veggie > Charcuterie",https://www.collectandgo.be/wcsstore/CollectAndGoSFAS/images/JPG/200x200/std.lang.all/02/06/asset-3180206.jpg,3074457345616734710
3520497,27377-P,BONI Cobourg ham gerookt 225g,BONI Cobourg ham gerookt 225g,"3,14","13,96",EUR,Y,true,,"Vlees, charcuterie, vis en veggie > Charcuterie",https://www.collectandgo.be/wcsstore/CollectAndGoSFAS/images/JPG/200x200/std.lang.all/86/43/asset-3128643.jpg,3074457345616714860
3519741,27367-P,BONI kalfskop sneden gv 250g,BONI kalfskop sneden gv 250g,"3,44","13,76",EUR,Y,true,,"Vlees, charcuterie, vis en veggie > Charcuterie",https://www.collectandgo.be/wcsstore/CollectAndGoSFAS/images/JPG/200x200/std.lang.all/86/42/asset-3128642.jpg,3074457345616719238
3304577,26640-P,BONI filet d'Anvers 150g,BONI filet d'Anvers 150g,"3,98","26,54",EUR,Y,true,,"Vlees, charcuterie, vis en veggie > Charcuterie",https://www.collectandgo.be/wcsstore/CollectAndGoSFAS/images/JPG/200x200/std.lang.all/27/64/asset-3362764.jpg,3074457345616709592
4924648,21608-P,BONI Vleessalade zonder gluten 400g,BONI Vleessalade zonder gluten 400g,"3,84","9,60",EUR,Y,true,,"Vlees, charcuterie, vis en veggie > Charcuterie",https://www.collectandgo.be/wcsstore/CollectAndGoSFAS/images/JPG/200x200/std.lang.all/62/11/asset-3956211.jpg,3074457345616859766
3266168,36577-P,BONI kipsalade Mexicana 200g,BONI kipsalade Mexicana 200g,"1,99","9,95",EUR,Y,true,,"Vlees, charcuterie, vis en veggie > Charcuterie",https://www.collectandgo.be/wcsstore/CollectAndGoSFAS/images/JPG/200x200/std.lang.all/93/41/asset-2459341.jpg,3074457345616750792
4248253,27084-P,BONI porchetta bbq kruiden 150g,BONI porchetta bbq kruiden 150g,"2,75","18,34",EUR,Y,true,,"Vlees, charcuterie, vis en veggie > Charcuterie",https://www.collectandgo.be/wcsstore/CollectAndGoSFAS/images/JPG/200x200/std.lang.all/78/88/asset-2107888.jpg,3074457345616750576
3981454,27656-P,BONI gv scampi dille 160g,BONI gv scampi dille 160g,"3,19","19,94",EUR,Y,true,,"Vlees, charcuterie, vis en veggie > Charcuterie",https://www.collectandgo.be/wcsstore/CollectAndGoSFAS/images/JPG/200x200/std.lang.all/19/21/asset-2461921.jpg,3074457345616750304
3673472,27239-P,BONI paté groene peper 150g,BONI paté groene peper 150g,"1,69","11,27",EUR,Y,true,,"Vlees, charcuterie, vis en veggie > Charcuterie",https://www.collectandgo.be/wcsstore/CollectAndGoSFAS/images/JPG/200x200/std.lang.all/27/65/asset-3362765.jpg,3074457345616750108
2738638,41379-P,BONI Ardense filet 200g,BONI Ardense filet 200g,"4,92","24,60",EUR,Y,true,,"Vlees, charcuterie, vis en veggie > Charcuterie",https://www.collectandgo.be/wcsstore/CollectAndGoSFAS/images/JPG/200x200/std.lang.all/98/47/asset-3969847.jpg,3074457345616697906
3147776,44118-P,BONI bâton walnoten 250g,BONI bâton walnoten 250g,"5,99","23,96",EUR,Y,true,,"Vlees, charcuterie, vis en veggie > Charcuterie",https://www.collectandgo.be/wcsstore/CollectAndGoSFAS/images/JPG/200x200/std.lang.all/99/66/asset-569966.jpg,3074457345616707452
4920253,17585-P,BONI Kip curry 400g,BONI Kip curry 400g,"4,38","10,95",EUR,Y,true,,"Vlees, charcuterie, vis en veggie > Charcuterie",https://www.collectandgo.be/wcsstore/CollectAndGoSFAS/images/JPG/200x200/std.lang.all/25/11/asset-3932511.jpg,3074457345616858888
3518318,27226-P,BONI Ardeense worst sneetjes 150g,BONI Ardeense worst sneetjes 150g,"3,19","21,27",EUR,Y,true,,"Vlees, charcuterie, vis en veggie > Charcuterie",https://www.collectandgo.be/wcsstore/CollectAndGoSFAS/images/JPG/200x200/std.lang.all/86/39/asset-3128639.jpg,3074457345616749820
3520858,27414-P,BONI crèmepaté GV 200g,BONI crèmepaté GV 200g,"1,99","9,95",EUR,Y,true,,"Vlees, charcuterie, vis en veggie > Charcuterie",https://www.collectandgo.be/wcsstore/CollectAndGoSFAS/images/JPG/200x200/std.lang.all/27/87/asset-3362787.jpg,3074457345616749986
2522802,15477-P,BONI salamiblokjes zonderlook 200g,BONI salamiblokjes zonderlook 200g,"3,20","16,00",EUR,Y,true,,"Vlees, charcuterie, vis en veggie > Charcuterie",https://www.collectandgo.be/wcsstore/CollectAndGoSFAS/images/JPG/200x200/std.lang.all/84/05/asset-3808405.jpg,3074457345616695496
3520590,27392-P,BONI Pavé groene peper 200g,BONI Pavé groene peper 200g,"3,98","19,90",EUR,Y,true,,"Vlees, charcuterie, vis en veggie > Charcuterie",https://www.collectandgo.be/wcsstore/CollectAndGoSFAS/images/JPG/200x200/std.lang.all/86/44/asset-3128644.jpg,3074457345616749868
3587942,27401-P,BONI varkensgebraad sneetjes 200g,BONI varkensgebraad sneetjes 200g,"3,70","18,50",EUR,Y,true,,"Vlees, charcuterie, vis en veggie > Charcuterie",https://www.collectandgo.be/wcsstore/CollectAndGoSFAS/images/JPG/200x200/std.lang.all/93/38/asset-2509338.jpg,3074457345616720706
3276663,2852-P,BONI aardappelsalade 500g,BONI aardappelsalade 500g,"2,49","4,98",EUR,Y,true,,"Vlees, charcuterie, vis en veggie > Charcuterie",https://www.collectandgo.be/wcsstore/CollectAndGoSFAS/images/JPG/200x200/std.lang.all/73/97/asset-3927397.jpg,3074457345616707918
3270022,44346-P,BONI salade gerookte zalm 160g,BONI salade gerookte zalm 160g,"3,62","22,63",EUR,Y,true,,"Vlees, charcuterie, vis en veggie > Charcuterie",https://www.collectandgo.be/wcsstore/CollectAndGoSFAS/images/JPG/200x200/std.lang.all/68/92/asset-2706892.jpg,3074457345616712914
3125654,5247-P,BONI kleine Rosette 300g,BONI kleine Rosette 300g,"4,95","16,50",EUR,Y,true,,"Vlees, charcuterie, vis en veggie > Charcuterie",https://www.collectandgo.be/wcsstore/CollectAndGoSFAS/images/JPG/200x200/std.lang.all/99/65/asset-569965.jpg,3074457345616706340
4712369,21654-P,BONI Bresaola 70g,BONI Bresaola 70g,"4,63","66,15",EUR,Y,true,,"Vlees, charcuterie, vis en veggie > Charcuterie",https://www.collectandgo.be/wcsstore/CollectAndGoSFAS/images/JPG/200x200/std.lang.all/29/56/asset-3362956.jpg,3074457345616812922
3550509,27260-P,BONI salami met truffel 70g,BONI salami met truffel 70g,"3,05","43,58",EUR,Y,true,,"Vlees, charcuterie, vis en veggie > Charcuterie",https://www.collectandgo.be/wcsstore/CollectAndGoSFAS/images/JPG/200x200/std.lang.all/07/33/asset-3330733.jpg,3074457345616720512
4949296,40949-P,BONI hespenworst bieslook 150g,BONI hespenworst bieslook 150g,"1,99","13,27",EUR,Y,true,,"Vlees, charcuterie, vis en veggie > Charcuterie",https://www.collectandgo.be/wcsstore/CollectAndGoSFAS/images/JPG/200x200/std.lang.all/82/66/asset-4068266.jpg,3074457345616872016
3234036,19229-P,BONI Franse charcuterie 160g,BONI Franse charcuterie 160g,"4,59","28,69",EUR,Y,true,,"Vlees, charcuterie, vis en veggie > Charcuterie",https://www.collectandgo.be/wcsstore/CollectAndGoSFAS/images/JPG/200x200/std.lang.all/29/53/asset-3362953.jpg,3074457345616705398
4784625,33144-P,Boni Selection Salami Venkel | Sneetjes 70g,BONI Salami Venkel 70g,"2,99","42,72",EUR,Y,true,,"Vlees, charcuterie, vis en veggie > Charcuterie",https://www.collectandgo.be/wcsstore/CollectAndGoSFAS/images/JPG/200x200/std.lang.all/45/98/asset-3484598.jpg,3074457345616827166
4889515,39491-P,BONI crèmepaté met appel 150g,BONI crèmepaté met appel 150g,"1,99","13,27",EUR,Y,true,,"Vlees, charcuterie, vis en veggie > Charcuterie",https://www.collectandgo.be/wcsstore/CollectAndGoSFAS/images/JPG/200x200/std.lang.all/84/51/asset-3828451.jpg,3074457345616849266
3266814,36547-P,BONI Noordzeesalade 160g,BONI Noordzeesalade 160g,"3,80","23,75",EUR,Y,true,,"Vlees, charcuterie, vis en veggie > Charcuterie",https://www.collectandgo.be/wcsstore/CollectAndGoSFAS/images/JPG/200x200/std.lang.all/71/51/asset-2617151.jpg,3074457345616750752
3280853,31919-P,BONI kip-kap sneetjes 200g,BONI kip-kap sneetjes 200g,"2,50","12,50",EUR,Y,true,,"Vlees, charcuterie, vis en veggie > Charcuterie",https://www.collectandgo.be/wcsstore/CollectAndGoSFAS/images/JPG/200x200/std.lang.all/37/28/asset-3353728.jpg,3074457345616709456
1771947,33808-P,BONI BIO kipfilet 100g,BONI BIO kipfilet 100g,"3,09","30,90",EUR,Y,true,,"Vlees, charcuterie, vis en veggie > Charcuterie",https://www.collectandgo.be/wcsstore/CollectAndGoSFAS/images/JPG/200x200/std.lang.all/08/56/asset-2130856.jpg,3074457345616687294
2897060,32972-P,BONI salami zonder look 450g,BONI salami zonder look 450g,"6,10","13,56",EUR,Y,true,,"Vlees, charcuterie, vis en veggie > Charcuterie",https://www.collectandgo.be/wcsstore/CollectAndGoSFAS/images/JPG/200x200/std.lang.all/26/00/asset-552600.jpg,3074457345616702848
4947411,40478-P,BONI tonijnsalade perzik 160g,BONI tonijnsalade perzik 160g,"1,99","12,44",EUR,Y,true,,"Vlees, charcuterie, vis en veggie > Charcuterie",https://www.collectandgo.be/wcsstore/CollectAndGoSFAS/images/JPG/200x200/std.lang.all/46/50/asset-4074650.jpg,3074457345616870820
4947392,40467-P,BONI kipsalade zwarte peper 160g,BONI kipsalade zwarte peper 160g,"1,99","12,44",EUR,Y,true,,"Vlees, charcuterie, vis en veggie > Charcuterie",https://www.collectandgo.be/wcsstore/CollectAndGoSFAS/images/JPG/200x200/std.lang.all/02/89/asset-4070289.jpg,3074457345616870808
2841314,32736-P,BONI salami zonder look 1kg,BONI salami zonder look 1kg,"11,99","11,99",EUR,Y,true,,"Vlees, charcuterie, vis en veggie > Charcuterie",https://www.collectandgo.be/wcsstore/CollectAndGoSFAS/images/JPG/200x200/std.lang.all/58/40/asset-3545840.jpg,3074457345616702284
3325853,4921-P,MAYA gevogelteworst sneetjes 100g,MAYA gevogelteworst sneetjes 100g,"2,45","24,50",EUR,Y,true,,"Vlees, charcuterie, vis en veggie > Charcuterie",https://www.collectandgo.be/wcsstore/CollectAndGoSFAS/images/JPG/200x200/std.lang.all/94/65/asset-699465.jpg,3074457345616708022
3014248,4365-P,PLOP gevogelteworst sneetjes 100g,PLOP gevogelteworst sneetjes 100g,"2,69","26,90",EUR,Y,true,,"Vlees, charcuterie, vis en veggie > Charcuterie",https://www.collectandgo.be/wcsstore/CollectAndGoSFAS/images/JPG/200x200/std.lang.all/03/27/asset-370327.jpg,3074457345616700038
2977431,3027-P,MAYA DE BIJ gevogelte worst 2x50g,MAYA DE BIJ gevogelte worst 2x50g,"2,49","24,90",EUR,Y,true,,"Vlees, charcuterie, vis en veggie > Charcuterie",https://www.collectandgo.be/wcsstore/CollectAndGoSFAS/images/JPG/200x200/std.lang.all/15/00/asset-381500.jpg,3074457345616701820
3159795,41217-P,GANDA natuurl.gedroogde ham gv sn. 120g,GANDA natuurl.gedroogde ham gv sn. 120g,"7,09","59,09",EUR,Y,true,,"Vlees, charcuterie, vis en veggie > Charcuterie",https://www.collectandgo.be/wcsstore/CollectAndGoSFAS/images/JPG/200x200/std.lang.all/97/10/asset-3499710.jpg,3074457345616710382
1547469,7824-P,GANDA gedr.ham bio gv 80g,GANDA gedr.ham bio gv 80g,"7,75","96,88",EUR,Y,true,,"Vlees, charcuterie, vis en veggie > Charcuterie",https://www.collectandgo.be/wcsstore/CollectAndGoSFAS/images/JPG/200x200/std.lang.all/94/14/asset-3429414.jpg,3074457345616689598
4856097,19647-P,BERETTA Mortad. IGP Pistach. 120g,BERETTA Mortad. IGP Pistach. 120g,"2,29","19,09",EUR,Y,true,,"Vlees, charcuterie, vis en veggie > Charcuterie",https://www.collectandgo.be/wcsstore/CollectAndGoSFAS/images/JPG/200x200/std.lang.all/85/35/asset-3688535.jpg,3074457345616843134
3952076,1893-P,MARHABA kipballetjes Halal 250g,MARHABA kipballetjes Halal 250g,"3,73","14,92",EUR,Y,true,,"Vlees, charcuterie, vis en veggie > Charcuterie",https://www.collectandgo.be/wcsstore/CollectAndGoSFAS/images/JPG/200x200/std.lang.all/33/94/asset-1793394.jpg,3074457345616732736
2778631,32271-P,MARHABA bacon kalkoen Halal 80g,MARHABA bacon kalkoen Halal 80g,"2,69","33,63",EUR,Y,true,,"Vlees, charcuterie, vis en veggie > Charcuterie",https://www.collectandgo.be/wcsstore/CollectAndGoSFAS/images/JPG/200x200/std.lang.all/77/65/asset-3587765.jpg,3074457345616697950
3287086,40453-P,MARHABA kipfilet sneetjes Halal 100g,MARHABA kipfilet sneetjes Halal 100g,"2,89","28,90",EUR,Y,true,,"Vlees, charcuterie, vis en veggie > Charcuterie",https://www.collectandgo.be/wcsstore/CollectAndGoSFAS/images/JPG/200x200/std.lang.all/04/32/asset-1450432.jpg,3074457345616707632
2471198,37400-P,MARHABA kalkoenrollade Halal 100g,MARHABA kalkoenrollade Halal 100g,"2,41","24,10",EUR,Y,true,,"Vlees, charcuterie, vis en veggie > Charcuterie",https://www.collectandgo.be/wcsstore/CollectAndGoSFAS/images/JPG/200x200/std.lang.all/77/64/asset-3587764.jpg,3074457345616694890
4823218,5664-P,ISLA DÉLICE Kipfilet Gebr.Oven 4sn. 120g,ISLA DÉLICE Kipfilet Gebr.Oven 4sn. 120g,"2,63","21,92",EUR,Y,true,,"Vlees, charcuterie, vis en veggie > Charcuterie",https://www.collectandgo.be/wcsstore/CollectAndGoSFAS/images/JPG/200x200/std.lang.all/52/01/asset-3545201.jpg,3074457345616835972
4754264,2121-P,SANSÉ tonijnsalade MSC 120g,SANSÉ tonijnsalade MSC 120g,"2,49","20,75",EUR,Y,true,,"Vlees, charcuterie, vis en veggie > Charcuterie",,3074457345616821946
4886941,39279-P,SANSÉ Kip Curry salade Bio 120g,SANSÉ Kip Curry salade Bio 120g,"2,49","20,75",EUR,Y,true,,"Vlees, charcuterie, vis en veggie > Charcuterie",https://www.collectandgo.be/wcsstore/CollectAndGoSFAS/images/JPG/200x200/std.lang.all/98/31/asset-3789831.jpg,3074457345616848548
3948261,1759-P,HERTA Superieur ham natuur 3 sn. 100g,HERTA Superieur ham natuur 3 sn. 100g,"2,59","25,90",EUR,Y,true,,"Vlees, charcuterie, vis en veggie > Charcuterie",https://www.collectandgo.be/wcsstore/CollectAndGoSFAS/images/JPG/200x200/std.lang.all/53/93/asset-2095393.jpg,3074457345616735652
1228438,27032-P,ELPOZO Fuetec 170g,ELPOZO Fuetec 170g,"3,28","19,30",EUR,Y,true,,"Vlees, charcuterie, vis en veggie > Charcuterie",https://www.collectandgo.be/wcsstore/CollectAndGoSFAS/images/JPG/200x200/std.lang.all/06/71/asset-3330671.jpg,3074457345616744768
4280979,27055-P,BONI CHIFFONADE KIPFILET 110g,BONI CHIFFONADE KIPFILET 110g,"2,63","23,91",EUR,Y,true,,"Vlees, charcuterie, vis en veggie > Charcuterie",https://www.collectandgo.be/wcsstore/CollectAndGoSFAS/images/JPG/200x200/std.lang.all/91/02/asset-2199102.jpg,3074457345616687950
1408642,27622-P,CHATAR worst gekookt 3x280g,CHATAR worst gekookt 3x280g,"2,79","3,33",EUR,Y,true,,"Vlees, charcuterie, vis en veggie > Charcuterie",https://www.collectandgo.be/wcsstore/CollectAndGoSFAS/images/JPG/200x200/std.lang.all/40/82/asset-3674082.jpg,3074457345616683590
3281592,31734-P,HERTA Superieur ham natuur sn. 340g,HERTA Superieur ham natuur sn. 340g,"6,59","19,39",EUR,Y,true,,"Vlees, charcuterie, vis en veggie > Charcuterie",https://www.collectandgo.be/wcsstore/CollectAndGoSFAS/images/JPG/200x200/std.lang.all/89/43/asset-2018943.jpg,3074457345616707586
3310747,31533-P,HERTA Authentique ham natuur sn. 200g,HERTA Authentique ham natuur sn. 200g,"4,99","24,95",EUR,Y,true,,"Vlees, charcuterie, vis en veggie > Charcuterie",https://www.collectandgo.be/wcsstore/CollectAndGoSFAS/images/JPG/200x200/std.lang.all/70/63/asset-2007063.jpg,3074457345616708208
1800015,34155-P,ZANDVLIET lunchworst GV 350g,ZANDVLIET lunchworst GV 350g,"3,62","10,35",EUR,Y,true,,"Vlees, charcuterie, vis en veggie > Charcuterie",https://www.collectandgo.be/wcsstore/CollectAndGoSFAS/images/JPG/200x200/std.lang.all/55/59/asset-3315559.jpg,3074457345616692140
4695811,29254-P,BONI grill 150g,BONI grill 150g,"3,07","20,47",EUR,Y,true,,"Vlees, charcuterie, vis en veggie > Charcuterie",https://www.collectandgo.be/wcsstore/CollectAndGoSFAS/images/JPG/200x200/std.lang.all/69/69/asset-3286969.jpg,3074457345616809708
4276000,27043-P,BONI CHIFFONADE ROSETTE 110g,BONI CHIFFONADE ROSETTE 110g,"2,98","27,10",EUR,Y,true,,"Vlees, charcuterie, vis en veggie > Charcuterie",https://www.collectandgo.be/wcsstore/CollectAndGoSFAS/images/JPG/200x200/std.lang.all/90/98/asset-2199098.jpg,3074457345616712158
4721456,15798-P,HERTA beenham 4st,HERTA beenham 4st,"3,89","25,94",EUR,Y,true,,"Vlees, charcuterie, vis en veggie > Charcuterie",https://www.collectandgo.be/wcsstore/CollectAndGoSFAS/images/JPG/200x200/std.lang.all/63/35/asset-3196335.jpg,3074457345616815498
2478595,38447-P,BONI Antipasto Italiano 150g,BONI Antipasto Italiano 150g,"4,99","33,27",EUR,Y,true,,"Vlees, charcuterie, vis en veggie > Charcuterie",https://www.collectandgo.be/wcsstore/CollectAndGoSFAS/images/JPG/200x200/std.lang.all/82/46/asset-4098246.jpg,3074457345616699696
3088495,27191-P,salami boerke 400g,salami boerke 400g,"6,51","16,28",EUR,Y,true,,"Vlees, charcuterie, vis en veggie > Charcuterie",https://www.collectandgo.be/wcsstore/CollectAndGoSFAS/images/JPG/200x200/std.lang.all/51/86/asset-3905186.jpg,3074457345616700490
4939589,39450-P,BONI salami met zwarte peper 150g,BONI salami met zwarte peper 150g,"3,49","23,27",EUR,Y,true,,"Vlees, charcuterie, vis en veggie > Charcuterie",https://www.collectandgo.be/wcsstore/CollectAndGoSFAS/images/JPG/200x200/std.lang.all/52/15/asset-4065215.jpg,3074457345616868260
4164077,9733-P,Espana Ham Bodega 100g,ESPANA Bodega ham 100g,"3,13","31,30",EUR,Y,true,,"Vlees, charcuterie, vis en veggie > Charcuterie",https://www.collectandgo.be/wcsstore/CollectAndGoSFAS/images/JPG/200x200/std.lang.all/70/42/asset-2427042.jpg,3074457345616731784
2402084,19239-P,MARHABA cocktailworstjes Halal 400g,MARHABA cocktailworstjes Halal 400g,"4,39","10,98",EUR,Y,true,,"Vlees, charcuterie, vis en veggie > Charcuterie",https://www.collectandgo.be/wcsstore/CollectAndGoSFAS/images/JPG/200x200/std.lang.all/77/63/asset-3587763.jpg,3074457345616696280
2402072,19164-P,MARHABA pepersalami Halal 100g,MARHABA pepersalami Halal 100g,"2,79","27,90",EUR,Y,true,,"Vlees, charcuterie, vis en veggie > Charcuterie",https://www.collectandgo.be/wcsstore/CollectAndGoSFAS/images/JPG/200x200/std.lang.all/77/62/asset-3587762.jpg,3074457345616696278
1913558,27626-P,CHATAR worst gekookt 3x250g,CHATAR worst gekookt 3x250g,"2,97","3,96",EUR,Y,true,,"Vlees, charcuterie, vis en veggie > Charcuterie",https://www.collectandgo.be/wcsstore/CollectAndGoSFAS/images/JPG/200x200/std.lang.all/63/67/asset-396367.jpg,3074457345616686824
4689641,30689-P,BONI apero witte pens 150g,BONI apero witte pens 150g,"3,07","20,47",EUR,Y,true,,"Vlees, charcuterie, vis en veggie > Charcuterie",https://www.collectandgo.be/wcsstore/CollectAndGoSFAS/images/JPG/200x200/std.lang.all/44/42/asset-3454442.jpg,3074457345616809228
4807731,18478-P,SAINT AGAÛNE Droge Worst La Fine 160g,SAINT AGAÛNE Droge Worst La Fine 160g,"4,99","31,19",EUR,Y,true,,"Vlees, charcuterie, vis en veggie > Charcuterie",https://www.collectandgo.be/wcsstore/CollectAndGoSFAS/images/JPG/200x200/std.lang.all/00/53/asset-3970053.jpg,3074457345616833798
4300182,23559-P,MARHABA Rundvlees salami en kalkoen 100g,MARHABA Rundvlees salami en kalkoen 100g,"2,69","26,90",EUR,Y,true,,"Vlees, charcuterie, vis en veggie > Charcuterie",https://www.collectandgo.be/wcsstore/CollectAndGoSFAS/images/JPG/200x200/std.lang.all/77/82/asset-3587782.jpg,3074457345616757388
4275956,27028-P,BONI CHIFFONADE COPPA 110g,BONI CHIFFONADE COPPA 110g,"3,59","32,64",EUR,Y,true,,"Vlees, charcuterie, vis en veggie > Charcuterie",https://www.collectandgo.be/wcsstore/CollectAndGoSFAS/images/JPG/200x200/std.lang.all/15/33/asset-3021533.jpg,3074457345616752702
4236526,18635-P,JUSTIN BRIDOU bâton de berger 250g,JUSTIN BRIDOU bâton de berger 250g,"6,99","27,96",EUR,Y,true,,"Vlees, charcuterie, vis en veggie > Charcuterie",https://www.collectandgo.be/wcsstore/CollectAndGoSFAS/images/JPG/200x200/std.lang.all/87/99/asset-3208799.jpg,3074457345616749598
2402037,19087-P,MARHABA boterhamworst gevogelte 200g,MARHABA boterhamworst gevogelte 200g,"2,30","11,50",EUR,Y,true,,"Vlees, charcuterie, vis en veggie > Charcuterie",https://www.collectandgo.be/wcsstore/CollectAndGoSFAS/images/JPG/200x200/std.lang.all/77/60/asset-3587760.jpg,3074457345616696268
4956817,12938-P,HERTA Ham -25% zout 4sn 133g,HERTA Ham -25% zout 4sn 133g,"4,19","31,51",EUR,Y,true,,"Vlees, charcuterie, vis en veggie > Charcuterie",https://www.collectandgo.be/wcsstore/CollectAndGoSFAS/images/JPG/200x200/std.lang.all/24/28/asset-4082428.jpg,3074457345616874398
4344435,17685-P,ISLA DÉLICE gerookte kip spekjes 2x100g,ISLA DÉLICE gerookte kip spekjes 2x100g,"3,99","19,95",EUR,Y,true,,"Vlees, charcuterie, vis en veggie > Charcuterie",https://www.collectandgo.be/wcsstore/CollectAndGoSFAS/images/JPG/200x200/std.lang.all/00/53/asset-3150053.jpg,3074457345616764170
4660304,29820-P,LA VIEILLE ABBAYE rookworst 225g,LA VIEILLE ABBAYE rookworst 225g,"4,55","20,23",EUR,Y,true,,"Vlees, charcuterie, vis en veggie > Charcuterie",https://www.collectandgo.be/wcsstore/CollectAndGoSFAS/images/JPG/200x200/std.lang.all/29/66/asset-3042966.jpg,3074457345616804966
4904438,29479-P,BERETTA Selezione di Salami Zomer 120g,BERETTA Selezione di Salami Zomer 120g,"2,99","24,92",EUR,Y,true,,"Vlees, charcuterie, vis en veggie > Charcuterie",https://www.collectandgo.be/wcsstore/CollectAndGoSFAS/images/JPG/200x200/std.lang.all/67/34/asset-3846734.jpg,3074457345616853462
1015133,27422-P,boulogneworst 250g,boulogneworst 250g,"8,39","33,56",EUR,Y,true,,"Vlees, charcuterie, vis en veggie > Charcuterie",https://www.collectandgo.be/wcsstore/CollectAndGoSFAS/images/JPG/200x200/std.lang.all/27/91/asset-1252791.jpg,3074457345616681258
4195738,15508-P,"Ardense nootham gero.STH ±1,2kg","Ardense nootham gero.STH ±1,2kg","16,24","16,24",EUR,Y,true,,"Vlees, charcuterie, vis en veggie > Charcuterie",https://www.collectandgo.be/wcsstore/CollectAndGoSFAS/images/JPG/200x200/std.lang.all/58/70/asset-2075870.jpg,3074457345616746724
4211183,16260-P,BOMA worst 30g,BOMA worst 30g,"0,99","33,00",EUR,Y,true,,"Vlees, charcuterie, vis en veggie > Charcuterie",https://www.collectandgo.be/wcsstore/CollectAndGoSFAS/images/JPG/200x200/std.lang.all/95/55/asset-1959555.jpg,3074457345616747780
1979428,35663-P,MAISTRES OCCITANS eend.borstfil.ger. 80g,MAISTRES OCCITANS eend.borstfil.ger. 80g,"4,99","62,38",EUR,Y,true,,"Vlees, charcuterie, vis en veggie > Charcuterie",https://www.collectandgo.be/wcsstore/CollectAndGoSFAS/images/JPG/200x200/std.lang.all/07/65/asset-360765.jpg,3074457345616690036
4344397,17618-P,ISLA DÉLICE Original 350g,ISLA DÉLICE Original 350g,"3,49","9,98",EUR,Y,true,,"Vlees, charcuterie, vis en veggie > Charcuterie",https://www.collectandgo.be/wcsstore/CollectAndGoSFAS/images/JPG/200x200/std.lang.all/00/88/asset-3150088.jpg,3074457345616764168
4223205,17962-P,PLEIN JOUR Coppa d'Ajaccio Bio 70g,PLEIN JOUR Coppa d'Ajaccio Bio 70g,"4,99","71,29",EUR,Y,true,,"Vlees, charcuterie, vis en veggie > Charcuterie",https://www.collectandgo.be/wcsstore/CollectAndGoSFAS/images/JPG/200x200/std.lang.all/52/91/asset-2045291.jpg,3074457345616749112
4956820,13187-P,HERTA Ham ontvet gegrild 5sneetjes 100g,HERTA Ham ontvet gegrild 5sneetjes 100g,"3,69","36,90",EUR,Y,true,,"Vlees, charcuterie, vis en veggie > Charcuterie",https://www.collectandgo.be/wcsstore/CollectAndGoSFAS/images/JPG/200x200/std.lang.all/74/98/asset-4087498.jpg,3074457345616874400
4225643,18253-P,boerenham gerookt Bio 80g,boerenham gerookt Bio 80g,"4,39","54,88",EUR,Y,true,,"Vlees, charcuterie, vis en veggie > Charcuterie",https://www.collectandgo.be/wcsstore/CollectAndGoSFAS/images/JPG/200x200/std.lang.all/61/98/asset-3256198.jpg,3074457345616713606
4575536,28761-P,PLEIN JOUR saucisson rosette Bio 70g,PLEIN JOUR saucisson rosette Bio 70g,"4,09","58,43",EUR,Y,true,,"Vlees, charcuterie, vis en veggie > Charcuterie",https://www.collectandgo.be/wcsstore/CollectAndGoSFAS/images/JPG/200x200/std.lang.all/12/92/asset-2781292.jpg,3074457345616795460
2497840,8111-P,EVERYDAY kipfilet sneetjes 200g,EVERYDAY kipfilet sneetjes 200g,"1,45","7,25",EUR,Y,true,,"Vlees, charcuterie, vis en veggie > Charcuterie",https://www.collectandgo.be/wcsstore/CollectAndGoSFAS/images/JPG/200x200/std.lang.all/95/44/asset-349544.jpg,3074457345616693422
2824422,26499-P,EVERYDAY salami z.look sneetjes 225g,EVERYDAY salami z.look sneetjes 225g,"1,50","6,67",EUR,Y,true,,"Vlees, charcuterie, vis en veggie > Charcuterie",https://www.collectandgo.be/wcsstore/CollectAndGoSFAS/images/JPG/200x200/std.lang.all/73/27/asset-3747327.jpg,3074457345616698156
4067768,27301-P,EVERYDAY surimisalade 250g,EVERYDAY surimisalade 250g,"1,13","4,52",EUR,Y,true,,"Vlees, charcuterie, vis en veggie > Charcuterie",https://www.collectandgo.be/wcsstore/CollectAndGoSFAS/images/JPG/200x200/std.lang.all/73/21/asset-3747321.jpg,3074457345616734976
3519678,27271-P,EVERYDAY hespenworst sneetjes 200g,EVERYDAY hespenworst sneetjes 200g,"1,17","5,85",EUR,Y,true,,"Vlees, charcuterie, vis en veggie > Charcuterie",https://www.collectandgo.be/wcsstore/CollectAndGoSFAS/images/JPG/200x200/std.lang.all/67/21/asset-3946721.jpg,3074457345616749850
3856870,27571-P,EVERYDAY kip curry salade 250g,EVERYDAY kip curry salade 250g,"1,31","5,24",EUR,Y,true,,"Vlees, charcuterie, vis en veggie > Charcuterie",https://www.collectandgo.be/wcsstore/CollectAndGoSFAS/images/JPG/200x200/std.lang.all/82/66/asset-2428266.jpg,3074457345616750226
4235082,27172-P,EVERYDAY Vleessalade 250g,EVERYDAY Vleessalade 250g,"1,29","5,16",EUR,Y,true,,"Vlees, charcuterie, vis en veggie > Charcuterie",https://www.collectandgo.be/wcsstore/CollectAndGoSFAS/images/JPG/200x200/std.lang.all/10/24/asset-2451024.jpg,3074457345616679494
3994070,27667-P,EVERYDAY salami zonder look 400g,EVERYDAY salami zonder look 400g,"3,65","9,13",EUR,Y,true,,"Vlees, charcuterie, vis en veggie > Charcuterie",https://www.collectandgo.be/wcsstore/CollectAndGoSFAS/images/JPG/200x200/std.lang.all/14/35/asset-1921435.jpg,3074457345616736810
2824416,26558-P,EVERYDAY salami met look sneetjes 225g,EVERYDAY salami met look sneetjes 225g,"1,73","7,69",EUR,Y,true,,"Vlees, charcuterie, vis en veggie > Charcuterie",https://www.collectandgo.be/wcsstore/CollectAndGoSFAS/images/JPG/200x200/std.lang.all/03/72/asset-610372.jpg,3074457345616698154
4297075,27083-P,EVERYDAY TONIJNSALADE 250g,EVERYDAY TONIJNSALADE 250g,"1,33","5,32",EUR,Y,true,,"Vlees, charcuterie, vis en veggie > Charcuterie",https://www.collectandgo.be/wcsstore/CollectAndGoSFAS/images/JPG/200x200/std.lang.all/83/10/asset-2428310.jpg,3074457345616756780
4190268,27580-P,EVERYDAY CREMEPATE 170g,EVERYDAY CREMEPATE 170g,"1,49","8,77",EUR,Y,true,,"Vlees, charcuterie, vis en veggie > Charcuterie",https://www.collectandgo.be/wcsstore/CollectAndGoSFAS/images/JPG/200x200/std.lang.all/35/89/asset-2003589.jpg,3074457345616745270
4189227,14479-P,EVERYDAY pepersalami sneetjes 200g,EVERYDAY pepersalami sneetjes 200g,"3,05","15,25",EUR,Y,true,,"Vlees, charcuterie, vis en veggie > Charcuterie",https://www.collectandgo.be/wcsstore/CollectAndGoSFAS/images/JPG/200x200/std.lang.all/96/35/asset-1959635.jpg,3074457345616745274
4172149,27210-P,EVERYDAY cervela 3st 450g,EVERYDAY cervela 3st 450g,"2,39","5,32",EUR,Y,true,,"Vlees, charcuterie, vis en veggie > Charcuterie",https://www.collectandgo.be/wcsstore/CollectAndGoSFAS/images/JPG/200x200/std.lang.all/61/48/asset-2296148.jpg,3074457345616736208
27180,27180-P,EVERYDAY hespenworst 400g,EVERYDAY hespenworst 400g,"2,39","5,98",EUR,Y,true,,"Vlees, charcuterie, vis en veggie > Charcuterie",https://www.collectandgo.be/wcsstore/CollectAndGoSFAS/images/JPG/200x200/std.lang.all/89/49/asset-1148949.jpg,3074457345616679312
2522006,14236-P,EVERYDAY kalkoensalami gerookt sn. 200g,EVERYDAY kalkoensalami gerookt sn. 200g,"3,32","16,60",EUR,Y,true,,"Vlees, charcuterie, vis en veggie > Charcuterie",https://www.collectandgo.be/wcsstore/CollectAndGoSFAS/images/JPG/200x200/std.lang.all/46/77/asset-2244677.jpg,3074457345616695366
4190258,27567-P,EVERYDAY Boerenpaté 170g,EVERYDAY Boerenpaté 170g,"1,49","8,77",EUR,Y,true,,"Vlees, charcuterie, vis en veggie > Charcuterie",https://www.collectandgo.be/wcsstore/CollectAndGoSFAS/images/JPG/200x200/std.lang.all/20/47/asset-2042047.jpg,3074457345616750496
4292621,27075-P,EVERYDAY knackworsten 10st,EVERYDAY knackworsten 10st,"2,49","7,12",EUR,Y,true,,"Vlees, charcuterie, vis en veggie > Charcuterie",https://www.collectandgo.be/wcsstore/CollectAndGoSFAS/images/JPG/200x200/std.lang.all/46/48/asset-2254648.jpg,3074457345616756372
3539106,27057-P,EVERYDAY Serranoham 500g,EVERYDAY Serranoham 500g,"9,89","19,78",EUR,Y,true,,"Vlees, charcuterie, vis en veggie > Charcuterie",https://www.collectandgo.be/wcsstore/CollectAndGoSFAS/images/JPG/200x200/std.lang.all/56/52/asset-1285652.jpg,3074457345616749966
3846026,33118-P,ECONOM salami blokjes 1kg,ECONOM salami blokjes 1kg,"10,49","10,49",EUR,Y,true,,"Vlees, charcuterie, vis en veggie > Charcuterie",https://www.collectandgo.be/wcsstore/CollectAndGoSFAS/images/JPG/200x200/std.lang.all/08/36/asset-2120836.jpg,3074457345616737742
4843831,23507-P,EVERYDAY Gevogeltekookworst 400g,EVERYDAY Gevogeltekookworst 400g,"2,59","6,48",EUR,Y,true,,"Vlees, charcuterie, vis en veggie > Charcuterie",https://www.collectandgo.be/wcsstore/CollectAndGoSFAS/images/JPG/200x200/std.lang.all/10/22/asset-3981022.jpg,3074457345616840572
4856110,19934-P,BERETTA Prosciut. Cot Italia 120g,BERETTA Prosciut. Cot Italia 120g,"3,07","25,59",EUR,Y,true,,"Vlees, charcuterie, vis en veggie > Charcuterie",https://www.collectandgo.be/wcsstore/CollectAndGoSFAS/images/JPG/200x200/std.lang.all/85/36/asset-3688536.jpg,3074457345616843136
3278457,44344-P,AUBEL beenham gv sneetjes 150g,AUBEL beenham gv sneetjes 150g,"5,09","33,94",EUR,Y,true,,"Vlees, charcuterie, vis en veggie > Charcuterie",https://www.collectandgo.be/wcsstore/CollectAndGoSFAS/images/JPG/200x200/std.lang.all/82/56/asset-2298256.jpg,3074457345616709662
1982615,35741-P,AUBEL ham gegrild gv sneetjes 120g,AUBEL ham gegrild gv sneetjes 120g,"4,09","34,09",EUR,Y,true,,"Vlees, charcuterie, vis en veggie > Charcuterie",https://www.collectandgo.be/wcsstore/CollectAndGoSFAS/images/JPG/200x200/std.lang.all/45/43/asset-2274543.jpg,3074457345616690634
1760485,33777-P,AUBEL achterham gekookt ±650g,AUBEL achterham gekookt ±650g,"13,75","13,75",EUR,Y,true,,"Vlees, charcuterie, vis en veggie > Charcuterie",https://www.collectandgo.be/wcsstore/CollectAndGoSFAS/images/JPG/200x200/std.lang.all/58/71/asset-3755871.jpg,3074457345616687522
3375700,14331-P,BONI Martino Spread licht gekr. 200g,BONI Martino Spread licht gekr. 200g,"2,65","13,25",EUR,Y,true,,"Vlees, charcuterie, vis en veggie > Charcuterie",https://www.collectandgo.be/wcsstore/CollectAndGoSFAS/images/JPG/200x200/std.lang.all/35/34/asset-1693534.jpg,3074457345616712256
4883873,13509-P,BONI Wortelsalade 500g,BONI Wortelsalade 500g,"1,99","3,98",EUR,N,true,,"Vlees, charcuterie, vis en veggie > Charcuterie",https://www.collectandgo.be/wcsstore/CollectAndGoSFAS/images/JPG/200x200/std.lang.all/54/14/asset-4085414.jpg,3074457345616848142
3379652,11678-P,Stoofvlees ±600g,Stoofvlees ±600g,"17,75","17,75",EUR,Y,true,,Kant- en-klaar maaltijden en verse bereidingen > Bereidingen met vlees of gevogelte,https://www.collectandgo.be/wcsstore/CollectAndGoSFAS/images/JPG/200x200/std.lang.all/83/04/asset-2628304.jpg,3074457345616711736
4721316,14999-P,pitamaaltijd 4pers. 2000g,pitamaaltijd 4pers. 2000g,"15,99","8,00",EUR,Y,true,,Kant- en-klaar maaltijden en verse bereidingen > Bereidingen met vlees of gevogelte,https://www.collectandgo.be/wcsstore/CollectAndGoSFAS/images/JPG/200x200/std.lang.all/04/57/asset-2670457.jpg,3074457345616815436
2770634,11203-P,kaas-ham rolletjes 2st 320g,kaas-ham rolletjes 2st 320g,"6,00","18,75",EUR,Y,true,,Kant- en-klaar maaltijden en verse bereidingen > Bereidingen met vlees of gevogelte,https://www.collectandgo.be/wcsstore/CollectAndGoSFAS/images/JPG/200x200/std.lang.all/55/92/asset-2665592.jpg,3074457345616697940
4538025,28321-P,BONI Kalkoenfilet in peperroomsaus 450g,BONI Kalkoenfilet in peperroomsaus 450g,"6,92","15,38",EUR,Y,true,,Kant- en-klaar maaltijden en verse bereidingen > Bereidingen met vlees of gevogelte,https://www.collectandgo.be/wcsstore/CollectAndGoSFAS/images/JPG/200x200/std.lang.all/31/13/asset-3383113.jpg,3074457345616791984
4925182,23445-P,PURE Butter Chicken 400g,PURE Butter Chicken 400g,"3,99","9,98",EUR,Y,true,,Kant- en-klaar maaltijden en verse bereidingen > Bereidingen met vlees of gevogelte,https://www.collectandgo.be/wcsstore/CollectAndGoSFAS/images/JPG/200x200/std.lang.all/39/75/asset-3943975.jpg,3074457345616860050
3559040,33303-P,BONI vol-au-vent puree 450g,BONI vol-au-vent puree 450g,"6,92","15,38",EUR,Y,true,,Kant- en-klaar maaltijden en verse bereidingen > Bereidingen met vlees of gevogelte,https://www.collectandgo.be/wcsstore/CollectAndGoSFAS/images/JPG/200x200/std.lang.all/52/49/asset-3425249.jpg,3074457345616718268
4418201,22193-P,PURE kip rode curry rijst 400g,PURE kip rode curry rijst 400g,"3,99","9,98",EUR,Y,true,,Kant- en-klaar maaltijden en verse bereidingen > Bereidingen met vlees of gevogelte,https://www.collectandgo.be/wcsstore/CollectAndGoSFAS/images/JPG/200x200/std.lang.all/98/08/asset-3749808.jpg,3074457345616774978
4704712,31337-P,PURE kip satay met rijst 400g,PURE kip satay met rijst 400g,"3,99","9,98",EUR,Y,true,,Kant- en-klaar maaltijden en verse bereidingen > Bereidingen met vlees of gevogelte,https://www.collectandgo.be/wcsstore/CollectAndGoSFAS/images/JPG/200x200/std.lang.all/98/52/asset-3749852.jpg,3074457345616811286
3811989,42175-P,BONI boomstammetje wortelen erwten 450g,BONI boomstammetje wortelen erwten 450g,"6,49","14,43",EUR,Y,true,,Kant- en-klaar maaltijden en verse bereidingen > Bereidingen met vlees of gevogelte,https://www.collectandgo.be/wcsstore/CollectAndGoSFAS/images/JPG/200x200/std.lang.all/66/42/asset-3006642.jpg,3074457345616727730
3811933,42172-P,BONI stoofvlees wortelen 450g,BONI stoofvlees wortelen 450g,"6,79","15,09",EUR,Y,true,,Kant- en-klaar maaltijden en verse bereidingen > Bereidingen met vlees of gevogelte,https://www.collectandgo.be/wcsstore/CollectAndGoSFAS/images/JPG/200x200/std.lang.all/36/62/asset-3483662.jpg,3074457345616730752
3827549,21783-P,BONI varkensh.broccolimix 450g,BONI varkensh.broccolimix 450g,"6,49","14,43",EUR,Y,true,,Kant- en-klaar maaltijden en verse bereidingen > Bereidingen met vlees of gevogelte,https://www.collectandgo.be/wcsstore/CollectAndGoSFAS/images/JPG/200x200/std.lang.all/76/83/asset-3487683.jpg,3074457345616730044
4828953,20124-P,Rijstchot. Kip Oost. Wijze 1150g,Rijstchot. Kip Oost. Wijze 1150g,"11,40","9,92",EUR,Y,true,,Kant- en-klaar maaltijden en verse bereidingen > Bereidingen met vlees of gevogelte,https://www.collectandgo.be/wcsstore/CollectAndGoSFAS/images/JPG/200x200/std.lang.all/43/47/asset-3554347.jpg,3074457345616837266
4711279,10965-P,BONI Gehaktbal.tom.saus 450g,BONI Gehaktbal.tom.saus 450g,"6,39","14,20",EUR,Y,true,,Kant- en-klaar maaltijden en verse bereidingen > Bereidingen met vlees of gevogelte,https://www.collectandgo.be/wcsstore/CollectAndGoSFAS/images/JPG/200x200/std.lang.all/73/09/asset-3217309.jpg,3074457345616812744
4942004,39953-P,ISALI Kip Bulgogi 350g,ISALI Kip Bulgogi 350g,"4,49","12,83",EUR,Y,true,,Kant- en-klaar maaltijden en verse bereidingen > Bereidingen met vlees of gevogelte,https://www.collectandgo.be/wcsstore/CollectAndGoSFAS/images/JPG/200x200/std.lang.all/02/42/asset-4000242.jpg,3074457345616868982
4942318,39970-P,ISALI Kip gele curry Thai 350g,ISALI Kip gele curry Thai 350g,"4,49","12,83",EUR,Y,true,,Kant- en-klaar maaltijden en verse bereidingen > Bereidingen met vlees of gevogelte,https://www.collectandgo.be/wcsstore/CollectAndGoSFAS/images/JPG/200x200/std.lang.all/02/44/asset-4000244.jpg,3074457345616869022
4942010,39954-P,ISALI Kip Teriyaki 350g,ISALI Kip Teriyaki 350g,"4,49","12,83",EUR,Y,true,,Kant- en-klaar maaltijden en verse bereidingen > Bereidingen met vlees of gevogelte,https://www.collectandgo.be/wcsstore/CollectAndGoSFAS/images/JPG/200x200/std.lang.all/02/43/asset-4000243.jpg,3074457345616868984
4805166,5691-P,BONI Vol au vent 1kg,BONI Vol au vent 1kg,"7,99","7,99",EUR,Y,true,,Kant- en-klaar maaltijden en verse bereidingen > Bereidingen met vlees of gevogelte,https://www.collectandgo.be/wcsstore/CollectAndGoSFAS/images/JPG/200x200/std.lang.all/79/76/asset-3567976.jpg,3074457345616833260
1563718,27925-P,BONI Nems varkensvlees 280g,BONI Nems varkensvlees 280g,"3,54","12,65",EUR,Y,true,,Kant- en-klaar maaltijden en verse bereidingen > Bereidingen met vlees of gevogelte,https://www.collectandgo.be/wcsstore/CollectAndGoSFAS/images/JPG/200x200/std.lang.all/11/21/asset-3351121.jpg,3074457345616686678
1333806,27308-P,BONI gehakt Parmentier 1kg,BONI gehakt Parmentier 1kg,"6,99","6,99",EUR,Y,true,,Kant- en-klaar maaltijden en verse bereidingen > Bereidingen met vlees of gevogelte,https://www.collectandgo.be/wcsstore/CollectAndGoSFAS/images/JPG/200x200/std.lang.all/89/08/asset-3208908.jpg,3074457345616684274
2563331,1490-P,BONI witloof ham&kaassaus 400g,BONI witloof ham&kaassaus 400g,"3,95","9,88",EUR,Y,true,,Kant- en-klaar maaltijden en verse bereidingen > Bereidingen met vlees of gevogelte,https://www.collectandgo.be/wcsstore/CollectAndGoSFAS/images/JPG/200x200/std.lang.all/89/10/asset-3208910.jpg,3074457345616695610
4805054,5428-P,BONI Balletjes tomatensaus 1kg,BONI Balletjes tomatensaus 1kg,"8,39","8,39",EUR,Y,true,,Kant- en-klaar maaltijden en verse bereidingen > Bereidingen met vlees of gevogelte,https://www.collectandgo.be/wcsstore/CollectAndGoSFAS/images/JPG/200x200/std.lang.all/68/94/asset-3566894.jpg,3074457345616833252
4344922,17861-P,BONI Orloffgebr.boon.aard.puree 450g,BONI Orloffgebr.boon.aard.puree 450g,"6,92","15,38",EUR,Y,true,,Kant- en-klaar maaltijden en verse bereidingen > Bereidingen met vlees of gevogelte,https://www.collectandgo.be/wcsstore/CollectAndGoSFAS/images/JPG/200x200/std.lang.all/36/63/asset-3483663.jpg,3074457345616764196
4251894,20862-P,BONI Taboule met kip 500g,BONI Taboule met kip 500g,"3,49","6,98",EUR,Y,true,,Kant- en-klaar maaltijden en verse bereidingen > Bereidingen met vlees of gevogelte,https://www.collectandgo.be/wcsstore/CollectAndGoSFAS/images/JPG/200x200/std.lang.all/23/52/asset-2132352.jpg,3074457345616751722
4804710,3312-P,BONI Runderstoofvlees 600g,BONI Runderstoofvlees 600g,"9,59","15,99",EUR,Y,true,,Kant- en-klaar maaltijden en verse bereidingen > Bereidingen met vlees of gevogelte,https://www.collectandgo.be/wcsstore/CollectAndGoSFAS/images/JPG/200x200/std.lang.all/68/93/asset-3566893.jpg,3074457345616833204
4920785,18681-P,pepersaus 300g,pepersaus 300g,"3,36","11,20",EUR,Y,true,,Kant- en-klaar maaltijden en verse bereidingen > Vers bereide sauzen,https://www.collectandgo.be/wcsstore/CollectAndGoSFAS/images/JPG/200x200/std.lang.all/97/93/asset-3659793.jpg,3074457345616864336
4916185,16167-P,champignonroomsaus 300g,champignonroomsaus 300g,"2,99","9,97",EUR,Y,true,,Kant- en-klaar maaltijden en verse bereidingen > Vers bereide sauzen,https://www.collectandgo.be/wcsstore/CollectAndGoSFAS/images/JPG/200x200/std.lang.all/11/41/asset-2351141.jpg,3074457345616864338
4923596,14693-P,Saus Mexicaanse wijze 150g,Saus Mexicaanse wijze 150g,"1,80","12,00",EUR,Y,true,,Kant- en-klaar maaltijden en verse bereidingen > Vers bereide sauzen,https://www.collectandgo.be/wcsstore/CollectAndGoSFAS/images/JPG/200x200/std.lang.all/09/57/asset-3950957.jpg,3074457345616863844
4429116,10446-P,looksaus 200g,looksaus 200g,"1,60","8,00",EUR,Y,true,,Kant- en-klaar maaltijden en verse bereidingen > Vers bereide sauzen,https://www.collectandgo.be/wcsstore/CollectAndGoSFAS/images/JPG/200x200/std.lang.all/30/79/asset-393079.jpg,3074457345616776216
2403595,1269-P,bearnaisesaus 400g,bearnaisesaus 400g,"4,62","11,55",EUR,Y,true,,Kant- en-klaar maaltijden en verse bereidingen > Vers bereide sauzen,https://www.collectandgo.be/wcsstore/CollectAndGoSFAS/images/JPG/200x200/std.lang.all/36/65/asset-393665.jpg,3074457345616694196
2236878,4358-P,KADE verse tartare saus 150ml,KADE verse tartare saus 150ml,"1,95","13,00",EUR,Y,true,,Kant- en-klaar maaltijden en verse bereidingen > Vers bereide sauzen,https://www.collectandgo.be/wcsstore/CollectAndGoSFAS/images/JPG/200x200/std.lang.all/77/85/asset-1567785.jpg,3074457345616687630
3258788,40138-P,BONI Gazpacho 1L,BONI Gazpacho 1L,"2,19","2,19",EUR,Y,true,,Kant- en-klaar maaltijden en verse bereidingen > Verse soepen,https://www.collectandgo.be/wcsstore/CollectAndGoSFAS/images/JPG/200x200/std.lang.all/41/59/asset-3224159.jpg,3074457345616711000
1299317,27500-P,ALVALLE Gazpacho Original 1L,ALVALLE Gazpacho Original 1L,"5,65","5,65",EUR,Y,true,,Kant- en-klaar maaltijden en verse bereidingen > Verse soepen,https://www.collectandgo.be/wcsstore/CollectAndGoSFAS/images/JPG/200x200/std.lang.all/56/06/asset-2795606.jpg,3074457345616683338
3188075,26316-P,BONI tomatensoep met balletjes 950ml,BONI tomatensoep met balletjes 950ml,"3,49","3,68",EUR,Y,true,,Kant- en-klaar maaltijden en verse bereidingen > Verse soepen,https://www.collectandgo.be/wcsstore/CollectAndGoSFAS/images/JPG/200x200/std.lang.all/36/43/asset-4013643.jpg,3074457345616708844
3188100,26397-P,BONI kippensoep 950ml,BONI kippensoep 950ml,"3,49","3,68",EUR,Y,true,,Kant- en-klaar maaltijden en verse bereidingen > Verse soepen,https://www.collectandgo.be/wcsstore/CollectAndGoSFAS/images/JPG/200x200/std.lang.all/09/69/asset-3350969.jpg,3074457345616708846
3185864,13967-P,BONI aspergeroomsoep 950ml,BONI aspergeroomsoep 950ml,"3,99","4,20",EUR,Y,true,,Kant- en-klaar maaltijden en verse bereidingen > Verse soepen,https://www.collectandgo.be/wcsstore/CollectAndGoSFAS/images/JPG/200x200/std.lang.all/15/13/asset-3671513.jpg,3074457345616708828
3188196,26854-P,BONI kervelsoep met balletje 950ml,BONI kervelsoep met balletje 950ml,"3,49","3,68",EUR,Y,true,,Kant- en-klaar maaltijden en verse bereidingen > Verse soepen,https://www.collectandgo.be/wcsstore/CollectAndGoSFAS/images/JPG/200x200/std.lang.all/14/22/asset-3211422.jpg,3074457345616705204
3188225,26734-P,BONI Minestrone 950ml,BONI Minestrone 950ml,"3,49","3,68",EUR,Y,true,,Kant- en-klaar maaltijden en verse bereidingen > Verse soepen,https://www.collectandgo.be/wcsstore/CollectAndGoSFAS/images/JPG/200x200/std.lang.all/09/70/asset-3350970.jpg,3074457345616705220
4663931,30104-P,BUTTERFLY tomatenroomsoep balletj. 950ml,BUTTERFLY tomatenroomsoep balletj. 950ml,"4,69","4,94",EUR,Y,true,,Kant- en-klaar maaltijden en verse bereidingen > Verse soepen,https://www.collectandgo.be/wcsstore/CollectAndGoSFAS/images/JPG/200x200/nl_be/49/14/asset-3034914.jpg,3074457345616805468
4663921,30100-P,BUTTERFLY groenteweelde balletjes 950ml,BUTTERFLY groenteweelde balletjes 950ml,"5,09","5,36",EUR,Y,true,,Kant- en-klaar maaltijden en verse bereidingen > Verse soepen,https://www.collectandgo.be/wcsstore/CollectAndGoSFAS/images/JPG/200x200/nl_be/69/80/asset-3286980.jpg,3074457345616805464
4951066,41280-P,BUTTERFLY Kippengroenten 950ml,BUTTERFLY Kippengroenten 950ml,"4,89","5,15",EUR,Y,true,,Kant- en-klaar maaltijden en verse bereidingen > Verse soepen,,3074457345616872420
4719488,9865-P,BUTTERFLY tom.gr.soep balletjes 950ml,BUTTERFLY tom.gr.soep balletjes 950ml,"5,09","5,36",EUR,Y,true,,Kant- en-klaar maaltijden en verse bereidingen > Verse soepen,https://www.collectandgo.be/wcsstore/CollectAndGoSFAS/images/JPG/200x200/std.lang.all/17/19/asset-3641719.jpg,3074457345616815226
4530382,7460-P,GREAT Tomatensoep basilicum Bio 600ml,GREAT Tomatensoep basilicum Bio 600ml,"3,09","5,15",EUR,Y,true,,Kant- en-klaar maaltijden en verse bereidingen > Verse soepen,https://www.collectandgo.be/wcsstore/CollectAndGoSFAS/images/JPG/200x200/std.lang.all/56/44/asset-2695644.jpg,3074457345616791054
4950981,41272-P,GARCIA MILLAN Gazpacho Mediterranea 1L,GARCIA MILLAN Gazpacho Mediterranea 1L,"4,79","4,79",EUR,Y,true,,Kant- en-klaar maaltijden en verse bereidingen > Verse soepen,https://www.collectandgo.be/wcsstore/CollectAndGoSFAS/images/JPG/200x200/std.lang.all/36/55/asset-4093655.jpg,3074457345616872408
4791605,33550-P,BONI Sharing Bread Pizza 230g,BONI Sharing Bread Pizza 230g,"2,79","12,14",EUR,Y,true,,Kant- en-klaar maaltijden en verse bereidingen > Pizza en quiche,https://www.collectandgo.be/wcsstore/CollectAndGoSFAS/images/JPG/200x200/std.lang.all/76/10/asset-3467610.jpg,3074457345616828936
4838420,37949-P,WAHID Lahmacun Pizza 2x150g,WAHID Lahmacun Pizza 2x150g,"4,79","15,97",EUR,Y,true,,Kant- en-klaar maaltijden en verse bereidingen > Pizza en quiche,https://www.collectandgo.be/wcsstore/CollectAndGoSFAS/images/JPG/200x200/std.lang.all/16/28/asset-3961628.jpg,3074457345616839548
3435947,30438-P,BONI pizza 4 kazen 415g,BONI pizza 4 kazen 415g,"4,99","12,03",EUR,Y,true,,Kant- en-klaar maaltijden en verse bereidingen > Pizza en quiche,https://www.collectandgo.be/wcsstore/CollectAndGoSFAS/images/JPG/200x200/std.lang.all/78/15/asset-3887815.jpg,3074457345616717152
4425873,26009-P,BONI pizza margherita deluxe 420g,BONI pizza margherita deluxe 420g,"4,99","11,89",EUR,Y,true,,Kant- en-klaar maaltijden en verse bereidingen > Pizza en quiche,https://www.collectandgo.be/wcsstore/CollectAndGoSFAS/images/JPG/200x200/std.lang.all/11/01/asset-3351101.jpg,3074457345616775514
3426389,30389-P,BONI pizza Rondo di Roma 450g,BONI pizza Rondo di Roma 450g,"4,99","11,09",EUR,Y,true,,Kant- en-klaar maaltijden en verse bereidingen > Pizza en quiche,https://www.collectandgo.be/wcsstore/CollectAndGoSFAS/images/JPG/200x200/std.lang.all/11/56/asset-3411156.jpg,3074457345616716384
3426998,30395-P,BONI pizza Prosciutto Crudo 385g,BONI pizza Prosciutto Crudo 385g,"4,99","12,97",EUR,Y,true,,Kant- en-klaar maaltijden en verse bereidingen > Pizza en quiche,https://www.collectandgo.be/wcsstore/CollectAndGoSFAS/images/JPG/200x200/std.lang.all/02/06/asset-3150206.jpg,3074457345616716422
4886553,36530-P,REPOMODORO Pizza Margherita 345g,REPOMODORO Pizza Margherita 345g,"5,99","17,37",EUR,Y,true,,Kant- en-klaar maaltijden en verse bereidingen > Pizza en quiche,https://www.collectandgo.be/wcsstore/CollectAndGoSFAS/images/JPG/200x200/std.lang.all/20/22/asset-4052022.jpg,3074457345616848510
1903898,35602-P,EVERYDAY pizza bolognese 350g,EVERYDAY pizza bolognese 350g,"1,59","4,55",EUR,Y,true,,Kant- en-klaar maaltijden en verse bereidingen > Pizza en quiche,https://www.collectandgo.be/wcsstore/CollectAndGoSFAS/images/JPG/200x200/std.lang.all/04/35/asset-2060435.jpg,3074457345616690760
3072068,31350-P,BONI quiche lorraine 300g,BONI quiche lorraine 300g,"2,94","9,80",EUR,Y,true,,Kant- en-klaar maaltijden en verse bereidingen > Pizza en quiche,https://www.collectandgo.be/wcsstore/CollectAndGoSFAS/images/JPG/200x200/std.lang.all/10/92/asset-3351092.jpg,3074457345616704710
3964770,2747-P,BONI quiche zalm spinazie 300g,BONI quiche zalm spinazie 300g,"4,49","14,97",EUR,Y,true,,Kant- en-klaar maaltijden en verse bereidingen > Pizza en quiche,https://www.collectandgo.be/wcsstore/CollectAndGoSFAS/images/JPG/200x200/std.lang.all/60/56/asset-3176056.jpg,3074457345616733248
3283910,11260-P,lasagne bolognese ±400g,lasagne bolognese ±400g,"11,00","11,00",EUR,Y,true,,Kant- en-klaar maaltijden en verse bereidingen > Lasagne,https://www.collectandgo.be/wcsstore/CollectAndGoSFAS/images/JPG/200x200/std.lang.all/56/60/asset-2665660.jpg,3074457345616713210
3283913,11294-P,lasagne verde ±400g,lasagne verde ±400g,"11,89","11,89",EUR,Y,true,,Kant- en-klaar maaltijden en verse bereidingen > Lasagne,https://www.collectandgo.be/wcsstore/CollectAndGoSFAS/images/JPG/200x200/std.lang.all/56/61/asset-2665661.jpg,3074457345616713212
3283923,11544-P,Lasagne met kip ±400g,Lasagne met kip ±400g,"12,50","12,50",EUR,Y,true,,Kant- en-klaar maaltijden en verse bereidingen > Lasagne,https://www.collectandgo.be/wcsstore/CollectAndGoSFAS/images/JPG/200x200/std.lang.all/56/62/asset-2665662.jpg,3074457345616713214
27851,27851-P,COME A CASA lasagne bolognese 400g,COME A CASA lasagne bolognese 400g,"3,99","9,98",EUR,Y,true,,Kant- en-klaar maaltijden en verse bereidingen > Lasagne,https://www.collectandgo.be/wcsstore/CollectAndGoSFAS/images/JPG/200x200/std.lang.all/75/56/asset-3977556.jpg,3074457345616679352
1859397,35600-P,COME A CASA lasagne bolognese 1kg,COME A CASA lasagne bolognese 1kg,"7,35","7,35",EUR,Y,true,,Kant- en-klaar maaltijden en verse bereidingen > Lasagne,https://www.collectandgo.be/wcsstore/CollectAndGoSFAS/images/JPG/200x200/std.lang.all/75/58/asset-3977558.jpg,3074457345616691208
2532132,13888-P,"COME A CASA lasagne bolognese 1,6kg","COME A CASA lasagne bolognese 1,6kg","11,69","7,31",EUR,Y,true,,Kant- en-klaar maaltijden en verse bereidingen > Lasagne,https://www.collectandgo.be/wcsstore/CollectAndGoSFAS/images/JPG/200x200/std.lang.all/75/60/asset-3977560.jpg,3074457345616696596
1236627,27838-P,COME A CASA lasagne zalm 400g,COME A CASA lasagne zalm 400g,"6,49","16,23",EUR,Y,true,,Kant- en-klaar maaltijden en verse bereidingen > Lasagne,https://www.collectandgo.be/wcsstore/CollectAndGoSFAS/images/JPG/200x200/std.lang.all/75/57/asset-3977557.jpg,3074457345616684484
4483632,19653-P,COME A CASA Lasagne Vegetariana 400g,COME A CASA Lasagne Vegetariana 400g,"5,09","12,73",EUR,Y,true,,Kant- en-klaar maaltijden en verse bereidingen > Lasagne,https://www.collectandgo.be/wcsstore/CollectAndGoSFAS/images/JPG/200x200/std.lang.all/75/62/asset-3977562.jpg,3074457345616781744
4751247,11518-P,COME A CASA lasagne kip mascarpone 400g,COME A CASA lasagne kip mascarpone 400g,"5,09","12,73",EUR,Y,true,,Kant- en-klaar maaltijden en verse bereidingen > Lasagne,https://www.collectandgo.be/wcsstore/CollectAndGoSFAS/images/JPG/200x200/std.lang.all/75/53/asset-3977553.jpg,3074457345616821686
1773181,33841-P,COME A CASA lasagne verde 400g,COME A CASA lasagne verde 400g,"4,99","12,48",EUR,Y,true,,Kant- en-klaar maaltijden en verse bereidingen > Lasagne,https://www.collectandgo.be/wcsstore/CollectAndGoSFAS/images/JPG/200x200/std.lang.all/19/81/asset-2071981.jpg,3074457345616687386
4956264,1235-P,COME A CASA Lasagne Bo.High Protein 400g,COME A CASA Lasagne Bo.High Protein 400g,"5,59","13,98",EUR,Y,true,,Kant- en-klaar maaltijden en verse bereidingen > Lasagne,https://www.collectandgo.be/wcsstore/CollectAndGoSFAS/images/JPG/200x200/std.lang.all/01/73/asset-4100173.jpg,3074457345616873984
27875,27875-P,BONI lasagne bolognese 400g,BONI lasagne bolognese 400g,"2,99","7,48",EUR,Y,true,,Kant- en-klaar maaltijden en verse bereidingen > Lasagne,https://www.collectandgo.be/wcsstore/CollectAndGoSFAS/images/JPG/200x200/std.lang.all/11/18/asset-3351118.jpg,3074457345616679366
2785795,32561-P,BONI lasagne bolognese 1kg,BONI lasagne bolognese 1kg,"4,19","4,19",EUR,Y,true,,Kant- en-klaar maaltijden en verse bereidingen > Lasagne,https://www.collectandgo.be/wcsstore/CollectAndGoSFAS/images/JPG/200x200/std.lang.all/11/22/asset-3351122.jpg,3074457345616697784
3472619,30791-P,BONI lasagne zalm 400g,BONI lasagne zalm 400g,"2,99","7,48",EUR,Y,true,,Kant- en-klaar maaltijden en verse bereidingen > Lasagne,https://www.collectandgo.be/wcsstore/CollectAndGoSFAS/images/JPG/200x200/std.lang.all/11/26/asset-3351126.jpg,3074457345616720222
4725398,9693-P,BONI Lasagnebladen 250g,BONI Lasagnebladen 250g,"2,29","9,16",EUR,Y,true,,Kant- en-klaar maaltijden en verse bereidingen > Lasagne,https://www.collectandgo.be/wcsstore/CollectAndGoSFAS/images/JPG/200x200/std.lang.all/74/68/asset-3337468.jpg,3074457345616815908
27876,27876-P,BONI lasagne verde 400g,BONI lasagne verde 400g,"1,74","4,35",EUR,Y,true,,Kant- en-klaar maaltijden en verse bereidingen > Lasagne,https://www.collectandgo.be/wcsstore/CollectAndGoSFAS/images/JPG/200x200/std.lang.all/11/19/asset-3351119.jpg,3074457345616679368
1561876,27980-P,"BONI lasagne bolognese 1,6kg","BONI lasagne bolognese 1,6kg","7,99","5,00",EUR,Y,true,,Kant- en-klaar maaltijden en verse bereidingen > Lasagne,https://www.collectandgo.be/wcsstore/CollectAndGoSFAS/images/JPG/200x200/std.lang.all/11/20/asset-3351120.jpg,3074457345616688164
4711255,9913-P,BONI Lasagne Groenten 400g,BONI Lasagne Groenten 400g,"2,99","7,48",EUR,Y,true,,Kant- en-klaar maaltijden en verse bereidingen > Lasagne,https://www.collectandgo.be/wcsstore/CollectAndGoSFAS/images/JPG/200x200/std.lang.all/69/68/asset-4006968.jpg,3074457345616812732
4285078,7595-P,BONI Lasagne Ricotta Spinazie 400g,BONI Lasagne Ricotta Spinazie 400g,"3,45","8,63",EUR,Y,true,,Kant- en-klaar maaltijden en verse bereidingen > Lasagne,https://www.collectandgo.be/wcsstore/CollectAndGoSFAS/images/JPG/200x200/std.lang.all/55/23/asset-3175523.jpg,3074457345616715266
27874,27874-P,EVERYDAY lasagne bolognese 1kg,EVERYDAY lasagne bolognese 1kg,"2,69","2,69",EUR,Y,true,,Kant- en-klaar maaltijden en verse bereidingen > Lasagne,https://www.collectandgo.be/wcsstore/CollectAndGoSFAS/images/JPG/200x200/std.lang.all/10/44/asset-3411044.jpg,3074457345616679364
27877,27877-P,EVERYDAY lasagne bolognese 400g,EVERYDAY lasagne bolognese 400g,"1,45","3,63",EUR,Y,true,,Kant- en-klaar maaltijden en verse bereidingen > Lasagne,https://www.collectandgo.be/wcsstore/CollectAndGoSFAS/images/JPG/200x200/std.lang.all/15/98/asset-3391598.jpg,3074457345616679370
4667678,12035-P,WAHID Vlees lasagne bolognaise 400g,WAHID Vlees lasagne bolognaise 400g,"4,99","12,48",EUR,N,true,,Kant- en-klaar maaltijden en verse bereidingen > Lasagne,https://www.collectandgo.be/wcsstore/CollectAndGoSFAS/images/JPG/200x200/std.lang.all/16/36/asset-3961636.jpg,3074457345616808742
3514740,21173-P,BREMA ravioli spinazie vegan Bio 250g,BREMA ravioli spinazie vegan Bio 250g,"3,69","14,76",EUR,Y,true,,Kant- en-klaar maaltijden en verse bereidingen > Overige pasta,https://www.collectandgo.be/wcsstore/CollectAndGoSFAS/images/JPG/200x200/std.lang.all/60/72/asset-986072.jpg,3074457345616715032
4708952,31679-P,PLANET V Tortelloni Spinaziesa.Bio 400g,PLANET V Tortelloni Spinaziesa.Bio 400g,"5,35","13,38",EUR,Y,true,,Kant- en-klaar maaltijden en verse bereidingen > Overige pasta,https://www.collectandgo.be/wcsstore/CollectAndGoSFAS/images/JPG/200x200/std.lang.all/70/68/asset-3147068.jpg,3074457345616812358
3371205,22161-P,BONI BIO tagliatelle 250g,BONI BIO tagliatelle 250g,"2,39","9,56",EUR,Y,true,,Kant- en-klaar maaltijden en verse bereidingen > Overige pasta,https://www.collectandgo.be/wcsstore/CollectAndGoSFAS/images/JPG/200x200/std.lang.all/28/15/asset-3352815.jpg,3074457345616715300
4881125,39212-P,BREMA Cappelleti Basilico BIO 200g,BREMA Cappelleti Basilico BIO 200g,"2,99","14,95",EUR,Y,true,,Kant- en-klaar maaltijden en verse bereidingen > Overige pasta,https://www.collectandgo.be/wcsstore/CollectAndGoSFAS/images/JPG/200x200/std.lang.all/61/53/asset-3746153.jpg,3074457345616846440
2474846,37494-P,COME A CASA macaroni kaas-ham 400g,COME A CASA macaroni kaas-ham 400g,"4,95","12,38",EUR,Y,true,,Kant- en-klaar maaltijden en verse bereidingen > Overige pasta,https://www.collectandgo.be/wcsstore/CollectAndGoSFAS/images/JPG/200x200/std.lang.all/75/59/asset-3977559.jpg,3074457345616693948
4868008,8504-P,RANA Ravioli Ricotta Spina 400g,RANA Ravioli Ricotta Spina 400g,"5,85","14,63",EUR,Y,true,,Kant- en-klaar maaltijden en verse bereidingen > Overige pasta,https://www.collectandgo.be/wcsstore/CollectAndGoSFAS/images/JPG/200x200/std.lang.all/07/27/asset-3790727.jpg,3074457345616845172
2322267,5540-P,RANA gnocchi 500g,RANA gnocchi 500g,"4,79","9,58",EUR,Y,true,,Kant- en-klaar maaltijden en verse bereidingen > Overige pasta,https://www.collectandgo.be/wcsstore/CollectAndGoSFAS/images/JPG/200x200/std.lang.all/22/97/asset-3802297.jpg,3074457345616697130
4871622,25956-P,RANA Cappell. | Rauwe ham 400g,RANA Cappell. | Rauwe ham 400g,"5,85","14,63",EUR,Y,true,,Kant- en-klaar maaltijden en verse bereidingen > Overige pasta,https://www.collectandgo.be/wcsstore/CollectAndGoSFAS/images/JPG/200x200/std.lang.all/31/04/asset-3933104.jpg,3074457345616845624
4871712,28323-P,RANA Girasoli Pesto 400g,RANA Girasoli Pesto 400g,"5,85","14,63",EUR,Y,true,,Kant- en-klaar maaltijden en verse bereidingen > Overige pasta,https://www.collectandgo.be/wcsstore/CollectAndGoSFAS/images/JPG/200x200/std.lang.all/19/15/asset-3921915.jpg,3074457345616845650
4871497,24869-P,RANA Ravioli Burrata Arrab 400g,RANA Ravioli Burrata Arrab 400g,"5,85","14,63",EUR,Y,true,,Kant- en-klaar maaltijden en verse bereidingen > Overige pasta,https://www.collectandgo.be/wcsstore/CollectAndGoSFAS/images/JPG/200x200/std.lang.all/34/90/asset-3833490.jpg,3074457345616845600
2328043,18481-P,RANA pastavellen lasagne 250g,RANA pastavellen lasagne 250g,"3,29","13,16",EUR,Y,true,,Kant- en-klaar maaltijden en verse bereidingen > Overige pasta,https://www.collectandgo.be/wcsstore/CollectAndGoSFAS/images/JPG/200x200/std.lang.all/03/45/asset-2700345.jpg,3074457345616699364
4871563,25584-P,RANA Tortell Ham mozza 400g,RANA Tortell Ham mozza 400g,"5,85","14,63",EUR,Y,true,,Kant- en-klaar maaltijden en verse bereidingen > Overige pasta,https://www.collectandgo.be/wcsstore/CollectAndGoSFAS/images/JPG/200x200/std.lang.all/07/28/asset-3790728.jpg,3074457345616845610
4871683,26870-P,RANA Tortell eekhoornbrood 400g,RANA Tortell eekhoornbrood 400g,"5,85","14,63",EUR,Y,true,,Kant- en-klaar maaltijden en verse bereidingen > Overige pasta,https://www.collectandgo.be/wcsstore/CollectAndGoSFAS/images/JPG/200x200/std.lang.all/13/51/asset-3751351.jpg,3074457345616845642
4871521,25177-P,RANA Tortell Parmi reggia 400g,RANA Tortell Parmi reggia 400g,"5,85","14,63",EUR,Y,true,,Kant- en-klaar maaltijden en verse bereidingen > Overige pasta,https://www.collectandgo.be/wcsstore/CollectAndGoSFAS/images/JPG/200x200/std.lang.all/13/48/asset-3751348.jpg,3074457345616845602
4758894,2941-P,RANA gnocci ham mozzarella 280g,RANA gnocci ham mozzarella 280g,"3,99","14,25",EUR,Y,true,,Kant- en-klaar maaltijden en verse bereidingen > Overige pasta,https://www.collectandgo.be/wcsstore/CollectAndGoSFAS/images/JPG/200x200/std.lang.all/24/24/asset-3712424.jpg,3074457345616823504
4753442,22609-P,RANA Gnocci Spinazie | mozzarella 280g,RANA Gnocci Spinazie | mozzarella 280g,"3,99","14,25",EUR,Y,true,,Kant- en-klaar maaltijden en verse bereidingen > Overige pasta,https://www.collectandgo.be/wcsstore/CollectAndGoSFAS/images/JPG/200x200/std.lang.all/12/85/asset-3711285.jpg,3074457345616823502
1414724,9239-P,KING SOBA boekweitnoedels Bio 250g,KING SOBA boekweitnoedels Bio 250g,"3,99","15,96",EUR,Y,true,,Kant- en-klaar maaltijden en verse bereidingen > Overige pasta,https://www.collectandgo.be/wcsstore/CollectAndGoSFAS/images/JPG/200x200/std.lang.all/76/41/asset-1667641.jpg,3074457345616683824
4936457,28482-P,BREMA Bio Taste Tortel.Fung.Por.Bio 250g,BREMA Bio Taste Tortel.Fung.Por.Bio 250g,"3,59","14,36",EUR,Y,true,,Kant- en-klaar maaltijden en verse bereidingen > Overige pasta,https://www.collectandgo.be/wcsstore/CollectAndGoSFAS/images/JPG/200x200/std.lang.all/17/10/asset-4071710.jpg,3074457345616865228
1389280,27997-P,BONI Tortellini ricotta & spinazie 500g,BONI Tortellini ricotta & spinazie 500g,"2,99","5,98",EUR,Y,true,,Kant- en-klaar maaltijden en verse bereidingen > Overige pasta,https://www.collectandgo.be/wcsstore/CollectAndGoSFAS/images/JPG/200x200/std.lang.all/76/96/asset-3197696.jpg,3074457345616750634
4601440,9877-P,BONI Gnocchi om te bakken 300g,BONI Gnocchi om te bakken 300g,"2,29","7,64",EUR,Y,true,,Kant- en-klaar maaltijden en verse bereidingen > Overige pasta,https://www.collectandgo.be/wcsstore/CollectAndGoSFAS/images/JPG/200x200/std.lang.all/59/36/asset-2945936.jpg,3074457345616798082
3073013,31420-P,BONI spaghetti bolognese 450g,BONI spaghetti bolognese 450g,"2,99","6,65",EUR,Y,true,,Kant- en-klaar maaltijden en verse bereidingen > Overige pasta,https://www.collectandgo.be/wcsstore/CollectAndGoSFAS/images/JPG/200x200/std.lang.all/19/19/asset-3031919.jpg,3074457345616704964
27801,27801-P,BONI capelletti vlees 500g,BONI capelletti vlees 500g,"2,99","5,98",EUR,Y,true,,Kant- en-klaar maaltijden en verse bereidingen > Overige pasta,https://www.collectandgo.be/wcsstore/CollectAndGoSFAS/images/JPG/200x200/std.lang.all/27/20/asset-3352720.jpg,3074457345616679340
1389274,27963-P,BONI Cappelletti met rauwe ham 500g,BONI Cappelletti met rauwe ham 500g,"3,49","6,98",EUR,Y,true,,Kant- en-klaar maaltijden en verse bereidingen > Overige pasta,https://www.collectandgo.be/wcsstore/CollectAndGoSFAS/images/JPG/200x200/std.lang.all/28/22/asset-3352822.jpg,3074457345616683872
3089635,31393-P,BONI macaroni ham-4 kazen 400g,BONI macaroni ham-4 kazen 400g,"3,49","8,73",EUR,Y,true,,Kant- en-klaar maaltijden en verse bereidingen > Overige pasta,https://www.collectandgo.be/wcsstore/CollectAndGoSFAS/images/JPG/200x200/std.lang.all/11/25/asset-3351125.jpg,3074457345616700844
3073005,31434-P,BONI Tagliatelle carbonara 450g,BONI Tagliatelle carbonara 450g,"3,79","8,43",EUR,Y,true,,Kant- en-klaar maaltijden en verse bereidingen > Overige pasta,https://www.collectandgo.be/wcsstore/CollectAndGoSFAS/images/JPG/200x200/std.lang.all/89/13/asset-3208913.jpg,3074457345616704960
4444746,17640-P,BONI penne kip mascarpone 450g,BONI penne kip mascarpone 450g,"4,29","9,54",EUR,Y,true,,Kant- en-klaar maaltijden en verse bereidingen > Overige pasta,https://www.collectandgo.be/wcsstore/CollectAndGoSFAS/images/JPG/200x200/std.lang.all/09/74/asset-3350974.jpg,3074457345616777312
27805,27805-P,BONI Tagliatelle met verse eieren 500g,BONI Tagliatelle met verse eieren 500g,"2,85","5,70",EUR,Y,true,,Kant- en-klaar maaltijden en verse bereidingen > Overige pasta,https://www.collectandgo.be/wcsstore/CollectAndGoSFAS/images/JPG/200x200/std.lang.all/86/20/asset-3928620.jpg,3074457345616679342
4736021,27396-P,BONI Girasoli ricotta spinazie 250g,BONI Girasoli ricotta spinazie 250g,"2,69","10,76",EUR,Y,true,,Kant- en-klaar maaltijden en verse bereidingen > Overige pasta,https://www.collectandgo.be/wcsstore/CollectAndGoSFAS/images/JPG/200x200/std.lang.all/76/43/asset-3587643.jpg,3074457345616819064
4738760,1370-P,BONI linguine nestjes 500g,BONI linguine nestjes 500g,"2,79","5,58",EUR,Y,true,,Kant- en-klaar maaltijden en verse bereidingen > Overige pasta,https://www.collectandgo.be/wcsstore/CollectAndGoSFAS/images/JPG/200x200/std.lang.all/03/93/asset-3380393.jpg,3074457345616819696
4725711,10990-P,BONI pasta meatballs 450g,BONI pasta meatballs 450g,"4,29","9,54",EUR,Y,true,,Kant- en-klaar maaltijden en verse bereidingen > Overige pasta,https://www.collectandgo.be/wcsstore/CollectAndGoSFAS/images/JPG/200x200/std.lang.all/16/97/asset-3251697.jpg,3074457345616816104
2398703,25705-P,BONI Tortellini met kaas 500g,BONI Tortellini met kaas 500g,"3,55","7,10",EUR,Y,true,,Kant- en-klaar maaltijden en verse bereidingen > Overige pasta,https://www.collectandgo.be/wcsstore/CollectAndGoSFAS/images/JPG/200x200/std.lang.all/28/23/asset-3352823.jpg,3074457345616699260
3072990,31410-P,BONI Tagliatelle zalm-spinazie 450g,BONI Tagliatelle zalm-spinazie 450g,"4,94","10,98",EUR,Y,true,,Kant- en-klaar maaltijden en verse bereidingen > Overige pasta,https://www.collectandgo.be/wcsstore/CollectAndGoSFAS/images/JPG/200x200/std.lang.all/11/24/asset-3351124.jpg,3074457345616704886
3109785,41338-P,BONI Singapore noodles 450g,BONI Singapore noodles 450g,"3,99","8,87",EUR,Y,true,,Kant- en-klaar maaltijden en verse bereidingen > Overige pasta,https://www.collectandgo.be/wcsstore/CollectAndGoSFAS/images/JPG/200x200/std.lang.all/77/28/asset-4017728.jpg,3074457345616707048
4437529,20985-P,BONI Grantortelli Basil-Parmigiano 250g,BONI Grantortelli Basil-Parmigiano 250g,"2,69","10,76",EUR,Y,true,,Kant- en-klaar maaltijden en verse bereidingen > Overige pasta,https://www.collectandgo.be/wcsstore/CollectAndGoSFAS/images/JPG/200x200/std.lang.all/75/65/asset-3987565.jpg,3074457345616776828
3352111,22162-P,BONI Girasoli gegril.groente&ricot. 250g,BONI Girasoli gegril.groente&ricot. 250g,"2,69","10,76",EUR,Y,true,,Kant- en-klaar maaltijden en verse bereidingen > Overige pasta,https://www.collectandgo.be/wcsstore/CollectAndGoSFAS/images/JPG/200x200/std.lang.all/89/74/asset-3138974.jpg,3074457345616712622
3642319,40702-P,BONI spirelli Hawaï 400g,BONI spirelli Hawaï 400g,"3,99","9,98",EUR,Y,true,,Kant- en-klaar maaltijden en verse bereidingen > Overige pasta,https://www.collectandgo.be/wcsstore/CollectAndGoSFAS/images/JPG/200x200/std.lang.all/08/57/asset-3810857.jpg,3074457345616722360
3352571,19977-P,BONI Grantortelli eekhoorntjesbrood 250g,BONI Grantortelli eekhoorntjesbrood 250g,"2,85","11,40",EUR,Y,true,,Kant- en-klaar maaltijden en verse bereidingen > Overige pasta,https://www.collectandgo.be/wcsstore/CollectAndGoSFAS/images/JPG/200x200/std.lang.all/75/63/asset-3987563.jpg,3074457345616712834
3510104,20774-P,BONI linguine scampi 450g,BONI linguine scampi 450g,"7,14","15,87",EUR,Y,true,,Kant- en-klaar maaltijden en verse bereidingen > Overige pasta,https://www.collectandgo.be/wcsstore/CollectAndGoSFAS/images/JPG/200x200/std.lang.all/34/52/asset-3383452.jpg,3074457345616716800
4433018,15162-P,BONI gevulde pasta asperges 250g,BONI gevulde pasta asperges 250g,"2,69","10,76",EUR,Y,true,,Kant- en-klaar maaltijden en verse bereidingen > Overige pasta,https://www.collectandgo.be/wcsstore/CollectAndGoSFAS/images/JPG/200x200/std.lang.all/26/77/asset-3352677.jpg,3074457345616776596
3451217,30603-P,BONI penne groen pesto en tomaten 400g,BONI penne groen pesto en tomaten 400g,"4,29","10,73",EUR,Y,true,,Kant- en-klaar maaltijden en verse bereidingen > Overige pasta,https://www.collectandgo.be/wcsstore/CollectAndGoSFAS/images/JPG/200x200/std.lang.all/08/72/asset-3810872.jpg,3074457345616714052
3109776,43567-P,BONI Mihoen Goreng 450g,BONI Mihoen Goreng 450g,"4,49","9,98",EUR,Y,true,,Kant- en-klaar maaltijden en verse bereidingen > Overige pasta,https://www.collectandgo.be/wcsstore/CollectAndGoSFAS/images/JPG/200x200/std.lang.all/66/09/asset-3376609.jpg,3074457345616707044
4883143,11177-P,BONI Pasta Ita. wijze kip 400g,BONI Pasta Ita. wijze kip 400g,"3,99","9,98",EUR,Y,true,,Kant- en-klaar maaltijden en verse bereidingen > Overige pasta,https://www.collectandgo.be/wcsstore/CollectAndGoSFAS/images/JPG/200x200/std.lang.all/08/56/asset-3810856.jpg,3074457345616848096
3963234,2499-P,BONI pasta girasoli tomaat-mozzare. 250g,BONI pasta girasoli tomaat-mozzare. 250g,"2,69","10,76",EUR,Y,true,,Kant- en-klaar maaltijden en verse bereidingen > Overige pasta,https://www.collectandgo.be/wcsstore/CollectAndGoSFAS/images/JPG/200x200/std.lang.all/72/91/asset-3137291.jpg,3074457345616732760
2159577,27025-P,EVERYDAY macaroni ham-kaas 1kg,EVERYDAY macaroni ham-kaas 1kg,"4,55","4,55",EUR,Y,true,,Kant- en-klaar maaltijden en verse bereidingen > Overige pasta,https://www.collectandgo.be/wcsstore/CollectAndGoSFAS/images/JPG/200x200/std.lang.all/13/75/asset-3811375.jpg,3074457345616690592
4874484,38878-P,BONI Spirelli Tom.Masc.ss 450g,BONI Spirelli Tom.Masc.ss 450g,"6,39","14,20",EUR,N,true,,Kant- en-klaar maaltijden en verse bereidingen > Overige pasta,https://www.collectandgo.be/wcsstore/CollectAndGoSFAS/images/JPG/200x200/std.lang.all/55/47/asset-3965547.jpg,3074457345616845824
4014172,2762-P,BONI Pesto verde 140g,BONI Pesto verde 140g,"3,95","28,22",EUR,Y,true,,Kant- en-klaar maaltijden en verse bereidingen > Verse sauzen pasta,https://www.collectandgo.be/wcsstore/CollectAndGoSFAS/images/JPG/200x200/std.lang.all/53/66/asset-4085366.jpg,3074457345616732358
2322268,5617-P,RANA kaassaus parmezaan 180g,RANA kaassaus parmezaan 180g,"4,39","24,39",EUR,Y,true,,Kant- en-klaar maaltijden en verse bereidingen > Verse sauzen pasta,https://www.collectandgo.be/wcsstore/CollectAndGoSFAS/images/JPG/200x200/std.lang.all/92/79/asset-3629279.jpg,3074457345616697132
4613249,10246-P,BONI Pastasaus tomaat-mascarpone 250g,BONI Pastasaus tomaat-mascarpone 250g,"2,99","11,96",EUR,Y,true,,Kant- en-klaar maaltijden en verse bereidingen > Verse sauzen pasta,https://www.collectandgo.be/wcsstore/CollectAndGoSFAS/images/JPG/200x200/std.lang.all/45/94/asset-4094594.jpg,3074457345616798936
2322270,6402-P,RANA saus pesto 140g,RANA saus pesto 140g,"4,39","31,36",EUR,Y,true,,Kant- en-klaar maaltijden en verse bereidingen > Verse sauzen pasta,https://www.collectandgo.be/wcsstore/CollectAndGoSFAS/images/JPG/200x200/std.lang.all/92/80/asset-3629280.jpg,3074457345616697134
4736853,32292-P,BONI Bolognaisesaus 600g,BONI Bolognaisesaus 600g,"5,29","8,82",EUR,Y,true,,Kant- en-klaar maaltijden en verse bereidingen > Verse sauzen pasta,https://www.collectandgo.be/wcsstore/CollectAndGoSFAS/images/JPG/200x200/std.lang.all/12/04/asset-3331204.jpg,3074457345616819126
2983886,4761-P,COME A CASA moussaka aubergine 400g,COME A CASA moussaka aubergine 400g,"5,99","14,98",EUR,Y,true,,Kant- en-klaar maaltijden en verse bereidingen > Overige bereidingen,https://www.collectandgo.be/wcsstore/CollectAndGoSFAS/images/JPG/200x200/std.lang.all/38/82/asset-4053882.jpg,3074457345616703322
2975249,1004-P,BONI taboulé paprika-tomaat 500g,BONI taboulé paprika-tomaat 500g,"2,99","5,98",EUR,Y,true,,Kant- en-klaar maaltijden en verse bereidingen > Overige bereidingen,https://www.collectandgo.be/wcsstore/CollectAndGoSFAS/images/JPG/200x200/std.lang.all/76/17/asset-2797617.jpg,3074457345616700196
2975261,1021-P,BONI taboulé 5 groenten 500g,BONI taboulé 5 groenten 500g,"3,05","6,10",EUR,Y,true,,Kant- en-klaar maaltijden en verse bereidingen > Overige bereidingen,https://www.collectandgo.be/wcsstore/CollectAndGoSFAS/images/JPG/200x200/std.lang.all/15/08/asset-4001508.jpg,3074457345616700198
3456666,30659-P,BONI kip zoetzuur saus rijst 400g,BONI kip zoetzuur saus rijst 400g,"4,31","10,78",EUR,Y,true,,Kant- en-klaar maaltijden en verse bereidingen > Overige bereidingen,https://www.collectandgo.be/wcsstore/CollectAndGoSFAS/images/JPG/200x200/std.lang.all/86/27/asset-3308627.jpg,3074457345616717168
3456643,30658-P,BONI Tikka Masala kip 400g,BONI Tikka Masala kip 400g,"4,31","10,78",EUR,Y,true,,Kant- en-klaar maaltijden en verse bereidingen > Overige bereidingen,https://www.collectandgo.be/wcsstore/CollectAndGoSFAS/images/JPG/200x200/std.lang.all/40/12/asset-3344012.jpg,3074457345616717164
1330310,27825-P,BONI moussaka 1kg,BONI moussaka 1kg,"6,99","6,99",EUR,Y,true,,Kant- en-klaar maaltijden en verse bereidingen > Overige bereidingen,https://www.collectandgo.be/wcsstore/CollectAndGoSFAS/images/JPG/200x200/std.lang.all/09/73/asset-3350973.jpg,3074457345616684816
3979646,3705-P,BONI bami goreng royal 450g,BONI bami goreng royal 450g,"3,99","8,87",EUR,Y,true,,Kant- en-klaar maaltijden en verse bereidingen > Overige bereidingen,https://www.collectandgo.be/wcsstore/CollectAndGoSFAS/images/JPG/200x200/std.lang.all/87/42/asset-3698742.jpg,3074457345616741054
3456682,30661-P,BONI kip curry rijst 400g,BONI kip curry rijst 400g,"4,31","10,78",EUR,Y,true,,Kant- en-klaar maaltijden en verse bereidingen > Overige bereidingen,https://www.collectandgo.be/wcsstore/CollectAndGoSFAS/images/JPG/200x200/std.lang.all/79/11/asset-3307911.jpg,3074457345616717190
4657163,29733-P,BONI Gyoza Garnalen 5x25g,BONI Gyoza Garnalen 5x25g,"4,99","39,92",EUR,Y,true,,Kant- en-klaar maaltijden en verse bereidingen > Overige bereidingen,https://www.collectandgo.be/wcsstore/CollectAndGoSFAS/images/JPG/200x200/std.lang.all/42/02/asset-3774202.jpg,3074457345616804190
4770656,32854-P,BONI Gyoza Kip 5x25g,BONI Gyoza Kip 5x25g,"4,59","36,72",EUR,Y,true,,Kant- en-klaar maaltijden en verse bereidingen > Overige bereidingen,https://www.collectandgo.be/wcsstore/CollectAndGoSFAS/images/JPG/200x200/std.lang.all/42/99/asset-3434299.jpg,3074457345616826002
4837071,29106-P,"BONI Couscousschotel 1,4kg","BONI Couscousschotel 1,4kg","9,95","7,11",EUR,Y,true,,Kant- en-klaar maaltijden en verse bereidingen > Overige bereidingen,https://www.collectandgo.be/wcsstore/CollectAndGoSFAS/images/JPG/200x200/std.lang.all/92/57/asset-3629257.jpg,3074457345616838868
4874464,38875-P,BONI Bami Ind.saus omelet 450g,BONI Bami Ind.saus omelet 450g,"6,39","14,20",EUR,Y,true,,Kant- en-klaar maaltijden en verse bereidingen > Overige bereidingen,https://www.collectandgo.be/wcsstore/CollectAndGoSFAS/images/JPG/200x200/std.lang.all/57/73/asset-3815773.jpg,3074457345616845818
4676496,10461-P,BONI Bami Goreng 1kg,BONI Bami Goreng 1kg,"4,79","4,79",EUR,Y,true,,Kant- en-klaar maaltijden en verse bereidingen > Overige bereidingen,https://www.collectandgo.be/wcsstore/CollectAndGoSFAS/images/JPG/200x200/std.lang.all/40/48/asset-3174048.jpg,3074457345616806622
4676481,10165-P,BONI Nasi Goreng 1kg,BONI Nasi Goreng 1kg,"4,79","4,79",EUR,Y,true,,Kant- en-klaar maaltijden en verse bereidingen > Overige bereidingen,https://www.collectandgo.be/wcsstore/CollectAndGoSFAS/images/JPG/200x200/std.lang.all/24/54/asset-3252454.jpg,3074457345616806620
4695490,27562-P,BONI salade caeser 400g,BONI salade caeser 400g,"3,99","9,98",EUR,Y,true,,Kant- en-klaar maaltijden en verse bereidingen > Maaltijdsalades en wraps,https://www.collectandgo.be/wcsstore/CollectAndGoSFAS/images/JPG/200x200/std.lang.all/13/08/asset-3531308.jpg,3074457345616809676
4695476,27556-P,"BONI salade kip, pasta & dressing 400g","BONI salade kip, pasta & dressing 400g","3,46","8,65",EUR,Y,true,,Kant- en-klaar maaltijden en verse bereidingen > Maaltijdsalades en wraps,https://www.collectandgo.be/wcsstore/CollectAndGoSFAS/images/JPG/200x200/std.lang.all/71/35/asset-3467135.jpg,3074457345616809674
3734511,41076-P,BONI Wrap kip pesto 170g,BONI Wrap kip pesto 170g,"3,13","18,42",EUR,Y,true,,Kant- en-klaar maaltijden en verse bereidingen > Maaltijdsalades en wraps,https://www.collectandgo.be/wcsstore/CollectAndGoSFAS/images/JPG/200x200/std.lang.all/88/66/asset-3928866.jpg,3074457345616730342
3630741,19455-P,BONI wrap kip tandoori 170g,BONI wrap kip tandoori 170g,"3,49","20,53",EUR,Y,true,,Kant- en-klaar maaltijden en verse bereidingen > Maaltijdsalades en wraps,https://www.collectandgo.be/wcsstore/CollectAndGoSFAS/images/JPG/200x200/std.lang.all/30/51/asset-3703051.jpg,3074457345616722528
4772565,32957-P,BONI Wortel-Seldersalade 300g,BONI Wortel-Seldersalade 300g,"2,68","8,94",EUR,Y,true,,Kant- en-klaar maaltijden en verse bereidingen > Maaltijdsalades en wraps,https://www.collectandgo.be/wcsstore/CollectAndGoSFAS/images/JPG/200x200/std.lang.all/34/13/asset-3493413.jpg,3074457345616826220
4583562,9900-P,BONI Salade caesar 300g,BONI Salade caesar 300g,"5,49","18,30",EUR,Y,true,,Kant- en-klaar maaltijden en verse bereidingen > Maaltijdsalades en wraps,https://www.collectandgo.be/wcsstore/CollectAndGoSFAS/images/JPG/200x200/std.lang.all/17/76/asset-4061776.jpg,3074457345616796348
4572008,28516-P,BONI Wrap kip sweet chili 180g,BONI Wrap kip sweet chili 180g,"3,49","19,39",EUR,Y,true,,Kant- en-klaar maaltijden en verse bereidingen > Maaltijdsalades en wraps,https://www.collectandgo.be/wcsstore/CollectAndGoSFAS/images/JPG/200x200/std.lang.all/34/16/asset-3693416.jpg,3074457345616794730
3813608,18343-P,BONI Tonijn Perzik 450g,BONI Tonijn Perzik 450g,"5,49","12,20",EUR,Y,true,,Kant- en-klaar maaltijden en verse bereidingen > Maaltijdsalades en wraps,https://www.collectandgo.be/wcsstore/CollectAndGoSFAS/images/JPG/200x200/std.lang.all/02/33/asset-3590233.jpg,3074457345616729332
4240186,19355-P,BONI broodje ei met bacon 155g,BONI broodje ei met bacon 155g,"2,99","19,30",EUR,Y,true,,Kant- en-klaar maaltijden en verse bereidingen > Maaltijdsalades en wraps,https://www.collectandgo.be/wcsstore/CollectAndGoSFAS/images/JPG/200x200/std.lang.all/96/39/asset-3699639.jpg,3074457345616749404
4803287,37323-P,BONI Wrap Zalm 180g,BONI Wrap Zalm 180g,"3,49","19,39",EUR,Y,true,,Kant- en-klaar maaltijden en verse bereidingen > Maaltijdsalades en wraps,https://www.collectandgo.be/wcsstore/CollectAndGoSFAS/images/JPG/200x200/std.lang.all/33/49/asset-3503349.jpg,3074457345616832518
4888036,39397-P,BONI Wrap Boul. Andalouse 170g,BONI Wrap Boul. Andalouse 170g,"3,49","20,53",EUR,Y,true,,Kant- en-klaar maaltijden en verse bereidingen > Maaltijdsalades en wraps,https://www.collectandgo.be/wcsstore/CollectAndGoSFAS/images/JPG/200x200/std.lang.all/50/93/asset-3975093.jpg,3074457345616848732
4943648,40240-P,BONI Wrap kip caesar 210g,BONI Wrap kip caesar 210g,"3,49","16,62",EUR,Y,true,,Kant- en-klaar maaltijden en verse bereidingen > Maaltijdsalades en wraps,https://www.collectandgo.be/wcsstore/CollectAndGoSFAS/images/JPG/200x200/std.lang.all/64/77/asset-4056477.jpg,3074457345616869316
4772442,32953-P,BONI Rode Biet 300g,BONI Rode Biet 300g,"3,99","13,30",EUR,Y,true,,Kant- en-klaar maaltijden en verse bereidingen > Maaltijdsalades en wraps,https://www.collectandgo.be/wcsstore/CollectAndGoSFAS/images/JPG/200x200/std.lang.all/35/32/asset-3493532.jpg,3074457345616826214
4018208,5076-P,BONI Koude schotel zalm 450g,BONI Koude schotel zalm 450g,"5,99","13,32",EUR,Y,true,,Kant- en-klaar maaltijden en verse bereidingen > Maaltijdsalades en wraps,https://www.collectandgo.be/wcsstore/CollectAndGoSFAS/images/JPG/200x200/std.lang.all/09/56/asset-3610956.jpg,3074457345616742806
4449647,26391-P,BONI quinoa salade 300g,BONI quinoa salade 300g,"3,99","13,30",EUR,Y,true,,Kant- en-klaar maaltijden en verse bereidingen > Maaltijdsalades en wraps,https://www.collectandgo.be/wcsstore/CollectAndGoSFAS/images/JPG/200x200/std.lang.all/80/52/asset-2508052.jpg,3074457345616777614
4018274,5087-P,BONI schotel kip taboulé 400g,BONI schotel kip taboulé 400g,"5,49","13,73",EUR,Y,true,,Kant- en-klaar maaltijden en verse bereidingen > Maaltijdsalades en wraps,https://www.collectandgo.be/wcsstore/CollectAndGoSFAS/images/JPG/200x200/std.lang.all/14/84/asset-3341484.jpg,3074457345616742910
4426899,26058-P,BONI Maaltijdsalade Griekse Salade 400g,BONI Maaltijdsalade Griekse Salade 400g,"5,82","14,55",EUR,Y,true,,Kant- en-klaar maaltijden en verse bereidingen > Maaltijdsalades en wraps,https://www.collectandgo.be/wcsstore/CollectAndGoSFAS/images/JPG/200x200/std.lang.all/46/52/asset-4074652.jpg,3074457345616775724
4942086,39958-P,BONI Salade schotel ham-asperge 400g,BONI Salade schotel ham-asperge 400g,"5,45","13,63",EUR,Y,true,,Kant- en-klaar maaltijden en verse bereidingen > Maaltijdsalades en wraps,https://www.collectandgo.be/wcsstore/CollectAndGoSFAS/images/JPG/200x200/std.lang.all/66/78/asset-4076678.jpg,3074457345616868996
4803292,37326-P,BONI Wrap Falafel Humus 190g,BONI Wrap Falafel Humus 190g,"3,49","18,37",EUR,Y,true,,Kant- en-klaar maaltijden en verse bereidingen > Maaltijdsalades en wraps,https://www.collectandgo.be/wcsstore/CollectAndGoSFAS/images/JPG/200x200/std.lang.all/33/50/asset-3503350.jpg,3074457345616832522
4240179,19352-P,BONI Wrap Spicy Tuna 190g,BONI Wrap Spicy Tuna 190g,"3,49","18,37",EUR,Y,true,,Kant- en-klaar maaltijden en verse bereidingen > Maaltijdsalades en wraps,https://www.collectandgo.be/wcsstore/CollectAndGoSFAS/images/JPG/200x200/std.lang.all/03/68/asset-3680368.jpg,3074457345616749402
4791609,33555-P,BONI Poké Bowl met zalm 320g,BONI Poké Bowl met zalm 320g,"6,59","20,60",EUR,Y,true,,Kant- en-klaar maaltijden en verse bereidingen > Maaltijdsalades en wraps,https://www.collectandgo.be/wcsstore/CollectAndGoSFAS/images/JPG/200x200/std.lang.all/65/09/asset-4076509.jpg,3074457345616828942
4426901,26059-P,BONI Maaltijdsalade Grijze Garnalen 310g,BONI Maaltijdsalade Grijze Garnalen 310g,"6,99","22,55",EUR,Y,true,,Kant- en-klaar maaltijden en verse bereidingen > Maaltijdsalades en wraps,https://www.collectandgo.be/wcsstore/CollectAndGoSFAS/images/JPG/200x200/std.lang.all/12/97/asset-3581297.jpg,3074457345616775726
4791616,33558-P,BONI Poké Bowl met kip 320g,BONI Poké Bowl met kip 320g,"5,49","17,16",EUR,Y,true,,Kant- en-klaar maaltijden en verse bereidingen > Maaltijdsalades en wraps,https://www.collectandgo.be/wcsstore/CollectAndGoSFAS/images/JPG/200x200/std.lang.all/65/08/asset-4076508.jpg,3074457345616828948
4240167,19351-P,BONI broodje ham kaas tomaat 155g,BONI broodje ham kaas tomaat 155g,"2,99","19,30",EUR,Y,true,,Kant- en-klaar maaltijden en verse bereidingen > Maaltijdsalades en wraps,https://www.collectandgo.be/wcsstore/CollectAndGoSFAS/images/JPG/200x200/std.lang.all/05/84/asset-3790584.jpg,3074457345616749400
4795067,35689-P,BONI Pasta salade 600g,BONI Pasta salade 600g,"4,99","8,32",EUR,Y,true,,Kant- en-klaar maaltijden en verse bereidingen > Maaltijdsalades en wraps,https://www.collectandgo.be/wcsstore/CollectAndGoSFAS/images/JPG/200x200/std.lang.all/31/70/asset-3483170.jpg,3074457345616830052
4695857,30146-P,BONI salade geitenkaas 400g,BONI salade geitenkaas 400g,"4,00","10,00",EUR,Y,true,,Kant- en-klaar maaltijden en verse bereidingen > Maaltijdsalades en wraps,https://www.collectandgo.be/wcsstore/CollectAndGoSFAS/images/JPG/200x200/std.lang.all/71/36/asset-3467136.jpg,3074457345616809714
4791632,33566-P,BONI Salade Kip op Indische wijze 400g,BONI Salade Kip op Indische wijze 400g,"4,99","12,48",EUR,Y,true,,Kant- en-klaar maaltijden en verse bereidingen > Maaltijdsalades en wraps,https://www.collectandgo.be/wcsstore/CollectAndGoSFAS/images/JPG/200x200/std.lang.all/13/06/asset-3531306.jpg,3074457345616828960
4879223,39131-P,BONI PLAN'T Buddha bowl falaf.humm. 310g,BONI PLAN'T Buddha bowl falaf.humm. 310g,"4,99","16,10",EUR,Y,true,,Kant- en-klaar maaltijden en verse bereidingen > Maaltijdsalades en wraps,https://www.collectandgo.be/wcsstore/CollectAndGoSFAS/images/JPG/200x200/std.lang.all/82/06/asset-3818206.jpg,3074457345616846312
4729545,32138-P,BONI maaltijdsalade gerookte zalm 400g,BONI maaltijdsalade gerookte zalm 400g,"4,99","12,48",EUR,Y,true,,Kant- en-klaar maaltijden en verse bereidingen > Maaltijdsalades en wraps,https://www.collectandgo.be/wcsstore/CollectAndGoSFAS/images/JPG/200x200/std.lang.all/19/05/asset-3261905.jpg,3074457345616817712
4696491,30763-P,BONI salade niçoise 400g,BONI salade niçoise 400g,"5,27","13,18",EUR,Y,true,,Kant- en-klaar maaltijden en verse bereidingen > Maaltijdsalades en wraps,https://www.collectandgo.be/wcsstore/CollectAndGoSFAS/images/JPG/200x200/std.lang.all/57/23/asset-3485723.jpg,3074457345616809786
4884038,14428-P,BONI Pastasalad riso feta 400g,BONI Pastasalad riso feta 400g,"3,99","9,98",EUR,Y,true,,Kant- en-klaar maaltijden en verse bereidingen > Maaltijdsalades en wraps,https://www.collectandgo.be/wcsstore/CollectAndGoSFAS/images/JPG/200x200/std.lang.all/08/71/asset-3810871.jpg,3074457345616848190
4707663,31558-P,BONI Salade gemarineerde Scampi 300g,BONI Salade gemarineerde Scampi 300g,"5,99","19,97",EUR,Y,true,,Kant- en-klaar maaltijden en verse bereidingen > Maaltijdsalades en wraps,https://www.collectandgo.be/wcsstore/CollectAndGoSFAS/images/JPG/200x200/std.lang.all/97/99/asset-3489799.jpg,3074457345616812234
4579503,1192-P,FARMLAND baguette lookboter 175g,FARMLAND baguette lookboter 175g,"1,15","6,58",EUR,Y,true,,Kant- en-klaar maaltijden en verse bereidingen > Maaltijdsalades en wraps,https://www.collectandgo.be/wcsstore/CollectAndGoSFAS/images/JPG/200x200/std.lang.all/11/57/asset-2781157.jpg,3074457345616795774
4945024,40385-P,BONI Wrap balletje andalouse 210g,BONI Wrap balletje andalouse 210g,"3,49","16,62",EUR,N,true,,Kant- en-klaar maaltijden en verse bereidingen > Maaltijdsalades en wraps,https://www.collectandgo.be/wcsstore/CollectAndGoSFAS/images/JPG/200x200/std.lang.all/64/78/asset-4056478.jpg,3074457345616869588
4916129,15503-P,HERTA Croque Monsieur 200g,HERTA Croque Monsieur 200g,"4,79","23,95",EUR,Y,true,,Kant- en-klaar maaltijden en verse bereidingen > Snacks,https://www.collectandgo.be/wcsstore/CollectAndGoSFAS/images/JPG/200x200/std.lang.all/78/35/asset-3887835.jpg,3074457345616857834
2953758,38902-P,FARMLAND baguette kruidenboter 175g,FARMLAND baguette kruidenboter 175g,"1,00","5,72",EUR,Y,true,,Kant- en-klaar maaltijden en verse bereidingen > Snacks,https://www.collectandgo.be/wcsstore/CollectAndGoSFAS/images/JPG/200x200/std.lang.all/59/39/asset-2535939.jpg,3074457345616701334
4916832,4081-P,BONI Cheeseburger 2 stuks 319g,BONI Cheeseburger 2 stuks 319g,"2,00","6,27",EUR,Y,true,,Kant- en-klaar maaltijden en verse bereidingen > Snacks,https://www.collectandgo.be/wcsstore/CollectAndGoSFAS/images/JPG/200x200/std.lang.all/00/51/asset-3960051.jpg,3074457345616857890
3820839,40508-P,BONI focaccia kruidenboter 300g,BONI focaccia kruidenboter 300g,"2,99","9,97",EUR,Y,true,,Kant- en-klaar maaltijden en verse bereidingen > Snacks,https://www.collectandgo.be/wcsstore/CollectAndGoSFAS/images/JPG/200x200/std.lang.all/10/99/asset-3351099.jpg,3074457345616730144
3635306,31093-P,BONI Focaccia tomaat basilicum 2x165g,BONI Focaccia tomaat basilicum 2x165g,"2,99","9,07",EUR,Y,true,,Kant- en-klaar maaltijden en verse bereidingen > Snacks,https://www.collectandgo.be/wcsstore/CollectAndGoSFAS/images/JPG/200x200/std.lang.all/19/04/asset-3261904.jpg,3074457345616722604
1015143,27425-P,BONI kippenhapjes 500g,BONI kippenhapjes 500g,"4,50","9,00",EUR,Y,true,,Kant- en-klaar maaltijden en verse bereidingen > Snacks,https://www.collectandgo.be/wcsstore/CollectAndGoSFAS/images/JPG/200x200/std.lang.all/51/10/asset-3665110.jpg,3074457345616681260
4915008,11187-P,BONI Hotdog Ketchup Mosterd 2 stuks 218g,BONI Hotdog Ketchup Mosterd 2 stuks 218g,"2,19","10,05",EUR,Y,true,,Kant- en-klaar maaltijden en verse bereidingen > Snacks,https://www.collectandgo.be/wcsstore/CollectAndGoSFAS/images/JPG/200x200/std.lang.all/86/17/asset-3998617.jpg,3074457345616857164
4570670,20820-P,BONI focaccia paprika/olijf 2x165g,BONI focaccia paprika/olijf 2x165g,"2,99","9,07",EUR,Y,true,,Kant- en-klaar maaltijden en verse bereidingen > Snacks,https://www.collectandgo.be/wcsstore/CollectAndGoSFAS/images/JPG/200x200/std.lang.all/24/59/asset-3632459.jpg,3074457345616794622
2428191,22811-P,BONI worstenbrood 2x125g,BONI worstenbrood 2x125g,"2,49","9,96",EUR,Y,true,,Kant- en-klaar maaltijden en verse bereidingen > Snacks,https://www.collectandgo.be/wcsstore/CollectAndGoSFAS/images/JPG/200x200/std.lang.all/14/64/asset-3831464.jpg,3074457345616693344
1360542,27802-P,BONI Tortilla 500g,BONI Tortilla 500g,"4,15","8,30",EUR,Y,true,,Kant- en-klaar maaltijden en verse bereidingen > Snacks,https://www.collectandgo.be/wcsstore/CollectAndGoSFAS/images/JPG/200x200/std.lang.all/98/92/asset-879892.jpg,3074457345616683898
4717536,3288-P,DANLERS Twin Cheeseburger 275g,DANLERS Twin Cheeseburger 275g,"5,63","20,48",EUR,Y,true,,Kant- en-klaar maaltijden en verse bereidingen > Snacks,https://www.collectandgo.be/wcsstore/CollectAndGoSFAS/images/JPG/200x200/std.lang.all/77/92/asset-3207792.jpg,3074457345616814776
4165558,9780-P,BONI yakitori teryaki 5st,BONI yakitori teryaki 5st,"4,79","43,55",EUR,Y,true,,Kant- en-klaar maaltijden en verse bereidingen > Snacks,https://www.collectandgo.be/wcsstore/CollectAndGoSFAS/images/JPG/200x200/std.lang.all/11/27/asset-3351127.jpg,3074457345616731838
4199260,6522-P,BONI Aziatisch assortiment 310g,BONI Aziatisch assortiment 310g,"8,79","28,36",EUR,Y,true,,Kant- en-klaar maaltijden en verse bereidingen > Snacks,https://www.collectandgo.be/wcsstore/CollectAndGoSFAS/images/JPG/200x200/std.lang.all/27/83/asset-3352783.jpg,3074457345616686226
3532352,33339-P,BONI bladerdeegpasteitjes 20st,BONI bladerdeegpasteitjes 20st,"7,49","23,05",EUR,Y,true,,Kant- en-klaar maaltijden en verse bereidingen > Snacks,https://www.collectandgo.be/wcsstore/CollectAndGoSFAS/images/JPG/200x200/std.lang.all/39/77/asset-3943977.jpg,3074457345616718586
4717617,3825-P,DANLERS Twin Chickenburger 250g,DANLERS Twin Chickenburger 250g,"4,19","16,76",EUR,Y,true,,Kant- en-klaar maaltijden en verse bereidingen > Snacks,https://www.collectandgo.be/wcsstore/CollectAndGoSFAS/images/JPG/200x200/std.lang.all/39/74/asset-3223974.jpg,3074457345616814802
3456743,30662-P,BONI miniloempia kip 170g,BONI miniloempia kip 170g,"3,29","19,36",EUR,Y,true,,Kant- en-klaar maaltijden en verse bereidingen > Snacks,https://www.collectandgo.be/wcsstore/CollectAndGoSFAS/images/JPG/200x200/std.lang.all/72/03/asset-3797203.jpg,3074457345616713890
5597,5597-P,CAMPINA Halfvolle melk PET 1L,CAMPINA Halfvolle melk PET 1L,"1,37","1,37",EUR,Y,true,,Zuivel en plantaardige alternatieven > Melk en alternatieve dranken,https://www.collectandgo.be/wcsstore/CollectAndGoSFAS/images/JPG/200x200/nl_be/17/16/asset-3931716.jpg,3074457345616678274
3985735,3960-P,BONI PLAN'T amandeldrink suikervrij 1L,BONI PLAN'T amandeldrink suikervrij 1L,"1,49","1,49",EUR,Y,true,,Zuivel en plantaardige alternatieven > Melk en alternatieve dranken,https://www.collectandgo.be/wcsstore/CollectAndGoSFAS/images/JPG/200x200/std.lang.all/84/14/asset-3828414.jpg,3074457345616740928
3985697,3958-P,BONI PLAN'T haverdrink z.toeg.suikers 1L,BONI PLAN'T haverdrink z.toeg.suikers 1L,"1,49","1,49",EUR,Y,true,,Zuivel en plantaardige alternatieven > Melk en alternatieve dranken,https://www.collectandgo.be/wcsstore/CollectAndGoSFAS/images/JPG/200x200/std.lang.all/84/13/asset-3828413.jpg,3074457345616740874
1927381,8157-P,CAMPINA Volle melk PET 1L,CAMPINA Volle melk PET 1L,"1,75","1,75",EUR,Y,true,,Zuivel en plantaardige alternatieven > Melk en alternatieve dranken,https://www.collectandgo.be/wcsstore/CollectAndGoSFAS/images/JPG/200x200/nl_be/17/17/asset-3931717.jpg,3074457345616692532
2320554,16852-P,LIMA speltdrink natuur Bio 1L,LIMA speltdrink natuur Bio 1L,"2,49","2,49",EUR,Y,true,,Zuivel en plantaardige alternatieven > Melk en alternatieve dranken,https://www.collectandgo.be/wcsstore/CollectAndGoSFAS/images/JPG/200x200/std.lang.all/62/40/asset-1946240.jpg,3074457345616696886
3661680,40417-P,ECOMIL sp.rijst hazeln.haver dr. bio 1L,ECOMIL sp.rijst hazeln.haver dr. bio 1L,"3,79","3,79",EUR,Y,true,,Zuivel en plantaardige alternatieven > Melk en alternatieve dranken,https://www.collectandgo.be/wcsstore/CollectAndGoSFAS/images/JPG/200x200/std.lang.all/14/51/asset-2651451.jpg,3074457345616723232
4411436,25446-P,Chocomel Chocomelk 1L,CHOCOMEL brik 1L,"1,29","1,29",EUR,Y,true,,Zuivel en plantaardige alternatieven > Melk en alternatieve dranken,https://www.collectandgo.be/wcsstore/CollectAndGoSFAS/images/JPG/200x200/nl_be/03/62/asset-2520362.jpg,3074457345616773250
2235559,4393-P,CAMPINA Halfvolle melk PET 50cl,CAMPINA Halfvolle melk PET 50cl,"0,85","1,70",EUR,Y,true,,Zuivel en plantaardige alternatieven > Melk en alternatieve dranken,https://www.collectandgo.be/wcsstore/CollectAndGoSFAS/images/JPG/200x200/nl_be/85/35/asset-3918535.jpg,3074457345616689972
1318345,5613-P,ALPRO sojadrink vanille 1L,ALPRO sojadrink vanille 1L,"1,45","1,45",EUR,Y,true,,Zuivel en plantaardige alternatieven > Melk en alternatieve dranken,https://www.collectandgo.be/wcsstore/CollectAndGoSFAS/images/JPG/200x200/std.lang.all/83/99/asset-3358399.jpg,3074457345616685366
4912259,39688-P,CAMPINA Halfvol Brik 1L,CAMPINA Halfvol Brik 1L,"1,45","1,45",EUR,Y,true,,Zuivel en plantaardige alternatieven > Melk en alternatieve dranken,https://www.collectandgo.be/wcsstore/CollectAndGoSFAS/images/JPG/200x200/nl_be/91/33/asset-3869133.jpg,3074457345616855892
1100357,5662-P,FRISTI rood fruit brik 6x200ml,FRISTI rood fruit brik 6x200ml,"2,49","2,08",EUR,Y,true,,Zuivel en plantaardige alternatieven > Melk en alternatieve dranken,https://www.collectandgo.be/wcsstore/CollectAndGoSFAS/images/JPG/200x200/nl_be/05/05/asset-2520505.jpg,3074457345616681154
5595,5595-P,ALPRO sojadrink 1L,ALPRO sojadrink 1L,"1,29","1,29",EUR,Y,true,,Zuivel en plantaardige alternatieven > Melk en alternatieve dranken,https://www.collectandgo.be/wcsstore/CollectAndGoSFAS/images/JPG/200x200/std.lang.all/04/87/asset-3710487.jpg,3074457345616678270
4501884,11174-P,NUTROMA koffiemelk romig PET 500ml,NUTROMA koffiemelk romig PET 500ml,"2,85","5,70",EUR,Y,true,,Zuivel en plantaardige alternatieven > Melk en alternatieve dranken,https://www.collectandgo.be/wcsstore/CollectAndGoSFAS/images/JPG/200x200/std.lang.all/51/06/asset-2665106.jpg,3074457345616787118
4912244,39687-P,CAMPINA Volle melk Brik 1L,CAMPINA Volle melk Brik 1L,"1,65","1,65",EUR,Y,true,,Zuivel en plantaardige alternatieven > Melk en alternatieve dranken,https://www.collectandgo.be/wcsstore/CollectAndGoSFAS/images/JPG/200x200/nl_be/91/32/asset-3869132.jpg,3074457345616855890
3332828,7506-P,CAMPINA Volle melk PET 50cl,CAMPINA Volle melk PET 50cl,"1,18","2,36",EUR,Y,true,,Zuivel en plantaardige alternatieven > Melk en alternatieve dranken,https://www.collectandgo.be/wcsstore/CollectAndGoSFAS/images/JPG/200x200/nl_be/85/36/asset-3918536.jpg,3074457345616712590
3827805,21808-P,Chocomel Chocomelk 1L,CHOCOMEL less sugar brik 1L,"2,39","2,39",EUR,Y,true,,Zuivel en plantaardige alternatieven > Melk en alternatieve dranken,https://www.collectandgo.be/wcsstore/CollectAndGoSFAS/images/JPG/200x200/nl_be/03/60/asset-2520360.jpg,3074457345616728466
3245211,36734-P,ALPRO amandeldrink geroosterd Z.S. 1L,ALPRO amandeldrink geroosterd Z.S. 1L,"2,39","2,39",EUR,Y,true,,Zuivel en plantaardige alternatieven > Melk en alternatieve dranken,https://www.collectandgo.be/wcsstore/CollectAndGoSFAS/images/JPG/200x200/std.lang.all/08/53/asset-4040853.jpg,3074457345616713738
4501821,9614-P,NUTROMA koffiemelk romig PET 200ml,NUTROMA koffiemelk romig PET 200ml,"1,59","7,95",EUR,Y,true,,Zuivel en plantaardige alternatieven > Melk en alternatieve dranken,https://www.collectandgo.be/wcsstore/CollectAndGoSFAS/images/JPG/200x200/std.lang.all/51/05/asset-2665105.jpg,3074457345616787112
5635,5635-P,FRISTI rood fruit brik 1L,FRISTI rood fruit brik 1L,"1,79","1,79",EUR,Y,true,,Zuivel en plantaardige alternatieven > Melk en alternatieve dranken,https://www.collectandgo.be/wcsstore/CollectAndGoSFAS/images/JPG/200x200/nl_be/05/03/asset-2520503.jpg,3074457345616678296
5589,5589-P,ALPRO sojadrink zonder suikers 1L,ALPRO sojadrink zonder suikers 1L,"1,59","1,59",EUR,Y,true,,Zuivel en plantaardige alternatieven > Melk en alternatieve dranken,https://www.collectandgo.be/wcsstore/CollectAndGoSFAS/images/JPG/200x200/std.lang.all/12/54/asset-3711254.jpg,3074457345616678264
1350591,5626-P,ALPRO sojadrink banaan 1L,ALPRO sojadrink banaan 1L,"2,09","2,09",EUR,Y,true,,Zuivel en plantaardige alternatieven > Melk en alternatieve dranken,https://www.collectandgo.be/wcsstore/CollectAndGoSFAS/images/JPG/200x200/std.lang.all/81/07/asset-3358107.jpg,3074457345616686258
4908068,15829-P,STARBUCKS Macchiato caramel 330ml,STARBUCKS Macchiato caramel 330ml,"2,89","8,76",EUR,Y,true,,Zuivel en plantaardige alternatieven > Melk en alternatieve dranken,https://www.collectandgo.be/wcsstore/CollectAndGoSFAS/images/JPG/200x200/std.lang.all/04/64/asset-3930464.jpg,3074457345616854366
1044331,5606-P,ALPRO sojadrink choco 1L,ALPRO sojadrink choco 1L,"1,99","1,99",EUR,Y,true,,Zuivel en plantaardige alternatieven > Melk en alternatieve dranken,https://www.collectandgo.be/wcsstore/CollectAndGoSFAS/images/JPG/200x200/std.lang.all/83/98/asset-3358398.jpg,3074457345616681326
4908064,15511-P,STARBUCKS Capuccino 330ml,STARBUCKS Capuccino 330ml,"2,99","9,07",EUR,Y,true,,Zuivel en plantaardige alternatieven > Melk en alternatieve dranken,https://www.collectandgo.be/wcsstore/CollectAndGoSFAS/images/JPG/200x200/std.lang.all/04/52/asset-3930452.jpg,3074457345616854362
2175809,36014-P,ALPRO sojadrink macchiato 1L,ALPRO sojadrink macchiato 1L,"2,19","2,19",EUR,Y,true,,Zuivel en plantaardige alternatieven > Melk en alternatieve dranken,https://www.collectandgo.be/wcsstore/CollectAndGoSFAS/images/JPG/200x200/std.lang.all/04/13/asset-3950413.jpg,3074457345616690602
3517584,17970-P,ALPRO sojadrink choco 100Calories 6x25cl,ALPRO sojadrink choco 100Calories 6x25cl,"4,78","3,19",EUR,Y,true,,Zuivel en plantaardige alternatieven > Melk en alternatieve dranken,https://www.collectandgo.be/wcsstore/CollectAndGoSFAS/images/JPG/200x200/std.lang.all/83/46/asset-3838346.jpg,3074457345616714946
4709586,31800-P,CHOCOMEL chocolademelk PET 50cl,CHOCOMEL chocolademelk PET 50cl,"1,74","3,48",EUR,Y,true,,Zuivel en plantaardige alternatieven > Melk en alternatieve dranken,https://www.collectandgo.be/wcsstore/CollectAndGoSFAS/images/JPG/200x200/nl_be/55/33/asset-3155533.jpg,3074457345616812528
3152612,32071-P,NUTROMA koffiemelk romig cups 10x8ml,NUTROMA koffiemelk romig cups 10x8ml,"1,69","21,13",EUR,Y,true,,Zuivel en plantaardige alternatieven > Melk en alternatieve dranken,https://www.collectandgo.be/wcsstore/CollectAndGoSFAS/images/JPG/200x200/std.lang.all/92/20/asset-649220.jpg,3074457345616706934
3251499,8750-P,ALPRO sojadrink rode vruchten 1L,ALPRO sojadrink rode vruchten 1L,"2,19","2,19",EUR,Y,true,,Zuivel en plantaardige alternatieven > Melk en alternatieve dranken,https://www.collectandgo.be/wcsstore/CollectAndGoSFAS/images/JPG/200x200/std.lang.all/05/75/asset-3710575.jpg,3074457345616707804
4804015,37382-P,ALPRO Barista haverdrink 750ml,ALPRO Barista haverdrink 750ml,"2,55","3,40",EUR,Y,true,,Zuivel en plantaardige alternatieven > Melk en alternatieve dranken,https://www.collectandgo.be/wcsstore/CollectAndGoSFAS/images/JPG/200x200/std.lang.all/82/72/asset-3838272.jpg,3074457345616832618
4023005,5216-P,ALPRO haverdrink zonder suikers 1L,ALPRO haverdrink zonder suikers 1L,"2,79","2,79",EUR,Y,true,,Zuivel en plantaardige alternatieven > Melk en alternatieve dranken,https://www.collectandgo.be/wcsstore/CollectAndGoSFAS/images/JPG/200x200/std.lang.all/04/90/asset-3710490.jpg,3074457345616732410
3517590,17986-P,ALPRO sojadrink banaan 6x25cl,ALPRO sojadrink banaan 6x25cl,"4,38","2,92",EUR,Y,true,,Zuivel en plantaardige alternatieven > Melk en alternatieve dranken,https://www.collectandgo.be/wcsstore/CollectAndGoSFAS/images/JPG/200x200/std.lang.all/84/44/asset-3338444.jpg,3074457345616714948
2348026,18964-P,CAMPINA Magere melk 0%vg PET 50cl,CAMPINA Magere melk 0%vg PET 50cl,"1,48","2,96",EUR,Y,true,,Zuivel en plantaardige alternatieven > Melk en alternatieve dranken,https://www.collectandgo.be/wcsstore/CollectAndGoSFAS/images/JPG/200x200/nl_be/66/49/asset-3936649.jpg,3074457345616699680
4950848,41241-P,CÉCÉMEL Chocomelk Proteïne 750ml,CÉCÉMEL Chocomelk Proteïne 750ml,"3,49","4,66",EUR,Y,true,,Zuivel en plantaardige alternatieven > Melk en alternatieve dranken,https://www.collectandgo.be/wcsstore/CollectAndGoSFAS/images/JPG/200x200/std.lang.all/44/10/asset-4094410.jpg,3074457345616872342
4457061,11035-P,ALPRO This is Not Milk halfvol 1L,ALPRO This is Not Milk halfvol 1L,"2,49","2,49",EUR,Y,true,,Zuivel en plantaardige alternatieven > Melk en alternatieve dranken,https://www.collectandgo.be/wcsstore/CollectAndGoSFAS/images/JPG/200x200/std.lang.all/86/73/asset-3848673.jpg,3074457345616778284
2758013,42686-P,ALPRO amandeldrink 1L,ALPRO amandeldrink 1L,"2,79","2,79",EUR,Y,true,,Zuivel en plantaardige alternatieven > Melk en alternatieve dranken,https://www.collectandgo.be/wcsstore/CollectAndGoSFAS/images/JPG/200x200/std.lang.all/77/83/asset-3907783.jpg,3074457345616698282
4908073,16338-P,STARBUCKS Ijskoff Caffè lat Gran 330ml,STARBUCKS Ijskoff Caffè lat Gran 330ml,"3,90","11,82",EUR,Y,true,,Zuivel en plantaardige alternatieven > Melk en alternatieve dranken,https://www.collectandgo.be/wcsstore/CollectAndGoSFAS/images/JPG/200x200/std.lang.all/07/85/asset-3930785.jpg,3074457345616854368
4875446,38958-P,CÉCÉMEL Chocomelk Proteïne 300ml,CÉCÉMEL Chocomelk Proteïne 300ml,"2,25","7,50",EUR,Y,true,,Zuivel en plantaardige alternatieven > Melk en alternatieve dranken,https://www.collectandgo.be/wcsstore/CollectAndGoSFAS/images/JPG/200x200/nl_be/12/99/asset-3791299.jpg,3074457345616845972
4457045,10770-P,ALPRO This is Not Milk vol 1L,ALPRO This is Not Milk vol 1L,"2,49","2,49",EUR,Y,true,,Zuivel en plantaardige alternatieven > Melk en alternatieve dranken,https://www.collectandgo.be/wcsstore/CollectAndGoSFAS/images/JPG/200x200/std.lang.all/05/83/asset-3710583.jpg,3074457345616778278
4912277,39689-P,CAMPINA Halfvol Brik 50cl,CAMPINA Halfvol Brik 50cl,"1,19","2,38",EUR,Y,true,,Zuivel en plantaardige alternatieven > Melk en alternatieve dranken,https://www.collectandgo.be/wcsstore/CollectAndGoSFAS/images/JPG/200x200/nl_be/91/34/asset-3869134.jpg,3074457345616855894
4894219,14491-P,ALPRO Protein Chocolade 1L,ALPRO Protein Chocolade 1L,"3,25","3,25",EUR,Y,true,,Zuivel en plantaardige alternatieven > Melk en alternatieve dranken,https://www.collectandgo.be/wcsstore/CollectAndGoSFAS/images/JPG/200x200/std.lang.all/16/75/asset-3921675.jpg,3074457345616851210
4894225,14528-P,ALPRO Sojadrink Prot Vanille 1L,ALPRO Sojadrink Prot Vanille 1L,"2,99","2,99",EUR,Y,true,,Zuivel en plantaardige alternatieven > Melk en alternatieve dranken,https://www.collectandgo.be/wcsstore/CollectAndGoSFAS/images/JPG/200x200/std.lang.all/16/76/asset-3921676.jpg,3074457345616851212
3504510,14251-P,ALPRO amandeldrink ongeroosterd Z.S. 1L,ALPRO amandeldrink ongeroosterd Z.S. 1L,"3,05","3,05",EUR,Y,true,,Zuivel en plantaardige alternatieven > Melk en alternatieve dranken,https://www.collectandgo.be/wcsstore/CollectAndGoSFAS/images/JPG/200x200/std.lang.all/83/45/asset-3838345.jpg,3074457345616714574
4325226,18960-P,CÉCÉMEL lactosevrij brik 1L,CÉCÉMEL lactosevrij brik 1L,"2,59","2,59",EUR,Y,true,,Zuivel en plantaardige alternatieven > Melk en alternatieve dranken,https://www.collectandgo.be/wcsstore/CollectAndGoSFAS/images/JPG/200x200/nl_be/05/17/asset-2520517.jpg,3074457345616761034
1654501,6290-P,ALPRO sojadrink Light 1L,ALPRO sojadrink Light 1L,"2,25","2,25",EUR,Y,true,,Zuivel en plantaardige alternatieven > Melk en alternatieve dranken,https://www.collectandgo.be/wcsstore/CollectAndGoSFAS/images/JPG/200x200/std.lang.all/05/71/asset-3710571.jpg,3074457345616689372
3022829,3944-P,ALPRO amandeldrink choco 1L,ALPRO amandeldrink choco 1L,"3,95","3,95",EUR,Y,true,,Zuivel en plantaardige alternatieven > Melk en alternatieve dranken,https://www.collectandgo.be/wcsstore/CollectAndGoSFAS/images/JPG/200x200/std.lang.all/05/73/asset-3710573.jpg,3074457345616700106
5603,5603-P,NUTROMA koffiemelk romig cups 200x9ml,NUTROMA koffiemelk romig cups 200x9ml,"23,09","12,83",EUR,Y,true,,Zuivel en plantaardige alternatieven > Melk en alternatieve dranken,https://www.collectandgo.be/wcsstore/CollectAndGoSFAS/images/JPG/200x200/std.lang.all/35/35/asset-3013535.jpg,3074457345616678282
4722934,18979-P,ALPRO This Is Not Milk Chocolate 1L,ALPRO This Is Not Milk Chocolate 1L,"3,35","3,35",EUR,Y,true,,Zuivel en plantaardige alternatieven > Melk en alternatieve dranken,https://www.collectandgo.be/wcsstore/CollectAndGoSFAS/images/JPG/200x200/std.lang.all/04/11/asset-3950411.jpg,3074457345616815622
3545473,41527-P,ALPRO haverdrink 1L,ALPRO haverdrink 1L,"3,19","3,19",EUR,Y,true,,Zuivel en plantaardige alternatieven > Melk en alternatieve dranken,https://www.collectandgo.be/wcsstore/CollectAndGoSFAS/images/JPG/200x200/std.lang.all/07/24/asset-3710724.jpg,3074457345616718314
4940743,39874-P,ALPRO Haverdrink Ongesuik. Bio 1L,ALPRO Haverdrink Ongesuik. Bio 1L,"3,29","3,29",EUR,Y,true,,Zuivel en plantaardige alternatieven > Melk en alternatieve dranken,https://www.collectandgo.be/wcsstore/CollectAndGoSFAS/images/JPG/200x200/std.lang.all/12/55/asset-4091255.jpg,3074457345616868834
1166498,1919-P,LIMA rijstdrink Original Bio 1L,LIMA rijstdrink Original Bio 1L,"2,19","2,19",EUR,Y,true,,Zuivel en plantaardige alternatieven > Melk en alternatieve dranken,https://www.collectandgo.be/wcsstore/CollectAndGoSFAS/images/JPG/200x200/std.lang.all/62/34/asset-1946234.jpg,3074457345616682396
4510479,28203-P,LIMA rijstdrink met kokos Bio 1L,LIMA rijstdrink met kokos Bio 1L,"2,99","2,99",EUR,Y,true,,Zuivel en plantaardige alternatieven > Melk en alternatieve dranken,https://www.collectandgo.be/wcsstore/CollectAndGoSFAS/images/JPG/200x200/std.lang.all/64/33/asset-2686433.jpg,3074457345616789304
2158929,1701-P,LIMA rijstdrink met vanille Bio 1L,LIMA rijstdrink met vanille Bio 1L,"2,69","2,69",EUR,Y,true,,Zuivel en plantaardige alternatieven > Melk en alternatieve dranken,https://www.collectandgo.be/wcsstore/CollectAndGoSFAS/images/JPG/200x200/std.lang.all/62/38/asset-1946238.jpg,3074457345616690540
1176337,2587-P,LIMA rijstdrink hazelnoot-amandel bio 1L,LIMA rijstdrink hazelnoot-amandel bio 1L,"3,29","3,29",EUR,Y,true,,Zuivel en plantaardige alternatieven > Melk en alternatieve dranken,https://www.collectandgo.be/wcsstore/CollectAndGoSFAS/images/JPG/200x200/std.lang.all/62/35/asset-1946235.jpg,3074457345616685586
4851501,38468-P,BONI PLAN'T Sojadrank natuur 1L,BONI PLAN'T Sojadrank natuur 1L,"0,64","0,64",EUR,Y,true,,Zuivel en plantaardige alternatieven > Melk en alternatieve dranken,https://www.collectandgo.be/wcsstore/CollectAndGoSFAS/images/JPG/200x200/std.lang.all/18/44/asset-3921844.jpg,3074457345616842410
3708928,16920-P,BONI PLAN'T amandeldrink 1L,BONI PLAN'T amandeldrink 1L,"1,40","1,40",EUR,Y,true,,Zuivel en plantaardige alternatieven > Melk en alternatieve dranken,https://www.collectandgo.be/wcsstore/CollectAndGoSFAS/images/JPG/200x200/std.lang.all/84/12/asset-3828412.jpg,3074457345616726982
4418254,22342-P,BONI PLAN'T Haverdrink suikervrij 1L,BONI PLAN'T Haverdrink suikervrij 1L,"1,49","1,49",EUR,Y,true,,Zuivel en plantaardige alternatieven > Melk en alternatieve dranken,https://www.collectandgo.be/wcsstore/CollectAndGoSFAS/images/JPG/200x200/std.lang.all/85/15/asset-3828515.jpg,3074457345616774986
2239719,3913-P,BONI PLAN'T sojadr. z.toe.suikers Bio 1L,BONI PLAN'T sojadr. z.toe.suikers Bio 1L,"0,68","0,68",EUR,Y,true,,Zuivel en plantaardige alternatieven > Melk en alternatieve dranken,https://www.collectandgo.be/wcsstore/CollectAndGoSFAS/images/JPG/200x200/std.lang.all/25/03/asset-3932503.jpg,3074457345616692426
3130349,3772-P,ALPRO kokosnootdrink 1L,ALPRO kokosnootdrink 1L,"2,59","2,59",EUR,Y,true,,Zuivel en plantaardige alternatieven > Melk en alternatieve dranken,https://www.collectandgo.be/wcsstore/CollectAndGoSFAS/images/JPG/200x200/std.lang.all/84/01/asset-3358401.jpg,3074457345616705982
4720456,11979-P,BONI PLAN'T Sojadrink vanille 3x20cl,BONI PLAN'T Sojadrink vanille 3x20cl,"1,59","2,65",EUR,Y,true,,Zuivel en plantaardige alternatieven > Melk en alternatieve dranken,https://www.collectandgo.be/wcsstore/CollectAndGoSFAS/images/JPG/200x200/std.lang.all/04/85/asset-3930485.jpg,3074457345616815324
4927538,2348-P,ALPRO Barista kokosdrink 750ml,ALPRO Barista kokosdrink 750ml,"2,39","3,19",EUR,Y,true,,Zuivel en plantaardige alternatieven > Melk en alternatieve dranken,https://www.collectandgo.be/wcsstore/CollectAndGoSFAS/images/JPG/200x200/std.lang.all/14/27/asset-4091427.jpg,3074457345616860480
4709578,31798-P,CÉCÉMEL plantaardig chocoladedrink 1L,CÉCÉMEL plantaardig chocoladedrink 1L,"2,99","2,99",EUR,Y,true,,Zuivel en plantaardige alternatieven > Melk en alternatieve dranken,https://www.collectandgo.be/wcsstore/CollectAndGoSFAS/images/JPG/200x200/nl_be/93/67/asset-3169367.jpg,3074457345616812526
2239726,3912-P,BONI PLAN'T rijstdrank natuur Bio 1L,BONI PLAN'T rijstdrank natuur Bio 1L,"1,49","1,49",EUR,Y,true,,Zuivel en plantaardige alternatieven > Melk en alternatieve dranken,https://www.collectandgo.be/wcsstore/CollectAndGoSFAS/images/JPG/200x200/std.lang.all/93/29/asset-3929329.jpg,3074457345616692428
3302695,18044-P,ECOMIL kokosn.melk nat. suikervr. bio 1L,ECOMIL kokosn.melk nat. suikervr. bio 1L,"3,25","3,25",EUR,Y,true,,Zuivel en plantaardige alternatieven > Melk en alternatieve dranken,https://www.collectandgo.be/wcsstore/CollectAndGoSFAS/images/JPG/200x200/std.lang.all/66/88/asset-2656688.jpg,3074457345616709490
3708913,16809-P,BONI PLAN'T Rijstdrink z.toeg.suikers 1L,BONI PLAN'T Rijstdrink z.toeg.suikers 1L,"1,34","1,34",EUR,Y,true,,Zuivel en plantaardige alternatieven > Melk en alternatieve dranken,https://www.collectandgo.be/wcsstore/CollectAndGoSFAS/images/JPG/200x200/std.lang.all/87/21/asset-3828721.jpg,3074457345616726932
1179794,2932-P,LIMA haverdrink natuur Bio 1L,LIMA haverdrink natuur Bio 1L,"2,49","2,49",EUR,Y,true,,Zuivel en plantaardige alternatieven > Melk en alternatieve dranken,https://www.collectandgo.be/wcsstore/CollectAndGoSFAS/images/JPG/200x200/std.lang.all/62/15/asset-1946215.jpg,3074457345616679616
2158930,1702-P,LIMA haverdrink met vanille Bio 1L,LIMA haverdrink met vanille Bio 1L,"2,89","2,89",EUR,Y,true,,Zuivel en plantaardige alternatieven > Melk en alternatieve dranken,https://www.collectandgo.be/wcsstore/CollectAndGoSFAS/images/JPG/200x200/std.lang.all/62/39/asset-1946239.jpg,3074457345616690542
3659515,17260-P,LIMA haverdrink glutenvrij Bio 1L,LIMA haverdrink glutenvrij Bio 1L,"2,49","2,49",EUR,Y,true,,Zuivel en plantaardige alternatieven > Melk en alternatieve dranken,https://www.collectandgo.be/wcsstore/CollectAndGoSFAS/images/JPG/200x200/std.lang.all/60/77/asset-1946077.jpg,3074457345616723268
4163979,9724-P,LIMA Bio Gierst drink 1L,LIMA Bio Gierst drink 1L,"3,25","3,25",EUR,Y,true,,Zuivel en plantaardige alternatieven > Melk en alternatieve dranken,https://www.collectandgo.be/wcsstore/CollectAndGoSFAS/images/JPG/200x200/std.lang.all/67/25/asset-1996725.jpg,3074457345616731770
4709298,31758-P,CAMPINA plantaardig amandeldrink 1L,CAMPINA plantaardig amandeldrink 1L,"3,75","3,75",EUR,Y,true,,Zuivel en plantaardige alternatieven > Melk en alternatieve dranken,https://www.collectandgo.be/wcsstore/CollectAndGoSFAS/images/JPG/200x200/nl_be/83/94/asset-3178394.jpg,3074457345616812480
1166225,1895-P,LIMA sojadrink natuur Bio 1L,LIMA sojadrink natuur Bio 1L,"1,99","1,99",EUR,Y,true,,Zuivel en plantaardige alternatieven > Melk en alternatieve dranken,https://www.collectandgo.be/wcsstore/CollectAndGoSFAS/images/JPG/200x200/std.lang.all/62/33/asset-1946233.jpg,3074457345616682380
2846378,23698-P,ECOMIL amandel natuur suikervrij bio 1L,ECOMIL amandel natuur suikervrij bio 1L,"3,27","3,27",EUR,Y,true,,Zuivel en plantaardige alternatieven > Melk en alternatieve dranken,https://www.collectandgo.be/wcsstore/CollectAndGoSFAS/images/JPG/200x200/std.lang.all/66/85/asset-2656685.jpg,3074457345616700880
1907354,7967-P,NESTLÉ gecond.melk met suiker blik 305ml,NESTLÉ gecond.melk met suiker blik 305ml,"4,15","13,61",EUR,Y,true,,Zuivel en plantaardige alternatieven > Melk en alternatieve dranken,https://www.collectandgo.be/wcsstore/CollectAndGoSFAS/images/JPG/200x200/std.lang.all/79/31/asset-2947931.jpg,3074457345616691990
5810,5810-P,NESTLÉ gecondens. melk suiker tube 131ml,NESTLÉ gecondens. melk suiker tube 131ml,"2,65","20,23",EUR,Y,true,,Zuivel en plantaardige alternatieven > Melk en alternatieve dranken,https://www.collectandgo.be/wcsstore/CollectAndGoSFAS/images/JPG/200x200/std.lang.all/46/55/asset-3004655.jpg,3074457345616678304
4703865,31274-P,FAIREBEL volle chocomelk brik 25cl,FAIREBEL volle chocomelk brik 25cl,"1,15","4,60",EUR,Y,true,,Zuivel en plantaardige alternatieven > Melk en alternatieve dranken,https://www.collectandgo.be/wcsstore/CollectAndGoSFAS/images/JPG/200x200/std.lang.all/08/59/asset-3150859.jpg,3074457345616811170
4557817,26953-P,LACTEL halfvolle geitenmelk 50cl,LACTEL halfvolle geitenmelk 50cl,"2,05","4,10",EUR,Y,true,,Zuivel en plantaardige alternatieven > Melk en alternatieve dranken,https://www.collectandgo.be/wcsstore/CollectAndGoSFAS/images/JPG/200x200/std.lang.all/30/91/asset-3193091.jpg,3074457345616793836
4709291,31756-P,CAMPINA plantaardig haverdrink 1L,CAMPINA plantaardig haverdrink 1L,"3,35","3,35",EUR,Y,true,,Zuivel en plantaardige alternatieven > Melk en alternatieve dranken,https://www.collectandgo.be/wcsstore/CollectAndGoSFAS/images/JPG/200x200/nl_be/83/17/asset-3178317.jpg,3074457345616812476
4894129,14323-P,VANILIVIT Melkdrank Vanille rPET 50cl,VANILIVIT Melkdrank Vanille rPET 50cl,"3,11","6,22",EUR,Y,true,,Zuivel en plantaardige alternatieven > Melk en alternatieve dranken,https://www.collectandgo.be/wcsstore/CollectAndGoSFAS/images/JPG/200x200/std.lang.all/34/93/asset-3923493.jpg,3074457345616851198
4829549,6638-P,NESTLÉ COFFEE-MATE Creamer Original 550g,NESTLÉ COFFEE-MATE Creamer Original 550g,"8,15","14,82",EUR,Y,true,,Zuivel en plantaardige alternatieven > Melk en alternatieve dranken,https://www.collectandgo.be/wcsstore/CollectAndGoSFAS/images/JPG/200x200/std.lang.all/30/31/asset-3943031.jpg,3074457345616837766
4913311,1063-P,NESTLÉ 4% V.G. 210g,NESTLÉ 4% V.G. 210g,"4,19","21,38",EUR,Y,true,,Zuivel en plantaardige alternatieven > Melk en alternatieve dranken,https://www.collectandgo.be/wcsstore/CollectAndGoSFAS/images/JPG/200x200/std.lang.all/86/08/asset-3928608.jpg,3074457345616856168
2166543,1095-P,LIMA haverdrink choco Bio 1L,LIMA haverdrink choco Bio 1L,"3,09","3,09",EUR,Y,true,,Zuivel en plantaardige alternatieven > Melk en alternatieve dranken,https://www.collectandgo.be/wcsstore/CollectAndGoSFAS/images/JPG/200x200/std.lang.all/73/64/asset-2317364.jpg,3074457345616697300
3049153,25728-P,FAIREBEL volle melk brik 1L,FAIREBEL volle melk brik 1L,"1,60","1,60",EUR,Y,true,,Zuivel en plantaardige alternatieven > Melk en alternatieve dranken,https://www.collectandgo.be/wcsstore/CollectAndGoSFAS/images/JPG/200x200/std.lang.all/51/90/asset-2635190.jpg,3074457345616704110
4783948,32299-P,OATLY! Haverdrink Barista Edition 1L,OATLY! Haverdrink Barista Edition 1L,"2,99","2,99",EUR,Y,true,,Zuivel en plantaardige alternatieven > Melk en alternatieve dranken,https://www.collectandgo.be/wcsstore/CollectAndGoSFAS/images/JPG/200x200/std.lang.all/28/80/asset-3382880.jpg,3074457345616827118
4864146,38708-P,OATLY! Haverdrink Barista Edition 500ml,OATLY! Haverdrink Barista Edition 500ml,"1,79","3,58",EUR,Y,true,,Zuivel en plantaardige alternatieven > Melk en alternatieve dranken,https://www.collectandgo.be/wcsstore/CollectAndGoSFAS/images/JPG/200x200/std.lang.all/98/22/asset-3739822.jpg,3074457345616844386
4783947,31994-P,OATLY! Haverdrink halfvol 1L,OATLY! Haverdrink halfvol 1L,"2,99","2,99",EUR,Y,true,,Zuivel en plantaardige alternatieven > Melk en alternatieve dranken,https://www.collectandgo.be/wcsstore/CollectAndGoSFAS/images/JPG/200x200/std.lang.all/28/79/asset-3382879.jpg,3074457345616827116
4803605,37355-P,HIPRO Drink Chocolade UHT 330ml,HIPRO Drink Chocolade UHT 330ml,"3,25","9,85",EUR,Y,true,,Zuivel en plantaardige alternatieven > Melk en alternatieve dranken,https://www.collectandgo.be/wcsstore/CollectAndGoSFAS/images/JPG/200x200/std.lang.all/10/92/asset-3451092.jpg,3074457345616832570
2349232,21725-P,FAIREBEL halfvolle melk brik 1L,FAIREBEL halfvolle melk brik 1L,"1,35","1,35",EUR,Y,true,,Zuivel en plantaardige alternatieven > Melk en alternatieve dranken,https://www.collectandgo.be/wcsstore/CollectAndGoSFAS/images/JPG/200x200/std.lang.all/49/40/asset-2634940.jpg,3074457345616696992
5577,5577-P,CHOCOVIT magere chocomelk fles 50cl,CHOCOVIT magere chocomelk fles 50cl,"2,15","4,30",EUR,Y,true,,Zuivel en plantaardige alternatieven > Melk en alternatieve dranken,https://www.collectandgo.be/wcsstore/CollectAndGoSFAS/images/JPG/200x200/std.lang.all/55/36/asset-4045536.jpg,3074457345616678258
4484787,21408-P,ZUIVELRIJCK halfvol. koffiemelk Bio 200g,ZUIVELRIJCK halfvol. koffiemelk Bio 200g,"1,99","9,95",EUR,Y,true,,Zuivel en plantaardige alternatieven > Melk en alternatieve dranken,https://www.collectandgo.be/wcsstore/CollectAndGoSFAS/images/JPG/200x200/std.lang.all/89/29/asset-2488929.jpg,3074457345616781910
4949191,40916-P,"ANDECHSER Geitenmelk HV 1,5% Bio 1L","ANDECHSER Geitenmelk HV 1,5% Bio 1L","4,19","4,19",EUR,Y,true,,Zuivel en plantaardige alternatieven > Melk en alternatieve dranken,,3074457345616872030
4923629,15160-P,THE BRIDGE rijstdrank cacao Bio 25cl,THE BRIDGE rijstdrank cacao Bio 25cl,"1,05","4,20",EUR,Y,true,,Zuivel en plantaardige alternatieven > Melk en alternatieve dranken,https://www.collectandgo.be/wcsstore/CollectAndGoSFAS/images/JPG/200x200/std.lang.all/14/31/asset-3911431.jpg,3074457345616859508
4099865,1503-P,SOBBEKE lactosevrije melk halfvol Bio 1L,SOBBEKE lactosevrije melk halfvol Bio 1L,"3,39","3,39",EUR,Y,true,,Zuivel en plantaardige alternatieven > Melk en alternatieve dranken,https://www.collectandgo.be/wcsstore/CollectAndGoSFAS/images/JPG/200x200/std.lang.all/11/62/asset-1801162.jpg,3074457345616736494
4099893,1800-P,SOBBEKE lactosevrije melk vol Bio 1L,SOBBEKE lactosevrije melk vol Bio 1L,"3,69","3,69",EUR,Y,true,,Zuivel en plantaardige alternatieven > Melk en alternatieve dranken,https://www.collectandgo.be/wcsstore/CollectAndGoSFAS/images/JPG/200x200/std.lang.all/11/63/asset-1801163.jpg,3074457345616736498
4066699,1599-P,BONI halfvolle melk PET 50cl,BONI halfvolle melk PET 50cl,"0,65","1,30",EUR,Y,true,,Zuivel en plantaardige alternatieven > Melk en alternatieve dranken,https://www.collectandgo.be/wcsstore/CollectAndGoSFAS/images/JPG/200x200/nl_be/98/96/asset-3209896.jpg,3074457345616735158
4066706,1610-P,BONI halfvolle melk PET 1L,BONI halfvolle melk PET 1L,"1,14","1,14",EUR,Y,true,,Zuivel en plantaardige alternatieven > Melk en alternatieve dranken,https://www.collectandgo.be/wcsstore/CollectAndGoSFAS/images/JPG/200x200/std.lang.all/04/40/asset-4080440.jpg,3074457345616735160
4066796,1651-P,BONI volle melk PET 1L,BONI volle melk PET 1L,"1,31","1,31",EUR,Y,true,,Zuivel en plantaardige alternatieven > Melk en alternatieve dranken,https://www.collectandgo.be/wcsstore/CollectAndGoSFAS/images/JPG/200x200/std.lang.all/48/25/asset-4034825.jpg,3074457345616734224
4066774,1634-P,BONI volle melk 50cl,BONI volle melk 50cl,"0,75","1,50",EUR,Y,true,,Zuivel en plantaardige alternatieven > Melk en alternatieve dranken,https://www.collectandgo.be/wcsstore/CollectAndGoSFAS/images/JPG/200x200/nl_be/98/97/asset-3209897.jpg,3074457345616734222
1161562,5671-P,BONI BIO Halfvolle melk brik 1L,BONI BIO Halfvolle melk brik 1L,"1,29","1,29",EUR,Y,true,,Zuivel en plantaardige alternatieven > Melk en alternatieve dranken,https://www.collectandgo.be/wcsstore/CollectAndGoSFAS/images/JPG/200x200/std.lang.all/83/76/asset-3028376.jpg,3074457345616682128
5588,5588-P,BONI Halfvolle melk Ardennen brik 1L,BONI Halfvolle melk Ardennen brik 1L,"1,05","1,05",EUR,Y,true,,Zuivel en plantaardige alternatieven > Melk en alternatieve dranken,https://www.collectandgo.be/wcsstore/CollectAndGoSFAS/images/JPG/200x200/nl_be/81/12/asset-3028112.jpg,3074457345616678262
4759915,9604-P,BONI ijskoffie Latte Macchiato 330ml,BONI ijskoffie Latte Macchiato 330ml,"1,19","3,61",EUR,Y,true,,Zuivel en plantaardige alternatieven > Melk en alternatieve dranken,https://www.collectandgo.be/wcsstore/CollectAndGoSFAS/images/JPG/200x200/std.lang.all/27/06/asset-3872706.jpg,3074457345616823632
4759901,9513-P,BONI ijskoffie Cappuccino 330ml,BONI ijskoffie Cappuccino 330ml,"1,09","3,31",EUR,Y,true,,Zuivel en plantaardige alternatieven > Melk en alternatieve dranken,https://www.collectandgo.be/wcsstore/CollectAndGoSFAS/images/JPG/200x200/std.lang.all/27/08/asset-3872708.jpg,3074457345616823628
4759949,9804-P,BONI Ijskoffie Espresso 330ml,BONI Ijskoffie Espresso 330ml,"1,19","3,61",EUR,Y,true,,Zuivel en plantaardige alternatieven > Melk en alternatieve dranken,https://www.collectandgo.be/wcsstore/CollectAndGoSFAS/images/JPG/200x200/std.lang.all/22/94/asset-3802294.jpg,3074457345616823636
4759957,9872-P,BONI Ijskoffie Latte machiat.Cara. 330ml,BONI Ijskoffie Latte machiat.Cara. 330ml,"1,19","3,61",EUR,Y,true,,Zuivel en plantaardige alternatieven > Melk en alternatieve dranken,https://www.collectandgo.be/wcsstore/CollectAndGoSFAS/images/JPG/200x200/std.lang.all/27/07/asset-3872707.jpg,3074457345616823638
4466993,26878-P,BONI koffiemelk romig PET 471ml,BONI koffiemelk romig PET 471ml,"2,15","4,57",EUR,Y,true,,Zuivel en plantaardige alternatieven > Melk en alternatieve dranken,https://www.collectandgo.be/wcsstore/CollectAndGoSFAS/images/JPG/200x200/std.lang.all/96/87/asset-3969687.jpg,3074457345616778738
3700265,10360-P,BONI BIO volle melk brik 1L,BONI BIO volle melk brik 1L,"1,79","1,79",EUR,Y,true,,Zuivel en plantaardige alternatieven > Melk en alternatieve dranken,https://www.collectandgo.be/wcsstore/CollectAndGoSFAS/images/JPG/200x200/std.lang.all/81/43/asset-3028143.jpg,3074457345616750130
4066696,1481-P,BONI magere melk PET 1L,BONI magere melk PET 1L,"1,09","1,09",EUR,Y,true,,Zuivel en plantaardige alternatieven > Melk en alternatieve dranken,https://www.collectandgo.be/wcsstore/CollectAndGoSFAS/images/JPG/200x200/std.lang.all/63/23/asset-3916323.jpg,3074457345616735156
4063346,7051-P,BONI halfvolle melk brik 6x20cl,BONI halfvolle melk brik 6x20cl,"1,99","1,66",EUR,Y,true,,Zuivel en plantaardige alternatieven > Melk en alternatieve dranken,https://www.collectandgo.be/wcsstore/CollectAndGoSFAS/images/JPG/200x200/std.lang.all/53/82/asset-3215382.jpg,3074457345616736678
1908624,8147-P,DILEA ZERO LACTOSE melk halfvol brik 1L,DILEA ZERO LACTOSE melk halfvol brik 1L,"2,78","2,78",EUR,Y,true,,Zuivel en plantaardige alternatieven > Melk en alternatieve dranken,https://www.collectandgo.be/wcsstore/CollectAndGoSFAS/images/JPG/200x200/std.lang.all/63/78/asset-2776378.jpg,3074457345616691744
5657,5657-P,"GRAINDOR koffieroom cups 240x9,8ml","GRAINDOR koffieroom cups 240x9,8ml","14,99","6,38",EUR,Y,true,,Zuivel en plantaardige alternatieven > Melk en alternatieve dranken,https://www.collectandgo.be/wcsstore/CollectAndGoSFAS/images/JPG/200x200/std.lang.all/24/05/asset-4032405.jpg,3074457345616678302
1377407,5585-P,EVERYDAY halfvolle chocomelk brik 1L,EVERYDAY halfvolle chocomelk brik 1L,"0,99","0,99",EUR,Y,true,,Zuivel en plantaardige alternatieven > Melk en alternatieve dranken,https://www.collectandgo.be/wcsstore/CollectAndGoSFAS/images/JPG/200x200/std.lang.all/29/63/asset-3532963.jpg,3074457345616683956
4108165,8657-P,ECOMIL Barista haver Bio 1L,ECOMIL Barista haver Bio 1L,"2,79","2,79",EUR,Y,true,,Zuivel en plantaardige alternatieven > Melk en alternatieve dranken,https://www.collectandgo.be/wcsstore/CollectAndGoSFAS/images/JPG/200x200/std.lang.all/65/91/asset-2656591.jpg,3074457345616738224
2318063,17691-P,EVERYDAY Volle melk brik 1L,EVERYDAY Volle melk brik 1L,"0,95","0,95",EUR,Y,true,,Zuivel en plantaardige alternatieven > Melk en alternatieve dranken,https://www.collectandgo.be/wcsstore/CollectAndGoSFAS/images/JPG/200x200/std.lang.all/31/44/asset-3623144.jpg,3074457345616699136
4862636,24583-P,EVERYDAY Halfvolle melk brik 1L,EVERYDAY Halfvolle melk brik 1L,"0,85","0,85",EUR,Y,true,,Zuivel en plantaardige alternatieven > Melk en alternatieve dranken,,3074457345616844252
5572,5572-P,EVERYDAY Halfvolle melk brik 1L,EVERYDAY Halfvolle melk brik 1L,"0,85","0,85",EUR,Y,true,,Zuivel en plantaardige alternatieven > Melk en alternatieve dranken,https://www.collectandgo.be/wcsstore/CollectAndGoSFAS/images/JPG/200x200/std.lang.all/16/53/asset-1391653.jpg,3074457345616678256
4063374,7054-P,BONI melk lactosevrij brik 1L,BONI melk lactosevrij brik 1L,"1,15","1,15",EUR,Y,true,,Zuivel en plantaardige alternatieven > Melk en alternatieve dranken,https://www.collectandgo.be/wcsstore/CollectAndGoSFAS/images/JPG/200x200/nl_be/17/43/asset-4011743.jpg,3074457345616742566
1006113,5563-P,EVERYDAY magere melk brik 1L,EVERYDAY magere melk brik 1L,"0,75","0,75",EUR,Y,true,,Zuivel en plantaardige alternatieven > Melk en alternatieve dranken,https://www.collectandgo.be/wcsstore/CollectAndGoSFAS/images/JPG/200x200/std.lang.all/17/71/asset-1391771.jpg,3074457345616681534
4688115,30631-P,EVERYDAY Volle melk brik 1L,EVERYDAY Volle melk brik 1L,"0,95","0,95",EUR,Y,true,,Zuivel en plantaardige alternatieven > Melk en alternatieve dranken,https://www.collectandgo.be/wcsstore/CollectAndGoSFAS/images/JPG/200x200/std.lang.all/42/81/asset-2844281.jpg,3074457345616809172
1236119,5675-P,EVERYDAY koffieroom cups 20x10g,EVERYDAY koffieroom cups 20x10g,"0,91","4,55",EUR,Y,true,,Zuivel en plantaardige alternatieven > Melk en alternatieve dranken,https://www.collectandgo.be/wcsstore/CollectAndGoSFAS/images/JPG/200x200/std.lang.all/05/54/asset-540554.jpg,3074457345616684478
2503714,3173-P,EVERYDAY aardbeidrink brik 6x20cl,EVERYDAY aardbeidrink brik 6x20cl,"1,59","1,33",EUR,Y,true,,Zuivel en plantaardige alternatieven > Melk en alternatieve dranken,https://www.collectandgo.be/wcsstore/CollectAndGoSFAS/images/JPG/200x200/std.lang.all/99/52/asset-1549952.jpg,3074457345616696472
5652,5652-P,EVERYDAY koffiemelk glas 250ml,EVERYDAY koffiemelk glas 250ml,"1,09","4,36",EUR,Y,true,,Zuivel en plantaardige alternatieven > Melk en alternatieve dranken,https://www.collectandgo.be/wcsstore/CollectAndGoSFAS/images/JPG/200x200/std.lang.all/29/78/asset-532978.jpg,3074457345616678300
2539746,39772-P,BONI melk vol vers brik 1L,BONI melk vol vers brik 1L,"1,49","1,49",EUR,Y,true,,Zuivel en plantaardige alternatieven > Melk en alternatieve dranken,https://www.collectandgo.be/wcsstore/CollectAndGoSFAS/images/JPG/200x200/std.lang.all/53/84/asset-2915384.jpg,3074457345616696764
1156586,5584-P,EVERYDAY Aardbeidrink brik 1L,EVERYDAY Aardbeidrink brik 1L,"1,19","1,19",EUR,Y,true,,Zuivel en plantaardige alternatieven > Melk en alternatieve dranken,https://www.collectandgo.be/wcsstore/CollectAndGoSFAS/images/JPG/200x200/std.lang.all/17/76/asset-1391776.jpg,3074457345616679662
4481519,17725-P,BONI Lactosevrije halfvolle melk 3x20cl,BONI Lactosevrije halfvolle melk 3x20cl,"1,40","2,34",EUR,Y,true,,Zuivel en plantaardige alternatieven > Melk en alternatieve dranken,https://www.collectandgo.be/wcsstore/CollectAndGoSFAS/images/JPG/200x200/nl_be/68/66/asset-3986866.jpg,3074457345616781702
2282307,3068-P,BONI melk halfvol vers brik 1L,BONI melk halfvol vers brik 1L,"1,45","1,45",EUR,Y,true,,Zuivel en plantaardige alternatieven > Melk en alternatieve dranken,https://www.collectandgo.be/wcsstore/CollectAndGoSFAS/images/JPG/200x200/nl_be/35/60/asset-3033560.jpg,3074457345616694116
1783624,33929-P,CHATAR gefermenteerde melk Brik 1L,CHATAR gefermenteerde melk Brik 1L,"2,11","2,11",EUR,Y,true,,Zuivel en plantaardige alternatieven > Melk en alternatieve dranken,https://www.collectandgo.be/wcsstore/CollectAndGoSFAS/images/JPG/200x200/std.lang.all/19/86/asset-1391986.jpg,3074457345616691904
4720475,12164-P,BONI PLAN'T Sojadrink chocolade 3x20cl,BONI PLAN'T Sojadrink chocolade 3x20cl,"1,59","2,65",EUR,Y,true,,Zuivel en plantaardige alternatieven > Melk en alternatieve dranken,https://www.collectandgo.be/wcsstore/CollectAndGoSFAS/images/JPG/200x200/std.lang.all/04/86/asset-3930486.jpg,3074457345616815330
4925243,23547-P,NUTROMA Ijskoffie Latte 250ml,NUTROMA Ijskoffie Latte 250ml,"2,27","9,08",EUR,Y,true,,Zuivel en plantaardige alternatieven > Melk en alternatieve dranken,https://www.collectandgo.be/wcsstore/CollectAndGoSFAS/images/JPG/200x200/std.lang.all/39/69/asset-4033969.jpg,3074457345616860062
4923632,15175-P,THE BRIDGE rijstdrank amandel Bio 25cl,THE BRIDGE rijstdrank amandel Bio 25cl,"1,05","4,20",EUR,Y,true,,Zuivel en plantaardige alternatieven > Melk en alternatieve dranken,https://www.collectandgo.be/wcsstore/CollectAndGoSFAS/images/JPG/200x200/std.lang.all/28/18/asset-3902818.jpg,3074457345616859510
1100356,5661-P,CÉCÉMEL chocomelk brik 6x20cl,CÉCÉMEL chocomelk brik 6x20cl,"2,59","2,16",EUR,Y,true,,Zuivel en plantaardige alternatieven > Melk en alternatieve dranken,https://www.collectandgo.be/wcsstore/CollectAndGoSFAS/images/JPG/200x200/nl_be/05/04/asset-2520504.jpg,3074457345616681152
3827796,21806-P,CÉCÉMEL less sugar brik 6x20cl,CÉCÉMEL less sugar brik 6x20cl,"3,55","2,96",EUR,Y,true,,Zuivel en plantaardige alternatieven > Melk en alternatieve dranken,https://www.collectandgo.be/wcsstore/CollectAndGoSFAS/images/JPG/200x200/nl_be/03/59/asset-2520359.jpg,3074457345616728464
2181336,6776-P,CÉCÉMEL chocolademelk PET 30cl,CÉCÉMEL chocolademelk PET 30cl,"1,55","5,17",EUR,Y,true,,Zuivel en plantaardige alternatieven > Melk en alternatieve dranken,https://www.collectandgo.be/wcsstore/CollectAndGoSFAS/images/JPG/200x200/nl_be/53/49/asset-2525349.jpg,3074457345616695878
3827789,21803-P,CÉCÉMEL less sugar pet 30cl,CÉCÉMEL less sugar pet 30cl,"1,97","6,57",EUR,Y,true,,Zuivel en plantaardige alternatieven > Melk en alternatieve dranken,https://www.collectandgo.be/wcsstore/CollectAndGoSFAS/images/JPG/200x200/nl_be/03/58/asset-2520358.jpg,3074457345616728462
4417863,21826-P,BONI halfvolle chocomelk PET 50cl,BONI halfvolle chocomelk PET 50cl,"1,15","2,30",EUR,Y,true,,Zuivel en plantaardige alternatieven > Melk en alternatieve dranken,https://www.collectandgo.be/wcsstore/CollectAndGoSFAS/images/JPG/200x200/nl_be/60/34/asset-3946034.jpg,3074457345616774960
2917950,9167-P,EVERYDAY halfvolle chocomelk brik 6x20cl,EVERYDAY halfvolle chocomelk brik 6x20cl,"1,48","1,24",EUR,Y,true,,Zuivel en plantaardige alternatieven > Melk en alternatieve dranken,https://www.collectandgo.be/wcsstore/CollectAndGoSFAS/images/JPG/200x200/nl_be/51/95/asset-555195.jpg,3074457345616702676
26282,26282-P,BALADE Karnemelk natuur 1L,BALADE Karnemelk natuur 1L,"2,95","2,95",EUR,Y,true,,Zuivel en plantaardige alternatieven > Melk en alternatieve dranken,https://www.collectandgo.be/wcsstore/CollectAndGoSFAS/images/JPG/200x200/std.lang.all/47/25/asset-4074725.jpg,3074457345616679176
26281,26281-P,BALADE Karnemelk gesuikerd 1L,BALADE Karnemelk gesuikerd 1L,"4,31","4,31",EUR,Y,true,,Zuivel en plantaardige alternatieven > Melk en alternatieve dranken,https://www.collectandgo.be/wcsstore/CollectAndGoSFAS/images/JPG/200x200/std.lang.all/47/24/asset-4074724.jpg,3074457345616679174
5593,5593-P,EVERYDAY Halfvolle melk brik 1L,EVERYDAY Halfvolle melk brik 1L,"0,85","0,85",EUR,N,true,,Zuivel en plantaardige alternatieven > Melk en alternatieve dranken,https://www.collectandgo.be/wcsstore/CollectAndGoSFAS/images/JPG/200x200/std.lang.all/31/43/asset-3623143.jpg,3074457345616678268
4509545,28174-P,ALPRO op te kloppen 25cl,ALPRO op te kloppen 25cl,"3,54","14,16",EUR,Y,true,,Zuivel en plantaardige alternatieven > Room en alternatieven,https://www.collectandgo.be/wcsstore/CollectAndGoSFAS/images/JPG/200x200/std.lang.all/04/07/asset-3950407.jpg,3074457345616789218
3765310,41674-P,ECOMIL cuisine cashew ZS Bio 200ml,ECOMIL cuisine cashew ZS Bio 200ml,"1,65","8,25",EUR,Y,true,,Zuivel en plantaardige alternatieven > Room en alternatieven,https://www.collectandgo.be/wcsstore/CollectAndGoSFAS/images/JPG/200x200/std.lang.all/88/68/asset-3928868.jpg,3074457345616728948
4060724,6854-P,ECOMIL Cuisine aman. z.suiker bio 200ml,ECOMIL Cuisine aman. z.suiker bio 200ml,"1,65","8,25",EUR,Y,true,,Zuivel en plantaardige alternatieven > Room en alternatieven,https://www.collectandgo.be/wcsstore/CollectAndGoSFAS/images/JPG/200x200/std.lang.all/11/43/asset-3951143.jpg,3074457345616734970
4109221,8716-P,ECOMIL Cuisine cocos ongezoet bio 200ml,ECOMIL Cuisine cocos ongezoet bio 200ml,"1,79","8,95",EUR,Y,true,,Zuivel en plantaardige alternatieven > Room en alternatieven,https://www.collectandgo.be/wcsstore/CollectAndGoSFAS/images/JPG/200x200/std.lang.all/25/43/asset-2672543.jpg,3074457345616738248
3478148,30823-P,ALPRO soya 14%vg 25cl,ALPRO soya 14%vg 25cl,"2,29","9,16",EUR,Y,true,,Zuivel en plantaardige alternatieven > Room en alternatieven,https://www.collectandgo.be/wcsstore/CollectAndGoSFAS/images/JPG/200x200/std.lang.all/88/11/asset-2798811.jpg,3074457345616714298
3478120,30820-P,Alpro Cuisine Plantaardig | 5 % V.G. 25cl,ALPRO Cuisine Plant 5%V.G. 25cl,"2,40","9,60",EUR,Y,true,,Zuivel en plantaardige alternatieven > Room en alternatieven,https://www.collectandgo.be/wcsstore/CollectAndGoSFAS/images/JPG/200x200/std.lang.all/89/10/asset-2798910.jpg,3074457345616749918
4545994,7586-P,BALADE room 0% lactose 35% vg 25cl,BALADE room 0% lactose 35% vg 25cl,"3,65","14,60",EUR,Y,true,,Zuivel en plantaardige alternatieven > Room en alternatieven,https://www.collectandgo.be/wcsstore/CollectAndGoSFAS/images/JPG/200x200/std.lang.all/47/33/asset-4074733.jpg,3074457345616792684
4510850,1813-P,BALADE SO LIGHT lichte room 8%vgPET 25cl,BALADE SO LIGHT lichte room 8%vgPET 25cl,"2,29","9,16",EUR,Y,true,,Zuivel en plantaardige alternatieven > Room en alternatieven,https://www.collectandgo.be/wcsstore/CollectAndGoSFAS/images/JPG/200x200/std.lang.all/47/31/asset-4074731.jpg,3074457345616789344
4520931,16492-P,BALADE culinaire room 20%vg PET 25cl,BALADE culinaire room 20%vg PET 25cl,"2,75","11,00",EUR,Y,true,,Zuivel en plantaardige alternatieven > Room en alternatieven,https://www.collectandgo.be/wcsstore/CollectAndGoSFAS/images/JPG/200x200/std.lang.all/57/92/asset-4075792.jpg,3074457345616790072
4283660,1660-P,BALADE lichte room 18% 20cl,BALADE lichte room 18% 20cl,"1,85","9,25",EUR,Y,true,,Zuivel en plantaardige alternatieven > Room en alternatieven,https://www.collectandgo.be/wcsstore/CollectAndGoSFAS/images/JPG/200x200/std.lang.all/47/30/asset-4074730.jpg,3074457345616690574
2799954,6299-P,LIMA haver Cuisine bio 200ml,LIMA haver Cuisine bio 200ml,"1,15","5,75",EUR,Y,true,,Zuivel en plantaardige alternatieven > Room en alternatieven,https://www.collectandgo.be/wcsstore/CollectAndGoSFAS/images/JPG/200x200/std.lang.all/73/67/asset-2317367.jpg,3074457345616703012
3433217,30406-P,LIMA Soja Cuisine bio 200ml,LIMA Soja Cuisine bio 200ml,"1,19","5,95",EUR,Y,true,,Zuivel en plantaardige alternatieven > Room en alternatieven,https://www.collectandgo.be/wcsstore/CollectAndGoSFAS/images/JPG/200x200/std.lang.all/88/64/asset-3928864.jpg,3074457345616716558
1397047,26289-P,CAMPINA volle room 33%vg 25cl,CAMPINA volle room 33%vg 25cl,"2,93","11,72",EUR,Y,true,,Zuivel en plantaardige alternatieven > Room en alternatieven,https://www.collectandgo.be/wcsstore/CollectAndGoSFAS/images/JPG/200x200/nl_be/79/59/asset-3167959.jpg,3074457345616683152
4545121,7452-P,BALADE lichte room 0% lactose 25cl,BALADE lichte room 0% lactose 25cl,"3,65","14,60",EUR,Y,true,,Zuivel en plantaardige alternatieven > Room en alternatieven,https://www.collectandgo.be/wcsstore/CollectAndGoSFAS/images/JPG/200x200/std.lang.all/47/32/asset-4074732.jpg,3074457345616792666
4215522,1461-P,BALADE lichte room Bio 25cl,BALADE lichte room Bio 25cl,"3,19","12,76",EUR,Y,true,,Zuivel en plantaardige alternatieven > Room en alternatieven,https://www.collectandgo.be/wcsstore/CollectAndGoSFAS/images/JPG/200x200/std.lang.all/47/29/asset-4074729.jpg,3074457345616687014
1397030,26280-P,CAMPINA room culinair 20%vg 25cl,CAMPINA room culinair 20%vg 25cl,"2,00","8,00",EUR,Y,true,,Zuivel en plantaardige alternatieven > Room en alternatieven,https://www.collectandgo.be/wcsstore/CollectAndGoSFAS/images/JPG/200x200/nl_be/79/22/asset-2987922.jpg,3074457345616683098
1770491,33780-P,CARLSBOURG authent. room vol-rom. 250ml,CARLSBOURG authent. room vol-rom. 250ml,"2,79","11,16",EUR,Y,true,,Zuivel en plantaardige alternatieven > Room en alternatieven,https://www.collectandgo.be/wcsstore/CollectAndGoSFAS/images/JPG/200x200/std.lang.all/47/28/asset-4074728.jpg,3074457345616689438
3095213,40381-P,CARLSBOURG slagroom vol 25cl,CARLSBOURG slagroom vol 25cl,"4,79","19,16",EUR,Y,true,,Zuivel en plantaardige alternatieven > Room en alternatieven,https://www.collectandgo.be/wcsstore/CollectAndGoSFAS/images/JPG/200x200/std.lang.all/47/34/asset-4074734.jpg,3074457345616700500
1397026,26275-P,CAMPINA culinair room 4%vg 250ml,CAMPINA culinair room 4%vg 250ml,"2,20","8,80",EUR,Y,true,,Zuivel en plantaardige alternatieven > Room en alternatieven,https://www.collectandgo.be/wcsstore/CollectAndGoSFAS/images/JPG/200x200/nl_be/79/21/asset-2987921.jpg,3074457345616683096
26146,26146-P,DEBIC slagroom gesuikerd 37%vg 70cl,DEBIC slagroom gesuikerd 37%vg 70cl,"9,99","14,28",EUR,Y,true,,Zuivel en plantaardige alternatieven > Room en alternatieven,https://www.collectandgo.be/wcsstore/CollectAndGoSFAS/images/JPG/200x200/std.lang.all/04/81/asset-1700481.jpg,3074457345616679264
1321422,26103-P,CARLSBOURG Room Culinair Light 250ml,CARLSBOURG Room Culinair Light 250ml,"2,79","11,16",EUR,Y,true,,Zuivel en plantaardige alternatieven > Room en alternatieven,https://www.collectandgo.be/wcsstore/CollectAndGoSFAS/images/JPG/200x200/std.lang.all/47/27/asset-4074727.jpg,3074457345616684072
3941742,1498-P,DEBIC room 40% vg. UHT 2L,DEBIC room 40% vg. UHT 2L,"14,99","7,50",EUR,Y,true,,Zuivel en plantaardige alternatieven > Room en alternatieven,https://www.collectandgo.be/wcsstore/CollectAndGoSFAS/images/JPG/200x200/std.lang.all/94/27/asset-2159427.jpg,3074457345616732104
3876371,18277-P,DEBIC kookroom 20% vetgehalte UHT 1L,DEBIC kookroom 20% vetgehalte UHT 1L,"5,39","5,39",EUR,Y,true,,Zuivel en plantaardige alternatieven > Room en alternatieven,https://www.collectandgo.be/wcsstore/CollectAndGoSFAS/images/JPG/200x200/std.lang.all/49/89/asset-1764989.jpg,3074457345616739744
4905753,3101-P,SOLO Cuisine Plant. 15 % V.G. 250ml,SOLO Cuisine Plant. 15 % V.G. 250ml,"0,90","3,60",EUR,Y,true,,Zuivel en plantaardige alternatieven > Room en alternatieven,https://www.collectandgo.be/wcsstore/CollectAndGoSFAS/images/JPG/200x200/std.lang.all/04/34/asset-3880434.jpg,3074457345616853606
4737697,32334-P,TANTE HÉLÈNE Crème Normandie bio 3x20cl,TANTE HÉLÈNE Crème Normandie bio 3x20cl,"5,29","8,82",EUR,Y,true,,Zuivel en plantaardige alternatieven > Room en alternatieven,https://www.collectandgo.be/wcsstore/CollectAndGoSFAS/images/JPG/200x200/std.lang.all/62/77/asset-3246277.jpg,3074457345616819214
2558557,15374-P,INEX slagroom 40%vg brik 20cl,INEX slagroom 40%vg brik 20cl,"1,99","9,95",EUR,Y,true,,Zuivel en plantaardige alternatieven > Room en alternatieven,https://www.collectandgo.be/wcsstore/CollectAndGoSFAS/images/JPG/200x200/std.lang.all/13/29/asset-2461329.jpg,3074457345616698776
3024642,17792-P,BONI culinaire room 20%vg brik 25cl,BONI culinaire room 20%vg brik 25cl,"0,89","3,56",EUR,Y,true,,Zuivel en plantaardige alternatieven > Room en alternatieven,https://www.collectandgo.be/wcsstore/CollectAndGoSFAS/images/JPG/200x200/std.lang.all/43/32/asset-2704332.jpg,3074457345616700210
3024655,17796-P,BONI volle room 35%vg brik 25cl,BONI volle room 35%vg brik 25cl,"1,19","4,76",EUR,Y,true,,Zuivel en plantaardige alternatieven > Room en alternatieven,https://www.collectandgo.be/wcsstore/CollectAndGoSFAS/images/JPG/200x200/std.lang.all/05/40/asset-1700540.jpg,3074457345616700212
1992213,26493-P,BONI extra lichte room 7% vg brik 25cl,BONI extra lichte room 7% vg brik 25cl,"0,75","3,00",EUR,Y,true,,Zuivel en plantaardige alternatieven > Room en alternatieven,https://www.collectandgo.be/wcsstore/CollectAndGoSFAS/images/JPG/200x200/std.lang.all/42/55/asset-2144255.jpg,3074457345616690264
26149,26149-P,BONI slagroom opklopbaar 40% vg brik 1L,BONI slagroom opklopbaar 40% vg brik 1L,"4,79","4,79",EUR,Y,true,,Zuivel en plantaardige alternatieven > Room en alternatieven,https://www.collectandgo.be/wcsstore/CollectAndGoSFAS/images/JPG/200x200/std.lang.all/80/25/asset-3028025.jpg,3074457345616679268
4847070,22440-P,BONI PLAN'T Cuisine Soja 15%V.G. 20cl,BONI PLAN'T Cuisine Soja 15%V.G. 20cl,"0,68","3,40",EUR,Y,true,,Zuivel en plantaardige alternatieven > Room en alternatieven,https://www.collectandgo.be/wcsstore/CollectAndGoSFAS/images/JPG/200x200/std.lang.all/18/41/asset-3921841.jpg,3074457345616841602
1474280,27349-P,BONI culinaire room light 20%vg brik 1L,BONI culinaire room light 20%vg brik 1L,"4,49","4,49",EUR,Y,true,,Zuivel en plantaardige alternatieven > Room en alternatieven,https://www.collectandgo.be/wcsstore/CollectAndGoSFAS/images/JPG/200x200/std.lang.all/83/77/asset-3028377.jpg,3074457345616688648
26155,26155-P,EVERYDAY room 30%vg brik 20cl,EVERYDAY room 30%vg brik 20cl,"0,79","3,95",EUR,Y,true,,Zuivel en plantaardige alternatieven > Room en alternatieven,https://www.collectandgo.be/wcsstore/CollectAndGoSFAS/images/JPG/200x200/std.lang.all/43/08/asset-2384308.jpg,3074457345616679274
1184214,26173-P,EVERYDAY slagroom spuitbus 242ml,EVERYDAY slagroom spuitbus 242ml,"1,19","4,92",EUR,Y,true,,Zuivel en plantaardige alternatieven > Room en alternatieven,https://www.collectandgo.be/wcsstore/CollectAndGoSFAS/images/JPG/200x200/std.lang.all/99/87/asset-3279987.jpg,3074457345616682342
3110955,41550-P,BONI zure room 30% vg 196g,BONI zure room 30% vg 196g,"1,38","7,05",EUR,Y,true,,Zuivel en plantaardige alternatieven > Room en alternatieven,https://www.collectandgo.be/wcsstore/CollectAndGoSFAS/images/JPG/200x200/std.lang.all/13/09/asset-3731309.jpg,3074457345616707000
4113753,8901-P,BONI Zure Room 15% vet 20cl,BONI Zure Room 15% vet 20cl,"1,09","5,45",EUR,Y,true,,Zuivel en plantaardige alternatieven > Room en alternatieven,https://www.collectandgo.be/wcsstore/CollectAndGoSFAS/images/JPG/200x200/std.lang.all/13/10/asset-3731310.jpg,3074457345616738484
3776056,17364-P,GHEE easy geklaarde boter Bio 500g,GHEE easy geklaarde boter Bio 500g,"16,29","32,58",EUR,Y,true,,Zuivel en plantaardige alternatieven > Boter en margarine,https://www.collectandgo.be/wcsstore/CollectAndGoSFAS/images/JPG/200x200/std.lang.all/68/30/asset-1366830.jpg,3074457345616728864
4302875,23654-P,ALPRO braden & bakken 500g,ALPRO braden & bakken 500g,"2,49","4,98",EUR,Y,true,,Zuivel en plantaardige alternatieven > Boter en margarine,https://www.collectandgo.be/wcsstore/CollectAndGoSFAS/images/JPG/200x200/std.lang.all/67/69/asset-2286769.jpg,3074457345616758304
4302891,23659-P,ALPRO soja smeren 500g,ALPRO soja smeren 500g,"2,93","5,86",EUR,Y,true,,Zuivel en plantaardige alternatieven > Boter en margarine,https://www.collectandgo.be/wcsstore/CollectAndGoSFAS/images/JPG/200x200/std.lang.all/67/68/asset-2286768.jpg,3074457345616758314
4568408,12240-P,MEGGLE BBQ kruidentube 80ml,MEGGLE BBQ kruidentube 80ml,"3,73","46,63",EUR,Y,true,,Zuivel en plantaardige alternatieven > Boter en margarine,https://www.collectandgo.be/wcsstore/CollectAndGoSFAS/images/JPG/200x200/std.lang.all/34/28/asset-2743428.jpg,3074457345616794460
4942721,40060-P,MEGGLE Aioli tube 80ml,MEGGLE Aioli tube 80ml,"2,39","29,88",EUR,Y,true,,Zuivel en plantaardige alternatieven > Boter en margarine,https://www.collectandgo.be/wcsstore/CollectAndGoSFAS/images/JPG/200x200/std.lang.all/56/15/asset-4045615.jpg,3074457345616869144
4769665,20333-P,BECEL PROACTIV original vlootje 250g,BECEL PROACTIV original vlootje 250g,"2,65","10,60",EUR,Y,true,,Zuivel en plantaardige alternatieven > Boter en margarine,https://www.collectandgo.be/wcsstore/CollectAndGoSFAS/images/JPG/200x200/std.lang.all/15/11/asset-3671511.jpg,3074457345616825826
4799436,11994-P,BECEL Bakken en Braden Oméga 3 500g,BECEL Bakken en Braden Oméga 3 500g,"3,15","6,30",EUR,Y,true,,Zuivel en plantaardige alternatieven > Boter en margarine,https://www.collectandgo.be/wcsstore/CollectAndGoSFAS/images/JPG/200x200/std.lang.all/45/71/asset-3494571.jpg,3074457345616831228
26730,26730-P,BALADE boter HV zeezout vlootje 250g,BALADE boter HV zeezout vlootje 250g,"3,45","13,80",EUR,Y,true,,Zuivel en plantaardige alternatieven > Boter en margarine,https://www.collectandgo.be/wcsstore/CollectAndGoSFAS/images/JPG/200x200/std.lang.all/13/42/asset-3601342.jpg,3074457345616679412
26731,26731-P,BALADE boter HV ongezouten vlootje 250g,BALADE boter HV ongezouten vlootje 250g,"3,45","13,80",EUR,Y,true,,Zuivel en plantaardige alternatieven > Boter en margarine,https://www.collectandgo.be/wcsstore/CollectAndGoSFAS/images/JPG/200x200/std.lang.all/59/95/asset-4075995.jpg,3074457345616679414
4799441,12384-P,BECEL Original 250g,BECEL Original 250g,"1,79","7,16",EUR,Y,true,,Zuivel en plantaardige alternatieven > Boter en margarine,https://www.collectandgo.be/wcsstore/CollectAndGoSFAS/images/JPG/200x200/std.lang.all/95/07/asset-3479507.jpg,3074457345616831234
4799442,12399-P,BECEL Original 500g,BECEL Original 500g,"3,19","6,38",EUR,Y,true,,Zuivel en plantaardige alternatieven > Boter en margarine,https://www.collectandgo.be/wcsstore/CollectAndGoSFAS/images/JPG/200x200/std.lang.all/95/08/asset-3479508.jpg,3074457345616831236
1297510,13887-P,BECEL margarine bakken&braden vl. 500ml,BECEL margarine bakken&braden vl. 500ml,"2,79","5,58",EUR,Y,true,,Zuivel en plantaardige alternatieven > Boter en margarine,https://www.collectandgo.be/wcsstore/CollectAndGoSFAS/images/JPG/200x200/std.lang.all/44/03/asset-2244403.jpg,3074457345616684060
4799437,12022-P,BECEL PROACTIV Pro Activ Original 500g,BECEL PROACTIV Pro Activ Original 500g,"5,25","10,50",EUR,Y,true,,Zuivel en plantaardige alternatieven > Boter en margarine,https://www.collectandgo.be/wcsstore/CollectAndGoSFAS/images/JPG/200x200/std.lang.all/08/44/asset-3670844.jpg,3074457345616831152
1396642,26746-P,BALADE SO LIGHT boter zeezout 20%vg 250g,BALADE SO LIGHT boter zeezout 20%vg 250g,"4,59","18,36",EUR,Y,true,,Zuivel en plantaardige alternatieven > Boter en margarine,https://www.collectandgo.be/wcsstore/CollectAndGoSFAS/images/JPG/200x200/std.lang.all/59/97/asset-4075997.jpg,3074457345616683094
4867313,6225-P,BECEL Light 250g,BECEL Light 250g,"2,09","8,36",EUR,Y,true,,Zuivel en plantaardige alternatieven > Boter en margarine,https://www.collectandgo.be/wcsstore/CollectAndGoSFAS/images/JPG/200x200/std.lang.all/60/54/asset-3726054.jpg,3074457345616845114
1175162,26726-P,BALADE SO LIGHT boter 20%vg zacht 250g,BALADE SO LIGHT boter 20%vg zacht 250g,"4,59","18,36",EUR,Y,true,,Zuivel en plantaardige alternatieven > Boter en margarine,https://www.collectandgo.be/wcsstore/CollectAndGoSFAS/images/JPG/200x200/std.lang.all/13/44/asset-3601344.jpg,3074457345616685472
1619383,26732-P,BALADE boter omega3 ongezout 250g,BALADE boter omega3 ongezout 250g,"6,09","24,36",EUR,Y,true,,Zuivel en plantaardige alternatieven > Boter en margarine,https://www.collectandgo.be/wcsstore/CollectAndGoSFAS/images/JPG/200x200/std.lang.all/62/20/asset-4076220.jpg,3074457345616689796
4890641,2235-P,BALADE boter ongezouten 60%vg 200g,BALADE boter ongezouten 60%vg 200g,"2,69","13,45",EUR,Y,true,,Zuivel en plantaardige alternatieven > Boter en margarine,https://www.collectandgo.be/wcsstore/CollectAndGoSFAS/images/JPG/200x200/std.lang.all/21/48/asset-4102148.jpg,3074457345616849710
4722806,18510-P,BALADE opgeklopte boter met zeezout 130g,BALADE opgeklopte boter met zeezout 130g,"3,45","26,54",EUR,Y,true,,Zuivel en plantaardige alternatieven > Boter en margarine,https://www.collectandgo.be/wcsstore/CollectAndGoSFAS/images/JPG/200x200/std.lang.all/57/94/asset-4075794.jpg,3074457345616815602
3305024,43768-P,BALADE boter 0% lactose 250g,BALADE boter 0% lactose 250g,"5,59","22,36",EUR,Y,true,,Zuivel en plantaardige alternatieven > Boter en margarine,https://www.collectandgo.be/wcsstore/CollectAndGoSFAS/images/JPG/200x200/std.lang.all/62/22/asset-4076222.jpg,3074457345616709684
2425027,18092-P,BALADE boter omega 3 HV zeezout vl. 250g,BALADE boter omega 3 HV zeezout vl. 250g,"6,09","24,36",EUR,Y,true,,Zuivel en plantaardige alternatieven > Boter en margarine,https://www.collectandgo.be/wcsstore/CollectAndGoSFAS/images/JPG/200x200/std.lang.all/62/21/asset-4076221.jpg,3074457345616696510
4956861,13978-P,BECEL bakken en braden roomboter 250g,BECEL bakken en braden roomboter 250g,"3,35","13,40",EUR,Y,true,,Zuivel en plantaardige alternatieven > Boter en margarine,https://www.collectandgo.be/wcsstore/CollectAndGoSFAS/images/JPG/200x200/std.lang.all/19/74/asset-4091974.jpg,3074457345616874418
4956853,13901-P,BECEL bakken en braden Omega 3 250g,BECEL bakken en braden Omega 3 250g,"1,99","7,96",EUR,Y,true,,Zuivel en plantaardige alternatieven > Boter en margarine,https://www.collectandgo.be/wcsstore/CollectAndGoSFAS/images/JPG/200x200/nl_be/06/10/asset-4100610.jpg,3074457345616874416
4470609,27147-P,FAMA bakken en braden alu 500g,FAMA bakken en braden alu 500g,"2,09","4,18",EUR,Y,true,,Zuivel en plantaardige alternatieven > Boter en margarine,https://www.collectandgo.be/wcsstore/CollectAndGoSFAS/images/JPG/200x200/std.lang.all/50/04/asset-2475004.jpg,3074457345616779292
4470570,27141-P,FAMA bakken en braden vlootje 500g,FAMA bakken en braden vlootje 500g,"2,49","4,98",EUR,Y,true,,Zuivel en plantaardige alternatieven > Boter en margarine,https://www.collectandgo.be/wcsstore/CollectAndGoSFAS/images/JPG/200x200/std.lang.all/50/03/asset-2475003.jpg,3074457345616779290
26712,26712-P,CARLSBOURG ardense boter ongez.alu 250g,CARLSBOURG ardense boter ongez.alu 250g,"3,85","15,40",EUR,Y,true,,Zuivel en plantaardige alternatieven > Boter en margarine,https://www.collectandgo.be/wcsstore/CollectAndGoSFAS/images/JPG/200x200/std.lang.all/61/88/asset-3626188.jpg,3074457345616679400
4760821,10637-P,BERTOLLI smeren olijfolie vlootje 250g,BERTOLLI smeren olijfolie vlootje 250g,"1,59","6,36",EUR,Y,true,,Zuivel en plantaardige alternatieven > Boter en margarine,https://www.collectandgo.be/wcsstore/CollectAndGoSFAS/images/JPG/200x200/std.lang.all/00/07/asset-3340007.jpg,3074457345616823664
26711,26711-P,CARLSBOURG melkerijboter ongezouten 250g,CARLSBOURG melkerijboter ongezouten 250g,"5,05","20,20",EUR,Y,true,,Zuivel en plantaardige alternatieven > Boter en margarine,https://www.collectandgo.be/wcsstore/CollectAndGoSFAS/images/JPG/200x200/std.lang.all/57/89/asset-4075789.jpg,3074457345616679398
1656555,32089-P,CARLSBOURG boter zeezout vlootje 250g,CARLSBOURG boter zeezout vlootje 250g,"5,05","20,20",EUR,Y,true,,Zuivel en plantaardige alternatieven > Boter en margarine,https://www.collectandgo.be/wcsstore/CollectAndGoSFAS/images/JPG/200x200/std.lang.all/57/90/asset-4075790.jpg,3074457345616692266
26710,26710-P,CARLSBOURG karneboter ongezouten 250g,CARLSBOURG karneboter ongezouten 250g,"4,25","17,00",EUR,Y,true,,Zuivel en plantaardige alternatieven > Boter en margarine,https://www.collectandgo.be/wcsstore/CollectAndGoSFAS/images/JPG/200x200/std.lang.all/29/38/asset-702938.jpg,3074457345616679396
1332393,13940-P,BERTOLLI bakken&br.olijfolie vl. 500ml,BERTOLLI bakken&br.olijfolie vl. 500ml,"4,39","8,78",EUR,Y,true,,Zuivel en plantaardige alternatieven > Boter en margarine,https://www.collectandgo.be/wcsstore/CollectAndGoSFAS/images/JPG/200x200/std.lang.all/49/07/asset-2304907.jpg,3074457345616684262
26709,26709-P,CARLSBOURG karneboter gezouten 250g,CARLSBOURG karneboter gezouten 250g,"4,25","17,00",EUR,Y,true,,Zuivel en plantaardige alternatieven > Boter en margarine,https://www.collectandgo.be/wcsstore/CollectAndGoSFAS/images/JPG/200x200/std.lang.all/98/68/asset-719868.jpg,3074457345616679394
3469017,30752-P,CARLSBOURG ardense boter gezouten 250g,CARLSBOURG ardense boter gezouten 250g,"4,35","17,40",EUR,Y,true,,Zuivel en plantaardige alternatieven > Boter en margarine,https://www.collectandgo.be/wcsstore/CollectAndGoSFAS/images/JPG/200x200/std.lang.all/13/46/asset-3601346.jpg,3074457345616713850
1003508,26716-P,"CARLSBOURG boter mini ongezout. 16x12,5g","CARLSBOURG boter mini ongezout. 16x12,5g","7,19","35,95",EUR,Y,true,,Zuivel en plantaardige alternatieven > Boter en margarine,https://www.collectandgo.be/wcsstore/CollectAndGoSFAS/images/JPG/200x200/std.lang.all/47/26/asset-4074726.jpg,3074457345616681450
4268692,22856-P,CARLSBOURG boter mini 100x10g,CARLSBOURG boter mini 100x10g,"22,80","22,80",EUR,Y,true,,Zuivel en plantaardige alternatieven > Boter en margarine,https://www.collectandgo.be/wcsstore/CollectAndGoSFAS/images/JPG/200x200/std.lang.all/58/79/asset-2105879.jpg,3074457345616752214
26719,26719-P,ROCHEFORT melkerijboter gezouten 250g,ROCHEFORT melkerijboter gezouten 250g,"5,32","21,28",EUR,Y,true,,Zuivel en plantaardige alternatieven > Boter en margarine,https://www.collectandgo.be/wcsstore/CollectAndGoSFAS/images/JPG/200x200/std.lang.all/46/57/asset-3964657.jpg,3074457345616679408
4799438,12163-P,PLANTA Smeren Classic 500g,PLANTA Smeren Classic 500g,"2,71","5,42",EUR,Y,true,,Zuivel en plantaardige alternatieven > Boter en margarine,https://www.collectandgo.be/wcsstore/CollectAndGoSFAS/images/JPG/200x200/std.lang.all/95/11/asset-3479511.jpg,3074457345616831230
26718,26718-P,ROCHEFORT melkerijboter ongezouten 250g,ROCHEFORT melkerijboter ongezouten 250g,"5,32","21,28",EUR,Y,true,,Zuivel en plantaardige alternatieven > Boter en margarine,https://www.collectandgo.be/wcsstore/CollectAndGoSFAS/images/JPG/200x200/std.lang.all/46/56/asset-3964656.jpg,3074457345616679406
4799439,12231-P,PLANTA smeren classic 1kg,PLANTA smeren classic 1kg,"5,30","5,30",EUR,Y,true,,Zuivel en plantaardige alternatieven > Boter en margarine,https://www.collectandgo.be/wcsstore/CollectAndGoSFAS/images/JPG/200x200/std.lang.all/95/05/asset-3479505.jpg,3074457345616831232
3949845,1841-P,KERRYGOLD ongezouten Ierse boter 250g,KERRYGOLD ongezouten Ierse boter 250g,"3,99","15,96",EUR,Y,true,,Zuivel en plantaardige alternatieven > Boter en margarine,https://www.collectandgo.be/wcsstore/CollectAndGoSFAS/images/JPG/200x200/std.lang.all/25/19/asset-4022519.jpg,3074457345616733146
1647126,27978-P,PRÉSIDENT roomboter zeez.La Motte 250g,PRÉSIDENT roomboter zeez.La Motte 250g,"4,79","19,16",EUR,Y,true,,Zuivel en plantaardige alternatieven > Boter en margarine,https://www.collectandgo.be/wcsstore/CollectAndGoSFAS/images/JPG/200x200/std.lang.all/98/34/asset-3789834.jpg,3074457345616694716
1723975,33266-P,VEREECKE boter ongezouten 250g,VEREECKE boter ongezouten 250g,"4,39","17,56",EUR,Y,true,,Zuivel en plantaardige alternatieven > Boter en margarine,https://www.collectandgo.be/wcsstore/CollectAndGoSFAS/images/JPG/200x200/std.lang.all/88/03/asset-558803.jpg,3074457345616687510
3957893,2303-P,CAMARGUE boter Les Prés Salés 250g,CAMARGUE boter Les Prés Salés 250g,"5,27","21,08",EUR,Y,true,,Zuivel en plantaardige alternatieven > Boter en margarine,https://www.collectandgo.be/wcsstore/CollectAndGoSFAS/images/JPG/200x200/std.lang.all/98/89/asset-1599889.jpg,3074457345616733298
26735,26735-P,AUBEL melkerijboter ongezouten 500g,AUBEL melkerijboter ongezouten 500g,"9,99","19,98",EUR,Y,true,,Zuivel en plantaardige alternatieven > Boter en margarine,https://www.collectandgo.be/wcsstore/CollectAndGoSFAS/images/JPG/200x200/std.lang.all/43/00/asset-2294300.jpg,3074457345616679416
26740,26740-P,AUBEL melkerijboter gezouten 500g,AUBEL melkerijboter gezouten 500g,"9,99","19,98",EUR,Y,true,,Zuivel en plantaardige alternatieven > Boter en margarine,https://www.collectandgo.be/wcsstore/CollectAndGoSFAS/images/JPG/200x200/std.lang.all/43/01/asset-2294301.jpg,3074457345616679418
1801474,34185-P,VEREECKE boter gezouten 250g,VEREECKE boter gezouten 250g,"4,39","17,56",EUR,Y,true,,Zuivel en plantaardige alternatieven > Boter en margarine,https://www.collectandgo.be/wcsstore/CollectAndGoSFAS/images/JPG/200x200/std.lang.all/88/04/asset-558804.jpg,3074457345616692202
1460725,28603-P,DIXMUDA melkerijboter ongezouten 250g,DIXMUDA melkerijboter ongezouten 250g,"4,55","18,20",EUR,Y,true,,Zuivel en plantaardige alternatieven > Boter en margarine,https://www.collectandgo.be/wcsstore/CollectAndGoSFAS/images/JPG/200x200/std.lang.all/60/54/asset-646054.jpg,3074457345616688926
3815785,20201-P,BRUGGE rollen boter ongezouten 250g,BRUGGE rollen boter ongezouten 250g,"6,90","27,60",EUR,Y,true,,Zuivel en plantaardige alternatieven > Boter en margarine,https://www.collectandgo.be/wcsstore/CollectAndGoSFAS/images/JPG/200x200/std.lang.all/25/79/asset-1452579.jpg,3074457345616729164
3713194,20217-P,CAMPAGNE gezouten boter 82% VG Bio 250g,CAMPAGNE gezouten boter 82% VG Bio 250g,"4,15","16,60",EUR,Y,true,,Zuivel en plantaardige alternatieven > Boter en margarine,https://www.collectandgo.be/wcsstore/CollectAndGoSFAS/images/JPG/200x200/std.lang.all/48/56/asset-1334856.jpg,3074457345616724384
3828382,41756-P,CAMPAGNE ongezouten boter 82%vg Bio 250g,CAMPAGNE ongezouten boter 82%vg Bio 250g,"4,15","16,60",EUR,Y,true,,Zuivel en plantaardige alternatieven > Boter en margarine,https://www.collectandgo.be/wcsstore/CollectAndGoSFAS/images/JPG/200x200/std.lang.all/22/28/asset-1492228.jpg,3074457345616729828
4786026,33262-P,ZUGER Boter Lactosevrij bio 125g,ZUGER Boter Lactosevrij bio 125g,"2,79","22,32",EUR,Y,true,,Zuivel en plantaardige alternatieven > Boter en margarine,https://www.collectandgo.be/wcsstore/CollectAndGoSFAS/images/JPG/200x200/std.lang.all/17/72/asset-3391772.jpg,3074457345616827358
4740159,10247-P,SOLO Bakken braden plantaardig 79% 500g,SOLO Bakken braden plantaardig 79% 500g,"2,69","5,38",EUR,Y,true,,Zuivel en plantaardige alternatieven > Boter en margarine,https://www.collectandgo.be/wcsstore/CollectAndGoSFAS/images/JPG/200x200/std.lang.all/17/30/asset-3991730.jpg,3074457345616819932
4740166,10463-P,SOLO Bakken braden plantaardig 79% 250g,SOLO Bakken braden plantaardig 79% 250g,"1,79","7,16",EUR,Y,true,,Zuivel en plantaardige alternatieven > Boter en margarine,https://www.collectandgo.be/wcsstore/CollectAndGoSFAS/images/JPG/200x200/std.lang.all/99/96/asset-3339996.jpg,3074457345616819934
4302877,23656-P,VITELMA smeren 250g,VITELMA smeren 250g,"1,39","5,56",EUR,Y,true,,Zuivel en plantaardige alternatieven > Boter en margarine,https://www.collectandgo.be/wcsstore/CollectAndGoSFAS/images/JPG/200x200/std.lang.all/67/70/asset-2286770.jpg,3074457345616758308
4740116,8936-P,SOLO Bakken braden plantaardig 79% 1kg,SOLO Bakken braden plantaardig 79% 1kg,"5,19","5,19",EUR,Y,true,,Zuivel en plantaardige alternatieven > Boter en margarine,https://www.collectandgo.be/wcsstore/CollectAndGoSFAS/images/JPG/200x200/std.lang.all/21/06/asset-4102106.jpg,3074457345616819912
4302882,23658-P,VITELMA light smeren 250g,VITELMA light smeren 250g,"1,30","5,20",EUR,Y,true,,Zuivel en plantaardige alternatieven > Boter en margarine,https://www.collectandgo.be/wcsstore/CollectAndGoSFAS/images/JPG/200x200/std.lang.all/67/71/asset-2286771.jpg,3074457345616758312
3271684,34260-P,SOLO margarine patisserie 250g,SOLO margarine patisserie 250g,"1,99","7,96",EUR,Y,true,,Zuivel en plantaardige alternatieven > Boter en margarine,https://www.collectandgo.be/wcsstore/CollectAndGoSFAS/images/JPG/200x200/std.lang.all/40/57/asset-2244057.jpg,3074457345616713756
2397639,18629-P,SOLO margarine bakken braden vl. 750ml,SOLO margarine bakken braden vl. 750ml,"4,99","6,66",EUR,Y,true,,Zuivel en plantaardige alternatieven > Boter en margarine,https://www.collectandgo.be/wcsstore/CollectAndGoSFAS/images/JPG/200x200/std.lang.all/40/50/asset-2244050.jpg,3074457345616693892
4799435,11929-P,SOLO Tub 500g,SOLO Tub 500g,"3,19","6,38",EUR,Y,true,,Zuivel en plantaardige alternatieven > Boter en margarine,https://www.collectandgo.be/wcsstore/CollectAndGoSFAS/images/JPG/200x200/std.lang.all/95/09/asset-3479509.jpg,3074457345616831226
4579253,28978-P,PRIMEVERE Margarine Doux Bio 500g,PRIMEVERE Margarine Doux Bio 500g,"4,99","9,98",EUR,Y,true,,Zuivel en plantaardige alternatieven > Boter en margarine,https://www.collectandgo.be/wcsstore/CollectAndGoSFAS/images/JPG/200x200/std.lang.all/99/31/asset-2789931.jpg,3074457345616795746
4799440,12360-P,EFFI Light | Tub 500g,EFFI Light | Tub 500g,"2,99","5,98",EUR,Y,true,,Zuivel en plantaardige alternatieven > Boter en margarine,https://www.collectandgo.be/wcsstore/CollectAndGoSFAS/images/JPG/200x200/nl_be/94/27/asset-3619427.jpg,3074457345616831154
26700,26700-P,BONI melkerijboter ongezouten 250g,BONI melkerijboter ongezouten 250g,"1,99","7,96",EUR,Y,true,,Zuivel en plantaardige alternatieven > Boter en margarine,https://www.collectandgo.be/wcsstore/CollectAndGoSFAS/images/JPG/200x200/std.lang.all/65/27/asset-3306527.jpg,3074457345616679388
1687181,13192-P,BONI margarine smeren omega3 vl. 500g,BONI margarine smeren omega3 vl. 500g,"1,39","2,78",EUR,Y,true,,Zuivel en plantaardige alternatieven > Boter en margarine,https://www.collectandgo.be/wcsstore/CollectAndGoSFAS/images/JPG/200x200/std.lang.all/89/09/asset-3208909.jpg,3074457345616691534
1789560,14349-P,BONI margarine bakken&braden vlb. 500ml,BONI margarine bakken&braden vlb. 500ml,"1,31","2,62",EUR,Y,true,,Zuivel en plantaardige alternatieven > Boter en margarine,https://www.collectandgo.be/wcsstore/CollectAndGoSFAS/images/JPG/200x200/std.lang.all/32/77/asset-2203277.jpg,3074457345616694648
1386404,26676-P,BONI melkerijboter zout 250g,BONI melkerijboter zout 250g,"2,25","9,00",EUR,Y,true,,Zuivel en plantaardige alternatieven > Boter en margarine,https://www.collectandgo.be/wcsstore/CollectAndGoSFAS/images/JPG/200x200/std.lang.all/83/92/asset-2088392.jpg,3074457345616683520
2761863,42741-P,BONI Margarine Light 25%vg 250g,BONI Margarine Light 25%vg 250g,"0,79","3,16",EUR,Y,true,,Zuivel en plantaardige alternatieven > Boter en margarine,https://www.collectandgo.be/wcsstore/CollectAndGoSFAS/images/JPG/200x200/std.lang.all/89/11/asset-3208911.jpg,3074457345616697900
13805,13805-P,BONI margarine bakken&braden 500g,BONI margarine bakken&braden 500g,"1,59","3,18",EUR,Y,true,,Zuivel en plantaardige alternatieven > Boter en margarine,https://www.collectandgo.be/wcsstore/CollectAndGoSFAS/images/JPG/200x200/std.lang.all/45/38/asset-2214538.jpg,3074457345616677168
26708,26708-P,BONI BIO karneboter ongezouten 250g,BONI BIO karneboter ongezouten 250g,"3,75","15,00",EUR,Y,true,,Zuivel en plantaardige alternatieven > Boter en margarine,https://www.collectandgo.be/wcsstore/CollectAndGoSFAS/images/JPG/200x200/std.lang.all/06/43/asset-3970643.jpg,3074457345616679392
2734920,8023-P,BONI boter HV ongezouten 250g,BONI boter HV ongezouten 250g,"2,75","11,00",EUR,Y,true,,Zuivel en plantaardige alternatieven > Boter en margarine,https://www.collectandgo.be/wcsstore/CollectAndGoSFAS/images/JPG/200x200/std.lang.all/25/75/asset-1932575.jpg,3074457345616697702
13800,13800-P,BONI margarine bakken&braden 1kg,BONI margarine bakken&braden 1kg,"3,09","3,09",EUR,Y,true,,Zuivel en plantaardige alternatieven > Boter en margarine,https://www.collectandgo.be/wcsstore/CollectAndGoSFAS/images/JPG/200x200/std.lang.all/79/49/asset-1747949.jpg,3074457345616677166
3095736,42197-P,BONI margarine smeren bakken&braden 1kg,BONI margarine smeren bakken&braden 1kg,"4,19","4,19",EUR,Y,true,,Zuivel en plantaardige alternatieven > Boter en margarine,https://www.collectandgo.be/wcsstore/CollectAndGoSFAS/images/JPG/200x200/std.lang.all/92/55/asset-3349255.jpg,3074457345616706324
2888287,33476-P,BONI BIO geklaarde boter ghee 200g,BONI BIO geklaarde boter ghee 200g,"5,95","29,75",EUR,Y,true,,Zuivel en plantaardige alternatieven > Boter en margarine,https://www.collectandgo.be/wcsstore/CollectAndGoSFAS/images/JPG/200x200/std.lang.all/92/53/asset-3349253.jpg,3074457345616702696
26704,26704-P,EVERYDAY melkerijboter ongezouten 250g,EVERYDAY melkerijboter ongezouten 250g,"1,95","7,80",EUR,Y,true,,Zuivel en plantaardige alternatieven > Boter en margarine,https://www.collectandgo.be/wcsstore/CollectAndGoSFAS/images/JPG/200x200/std.lang.all/28/70/asset-592870.jpg,3074457345616679390
13758,13758-P,EVERYDAY margarine bakken en braden 500g,EVERYDAY margarine bakken en braden 500g,"0,99","1,98",EUR,Y,true,,Zuivel en plantaardige alternatieven > Boter en margarine,https://www.collectandgo.be/wcsstore/CollectAndGoSFAS/images/JPG/200x200/std.lang.all/33/24/asset-2203324.jpg,3074457345616677164
1370947,26729-P,BONI kruidenboter 125g,BONI kruidenboter 125g,"2,59","20,72",EUR,Y,true,,Zuivel en plantaardige alternatieven > Boter en margarine,https://www.collectandgo.be/wcsstore/CollectAndGoSFAS/images/JPG/200x200/std.lang.all/92/49/asset-3349249.jpg,3074457345616686292
3165055,16266-P,EVERYDAY margarine smeren vlootje 500g,EVERYDAY margarine smeren vlootje 500g,"0,99","1,98",EUR,Y,true,,Zuivel en plantaardige alternatieven > Boter en margarine,https://www.collectandgo.be/wcsstore/CollectAndGoSFAS/images/JPG/200x200/std.lang.all/78/86/asset-557886.jpg,3074457345616710456
4329321,7306-P,ECONOM UB melkerijboter ongezouten 1kg,ECONOM UB melkerijboter ongezouten 1kg,"9,56","9,56",EUR,Y,true,,Zuivel en plantaardige alternatieven > Boter en margarine,https://www.collectandgo.be/wcsstore/CollectAndGoSFAS/images/JPG/200x200/std.lang.all/04/05/asset-2500405.jpg,3074457345616761212
1444196,26862-P,BONI lookboter 125g,BONI lookboter 125g,"2,59","20,72",EUR,Y,true,,Zuivel en plantaardige alternatieven > Boter en margarine,https://www.collectandgo.be/wcsstore/CollectAndGoSFAS/images/JPG/200x200/std.lang.all/87/29/asset-3208729.jpg,3074457345616689620
4328734,1514-P,ECONOM UB melkerijboter gezouten 1kg,ECONOM UB melkerijboter gezouten 1kg,"9,56","9,56",EUR,Y,true,,Zuivel en plantaardige alternatieven > Boter en margarine,https://www.collectandgo.be/wcsstore/CollectAndGoSFAS/images/JPG/200x200/std.lang.all/04/04/asset-2500404.jpg,3074457345616761154
3094670,4477-P,BONI Belgische scharreleieren L 6st,BONI Belgische scharreleieren L 6st,"2,39","0,40",EUR,Y,true,,Zuivel en plantaardige alternatieven > Eieren,https://www.collectandgo.be/wcsstore/CollectAndGoSFAS/images/JPG/200x200/std.lang.all/83/91/asset-3028391.jpg,3074457345616703646
3095156,8440-P,BONI BIO Vers eieren M 12st,BONI BIO Vers eieren M 12st,"4,95","0,41",EUR,Y,true,,Zuivel en plantaardige alternatieven > Eieren,https://www.collectandgo.be/wcsstore/CollectAndGoSFAS/images/JPG/200x200/std.lang.all/80/39/asset-3028039.jpg,3074457345616703722
1588959,30933-P,BONI scharrelei Belgisch M 12st,BONI scharrelei Belgisch M 12st,"4,49","0,38",EUR,Y,true,,Zuivel en plantaardige alternatieven > Eieren,https://www.collectandgo.be/wcsstore/CollectAndGoSFAS/images/JPG/200x200/std.lang.all/83/79/asset-3028379.jpg,3074457345616687920
28028,28028-P,BONI BIO Eieren vers L 6st,BONI BIO Eieren vers L 6st,"2,99","0,50",EUR,Y,true,,Zuivel en plantaardige alternatieven > Eieren,https://www.collectandgo.be/wcsstore/CollectAndGoSFAS/images/JPG/200x200/std.lang.all/20/65/asset-3812065.jpg,3074457345616679610
3501748,28053-P,BONI Eieren vrij uitloopM 12st,BONI Eieren vrij uitloopM 12st,"4,29","0,36",EUR,Y,true,,Zuivel en plantaardige alternatieven > Eieren,https://www.collectandgo.be/wcsstore/CollectAndGoSFAS/images/JPG/200x200/std.lang.all/19/44/asset-3331944.jpg,3074457345616719940
3501784,28054-P,BONI Vrij uitloop eieren L 6st,BONI Vrij uitloop eieren L 6st,"2,63","0,44",EUR,Y,true,,Zuivel en plantaardige alternatieven > Eieren,https://www.collectandgo.be/wcsstore/CollectAndGoSFAS/images/JPG/200x200/std.lang.all/19/45/asset-3331945.jpg,3074457345616714618
4383344,24397-P,BONI Scharrel | Wit | M/L 10st,BONI Scharrel | Wit | M/L 10st,"3,99","0,40",EUR,Y,true,,Zuivel en plantaardige alternatieven > Eieren,https://www.collectandgo.be/wcsstore/CollectAndGoSFAS/images/JPG/200x200/std.lang.all/54/90/asset-3215490.jpg,3074457345616769834
4339088,23895-P,scharrel kwartelei 12st,scharrel kwartelei 12st,"3,49","0,29",EUR,Y,true,,Zuivel en plantaardige alternatieven > Eieren,https://www.collectandgo.be/wcsstore/CollectAndGoSFAS/images/JPG/200x200/std.lang.all/08/24/asset-2400824.jpg,3074457345616762204
4688099,30629-P,ECONOM Scharrel eieren L 30st,ECONOM Scharrel eieren L 30st,"10,79","0,36",EUR,Y,true,,Zuivel en plantaardige alternatieven > Eieren,https://www.collectandgo.be/wcsstore/CollectAndGoSFAS/images/JPG/200x200/std.lang.all/39/93/asset-3003993.jpg,3074457345616809170
3941637,1484-P,BONI Cheddar 10 sneden 250g,BONI Cheddar 10 sneden 250g,"1,74","6,96",EUR,Y,true,,Zuivel en plantaardige alternatieven > Kaas,https://www.collectandgo.be/wcsstore/CollectAndGoSFAS/images/JPG/200x200/std.lang.all/98/47/asset-1769847.jpg,3074457345616735386
2559140,19561-P,EVERYDAY verse roomkaas natuur 200g,EVERYDAY verse roomkaas natuur 200g,"1,09","5,45",EUR,Y,true,,Zuivel en plantaardige alternatieven > Kaas,https://www.collectandgo.be/wcsstore/CollectAndGoSFAS/images/JPG/200x200/std.lang.all/18/14/asset-2371814.jpg,3074457345616698802
1856091,26634-P,BONI geitenkaas zacht 150g,BONI geitenkaas zacht 150g,"1,75","11,67",EUR,Y,true,,Zuivel en plantaardige alternatieven > Kaas,https://www.collectandgo.be/wcsstore/CollectAndGoSFAS/images/JPG/200x200/nl_be/27/15/asset-1932715.jpg,3074457345616691072
2837266,23505-P,EVERYDAY verse kaas light 17%vg 200g,EVERYDAY verse kaas light 17%vg 200g,"1,19","5,95",EUR,Y,true,,Zuivel en plantaardige alternatieven > Kaas,https://www.collectandgo.be/wcsstore/CollectAndGoSFAS/images/JPG/200x200/std.lang.all/38/97/asset-2243897.jpg,3074457345616703016
4414953,13543-P,SALAKIS feta classic 150g,SALAKIS feta classic 150g,"3,59","23,94",EUR,Y,true,,Zuivel en plantaardige alternatieven > Kaas,https://www.collectandgo.be/wcsstore/CollectAndGoSFAS/images/JPG/200x200/std.lang.all/11/14/asset-2421114.jpg,3074457345616774738
3941633,1380-P,BONI emmental 10 sneden 250g,BONI emmental 10 sneden 250g,"1,79","7,16",EUR,Y,true,,Zuivel en plantaardige alternatieven > Kaas,https://www.collectandgo.be/wcsstore/CollectAndGoSFAS/images/JPG/200x200/std.lang.all/90/34/asset-3349034.jpg,3074457345616735380
1908428,27049-P,GALBANI Mozzarella mini 20st 150g,GALBANI Mozzarella mini 20st 150g,"2,29","15,27",EUR,Y,true,,Zuivel en plantaardige alternatieven > Kaas,https://www.collectandgo.be/wcsstore/CollectAndGoSFAS/images/JPG/200x200/std.lang.all/53/62/asset-3335362.jpg,3074457345616691736
3352659,5511-P,HEKS'NKAAS Original 200g,HEKS'NKAAS Original 200g,"3,59","17,95",EUR,Y,true,,Zuivel en plantaardige alternatieven > Kaas,https://www.collectandgo.be/wcsstore/CollectAndGoSFAS/images/JPG/200x200/std.lang.all/66/67/asset-3566667.jpg,3074457345616715502
26511,26511-P,CHAVROUX geitenkaas natuur 150g,CHAVROUX geitenkaas natuur 150g,"2,15","14,34",EUR,Y,true,,Zuivel en plantaardige alternatieven > Kaas,https://www.collectandgo.be/wcsstore/CollectAndGoSFAS/images/JPG/200x200/nl_be/49/56/asset-924956.jpg,3074457345616679498
3548363,33653-P,BOURSIN verse kaas look&f.kruiden 250g,BOURSIN verse kaas look&f.kruiden 250g,"2,10","8,40",EUR,Y,true,,Zuivel en plantaardige alternatieven > Kaas,https://www.collectandgo.be/wcsstore/CollectAndGoSFAS/images/JPG/200x200/std.lang.all/22/19/asset-3252219.jpg,3074457345616718616
26800,26800-P,APETINA kaasblokjes olie glas 265g,APETINA kaasblokjes olie glas 265g,"3,19","21,27",EUR,Y,true,,Zuivel en plantaardige alternatieven > Kaas,https://www.collectandgo.be/wcsstore/CollectAndGoSFAS/images/JPG/200x200/std.lang.all/76/78/asset-3997678.jpg,3074457345616679436
2946368,36185-P,PARMAREGGIO parmezaan geraspt 100g,PARMAREGGIO parmezaan geraspt 100g,"5,25","52,50",EUR,Y,true,,Zuivel en plantaardige alternatieven > Kaas,https://www.collectandgo.be/wcsstore/CollectAndGoSFAS/images/JPG/200x200/std.lang.all/05/63/asset-2690563.jpg,3074457345616703150
4602637,12705-P,BOURSIN look fijne kruiden 80g,BOURSIN look fijne kruiden 80g,"1,35","16,88",EUR,Y,true,,Zuivel en plantaardige alternatieven > Kaas,https://www.collectandgo.be/wcsstore/CollectAndGoSFAS/images/JPG/200x200/std.lang.all/20/34/asset-3252034.jpg,3074457345616798158
3988529,3715-P,BOURSIN zacht&romig knofl.f.kruiden 125g,BOURSIN zacht&romig knofl.f.kruiden 125g,"2,54","20,32",EUR,Y,true,,Zuivel en plantaardige alternatieven > Kaas,https://www.collectandgo.be/wcsstore/CollectAndGoSFAS/images/JPG/200x200/std.lang.all/84/16/asset-3358416.jpg,3074457345616740934
2857924,34321-P,DILEA ZERO LACTOSE emmental ger. 2x100g,DILEA ZERO LACTOSE emmental ger. 2x100g,"3,98","19,90",EUR,Y,true,,Zuivel en plantaardige alternatieven > Kaas,https://www.collectandgo.be/wcsstore/CollectAndGoSFAS/images/JPG/200x200/std.lang.all/84/21/asset-2788421.jpg,3074457345616702908
3646270,31070-P,BONI geitenkaas honing 150g,BONI geitenkaas honing 150g,"2,49","16,60",EUR,Y,true,,Zuivel en plantaardige alternatieven > Kaas,https://www.collectandgo.be/wcsstore/CollectAndGoSFAS/images/JPG/200x200/nl_be/19/09/asset-1781909.jpg,3074457345616720842
4168340,3484-P,DANATEL Bio Feta lactosevrij 150g,DANATEL Bio Feta lactosevrij 150g,"2,55","17,00",EUR,Y,true,,Zuivel en plantaardige alternatieven > Kaas,https://www.collectandgo.be/wcsstore/CollectAndGoSFAS/images/JPG/200x200/std.lang.all/16/27/asset-1861627.jpg,3074457345616732852
2236909,26014-P,DILEA ZERO LACTOSE gouda sneetjes 150g,DILEA ZERO LACTOSE gouda sneetjes 150g,"4,35","29,00",EUR,Y,true,,Zuivel en plantaardige alternatieven > Kaas,https://www.collectandgo.be/wcsstore/CollectAndGoSFAS/images/JPG/200x200/std.lang.all/63/79/asset-2776379.jpg,3074457345616687636
4417599,20469-P,ZETA Parmigiano Geraspt 85g,ZETA Parmigiano Geraspt 85g,"3,35","39,42",EUR,Y,true,,Zuivel en plantaardige alternatieven > Kaas,https://www.collectandgo.be/wcsstore/CollectAndGoSFAS/images/JPG/200x200/std.lang.all/60/95/asset-3966095.jpg,3074457345616774930
26767,26767-P,CHIMAY trappistenkaas zacht smeuig 320g,CHIMAY trappistenkaas zacht smeuig 320g,"7,55","23,60",EUR,Y,true,,Zuivel en plantaardige alternatieven > Kaas,https://www.collectandgo.be/wcsstore/CollectAndGoSFAS/images/JPG/200x200/std.lang.all/02/79/asset-3620279.jpg,3074457345616679428
1566569,28950-P,BOURSIN sjalotten & bieslook 150g,BOURSIN sjalotten & bieslook 150g,"2,47","16,47",EUR,Y,true,,Zuivel en plantaardige alternatieven > Kaas,https://www.collectandgo.be/wcsstore/CollectAndGoSFAS/images/JPG/200x200/std.lang.all/22/14/asset-3252214.jpg,3074457345616688228
1381089,26737-P,GALBANI mozzarella buffelmelk 125g,GALBANI mozzarella buffelmelk 125g,"2,99","23,92",EUR,Y,true,,Zuivel en plantaardige alternatieven > Kaas,https://www.collectandgo.be/wcsstore/CollectAndGoSFAS/images/JPG/200x200/std.lang.all/40/63/asset-3304063.jpg,3074457345616683210
4670210,2738-P,MAREDSOUS kaas abdij blok 500g,MAREDSOUS kaas abdij blok 500g,"12,45","24,90",EUR,Y,true,,Zuivel en plantaardige alternatieven > Kaas,https://www.collectandgo.be/wcsstore/CollectAndGoSFAS/images/JPG/200x200/std.lang.all/05/97/asset-3390597.jpg,3074457345616806166
2236895,26005-P,CHAVROUX geitenkaas bieslook 150g,CHAVROUX geitenkaas bieslook 150g,"4,25","28,34",EUR,Y,true,,Zuivel en plantaardige alternatieven > Kaas,https://www.collectandgo.be/wcsstore/CollectAndGoSFAS/images/JPG/200x200/nl_be/31/96/asset-743196.jpg,3074457345616687634
4494549,17615-P,TOMME kaas met kruiden en bloemen 180g,TOMME kaas met kruiden en bloemen 180g,"4,99","27,73",EUR,Y,true,,Zuivel en plantaardige alternatieven > Kaas,https://www.collectandgo.be/wcsstore/CollectAndGoSFAS/images/JPG/200x200/std.lang.all/50/40/asset-3195040.jpg,3074457345616782760
4709800,1133-P,GARCIA BAQUERO manchego 3m gerijpt 250g,GARCIA BAQUERO manchego 3m gerijpt 250g,"6,50","26,00",EUR,Y,true,,Zuivel en plantaardige alternatieven > Kaas,https://www.collectandgo.be/wcsstore/CollectAndGoSFAS/images/JPG/200x200/std.lang.all/00/79/asset-3960079.jpg,3074457345616812578
4710635,4475-P,FLANDRIEN Light sneetjes 200g,FLANDRIEN Light sneetjes 200g,"4,61","23,05",EUR,Y,true,,Zuivel en plantaardige alternatieven > Kaas,https://www.collectandgo.be/wcsstore/CollectAndGoSFAS/images/JPG/200x200/std.lang.all/57/35/asset-3195735.jpg,3074457345616812650
1967378,26748-P,CHAUSSÉE AUX MOINES kaas bol 340g,CHAUSSÉE AUX MOINES kaas bol 340g,"9,49","27,92",EUR,Y,true,,Zuivel en plantaardige alternatieven > Kaas,https://www.collectandgo.be/wcsstore/CollectAndGoSFAS/images/JPG/200x200/std.lang.all/22/81/asset-3742281.jpg,3074457345616692506
4638422,14092-P,VERDANNET Reblochon de savoie ±250g,VERDANNET Reblochon de savoie ±250g,"20,40","20,40",EUR,Y,true,,Zuivel en plantaardige alternatieven > Kaas,https://www.collectandgo.be/wcsstore/CollectAndGoSFAS/images/JPG/200x200/std.lang.all/41/07/asset-2994107.jpg,3074457345616802952
3409970,30302-P,PHILADELPHIA verse kaas lactosevrij 175g,PHILADELPHIA verse kaas lactosevrij 175g,"3,99","22,80",EUR,Y,true,,Zuivel en plantaardige alternatieven > Kaas,https://www.collectandgo.be/wcsstore/CollectAndGoSFAS/images/JPG/200x200/std.lang.all/85/08/asset-3678508.jpg,3074457345616716076
3131498,44033-P,MEULE DE BESAC kaas blok ±300g,MEULE DE BESAC kaas blok ±300g,"13,90","13,90",EUR,Y,true,,Zuivel en plantaardige alternatieven > Kaas,https://www.collectandgo.be/wcsstore/CollectAndGoSFAS/images/JPG/200x200/std.lang.all/92/83/asset-379283.jpg,3074457345616706266
2828601,14098-P,RUBENS kaas halfhard blok ±260g,RUBENS kaas halfhard blok ±260g,"19,90","19,90",EUR,Y,true,,Zuivel en plantaardige alternatieven > Kaas,https://www.collectandgo.be/wcsstore/CollectAndGoSFAS/images/JPG/200x200/std.lang.all/22/58/asset-3742258.jpg,3074457345616698384
3845738,33117-P,BONI verse schapenkaas 150g,BONI verse schapenkaas 150g,"2,79","18,60",EUR,Y,true,,Zuivel en plantaardige alternatieven > Kaas,https://www.collectandgo.be/wcsstore/CollectAndGoSFAS/images/JPG/200x200/std.lang.all/76/39/asset-1637639.jpg,3074457345616741422
4855297,4170-P,BOURSIN Vegan knoflook fijne kruid. 150g,BOURSIN Vegan knoflook fijne kruid. 150g,"1,88","12,54",EUR,Y,true,,Zuivel en plantaardige alternatieven > Kaas,https://www.collectandgo.be/wcsstore/CollectAndGoSFAS/images/JPG/200x200/std.lang.all/90/80/asset-3819080.jpg,3074457345616843078
26520,26520-P,BOURSIN verse kruidenkaas peper 150g,BOURSIN verse kruidenkaas peper 150g,"3,14","20,94",EUR,Y,true,,Zuivel en plantaardige alternatieven > Kaas,https://www.collectandgo.be/wcsstore/CollectAndGoSFAS/images/JPG/200x200/std.lang.all/22/13/asset-3252213.jpg,3074457345616679504
4755125,7671-P,PATER LIEVENS blok ±220g,PATER LIEVENS blok ±220g,"22,99","22,99",EUR,Y,true,,Zuivel en plantaardige alternatieven > Kaas,https://www.collectandgo.be/wcsstore/CollectAndGoSFAS/images/JPG/200x200/std.lang.all/23/51/asset-3342351.jpg,3074457345616822288
3438589,21490-P,BRUGGE kaas apero mosterd blok ±300g,BRUGGE kaas apero mosterd blok ±300g,"25,19","25,19",EUR,Y,true,,Zuivel en plantaardige alternatieven > Kaas,https://www.collectandgo.be/wcsstore/CollectAndGoSFAS/images/JPG/200x200/std.lang.all/28/49/asset-1392849.jpg,3074457345616717146
4786440,33304-P,BONI PLAN'T Gouda smaak 8sn. Vegan 200g,BONI PLAN'T Gouda smaak 8sn. Vegan 200g,"1,25","6,25",EUR,Y,true,,Zuivel en plantaardige alternatieven > Kaas,https://www.collectandgo.be/wcsstore/CollectAndGoSFAS/images/JPG/200x200/std.lang.all/92/10/asset-3719210.jpg,3074457345616827426
4582759,6968-P,BRAZZALE Provolone zacht 150g,BRAZZALE Provolone zacht 150g,"2,05","13,67",EUR,Y,true,,Zuivel en plantaardige alternatieven > Kaas,https://www.collectandgo.be/wcsstore/CollectAndGoSFAS/images/JPG/200x200/std.lang.all/65/13/asset-2826513.jpg,3074457345616796248
4407154,24782-P,GALBANI Mini Bufala 150g,GALBANI Mini Bufala 150g,"3,99","26,60",EUR,Y,true,,Zuivel en plantaardige alternatieven > Kaas,https://www.collectandgo.be/wcsstore/CollectAndGoSFAS/images/JPG/200x200/std.lang.all/23/33/asset-2422333.jpg,3074457345616772900
4692591,12708-P,PHILADELPHIA plantaardig 145g,PHILADELPHIA plantaardig 145g,"3,09","21,32",EUR,Y,true,,Zuivel en plantaardige alternatieven > Kaas,https://www.collectandgo.be/wcsstore/CollectAndGoSFAS/images/JPG/200x200/std.lang.all/85/92/asset-3678592.jpg,3074457345616809486
4417596,20316-P,BOURSIN zacht & romig knoflook 210g,BOURSIN zacht & romig knoflook 210g,"4,61","21,96",EUR,Y,true,,Zuivel en plantaardige alternatieven > Kaas,https://www.collectandgo.be/wcsstore/CollectAndGoSFAS/images/JPG/200x200/std.lang.all/84/54/asset-3358454.jpg,3074457345616774924
4583036,8803-P,Plank mini internationale kaas 170g,Plank mini internationale kaas 170g,"3,94","23,18",EUR,Y,true,,Zuivel en plantaardige alternatieven > Kaas,https://www.collectandgo.be/wcsstore/CollectAndGoSFAS/images/JPG/200x200/std.lang.all/31/07/asset-3133107.jpg,3074457345616796290
1674992,26568-P,BOURSIN Salade&Apér. look&f.kruiden 120g,BOURSIN Salade&Apér. look&f.kruiden 120g,"3,41","28,42",EUR,Y,true,,Zuivel en plantaardige alternatieven > Kaas,https://www.collectandgo.be/wcsstore/CollectAndGoSFAS/images/JPG/200x200/std.lang.all/22/15/asset-3252215.jpg,3074457345616692228
2960181,40706-P,BOURSIN verse kr.kaas vijgen&noten 150g,BOURSIN verse kr.kaas vijgen&noten 150g,"3,14","20,94",EUR,Y,true,,Zuivel en plantaardige alternatieven > Kaas,https://www.collectandgo.be/wcsstore/CollectAndGoSFAS/images/JPG/200x200/std.lang.all/22/16/asset-3252216.jpg,3074457345616701766
2827949,14181-P,DAMME kaas halfhard blok ±250g,DAMME kaas halfhard blok ±250g,"19,90","19,90",EUR,Y,true,,Zuivel en plantaardige alternatieven > Kaas,https://www.collectandgo.be/wcsstore/CollectAndGoSFAS/images/JPG/200x200/std.lang.all/98/01/asset-2829801.jpg,3074457345616698538
4456300,2743-P,Kwaremont blok ±220g,Kwaremont blok ±220g,"22,00","22,00",EUR,Y,true,,Zuivel en plantaardige alternatieven > Kaas,https://www.collectandgo.be/wcsstore/CollectAndGoSFAS/images/JPG/200x200/std.lang.all/82/61/asset-2628261.jpg,3074457345616778202
4786428,33301-P,BONI PLAN'T Geraspt Gouda sm.Vegan 200g,BONI PLAN'T Geraspt Gouda sm.Vegan 200g,"1,48","7,40",EUR,Y,true,,Zuivel en plantaardige alternatieven > Kaas,https://www.collectandgo.be/wcsstore/CollectAndGoSFAS/images/JPG/200x200/std.lang.all/68/27/asset-3946827.jpg,3074457345616827422
4100760,2254-P,SALAKIS light 200g,SALAKIS light 200g,"6,35","31,75",EUR,Y,true,,Zuivel en plantaardige alternatieven > Kaas,https://www.collectandgo.be/wcsstore/CollectAndGoSFAS/images/JPG/200x200/std.lang.all/88/03/asset-2478803.jpg,3074457345616736522
1930237,35415-P,SALAKIS schapenk. provenç.kr. glas 300g,SALAKIS schapenk. provenç.kr. glas 300g,"5,59","37,27",EUR,Y,true,,Zuivel en plantaardige alternatieven > Kaas,https://www.collectandgo.be/wcsstore/CollectAndGoSFAS/images/JPG/200x200/std.lang.all/30/27/asset-2143027.jpg,3074457345616693078
2875781,34433-P,VIEUX LIÈGE kaas blok bio ±250g,VIEUX LIÈGE kaas blok bio ±250g,"23,10","23,10",EUR,Y,true,,Zuivel en plantaardige alternatieven > Kaas,https://www.collectandgo.be/wcsstore/CollectAndGoSFAS/images/JPG/200x200/std.lang.all/97/75/asset-649775.jpg,3074457345616702582
4582158,6705-P,CHAVROUX Geitenkaas met vijgen 150g,CHAVROUX Geitenkaas met vijgen 150g,"4,79","31,94",EUR,Y,true,,Zuivel en plantaardige alternatieven > Kaas,https://www.collectandgo.be/wcsstore/CollectAndGoSFAS/images/JPG/200x200/nl_be/65/51/asset-2826551.jpg,3074457345616796016
1367547,16853-P,APÉRICUBE aperitiefkaasjes Nature 48st,APÉRICUBE aperitiefkaasjes Nature 48st,"6,25","25,00",EUR,Y,true,,Zuivel en plantaardige alternatieven > Kaas,https://www.collectandgo.be/wcsstore/CollectAndGoSFAS/images/JPG/200x200/std.lang.all/92/11/asset-2669211.jpg,3074457345616683266
4417151,19693-P,BONI saladeblokjes assort. kaas 175g,BONI saladeblokjes assort. kaas 175g,"3,75","21,43",EUR,Y,true,,Zuivel en plantaardige alternatieven > Kaas,https://www.collectandgo.be/wcsstore/CollectAndGoSFAS/images/JPG/200x200/std.lang.all/00/27/asset-3830027.jpg,3074457345616774908
1148515,16855-P,APÉRICUBE aperitiefkaasjes Classic 48st,APÉRICUBE aperitiefkaasjes Classic 48st,"7,42","29,68",EUR,Y,true,,Zuivel en plantaardige alternatieven > Kaas,https://www.collectandgo.be/wcsstore/CollectAndGoSFAS/images/JPG/200x200/std.lang.all/92/10/asset-2669210.jpg,3074457345616682946
4422885,25851-P,LANDANA geitenkaas rozemarijn 200g,LANDANA geitenkaas rozemarijn 200g,"4,99","24,95",EUR,Y,true,,Zuivel en plantaardige alternatieven > Kaas,https://www.collectandgo.be/wcsstore/CollectAndGoSFAS/images/JPG/200x200/std.lang.all/48/88/asset-2404888.jpg,3074457345616775338
4636954,8562-P,SOIGNON pyramide geitenkaas natuur 150g,SOIGNON pyramide geitenkaas natuur 150g,"2,99","19,94",EUR,Y,true,,Zuivel en plantaardige alternatieven > Kaas,https://www.collectandgo.be/wcsstore/CollectAndGoSFAS/images/JPG/200x200/nl_be/98/74/asset-2899874.jpg,3074457345616802888
4572629,28575-P,Meule du Plateau 4 maand ±250g,Meule du Plateau 4 maand ±250g,"27,20","27,20",EUR,Y,true,,Zuivel en plantaardige alternatieven > Kaas,https://www.collectandgo.be/wcsstore/CollectAndGoSFAS/images/JPG/200x200/std.lang.all/05/43/asset-3040543.jpg,3074457345616794842
4487863,3214-P,POLDERKAAS blok ±260g,POLDERKAAS blok ±260g,"20,90","20,90",EUR,Y,true,,Zuivel en plantaardige alternatieven > Kaas,https://www.collectandgo.be/wcsstore/CollectAndGoSFAS/images/JPG/200x200/std.lang.all/98/11/asset-2829811.jpg,3074457345616782258
4946439,18898-P,CHAVROUX Geitenkaas voor salad 150g,CHAVROUX Geitenkaas voor salad 150g,"4,79","31,94",EUR,Y,true,,Zuivel en plantaardige alternatieven > Kaas,https://www.collectandgo.be/wcsstore/CollectAndGoSFAS/images/JPG/200x200/std.lang.all/44/36/asset-4074436.jpg,3074457345616870416
4931678,11366-P,DANATEL p'tit Robin kaas LV Bio 250g,DANATEL p'tit Robin kaas LV Bio 250g,"5,49","21,96",EUR,Y,true,,Zuivel en plantaardige alternatieven > Kaas,https://www.collectandgo.be/wcsstore/CollectAndGoSFAS/images/JPG/200x200/std.lang.all/49/49/asset-4084949.jpg,3074457345616863730
4746367,32727-P,DE MOERENAAR Chef De Chèvre ±280g,DE MOERENAAR Chef De Chèvre ±280g,"23,90","23,90",EUR,Y,true,,Zuivel en plantaardige alternatieven > Kaas,https://www.collectandgo.be/wcsstore/CollectAndGoSFAS/images/JPG/200x200/std.lang.all/55/58/asset-3315558.jpg,3074457345616820754
1902897,2238-P,BASTIAANSEN geitenkaas bio 150g,BASTIAANSEN geitenkaas bio 150g,"4,85","32,34",EUR,Y,true,,Zuivel en plantaardige alternatieven > Kaas,https://www.collectandgo.be/wcsstore/CollectAndGoSFAS/images/JPG/200x200/std.lang.all/53/58/asset-395358.jpg,3074457345616686808
1646696,42922-P,VOLLE MAAN geitenkaasrol. nat. bio 200g,VOLLE MAAN geitenkaasrol. nat. bio 200g,"4,59","22,95",EUR,Y,true,,Zuivel en plantaardige alternatieven > Kaas,https://www.collectandgo.be/wcsstore/CollectAndGoSFAS/images/JPG/200x200/std.lang.all/45/22/asset-4014522.jpg,3074457345616694708
3677795,22275-P,ZÜGER Indian-Style Paneer Bio 200g,ZÜGER Indian-Style Paneer Bio 200g,"3,75","18,75",EUR,Y,true,,Zuivel en plantaardige alternatieven > Kaas,https://www.collectandgo.be/wcsstore/CollectAndGoSFAS/images/JPG/200x200/std.lang.all/62/91/asset-2846291.jpg,3074457345616726184
4118845,5186-P,VACHE BLEUE Mix pasta bio 150g,VACHE BLEUE Mix pasta bio 150g,"4,99","33,27",EUR,Y,true,,Zuivel en plantaardige alternatieven > Kaas,https://www.collectandgo.be/wcsstore/CollectAndGoSFAS/images/JPG/200x200/std.lang.all/63/75/asset-2846375.jpg,3074457345616739996
4118942,7108-P,BONI Belg. gouda jong 5 sneetjes 250g,BONI Belg. gouda jong 5 sneetjes 250g,"3,08","12,32",EUR,Y,true,,Zuivel en plantaardige alternatieven > Kaas,https://www.collectandgo.be/wcsstore/CollectAndGoSFAS/images/JPG/200x200/std.lang.all/78/71/asset-3127871.jpg,3074457345616740022
1594451,30970-P,BONI mascarpone Pot 500g,BONI mascarpone Pot 500g,"2,58","5,16",EUR,Y,true,,Zuivel en plantaardige alternatieven > Kaas,https://www.collectandgo.be/wcsstore/CollectAndGoSFAS/images/JPG/200x200/std.lang.all/36/51/asset-3953651.jpg,3074457345616685236
26509,26509-P,CAPRICE DES DIEUX kaas zacht 200g,CAPRICE DES DIEUX kaas zacht 200g,"2,49","12,45",EUR,Y,true,,Zuivel en plantaardige alternatieven > Kaas,https://www.collectandgo.be/wcsstore/CollectAndGoSFAS/images/JPG/200x200/std.lang.all/31/04/asset-743104.jpg,3074457345616679496
4119012,7738-P,BONI gouda jong belegen sneetjes 300g,BONI gouda jong belegen sneetjes 300g,"3,94","13,14",EUR,Y,true,,Zuivel en plantaardige alternatieven > Kaas,https://www.collectandgo.be/wcsstore/CollectAndGoSFAS/images/JPG/200x200/std.lang.all/78/73/asset-3127873.jpg,3074457345616740056
1396325,26733-P,EVERYDAY geitenkaas rol gerijpt 180g,EVERYDAY geitenkaas rol gerijpt 180g,"1,59","8,84",EUR,Y,true,,Zuivel en plantaardige alternatieven > Kaas,https://www.collectandgo.be/wcsstore/CollectAndGoSFAS/images/JPG/200x200/std.lang.all/89/52/asset-1148952.jpg,3074457345616683080
3984730,3918-P,BONI Ricotta 250g,BONI Ricotta 250g,"0,99","3,96",EUR,Y,true,,Zuivel en plantaardige alternatieven > Kaas,https://www.collectandgo.be/wcsstore/CollectAndGoSFAS/images/JPG/200x200/std.lang.all/11/26/asset-1731126.jpg,3074457345616740914
26565,26565-P,PRÉSIDENT brie 200g,PRÉSIDENT brie 200g,"1,99","9,95",EUR,Y,true,,Zuivel en plantaardige alternatieven > Kaas,https://www.collectandgo.be/wcsstore/CollectAndGoSFAS/images/JPG/200x200/std.lang.all/43/60/asset-3894360.jpg,3074457345616679284
1727307,33340-P,MAREDSOUS smeerkaas dubbelroom 250g,MAREDSOUS smeerkaas dubbelroom 250g,"4,31","17,24",EUR,Y,true,,Zuivel en plantaardige alternatieven > Kaas,https://www.collectandgo.be/wcsstore/CollectAndGoSFAS/images/JPG/200x200/std.lang.all/18/71/asset-3441871.jpg,3074457345616689130
4307689,12618-P,BONI Belgisch belegen sneetjes 300g,BONI Belgisch belegen sneetjes 300g,"4,49","14,97",EUR,Y,true,,Zuivel en plantaardige alternatieven > Kaas,https://www.collectandgo.be/wcsstore/CollectAndGoSFAS/images/JPG/200x200/std.lang.all/52/17/asset-2755217.jpg,3074457345616758510
4901906,26220-P,GRAN SORESINA Gran.Pada.BOB Bl ±300g,GRAN SORESINA Gran.Pada.BOB Bl ±300g,"21,50","21,50",EUR,Y,true,,Zuivel en plantaardige alternatieven > Kaas,https://www.collectandgo.be/wcsstore/CollectAndGoSFAS/images/JPG/200x200/std.lang.all/78/32/asset-3887832.jpg,3074457345616853184
4119044,7936-P,BONI geitenkaas sneetjes 200g,BONI geitenkaas sneetjes 200g,"3,72","18,60",EUR,Y,true,,Zuivel en plantaardige alternatieven > Kaas,https://www.collectandgo.be/wcsstore/CollectAndGoSFAS/images/JPG/200x200/std.lang.all/78/01/asset-3127801.jpg,3074457345616740060
4816676,8528-P,ZETA Grana Pada.D.O.P. Riserva blok 200g,ZETA Grana Pada.D.O.P. Riserva blok 200g,"4,49","22,45",EUR,Y,true,,Zuivel en plantaardige alternatieven > Kaas,https://www.collectandgo.be/wcsstore/CollectAndGoSFAS/images/JPG/200x200/std.lang.all/08/12/asset-3530812.jpg,3074457345616835116
4901922,26269-P,GRAN SORESINA Parm.Reg. BOB Bl ±300g,GRAN SORESINA Parm.Reg. BOB Bl ±300g,"22,50","22,50",EUR,Y,true,,Zuivel en plantaardige alternatieven > Kaas,https://www.collectandgo.be/wcsstore/CollectAndGoSFAS/images/JPG/200x200/std.lang.all/78/33/asset-3887833.jpg,3074457345616853186
1727313,33342-P,MAREDSOUS smeerkaas ham 250g,MAREDSOUS smeerkaas ham 250g,"4,36","17,44",EUR,Y,true,,Zuivel en plantaardige alternatieven > Kaas,https://www.collectandgo.be/wcsstore/CollectAndGoSFAS/images/JPG/200x200/std.lang.all/18/73/asset-3441873.jpg,3074457345616689188
4945411,1300-P,GALBANI Burrata 100g,GALBANI Burrata 100g,"2,99","29,90",EUR,Y,true,,Zuivel en plantaardige alternatieven > Kaas,https://www.collectandgo.be/wcsstore/CollectAndGoSFAS/images/JPG/200x200/std.lang.all/21/68/asset-4092168.jpg,3074457345616870176
3494982,21051-P,BONI mozzarella sneetjes 150g,BONI mozzarella sneetjes 150g,"2,22","14,80",EUR,Y,true,,Zuivel en plantaardige alternatieven > Kaas,https://www.collectandgo.be/wcsstore/CollectAndGoSFAS/images/JPG/200x200/std.lang.all/14/32/asset-1921432.jpg,3074457345616714402
4914912,9990-P,PINDOS Halloumi 250g,PINDOS Halloumi 250g,"4,43","17,72",EUR,Y,true,,Zuivel en plantaardige alternatieven > Kaas,https://www.collectandgo.be/wcsstore/CollectAndGoSFAS/images/JPG/200x200/std.lang.all/23/13/asset-3932313.jpg,3074457345616857144
26561,26561-P,PRÉSIDENT camembert 250g,PRÉSIDENT camembert 250g,"3,35","13,40",EUR,Y,true,,Zuivel en plantaardige alternatieven > Kaas,https://www.collectandgo.be/wcsstore/CollectAndGoSFAS/images/JPG/200x200/std.lang.all/37/80/asset-4053780.jpg,3074457345616679280
4118897,5566-P,BONI gouda light jong sneetjes 300g,BONI gouda light jong sneetjes 300g,"4,79","15,97",EUR,Y,true,,Zuivel en plantaardige alternatieven > Kaas,https://www.collectandgo.be/wcsstore/CollectAndGoSFAS/images/JPG/200x200/std.lang.all/77/70/asset-3127770.jpg,3074457345616740000
4286206,20363-P,BRUGGE Oud Blok ±375g,BRUGGE Oud Blok ±375g,"24,95","24,95",EUR,Y,true,,Zuivel en plantaardige alternatieven > Kaas,https://www.collectandgo.be/wcsstore/CollectAndGoSFAS/images/JPG/200x200/std.lang.all/65/08/asset-3726508.jpg,3074457345616715008
4774472,33055-P,BONI Geitenkaas Gerookt Spek 4x30g,BONI Geitenkaas Gerookt Spek 4x30g,"3,08","25,67",EUR,Y,true,,Zuivel en plantaardige alternatieven > Kaas,https://www.collectandgo.be/wcsstore/CollectAndGoSFAS/images/JPG/200x200/std.lang.all/12/79/asset-3421279.jpg,3074457345616826328
4238927,19053-P,VACHE BLEUE cheddar geraspt 150g,VACHE BLEUE cheddar geraspt 150g,"4,95","33,00",EUR,Y,true,,Zuivel en plantaardige alternatieven > Kaas,https://www.collectandgo.be/wcsstore/CollectAndGoSFAS/images/JPG/200x200/std.lang.all/11/34/asset-3951134.jpg,3074457345616749512
4122470,9088-P,BONI BIO gouda jong sneetjes 300g,BONI BIO gouda jong sneetjes 300g,"4,86","16,20",EUR,Y,true,,Zuivel en plantaardige alternatieven > Kaas,https://www.collectandgo.be/wcsstore/CollectAndGoSFAS/images/JPG/200x200/std.lang.all/78/02/asset-3127802.jpg,3074457345616740168
4118896,5212-P,BONI Cheddar jong sneetjes 200g,BONI Cheddar jong sneetjes 200g,"3,45","17,25",EUR,Y,true,,Zuivel en plantaardige alternatieven > Kaas,https://www.collectandgo.be/wcsstore/CollectAndGoSFAS/images/JPG/200x200/std.lang.all/77/98/asset-3127798.jpg,3074457345616739998
4118939,6939-P,BONI gouda oud sneetjes 350g,BONI gouda oud sneetjes 350g,"6,06","17,32",EUR,Y,true,,Zuivel en plantaardige alternatieven > Kaas,https://www.collectandgo.be/wcsstore/CollectAndGoSFAS/images/JPG/200x200/std.lang.all/77/99/asset-3127799.jpg,3074457345616740018
26566,26566-P,PRÉSIDENT camembert 8 porties 250g,PRÉSIDENT camembert 8 porties 250g,"4,35","17,40",EUR,Y,true,,Zuivel en plantaardige alternatieven > Kaas,https://www.collectandgo.be/wcsstore/CollectAndGoSFAS/images/JPG/200x200/std.lang.all/99/18/asset-3789918.jpg,3074457345616679286
4118953,7233-P,BONI gouda jong sneetjes 1kg,BONI gouda jong sneetjes 1kg,"9,18","9,18",EUR,Y,true,,Zuivel en plantaardige alternatieven > Kaas,https://www.collectandgo.be/wcsstore/CollectAndGoSFAS/images/JPG/200x200/std.lang.all/76/27/asset-1827627.jpg,3074457345616740032
1307719,26489-P,VACHE BLEUE Gratin 3 Kazen Geraspt 375g,VACHE BLEUE Gratin 3 Kazen Geraspt 375g,"6,64","17,71",EUR,Y,true,,Zuivel en plantaardige alternatieven > Kaas,https://www.collectandgo.be/wcsstore/CollectAndGoSFAS/images/JPG/200x200/std.lang.all/55/55/asset-3965555.jpg,3074457345616685012
4583060,9186-P,ZETA parmigiano 24m montagne 200g,ZETA parmigiano 24m montagne 200g,"8,55","42,75",EUR,Y,true,,Zuivel en plantaardige alternatieven > Kaas,https://www.collectandgo.be/wcsstore/CollectAndGoSFAS/images/JPG/200x200/std.lang.all/56/17/asset-3965617.jpg,3074457345616796302
26605,26605-P,GALBANI ricotta 250g,GALBANI ricotta 250g,"2,29","9,16",EUR,Y,true,,Zuivel en plantaardige alternatieven > Kaas,https://www.collectandgo.be/wcsstore/CollectAndGoSFAS/images/JPG/200x200/std.lang.all/58/68/asset-2985868.jpg,3074457345616679298
26691,26691-P,CHAUMES kaas zacht ±250g,CHAUMES kaas zacht ±250g,"28,56","28,56",EUR,Y,true,,Zuivel en plantaardige alternatieven > Kaas,https://www.collectandgo.be/wcsstore/CollectAndGoSFAS/images/JPG/200x200/std.lang.all/42/36/asset-554236.jpg,3074457345616679384
1686765,32600-P,LE VIEUX PANÉ kaas zacht ±300g,LE VIEUX PANÉ kaas zacht ±300g,"31,94","31,94",EUR,Y,true,,Zuivel en plantaardige alternatieven > Kaas,https://www.collectandgo.be/wcsstore/CollectAndGoSFAS/images/JPG/200x200/std.lang.all/90/06/asset-2079006.jpg,3074457345616691528
4401692,24651-P,BONI maasdammer sneetjes 300g,BONI maasdammer sneetjes 300g,"3,68","12,27",EUR,Y,true,,Zuivel en plantaardige alternatieven > Kaas,https://www.collectandgo.be/wcsstore/CollectAndGoSFAS/images/JPG/200x200/std.lang.all/78/03/asset-3127803.jpg,3074457345616772726
2970314,42162-P,BONI raclettekaas sneetjes 400g,BONI raclettekaas sneetjes 400g,"4,29","10,73",EUR,Y,true,,Zuivel en plantaardige alternatieven > Kaas,https://www.collectandgo.be/wcsstore/CollectAndGoSFAS/images/JPG/200x200/std.lang.all/92/54/asset-3349254.jpg,3074457345616701830
2409579,17073-P,VACHE BLEUE Pasta 3kazen geraspt 250g,VACHE BLEUE Pasta 3kazen geraspt 250g,"4,93","19,72",EUR,Y,true,,Zuivel en plantaardige alternatieven > Kaas,https://www.collectandgo.be/wcsstore/CollectAndGoSFAS/images/JPG/200x200/std.lang.all/79/82/asset-3947982.jpg,3074457345616694394
3853496,15806-P,BERLOUMI Chili munt 270g,BERLOUMI Chili munt 270g,"5,49","20,34",EUR,Y,true,,Zuivel en plantaardige alternatieven > Kaas,https://www.collectandgo.be/wcsstore/CollectAndGoSFAS/images/JPG/200x200/std.lang.all/50/44/asset-3435044.jpg,3074457345616731974
3158714,1887-P,MAREDSOUS smeerkaas emmental 200g,MAREDSOUS smeerkaas emmental 200g,"4,49","22,45",EUR,Y,true,,Zuivel en plantaardige alternatieven > Kaas,https://www.collectandgo.be/wcsstore/CollectAndGoSFAS/images/JPG/200x200/std.lang.all/91/46/asset-3489146.jpg,3074457345616743904
1727317,33343-P,MAREDSOUS smeerkaas light ham 250g,MAREDSOUS smeerkaas light ham 250g,"5,61","22,44",EUR,Y,true,,Zuivel en plantaardige alternatieven > Kaas,https://www.collectandgo.be/wcsstore/CollectAndGoSFAS/images/JPG/200x200/std.lang.all/18/74/asset-3441874.jpg,3074457345616689190
1727311,33341-P,MAREDSOUS smeerkaas light 250g,MAREDSOUS smeerkaas light 250g,"5,61","22,44",EUR,Y,true,,Zuivel en plantaardige alternatieven > Kaas,https://www.collectandgo.be/wcsstore/CollectAndGoSFAS/images/JPG/200x200/std.lang.all/18/72/asset-3441872.jpg,3074457345616689186
3748875,41496-P,PAVÉ D'AFFINOIS Brin 150g,PAVÉ D'AFFINOIS Brin 150g,"3,65","24,34",EUR,Y,true,,Zuivel en plantaardige alternatieven > Kaas,https://www.collectandgo.be/wcsstore/CollectAndGoSFAS/images/JPG/200x200/std.lang.all/07/74/asset-2690774.jpg,3074457345616725314
26602,26602-P,Germain Kaas witschimmel chaource BOB 250g,GERMAIN chaource BOB 250g,"5,35","21,40",EUR,Y,true,,Zuivel en plantaardige alternatieven > Kaas,https://www.collectandgo.be/wcsstore/CollectAndGoSFAS/images/JPG/200x200/std.lang.all/76/01/asset-2317601.jpg,3074457345616679296
1734180,33477-P,L'EXQUIS remoudou herve 200g,L'EXQUIS remoudou herve 200g,"5,00","25,00",EUR,Y,true,,Zuivel en plantaardige alternatieven > Kaas,https://www.collectandgo.be/wcsstore/CollectAndGoSFAS/images/JPG/200x200/std.lang.all/90/07/asset-3289007.jpg,3074457345616689404
2801577,46142-P,VACHE BLEUE emmental geraspt 2x200g,VACHE BLEUE emmental geraspt 2x200g,"8,44","21,10",EUR,Y,true,,Zuivel en plantaardige alternatieven > Kaas,https://www.collectandgo.be/wcsstore/CollectAndGoSFAS/images/JPG/200x200/std.lang.all/73/18/asset-3747318.jpg,3074457345616702240
1919350,16748-P,SALAKIS schapenkaas 200g,SALAKIS schapenkaas 200g,"4,19","20,95",EUR,Y,true,,Zuivel en plantaardige alternatieven > Kaas,https://www.collectandgo.be/wcsstore/CollectAndGoSFAS/images/JPG/200x200/std.lang.all/32/51/asset-3513251.jpg,3074457345616692010
4108178,8658-P,CHAVROUX geitenkaas buche 150g,CHAVROUX geitenkaas buche 150g,"3,99","26,60",EUR,Y,true,,Zuivel en plantaardige alternatieven > Kaas,https://www.collectandgo.be/wcsstore/CollectAndGoSFAS/images/JPG/200x200/std.lang.all/38/92/asset-1813892.jpg,3074457345616738226
3644897,17598-P,SAINT-ALBRAY zachte kaas ±250g,SAINT-ALBRAY zachte kaas ±250g,"32,38","32,38",EUR,Y,true,,Zuivel en plantaardige alternatieven > Kaas,https://www.collectandgo.be/wcsstore/CollectAndGoSFAS/images/JPG/200x200/std.lang.all/11/72/asset-1171172.jpg,3074457345616721902
26588,26588-P,PIÉ D'ANGLOYS kaas zacht romig 200g,PIÉ D'ANGLOYS kaas zacht romig 200g,"5,29","26,45",EUR,Y,true,,Zuivel en plantaardige alternatieven > Kaas,https://www.collectandgo.be/wcsstore/CollectAndGoSFAS/images/JPG/200x200/std.lang.all/12/27/asset-371227.jpg,3074457345616679292
4929983,18661-P,BONI Abdijkaas Sneetjes 250g,BONI Abdijkaas Sneetjes 250g,"3,99","15,96",EUR,Y,true,,Zuivel en plantaardige alternatieven > Kaas,https://www.collectandgo.be/wcsstore/CollectAndGoSFAS/images/JPG/200x200/std.lang.all/49/64/asset-3994964.jpg,3074457345616862742
4793654,35833-P,MAREDSOUS Dubbelroom 16P 256g,MAREDSOUS Dubbelroom 16P 256g,"6,69","26,14",EUR,Y,true,,Zuivel en plantaardige alternatieven > Kaas,https://www.collectandgo.be/wcsstore/CollectAndGoSFAS/images/JPG/200x200/std.lang.all/65/15/asset-3486515.jpg,3074457345616829346
4703581,31261-P,GERMAIN crottin de chèvre 120g,GERMAIN crottin de chèvre 120g,"5,99","49,92",EUR,Y,true,,Zuivel en plantaardige alternatieven > Kaas,https://www.collectandgo.be/wcsstore/CollectAndGoSFAS/images/JPG/200x200/std.lang.all/24/58/asset-3942458.jpg,3074457345616810760
4709865,1342-P,PRÉSIDENT Petit camemb. extra fond. 135g,PRÉSIDENT Petit camemb. extra fond. 135g,"2,99","22,15",EUR,Y,true,,Zuivel en plantaardige alternatieven > Kaas,https://www.collectandgo.be/wcsstore/CollectAndGoSFAS/images/JPG/200x200/std.lang.all/77/82/asset-3217782.jpg,3074457345616812582
4126586,9338-P,BONI BIO Emmental sneden 250g,BONI BIO Emmental sneden 250g,"3,69","14,76",EUR,Y,true,,Zuivel en plantaardige alternatieven > Kaas,https://www.collectandgo.be/wcsstore/CollectAndGoSFAS/images/JPG/200x200/std.lang.all/54/67/asset-4025467.jpg,3074457345616741776
2866644,21755-P,PRÉSIDENT brie 10 porties 340g,PRÉSIDENT brie 10 porties 340g,"6,49","19,09",EUR,Y,true,,Zuivel en plantaardige alternatieven > Kaas,https://www.collectandgo.be/wcsstore/CollectAndGoSFAS/images/JPG/200x200/std.lang.all/97/92/asset-3789792.jpg,3074457345616702110
2216434,26790-P,PARMAREGGIO Parmigiano Reg.30M blok 250g,PARMAREGGIO Parmigiano Reg.30M blok 250g,"18,98","75,92",EUR,Y,true,,Zuivel en plantaardige alternatieven > Kaas,https://www.collectandgo.be/wcsstore/CollectAndGoSFAS/images/JPG/200x200/std.lang.all/09/07/asset-340907.jpg,3074457345616690746
3361586,5273-P,ETOILE DE QUERCY brique de brebis ±150g,ETOILE DE QUERCY brique de brebis ±150g,"25,90","25,90",EUR,Y,true,,Zuivel en plantaardige alternatieven > Kaas,https://www.collectandgo.be/wcsstore/CollectAndGoSFAS/images/JPG/200x200/std.lang.all/03/29/asset-710329.jpg,3074457345616712798
1646751,26976-P,BRUGGE kaas blok ±450g,BRUGGE kaas blok ±450g,"26,36","26,36",EUR,Y,true,,Zuivel en plantaardige alternatieven > Kaas,https://www.collectandgo.be/wcsstore/CollectAndGoSFAS/images/JPG/200x200/std.lang.all/97/78/asset-2829778.jpg,3074457345616694712
4932110,16360-P,CAPRICE DES DIEUX caprice des dieux 125g,CAPRICE DES DIEUX caprice des dieux 125g,"2,52","20,16",EUR,Y,true,,Zuivel en plantaardige alternatieven > Kaas,https://www.collectandgo.be/wcsstore/CollectAndGoSFAS/images/JPG/200x200/std.lang.all/39/22/asset-3143922.jpg,3074457345616863766
4945412,1508-P,GALBANI Mini burrata 180g,GALBANI Mini burrata 180g,"3,99","22,17",EUR,Y,true,,Zuivel en plantaardige alternatieven > Kaas,https://www.collectandgo.be/wcsstore/CollectAndGoSFAS/images/JPG/200x200/std.lang.all/21/69/asset-4092169.jpg,3074457345616870178
4948878,40833-P,PINDOS Halloumi chili 225g,PINDOS Halloumi chili 225g,"3,49","15,52",EUR,Y,true,,Zuivel en plantaardige alternatieven > Kaas,https://www.collectandgo.be/wcsstore/CollectAndGoSFAS/images/JPG/200x200/std.lang.all/15/58/asset-4081558.jpg,3074457345616871936
4474449,27658-P,GERMAIN Le Pico camembert geit 125g,GERMAIN Le Pico camembert geit 125g,"3,29","26,32",EUR,Y,true,,Zuivel en plantaardige alternatieven > Kaas,https://www.collectandgo.be/wcsstore/CollectAndGoSFAS/images/JPG/200x200/std.lang.all/95/74/asset-2499574.jpg,3074457345616779790
4414936,13409-P,PRÉSIDENT L'ovale extra fondant 200g,PRÉSIDENT L'ovale extra fondant 200g,"3,69","18,45",EUR,Y,true,,Zuivel en plantaardige alternatieven > Kaas,https://www.collectandgo.be/wcsstore/CollectAndGoSFAS/images/JPG/200x200/std.lang.all/97/94/asset-3789794.jpg,3074457345616774736
4332414,12093-P,VAL-DIEU Bouquet des Moines 150g,VAL-DIEU Bouquet des Moines 150g,"3,75","25,00",EUR,Y,true,,Zuivel en plantaardige alternatieven > Kaas,https://www.collectandgo.be/wcsstore/CollectAndGoSFAS/images/JPG/200x200/std.lang.all/65/74/asset-2406574.jpg,3074457345616761674
4572673,28588-P,BRAZZALE provolone pikant 300g,BRAZZALE provolone pikant 300g,"3,97","13,24",EUR,Y,true,,Zuivel en plantaardige alternatieven > Kaas,https://www.collectandgo.be/wcsstore/CollectAndGoSFAS/images/JPG/200x200/std.lang.all/13/45/asset-3271345.jpg,3074457345616794864
26742,26742-P,CHAMOIS D'OR kaas zacht ±300g,CHAMOIS D'OR kaas zacht ±300g,"31,05","31,05",EUR,Y,true,,Zuivel en plantaardige alternatieven > Kaas,https://www.collectandgo.be/wcsstore/CollectAndGoSFAS/images/JPG/200x200/std.lang.all/50/43/asset-2245043.jpg,3074457345616679420
3116214,22805-P,PRÉSIDENT Maxi Brique extra fondant 220g,PRÉSIDENT Maxi Brique extra fondant 220g,"4,39","19,96",EUR,Y,true,,Zuivel en plantaardige alternatieven > Kaas,https://www.collectandgo.be/wcsstore/CollectAndGoSFAS/images/JPG/200x200/std.lang.all/97/93/asset-3789793.jpg,3074457345616700784
1620045,26167-P,CHAUMES Le Fondant Authentique 150g,CHAUMES Le Fondant Authentique 150g,"4,49","29,94",EUR,Y,true,,Zuivel en plantaardige alternatieven > Kaas,https://www.collectandgo.be/wcsstore/CollectAndGoSFAS/images/JPG/200x200/std.lang.all/42/83/asset-554283.jpg,3074457345616689812
3117894,9901-P,MAREDSOUS smeerkaas duiveltje 200g,MAREDSOUS smeerkaas duiveltje 200g,"4,49","22,45",EUR,Y,true,,Zuivel en plantaardige alternatieven > Kaas,https://www.collectandgo.be/wcsstore/CollectAndGoSFAS/images/JPG/200x200/std.lang.all/01/84/asset-2920184.jpg,3074457345616743876
4770909,32884-P,MAREDSOUS Smeerkaas ham 128g,MAREDSOUS Smeerkaas ham 128g,"3,85","30,08",EUR,Y,true,,Zuivel en plantaardige alternatieven > Kaas,https://www.collectandgo.be/wcsstore/CollectAndGoSFAS/images/JPG/200x200/std.lang.all/18/70/asset-3441870.jpg,3074457345616826068
4769563,16359-P,MAREDSOUS Smeerkaas light 128g,MAREDSOUS Smeerkaas light 128g,"3,99","31,18",EUR,Y,true,,Zuivel en plantaardige alternatieven > Kaas,https://www.collectandgo.be/wcsstore/CollectAndGoSFAS/images/JPG/200x200/std.lang.all/18/68/asset-3441868.jpg,3074457345616825776
4789591,18001-P,SALAKIS Feta Bio 150g,SALAKIS Feta Bio 150g,"8,39","55,94",EUR,Y,true,,Zuivel en plantaardige alternatieven > Kaas,https://www.collectandgo.be/wcsstore/CollectAndGoSFAS/images/JPG/200x200/std.lang.all/03/58/asset-3570358.jpg,3074457345616828368
4118964,7284-P,BONI gouda jong mosterd sneetjes 300g,BONI gouda jong mosterd sneetjes 300g,"6,66","22,20",EUR,Y,true,,Zuivel en plantaardige alternatieven > Kaas,https://www.collectandgo.be/wcsstore/CollectAndGoSFAS/images/JPG/200x200/std.lang.all/78/72/asset-3127872.jpg,3074457345616740038
2853559,33601-P,VAL-DIEU kaas Délice des Moines 180g,VAL-DIEU kaas Délice des Moines 180g,"5,75","31,95",EUR,Y,true,,Zuivel en plantaardige alternatieven > Kaas,https://www.collectandgo.be/wcsstore/CollectAndGoSFAS/images/JPG/200x200/std.lang.all/92/83/asset-3629283.jpg,3074457345616702410
4837141,31007-P,LEERDAMMER Mini crunchy natuur 150g,LEERDAMMER Mini crunchy natuur 150g,"3,39","22,60",EUR,Y,true,,Zuivel en plantaardige alternatieven > Kaas,https://www.collectandgo.be/wcsstore/CollectAndGoSFAS/images/JPG/200x200/std.lang.all/44/80/asset-3664480.jpg,3074457345616838894
4876197,38983-P,SALAKIS Halloumi grill kaas 200g,SALAKIS Halloumi grill kaas 200g,"4,59","22,95",EUR,Y,true,,Zuivel en plantaardige alternatieven > Kaas,https://www.collectandgo.be/wcsstore/CollectAndGoSFAS/images/JPG/200x200/std.lang.all/43/59/asset-3894359.jpg,3074457345616846022
4694970,27018-P,DE MOERENAAR Geitenkaas blok ±325g,DE MOERENAAR Geitenkaas blok ±325g,"22,55","22,55",EUR,Y,true,,Zuivel en plantaardige alternatieven > Kaas,https://www.collectandgo.be/wcsstore/CollectAndGoSFAS/images/JPG/200x200/std.lang.all/78/07/asset-3127807.jpg,3074457345616809656
3855563,21882-P,SOIGNON gepaneerde geitenkaasjes 100g,SOIGNON gepaneerde geitenkaasjes 100g,"3,75","37,50",EUR,Y,true,,Zuivel en plantaardige alternatieven > Kaas,https://www.collectandgo.be/wcsstore/CollectAndGoSFAS/images/JPG/200x200/std.lang.all/56/99/asset-3465699.jpg,3074457345616737764
4331012,11173-P,L explorateur 125g,L explorateur 125g,"7,19","57,52",EUR,Y,true,,Zuivel en plantaardige alternatieven > Kaas,https://www.collectandgo.be/wcsstore/CollectAndGoSFAS/images/JPG/200x200/std.lang.all/10/53/asset-3991053.jpg,3074457345616761284
2545609,14590-P,BIOFERME kaas Le Doré De Lathuy 300g,BIOFERME kaas Le Doré De Lathuy 300g,"7,85","26,17",EUR,Y,true,,Zuivel en plantaardige alternatieven > Kaas,https://www.collectandgo.be/wcsstore/CollectAndGoSFAS/images/JPG/200x200/std.lang.all/87/56/asset-698756.jpg,3074457345616693576
26135,26135-P,HERVE Brusselse kaas 150g,HERVE Brusselse kaas 150g,"4,00","26,67",EUR,Y,true,,Zuivel en plantaardige alternatieven > Kaas,https://www.collectandgo.be/wcsstore/CollectAndGoSFAS/images/JPG/200x200/std.lang.all/85/27/asset-3818527.jpg,3074457345616679260
4444403,17166-P,BABYBEL mini proteïne 6p 120g,BABYBEL mini proteïne 6p 120g,"3,69","30,75",EUR,Y,true,,Zuivel en plantaardige alternatieven > Kaas,https://www.collectandgo.be/wcsstore/CollectAndGoSFAS/images/JPG/200x200/std.lang.all/51/07/asset-2435107.jpg,3074457345616777292
2754866,41939-P,BONI geitenkaas gerookt spek 2x65g,BONI geitenkaas gerookt spek 2x65g,"3,69","28,39",EUR,Y,true,,Zuivel en plantaardige alternatieven > Kaas,https://www.collectandgo.be/wcsstore/CollectAndGoSFAS/images/JPG/200x200/std.lang.all/53/65/asset-3745365.jpg,3074457345616698692
4230632,11534-P,Géromé munster 200g,Géromé munster 200g,"6,00","30,00",EUR,Y,true,,Zuivel en plantaardige alternatieven > Kaas,https://www.collectandgo.be/wcsstore/CollectAndGoSFAS/images/JPG/200x200/std.lang.all/15/73/asset-2041573.jpg,3074457345616750542
4065008,7123-P,Fleur De Fagne ±300g,Fleur De Fagne ±300g,"22,55","22,55",EUR,Y,true,,Zuivel en plantaardige alternatieven > Kaas,https://www.collectandgo.be/wcsstore/CollectAndGoSFAS/images/JPG/200x200/std.lang.all/80/59/asset-3998059.jpg,3074457345616734326
4321564,14207-P,VAL-DIEU Herve à la bière 200g,VAL-DIEU Herve à la bière 200g,"5,95","29,75",EUR,Y,true,,Zuivel en plantaardige alternatieven > Kaas,https://www.collectandgo.be/wcsstore/CollectAndGoSFAS/images/JPG/200x200/std.lang.all/09/43/asset-2220943.jpg,3074457345616759948
4716124,31991-P,VAL DIEU Chèvre des Moines 125g,VAL DIEU Chèvre des Moines 125g,"16,31","130,48",EUR,Y,true,,Zuivel en plantaardige alternatieven > Kaas,https://www.collectandgo.be/wcsstore/CollectAndGoSFAS/images/JPG/200x200/std.lang.all/14/02/asset-3951402.jpg,3074457345616814392
4418395,22542-P,HERVE boû d'fagne 200g,HERVE boû d'fagne 200g,"5,94","29,70",EUR,Y,true,,Zuivel en plantaardige alternatieven > Kaas,https://www.collectandgo.be/wcsstore/CollectAndGoSFAS/images/JPG/200x200/std.lang.all/98/08/asset-2829808.jpg,3074457345616774994
4254901,21727-P,ROCHEFORT Bio Abbaye ±400g,ROCHEFORT Bio Abbaye ±400g,"25,19","25,19",EUR,Y,true,,Zuivel en plantaardige alternatieven > Kaas,https://www.collectandgo.be/wcsstore/CollectAndGoSFAS/images/JPG/200x200/std.lang.all/48/83/asset-2134883.jpg,3074457345616749726
4752611,18785-P,PRÉSIDENT crispy cheddar 150g,PRÉSIDENT crispy cheddar 150g,"3,66","24,40",EUR,Y,true,,Zuivel en plantaardige alternatieven > Kaas,https://www.collectandgo.be/wcsstore/CollectAndGoSFAS/images/JPG/200x200/std.lang.all/20/94/asset-3742094.jpg,3074457345616821822
4572632,28576-P,BERLOUMI geit ±270g,BERLOUMI geit ±270g,"24,90","24,90",EUR,Y,true,,Zuivel en plantaardige alternatieven > Kaas,https://www.collectandgo.be/wcsstore/CollectAndGoSFAS/images/JPG/200x200/std.lang.all/31/45/asset-2763145.jpg,3074457345616794844
3618355,14732-P,FAUQUET maroilles quart 210g,FAUQUET maroilles quart 210g,"5,99","28,53",EUR,Y,true,,Zuivel en plantaardige alternatieven > Kaas,https://www.collectandgo.be/wcsstore/CollectAndGoSFAS/images/JPG/200x200/std.lang.all/59/35/asset-1225935.jpg,3074457345616719436
4640433,18038-P,VIOLIFE creamy Original 150g,VIOLIFE creamy Original 150g,"2,49","16,60",EUR,Y,true,,Zuivel en plantaardige alternatieven > Kaas,https://www.collectandgo.be/wcsstore/CollectAndGoSFAS/images/JPG/200x200/std.lang.all/00/91/asset-3150091.jpg,3074457345616803220
4775983,2421-P,DE MOERENAAR Duiveltje Ital.Kruid ±350g,DE MOERENAAR Duiveltje Ital.Kruid ±350g,"20,90","20,90",EUR,Y,true,,Zuivel en plantaardige alternatieven > Kaas,https://www.collectandgo.be/wcsstore/CollectAndGoSFAS/images/JPG/200x200/std.lang.all/50/57/asset-3535057.jpg,3074457345616826434
4419868,25653-P,Beaux prés le cremeux Bio 150g,Beaux prés le cremeux Bio 150g,"4,49","29,94",EUR,Y,true,,Zuivel en plantaardige alternatieven > Kaas,https://www.collectandgo.be/wcsstore/CollectAndGoSFAS/images/JPG/200x200/std.lang.all/98/09/asset-2829809.jpg,3074457345616775116
4789623,19227-P,VIOLIFE Greek White 150g,VIOLIFE Greek White 150g,"2,59","17,27",EUR,Y,true,,Zuivel en plantaardige alternatieven > Kaas,https://www.collectandgo.be/wcsstore/CollectAndGoSFAS/images/JPG/200x200/std.lang.all/03/40/asset-3430340.jpg,3074457345616828380
4957423,18692-P,VIOLIFE Supr.Matur.Cheddar Flav.7sn 140g,VIOLIFE Supr.Matur.Cheddar Flav.7sn 140g,"3,99","28,50",EUR,Y,true,,Zuivel en plantaardige alternatieven > Kaas,https://www.collectandgo.be/wcsstore/CollectAndGoSFAS/images/JPG/200x200/std.lang.all/19/78/asset-4091978.jpg,3074457345616874684
4959060,41628-P,CASARRIGONI Bufaleggio 180g,CASARRIGONI Bufaleggio 180g,"5,99","33,28",EUR,Y,true,,Zuivel en plantaardige alternatieven > Kaas,,3074457345616875320
4949392,40966-P,LA VACHE QUI RIT Smeltkaas chili8st 120g,LA VACHE QUI RIT Smeltkaas chili8st 120g,"5,03","41,92",EUR,Y,true,,Zuivel en plantaardige alternatieven > Kaas,https://www.collectandgo.be/wcsstore/CollectAndGoSFAS/images/JPG/200x200/std.lang.all/81/49/asset-4068149.jpg,3074457345616872074
26600,26600-P,APÉRIFRAIS Provençale 100g,APÉRIFRAIS Provençale 100g,"4,25","42,50",EUR,Y,true,,Zuivel en plantaardige alternatieven > Kaas,https://www.collectandgo.be/wcsstore/CollectAndGoSFAS/images/JPG/200x200/std.lang.all/44/14/asset-864414.jpg,3074457345616679294
4571384,27255-P,FERVENA cash.herb.proven.vegan Bio 135g,FERVENA cash.herb.proven.vegan Bio 135g,"7,29","54,00",EUR,Y,true,,Zuivel en plantaardige alternatieven > Kaas,https://www.collectandgo.be/wcsstore/CollectAndGoSFAS/images/JPG/200x200/std.lang.all/92/27/asset-2759227.jpg,3074457345616794704
4746365,32725-P,ZÜGER MascarVone BIO 250g,ZÜGER MascarVone BIO 250g,"4,99","19,96",EUR,Y,true,,Zuivel en plantaardige alternatieven > Kaas,https://www.collectandgo.be/wcsstore/CollectAndGoSFAS/images/JPG/200x200/std.lang.all/61/87/asset-3266187.jpg,3074457345616820752
4496437,21415-P,FERVENA Snow White cashew vegan Bio 120g,FERVENA Snow White cashew vegan Bio 120g,"7,29","60,75",EUR,Y,true,,Zuivel en plantaardige alternatieven > Kaas,https://www.collectandgo.be/wcsstore/CollectAndGoSFAS/images/JPG/200x200/std.lang.all/94/17/asset-2509417.jpg,3074457345616782924
4177801,11837-P,GRATTINO fermentino geraspt BIO 75g,GRATTINO fermentino geraspt BIO 75g,"4,29","57,20",EUR,Y,true,,Zuivel en plantaardige alternatieven > Kaas,https://www.collectandgo.be/wcsstore/CollectAndGoSFAS/images/JPG/200x200/std.lang.all/65/67/asset-1986567.jpg,3074457345616744324
4459692,20345-P,JAY&JOY Jil Bio 120g,JAY&JOY Jil Bio 120g,"5,99","49,92",EUR,Y,true,,Zuivel en plantaardige alternatieven > Kaas,https://www.collectandgo.be/wcsstore/CollectAndGoSFAS/images/JPG/200x200/std.lang.all/64/46/asset-3616446.jpg,3074457345616778422
3940808,1454-P,BONI franse emmental geraspt 200g,BONI franse emmental geraspt 200g,"2,20","11,00",EUR,Y,true,,Zuivel en plantaardige alternatieven > Kaas,https://www.collectandgo.be/wcsstore/CollectAndGoSFAS/images/JPG/200x200/std.lang.all/27/65/asset-2942765.jpg,3074457345616735286
2477579,39141-P,BONI mozzarella geraspt 250g,BONI mozzarella geraspt 250g,"2,48","9,92",EUR,Y,true,,Zuivel en plantaardige alternatieven > Kaas,https://www.collectandgo.be/wcsstore/CollectAndGoSFAS/images/JPG/200x200/std.lang.all/59/47/asset-4095947.jpg,3074457345616694832
2477582,39144-P,BONI Spaghetti Mix geraspt 200g,BONI Spaghetti Mix geraspt 200g,"2,52","12,60",EUR,Y,true,,Zuivel en plantaardige alternatieven > Kaas,https://www.collectandgo.be/wcsstore/CollectAndGoSFAS/images/JPG/200x200/std.lang.all/31/50/asset-3793150.jpg,3074457345616694838
4047118,6494-P,DELIZIOSA Burrata 150g,DELIZIOSA Burrata 150g,"2,21","14,74",EUR,Y,true,,Zuivel en plantaardige alternatieven > Kaas,https://www.collectandgo.be/wcsstore/CollectAndGoSFAS/images/JPG/200x200/std.lang.all/78/78/asset-2747878.jpg,3074457345616742552
2350820,26054-P,GALBANI mozzarella 125g,GALBANI mozzarella 125g,"1,39","11,12",EUR,Y,true,,Zuivel en plantaardige alternatieven > Kaas,https://www.collectandgo.be/wcsstore/CollectAndGoSFAS/images/JPG/200x200/std.lang.all/08/85/asset-1720885.jpg,3074457345616697264
2477580,39142-P,BONI Gratin Mix kaas geraspt 200g,BONI Gratin Mix kaas geraspt 200g,"2,79","13,95",EUR,Y,true,,Zuivel en plantaardige alternatieven > Kaas,https://www.collectandgo.be/wcsstore/CollectAndGoSFAS/images/JPG/200x200/std.lang.all/47/72/asset-1994772.jpg,3074457345616694834
26921,26921-P,BONI kaas Comté blok ±400g,BONI kaas Comté blok ±400g,"16,49","16,49",EUR,Y,true,,Zuivel en plantaardige alternatieven > Kaas,https://www.collectandgo.be/wcsstore/CollectAndGoSFAS/images/JPG/200x200/std.lang.all/92/47/asset-3349247.jpg,3074457345616679454
4395556,22454-P,BONI gouda kubus Belgisch 175g,BONI gouda kubus Belgisch 175g,"2,84","16,23",EUR,Y,true,,Zuivel en plantaardige alternatieven > Kaas,https://www.collectandgo.be/wcsstore/CollectAndGoSFAS/images/JPG/200x200/std.lang.all/94/19/asset-3679419.jpg,3074457345616772240
3125553,12380-P,BONI Special Mix geraspt 200g,BONI Special Mix geraspt 200g,"2,49","12,45",EUR,Y,true,,Zuivel en plantaardige alternatieven > Kaas,https://www.collectandgo.be/wcsstore/CollectAndGoSFAS/images/JPG/200x200/std.lang.all/57/68/asset-3245768.jpg,3074457345616706286
4956993,16272-P,JÄGER Mini mozzarella 125g,JÄGER Mini mozzarella 125g,"0,94","7,52",EUR,Y,true,,Zuivel en plantaardige alternatieven > Kaas,,3074457345616874464
4832521,20764-P,BONI Geraspt k. grattug. 100g,BONI Geraspt k. grattug. 100g,"1,85","18,50",EUR,Y,true,,Zuivel en plantaardige alternatieven > Kaas,https://www.collectandgo.be/wcsstore/CollectAndGoSFAS/images/JPG/200x200/std.lang.all/75/60/asset-3987560.jpg,3074457345616838114
4704933,31349-P,LA VACHE QUI RIT smeltk. natuur 24p 360g,LA VACHE QUI RIT smeltk. natuur 24p 360g,"4,19","11,64",EUR,Y,true,,Zuivel en plantaardige alternatieven > Kaas,https://www.collectandgo.be/wcsstore/CollectAndGoSFAS/images/JPG/200x200/std.lang.all/79/63/asset-3637963.jpg,3074457345616811318
4119070,8138-P,LEERDAMMER Original sneetjes 350g,LEERDAMMER Original sneetjes 350g,"4,79","13,69",EUR,Y,true,,Zuivel en plantaardige alternatieven > Kaas,https://www.collectandgo.be/wcsstore/CollectAndGoSFAS/images/JPG/200x200/std.lang.all/36/01/asset-3363601.jpg,3074457345616739972
4692597,13109-P,LA VACHE QUI RIT smeltk. natuur 8p 120g,LA VACHE QUI RIT smeltk. natuur 8p 120g,"1,39","11,59",EUR,Y,true,,Zuivel en plantaardige alternatieven > Kaas,https://www.collectandgo.be/wcsstore/CollectAndGoSFAS/images/JPG/200x200/std.lang.all/77/60/asset-3637760.jpg,3074457345616809462
1420122,28326-P,GALBANI Mozzarella maxi 250g,GALBANI Mozzarella maxi 250g,"2,74","10,96",EUR,Y,true,,Zuivel en plantaardige alternatieven > Kaas,https://www.collectandgo.be/wcsstore/CollectAndGoSFAS/images/JPG/200x200/std.lang.all/06/62/asset-4040662.jpg,3074457345616686620
2477581,39143-P,BONI Emmental light geraspt 250g,BONI Emmental light geraspt 250g,"3,75","15,00",EUR,Y,true,,Zuivel en plantaardige alternatieven > Kaas,https://www.collectandgo.be/wcsstore/CollectAndGoSFAS/images/JPG/200x200/std.lang.all/22/57/asset-3742257.jpg,3074457345616694836
2509757,12750-P,BONI BIO Emmental geraspt 250g,BONI BIO Emmental geraspt 250g,"4,32","17,28",EUR,Y,true,,Zuivel en plantaardige alternatieven > Kaas,https://www.collectandgo.be/wcsstore/CollectAndGoSFAS/images/JPG/200x200/std.lang.all/09/66/asset-2070966.jpg,3074457345616695294
4119025,7830-P,BRUGGE kaas jong belegen sn 300g,BRUGGE kaas jong belegen sn 300g,"5,99","19,97",EUR,Y,true,,Zuivel en plantaardige alternatieven > Kaas,https://www.collectandgo.be/wcsstore/CollectAndGoSFAS/images/JPG/200x200/std.lang.all/46/46/asset-2694646.jpg,3074457345616740058
4649349,2693-P,BONI franse gruyere rasp 200g,BONI franse gruyere rasp 200g,"6,25","31,25",EUR,Y,true,,Zuivel en plantaardige alternatieven > Kaas,https://www.collectandgo.be/wcsstore/CollectAndGoSFAS/images/JPG/200x200/std.lang.all/22/13/asset-3212213.jpg,3074457345616803766
4118967,7332-P,BRUGGE kaas oud sneetjes 375g,BRUGGE kaas oud sneetjes 375g,"9,17","24,46",EUR,Y,true,,Zuivel en plantaardige alternatieven > Kaas,https://www.collectandgo.be/wcsstore/CollectAndGoSFAS/images/JPG/200x200/std.lang.all/27/43/asset-2912743.jpg,3074457345616740040
2477578,39140-P,BONI Zwitserse Emmental geraspt 250g,BONI Zwitserse Emmental geraspt 250g,"5,15","20,60",EUR,Y,true,,Zuivel en plantaardige alternatieven > Kaas,https://www.collectandgo.be/wcsstore/CollectAndGoSFAS/images/JPG/200x200/std.lang.all/35/32/asset-1713532.jpg,3074457345616695786
4411547,25494-P,BONI gouda oud blokjes 175g,BONI gouda oud blokjes 175g,"3,90","22,29",EUR,Y,true,,Zuivel en plantaardige alternatieven > Kaas,https://www.collectandgo.be/wcsstore/CollectAndGoSFAS/images/JPG/200x200/std.lang.all/94/20/asset-3679420.jpg,3074457345616773218
2363675,26335-P,LEERDAMMER Le Moelleux sneetjes 150g,LEERDAMMER Le Moelleux sneetjes 150g,"4,25","28,34",EUR,Y,true,,Zuivel en plantaardige alternatieven > Kaas,https://www.collectandgo.be/wcsstore/CollectAndGoSFAS/images/JPG/200x200/std.lang.all/12/22/asset-3491222.jpg,3074457345616697246
3198261,1298-P,KIRI verse kaas vieruurtje 8x35g,KIRI verse kaas vieruurtje 8x35g,"4,78","17,08",EUR,Y,true,,Zuivel en plantaardige alternatieven > Kaas,https://www.collectandgo.be/wcsstore/CollectAndGoSFAS/images/JPG/200x200/std.lang.all/13/11/asset-3991311.jpg,3074457345616709294
2477574,39135-P,BONI Zwitserse gruyère geraspt 250g,BONI Zwitserse gruyère geraspt 250g,"8,48","33,92",EUR,Y,true,,Zuivel en plantaardige alternatieven > Kaas,https://www.collectandgo.be/wcsstore/CollectAndGoSFAS/images/JPG/200x200/std.lang.all/49/74/asset-3994974.jpg,3074457345616695780
3216834,8334-P,MAREDSOUS kaas Fagotin Tradition 170g,MAREDSOUS kaas Fagotin Tradition 170g,"4,29","25,24",EUR,Y,true,,Zuivel en plantaardige alternatieven > Kaas,https://www.collectandgo.be/wcsstore/CollectAndGoSFAS/images/JPG/200x200/std.lang.all/01/86/asset-2920186.jpg,3074457345616705842
26614,26614-P,GALBANI Mascarpone 500g,GALBANI Mascarpone 500g,"5,78","11,56",EUR,Y,true,,Zuivel en plantaardige alternatieven > Kaas,https://www.collectandgo.be/wcsstore/CollectAndGoSFAS/images/JPG/200x200/std.lang.all/54/93/asset-2075493.jpg,3074457345616679306
26897,26897-P,BONI Emmental Zwitserland blok ±500g,BONI Emmental Zwitserland blok ±500g,"21,20","21,20",EUR,Y,true,,Zuivel en plantaardige alternatieven > Kaas,https://www.collectandgo.be/wcsstore/CollectAndGoSFAS/images/JPG/200x200/std.lang.all/77/94/asset-3127794.jpg,3074457345616679448
3682685,41858-P,BONI gouda belegen blokjes 280g,BONI gouda belegen blokjes 280g,"6,00","21,43",EUR,Y,true,,Zuivel en plantaardige alternatieven > Kaas,https://www.collectandgo.be/wcsstore/CollectAndGoSFAS/images/JPG/200x200/std.lang.all/70/85/asset-2787085.jpg,3074457345616727238
4582784,7186-P,CASARO DEL RE Burrata di Bufala 125g,CASARO DEL RE Burrata di Bufala 125g,"3,59","28,72",EUR,Y,true,,Zuivel en plantaardige alternatieven > Kaas,https://www.collectandgo.be/wcsstore/CollectAndGoSFAS/images/JPG/200x200/std.lang.all/59/25/asset-2795925.jpg,3074457345616796252
26766,26766-P,BONI gouda jong blok Belgisch ±475g,BONI gouda jong blok Belgisch ±475g,"20,38","20,38",EUR,Y,true,,Zuivel en plantaardige alternatieven > Kaas,https://www.collectandgo.be/wcsstore/CollectAndGoSFAS/images/JPG/200x200/std.lang.all/76/26/asset-1827626.jpg,3074457345616679426
26608,26608-P,GALBANI mozzarella blok Cucina 400g,GALBANI mozzarella blok Cucina 400g,"5,65","14,13",EUR,Y,true,,Zuivel en plantaardige alternatieven > Kaas,https://www.collectandgo.be/wcsstore/CollectAndGoSFAS/images/JPG/200x200/std.lang.all/40/65/asset-2014065.jpg,3074457345616679300
26917,26917-P,BONI cheddar jong blok 225g,BONI cheddar jong blok 225g,"16,63","16,63",EUR,Y,true,,Zuivel en plantaardige alternatieven > Kaas,https://www.collectandgo.be/wcsstore/CollectAndGoSFAS/images/JPG/200x200/std.lang.all/74/77/asset-4087477.jpg,3074457345616679450
4582168,6806-P,LE RUSTIQUE Brie 200g,LE RUSTIQUE Brie 200g,"3,49","17,45",EUR,Y,true,,Zuivel en plantaardige alternatieven > Kaas,https://www.collectandgo.be/wcsstore/CollectAndGoSFAS/images/JPG/200x200/std.lang.all/22/24/asset-3742224.jpg,3074457345616796020
26928,26928-P,BONI Gruyère Zwitserland blok ±300g,BONI Gruyère Zwitserland blok ±300g,"29,00","29,00",EUR,Y,true,,Zuivel en plantaardige alternatieven > Kaas,https://www.collectandgo.be/wcsstore/CollectAndGoSFAS/images/JPG/200x200/std.lang.all/84/84/asset-3808484.jpg,3074457345616679460
3682757,41882-P,BONI gouda jong mosterd blokjes 280g,BONI gouda jong mosterd blokjes 280g,"6,13","21,90",EUR,Y,true,,Zuivel en plantaardige alternatieven > Kaas,https://www.collectandgo.be/wcsstore/CollectAndGoSFAS/images/JPG/200x200/std.lang.all/70/86/asset-2787086.jpg,3074457345616726564
4398001,24543-P,BONI abdijkaas rode kruiden blokjes 175g,BONI abdijkaas rode kruiden blokjes 175g,"3,15","18,00",EUR,Y,true,,Zuivel en plantaardige alternatieven > Kaas,https://www.collectandgo.be/wcsstore/CollectAndGoSFAS/images/JPG/200x200/std.lang.all/87/43/asset-3698743.jpg,3074457345616772326
4119062,8102-P,BRUGGE D'OR kaas sneetjes 375g,BRUGGE D'OR kaas sneetjes 375g,"9,98","26,62",EUR,Y,true,,Zuivel en plantaardige alternatieven > Kaas,https://www.collectandgo.be/wcsstore/CollectAndGoSFAS/images/JPG/200x200/std.lang.all/47/42/asset-2694742.jpg,3074457345616740068
4286817,23182-P,BONI extramix geraspt 200g,BONI extramix geraspt 200g,"2,49","12,45",EUR,Y,true,,Zuivel en plantaardige alternatieven > Kaas,https://www.collectandgo.be/wcsstore/CollectAndGoSFAS/images/JPG/200x200/std.lang.all/74/70/asset-2257470.jpg,3074457345616755256
4411556,25527-P,BONI BIO gouda jong blokjes 175g,BONI BIO gouda jong blokjes 175g,"3,87","22,12",EUR,Y,true,,Zuivel en plantaardige alternatieven > Kaas,https://www.collectandgo.be/wcsstore/CollectAndGoSFAS/images/JPG/200x200/std.lang.all/94/21/asset-3679421.jpg,3074457345616773230
26865,26865-P,BONI gouda belegen bl.weide ±1kg,BONI gouda belegen bl.weide ±1kg,"10,40","10,40",EUR,Y,true,,Zuivel en plantaardige alternatieven > Kaas,https://www.collectandgo.be/wcsstore/CollectAndGoSFAS/images/JPG/200x200/std.lang.all/14/88/asset-3041488.jpg,3074457345616679440
3650361,31140-P,LEERDAMMER Finesse Orig. sneetjes 100g,LEERDAMMER Finesse Orig. sneetjes 100g,"4,15","41,50",EUR,Y,true,,Zuivel en plantaardige alternatieven > Kaas,https://www.collectandgo.be/wcsstore/CollectAndGoSFAS/images/JPG/200x200/std.lang.all/07/38/asset-2400738.jpg,3074457345616721530
1426992,16846-P,LA VACHE QUI RIT smeerk. Light 16p 267g,LA VACHE QUI RIT smeerk. Light 16p 267g,"5,89","22,06",EUR,Y,true,,Zuivel en plantaardige alternatieven > Kaas,https://www.collectandgo.be/wcsstore/CollectAndGoSFAS/images/JPG/200x200/std.lang.all/02/78/asset-2920278.jpg,3074457345616686772
4047056,6478-P,GALBANI mozzarella de buffala 200g,GALBANI mozzarella de buffala 200g,"4,39","21,95",EUR,Y,true,,Zuivel en plantaardige alternatieven > Kaas,https://www.collectandgo.be/wcsstore/CollectAndGoSFAS/images/JPG/200x200/std.lang.all/73/36/asset-1737336.jpg,3074457345616742208
4118907,5850-P,LEERDAMMER kaas Caractère sneetjes 350g,LEERDAMMER kaas Caractère sneetjes 350g,"9,68","27,66",EUR,Y,true,,Zuivel en plantaardige alternatieven > Kaas,https://www.collectandgo.be/wcsstore/CollectAndGoSFAS/images/JPG/200x200/std.lang.all/35/25/asset-2313525.jpg,3074457345616740002
4118946,7160-P,BEEMSTERLITE jong belegen light 300g,BEEMSTERLITE jong belegen light 300g,"8,86","29,54",EUR,Y,true,,Zuivel en plantaardige alternatieven > Kaas,https://www.collectandgo.be/wcsstore/CollectAndGoSFAS/images/JPG/200x200/std.lang.all/05/89/asset-2850589.jpg,3074457345616740028
1308641,26639-P,GALBANI Mozzarella light 125g,GALBANI Mozzarella light 125g,"2,19","17,52",EUR,Y,true,,Zuivel en plantaardige alternatieven > Kaas,https://www.collectandgo.be/wcsstore/CollectAndGoSFAS/images/JPG/200x200/std.lang.all/06/61/asset-4040661.jpg,3074457345616685110
3682765,41888-P,BONI oude kaas schilfers 175g,BONI oude kaas schilfers 175g,"5,62","32,12",EUR,Y,true,,Zuivel en plantaardige alternatieven > Kaas,https://www.collectandgo.be/wcsstore/CollectAndGoSFAS/images/JPG/200x200/std.lang.all/92/70/asset-2369270.jpg,3074457345616726578
1106560,26910-P,BONI BIO Emmental blok ±400g,BONI BIO Emmental blok ±400g,"14,95","14,95",EUR,Y,true,,Zuivel en plantaardige alternatieven > Kaas,https://www.collectandgo.be/wcsstore/CollectAndGoSFAS/images/JPG/200x200/std.lang.all/51/21/asset-2245121.jpg,3074457345616681550
4808295,20340-P,DELIZIOSA Straciatella 150g,DELIZIOSA Straciatella 150g,"4,55","30,34",EUR,Y,true,,Zuivel en plantaardige alternatieven > Kaas,https://www.collectandgo.be/wcsstore/CollectAndGoSFAS/images/JPG/200x200/std.lang.all/82/08/asset-3508208.jpg,3074457345616833850
4709169,31732-P,BONI Mozzarella geraspt 1kg,BONI Mozzarella geraspt 1kg,"9,78","9,78",EUR,Y,true,,Zuivel en plantaardige alternatieven > Kaas,https://www.collectandgo.be/wcsstore/CollectAndGoSFAS/images/JPG/200x200/std.lang.all/94/75/asset-3209475.jpg,3074457345616812438
4429758,6003-P,LE RUSTIQUE Coulommiers 350g,LE RUSTIQUE Coulommiers 350g,"5,90","16,86",EUR,Y,true,,Zuivel en plantaardige alternatieven > Kaas,https://www.collectandgo.be/wcsstore/CollectAndGoSFAS/images/JPG/200x200/std.lang.all/70/95/asset-2427095.jpg,3074457345616776280
4285082,9136-P,BONI Geitenkaas gemalen 150g,BONI Geitenkaas gemalen 150g,"2,59","17,27",EUR,Y,true,,Zuivel en plantaardige alternatieven > Kaas,https://www.collectandgo.be/wcsstore/CollectAndGoSFAS/images/JPG/200x200/std.lang.all/65/57/asset-2256557.jpg,3074457345616697612
16841,16841-P,LA VACHE QUI RIT smeerkaas original 200g,LA VACHE QUI RIT smeerkaas original 200g,"5,29","26,45",EUR,Y,true,,Zuivel en plantaardige alternatieven > Kaas,https://www.collectandgo.be/wcsstore/CollectAndGoSFAS/images/JPG/200x200/std.lang.all/90/43/asset-3489043.jpg,3074457345616676824
4843871,24616-P,BONI gouda Seld. Blokjes 280g,BONI gouda Seld. Blokjes 280g,"4,49","16,04",EUR,Y,true,,Zuivel en plantaardige alternatieven > Kaas,https://www.collectandgo.be/wcsstore/CollectAndGoSFAS/images/JPG/200x200/std.lang.all/18/84/asset-3951884.jpg,3074457345616840582
3131010,44107-P,LA CONTADINA buffelmozzarel.vlecht 250g,LA CONTADINA buffelmozzarel.vlecht 250g,"4,29","17,16",EUR,Y,true,,Zuivel en plantaardige alternatieven > Kaas,https://www.collectandgo.be/wcsstore/CollectAndGoSFAS/images/JPG/200x200/std.lang.all/99/01/asset-1829901.jpg,3074457345616706156
4947561,40503-P,LE RUSTIQUE Camembert extra coulant 240g,LE RUSTIQUE Camembert extra coulant 240g,"5,99","24,96",EUR,Y,true,,Zuivel en plantaardige alternatieven > Kaas,https://www.collectandgo.be/wcsstore/CollectAndGoSFAS/images/JPG/200x200/std.lang.all/45/21/asset-4074521.jpg,3074457345616870852
16843,16843-P,LA VACHE QUI RIT smeerk. ham 8p 133g,LA VACHE QUI RIT smeerk. ham 8p 133g,"4,65","34,97",EUR,Y,true,,Zuivel en plantaardige alternatieven > Kaas,https://www.collectandgo.be/wcsstore/CollectAndGoSFAS/images/JPG/200x200/std.lang.all/02/76/asset-2920276.jpg,3074457345616676826
2532881,8898-P,LA VACHE QUI RIT PIK & CROQ' 8st 280g,LA VACHE QUI RIT PIK & CROQ' 8st 280g,"6,38","22,79",EUR,Y,true,,Zuivel en plantaardige alternatieven > Kaas,https://www.collectandgo.be/wcsstore/CollectAndGoSFAS/images/JPG/200x200/std.lang.all/00/19/asset-3040019.jpg,3074457345616693248
3555500,34090-P,BONI kaas Savoie blok ±330g,BONI kaas Savoie blok ±330g,"19,90","19,90",EUR,Y,true,,Zuivel en plantaardige alternatieven > Kaas,https://www.collectandgo.be/wcsstore/CollectAndGoSFAS/images/JPG/200x200/std.lang.all/81/82/asset-3448182.jpg,3074457345616719078
26850,26850-P,"BONI gouda jong blok ±1,2kg","BONI gouda jong blok ±1,2kg","12,90","12,90",EUR,Y,true,,Zuivel en plantaardige alternatieven > Kaas,https://www.collectandgo.be/wcsstore/CollectAndGoSFAS/images/JPG/200x200/std.lang.all/77/93/asset-3127793.jpg,3074457345616679438
26764,26764-P,"BONI gouda jong bol Belgisch ±1,8kg","BONI gouda jong bol Belgisch ±1,8kg","14,00","14,00",EUR,Y,true,,Zuivel en plantaardige alternatieven > Kaas,https://www.collectandgo.be/wcsstore/CollectAndGoSFAS/images/JPG/200x200/std.lang.all/54/24/asset-855424.jpg,3074457345616679424
3644907,18071-P,LE RUSTIQUE camembert ±250g,LE RUSTIQUE camembert ±250g,"26,80","26,80",EUR,Y,true,,Zuivel en plantaardige alternatieven > Kaas,https://www.collectandgo.be/wcsstore/CollectAndGoSFAS/images/JPG/200x200/std.lang.all/75/97/asset-1157597.jpg,3074457345616721012
16896,16896-P,BONI kaasfondue suisse 400g,BONI kaasfondue suisse 400g,"4,59","11,48",EUR,Y,true,,Zuivel en plantaardige alternatieven > Kaas,https://www.collectandgo.be/wcsstore/CollectAndGoSFAS/images/JPG/200x200/std.lang.all/10/83/asset-3351083.jpg,3074457345616676830
4755102,7451-P,SMOOTH spread bieslook sjalot BIO 150g,SMOOTH spread bieslook sjalot BIO 150g,"4,59","30,60",EUR,Y,true,,Zuivel en plantaardige alternatieven > Kaas,https://www.collectandgo.be/wcsstore/CollectAndGoSFAS/images/JPG/200x200/std.lang.all/61/41/asset-3716141.jpg,3074457345616822284
1594453,30972-P,BONI mozzarella 125g,BONI mozzarella 125g,"1,25","10,00",EUR,Y,true,,Zuivel en plantaardige alternatieven > Kaas,https://www.collectandgo.be/wcsstore/CollectAndGoSFAS/images/JPG/200x200/std.lang.all/64/90/asset-2826490.jpg,3074457345616685238
3997371,4480-P,BONI Mozzarella Di Bufala 125g,BONI Mozzarella Di Bufala 125g,"1,59","12,72",EUR,Y,true,,Zuivel en plantaardige alternatieven > Kaas,https://www.collectandgo.be/wcsstore/CollectAndGoSFAS/images/JPG/200x200/std.lang.all/14/77/asset-3341477.jpg,3074457345616734236
4900314,20398-P,BONI Mozzarella parels 120g,BONI Mozzarella parels 120g,"1,39","11,59",EUR,Y,true,,Zuivel en plantaardige alternatieven > Kaas,https://www.collectandgo.be/wcsstore/CollectAndGoSFAS/images/JPG/200x200/std.lang.all/58/61/asset-3985861.jpg,3074457345616852746
4904400,29469-P,BONI Mozzarella 250g,BONI Mozzarella 250g,"1,98","7,92",EUR,Y,true,,Zuivel en plantaardige alternatieven > Kaas,https://www.collectandgo.be/wcsstore/CollectAndGoSFAS/images/JPG/200x200/std.lang.all/74/23/asset-4007423.jpg,3074457345616853454
1123239,26613-P,EVERYDAY mozzarella 125g,EVERYDAY mozzarella 125g,"0,79","6,32",EUR,Y,true,,Zuivel en plantaardige alternatieven > Kaas,https://www.collectandgo.be/wcsstore/CollectAndGoSFAS/images/JPG/200x200/std.lang.all/69/59/asset-596959.jpg,3074457345616686042
4118937,6435-P,BEEMSTER jong belegen sneetjes 400g,BEEMSTER jong belegen sneetjes 400g,"7,98","19,95",EUR,Y,true,,Zuivel en plantaardige alternatieven > Kaas,https://www.collectandgo.be/wcsstore/CollectAndGoSFAS/images/JPG/200x200/std.lang.all/27/57/asset-2892757.jpg,3074457345616740014
4119078,8277-P,LEERDAMMER kaas Lightlife sneetjes 350g,LEERDAMMER kaas Lightlife sneetjes 350g,"5,01","14,32",EUR,Y,true,,Zuivel en plantaardige alternatieven > Kaas,https://www.collectandgo.be/wcsstore/CollectAndGoSFAS/images/JPG/200x200/std.lang.all/36/02/asset-3363602.jpg,3074457345616739974
4118968,7419-P,BEEMSTER extra belegen sneetjes 300g,BEEMSTER extra belegen sneetjes 300g,"7,98","26,60",EUR,Y,true,,Zuivel en plantaardige alternatieven > Kaas,https://www.collectandgo.be/wcsstore/CollectAndGoSFAS/images/JPG/200x200/std.lang.all/19/01/asset-2861901.jpg,3074457345616740042
2538030,18880-P,LEERDAMMER Lightlife Caractère sn. 150g,LEERDAMMER Lightlife Caractère sn. 150g,"4,39","29,27",EUR,Y,true,,Zuivel en plantaardige alternatieven > Kaas,https://www.collectandgo.be/wcsstore/CollectAndGoSFAS/images/JPG/200x200/std.lang.all/02/92/asset-3420292.jpg,3074457345616694928
4889816,39501-P,BEEMSTER Oud Sneetjes 180g,BEEMSTER Oud Sneetjes 180g,"4,55","25,28",EUR,Y,true,,Zuivel en plantaardige alternatieven > Kaas,https://www.collectandgo.be/wcsstore/CollectAndGoSFAS/images/JPG/200x200/std.lang.all/18/95/asset-3951895.jpg,3074457345616849272
4880703,39179-P,LEERDAMMER mini filet 6x20g,LEERDAMMER mini filet 6x20g,"3,99","33,25",EUR,Y,true,,Zuivel en plantaardige alternatieven > Kaas,https://www.collectandgo.be/wcsstore/CollectAndGoSFAS/images/JPG/200x200/std.lang.all/11/83/asset-3951183.jpg,3074457345616846384
4755951,10832-P,BRUGGE geraspt 190g,BRUGGE geraspt 190g,"4,49","23,64",EUR,Y,true,,Zuivel en plantaardige alternatieven > Kaas,https://www.collectandgo.be/wcsstore/CollectAndGoSFAS/images/JPG/200x200/std.lang.all/52/43/asset-3425243.jpg,3074457345616822388
4869215,14366-P,FAIREBEL Geraspt kaas 200g,FAIREBEL Geraspt kaas 200g,"4,25","21,25",EUR,Y,true,,Zuivel en plantaardige alternatieven > Kaas,https://www.collectandgo.be/wcsstore/CollectAndGoSFAS/images/JPG/200x200/std.lang.all/97/54/asset-4049754.jpg,3074457345616845268
4448359,26319-P,BONI Koekaas blokje 45+ 200g,BONI Koekaas blokje 45+ 200g,"1,49","7,45",EUR,Y,true,,Zuivel en plantaardige alternatieven > Kaas,https://www.collectandgo.be/wcsstore/CollectAndGoSFAS/images/JPG/200x200/std.lang.all/70/31/asset-2517031.jpg,3074457345616777500
4910684,37099-P,ZETA Parmigiano Regg.BOB geraspt bio 50g,ZETA Parmigiano Regg.BOB geraspt bio 50g,"1,99","39,80",EUR,Y,true,,Zuivel en plantaardige alternatieven > Kaas,https://www.collectandgo.be/wcsstore/CollectAndGoSFAS/images/JPG/200x200/std.lang.all/55/52/asset-3965552.jpg,3074457345616855224
2250835,4298-P,ZÜGER mascarpone Bio 250g,ZÜGER mascarpone Bio 250g,"3,99","15,96",EUR,Y,true,,Zuivel en plantaardige alternatieven > Kaas,https://www.collectandgo.be/wcsstore/CollectAndGoSFAS/images/JPG/200x200/std.lang.all/89/73/asset-1518973.jpg,3074457345616690676
2250858,4297-P,ZÜGER mozzarella Bio 100g,ZÜGER mozzarella Bio 100g,"1,29","12,90",EUR,Y,true,,Zuivel en plantaardige alternatieven > Kaas,https://www.collectandgo.be/wcsstore/CollectAndGoSFAS/images/JPG/200x200/std.lang.all/79/12/asset-1527912.jpg,3074457345616690678
2438099,33787-P,ZÜGER lactosevrije mozzarella Bio 100g,ZÜGER lactosevrije mozzarella Bio 100g,"1,75","17,50",EUR,Y,true,,Zuivel en plantaardige alternatieven > Kaas,https://www.collectandgo.be/wcsstore/CollectAndGoSFAS/images/JPG/200x200/std.lang.all/84/99/asset-3208499.jpg,3074457345616693354
4570463,19107-P,PINDOS Feta 200g,PINDOS Feta 200g,"2,05","10,25",EUR,Y,true,,Zuivel en plantaardige alternatieven > Kaas,https://www.collectandgo.be/wcsstore/CollectAndGoSFAS/images/JPG/200x200/std.lang.all/49/14/asset-2794914.jpg,3074457345616794586
3991344,4189-P,PHILADELPHIA original 330g,PHILADELPHIA original 330g,"2,74","8,31",EUR,Y,true,,Zuivel en plantaardige alternatieven > Kaas,https://www.collectandgo.be/wcsstore/CollectAndGoSFAS/images/JPG/200x200/std.lang.all/85/12/asset-3678512.jpg,3074457345616741132
26550,26550-P,SAINT BENOIT brie 200g,SAINT BENOIT brie 200g,"1,53","7,65",EUR,Y,true,,Zuivel en plantaardige alternatieven > Kaas,https://www.collectandgo.be/wcsstore/CollectAndGoSFAS/images/JPG/200x200/std.lang.all/53/55/asset-335355.jpg,3074457345616679526
4875435,38954-P,NOORD HOLLANDER Gouda jong sneetjes 350g,NOORD HOLLANDER Gouda jong sneetjes 350g,"5,95","17,00",EUR,Y,true,,Zuivel en plantaardige alternatieven > Kaas,https://www.collectandgo.be/wcsstore/CollectAndGoSFAS/images/JPG/200x200/std.lang.all/84/81/asset-3808481.jpg,3074457345616845968
3646146,30942-P,PHILADELPHIA Original look&f.kruid. 300g,PHILADELPHIA Original look&f.kruid. 300g,"3,71","12,37",EUR,Y,true,,Zuivel en plantaardige alternatieven > Kaas,https://www.collectandgo.be/wcsstore/CollectAndGoSFAS/images/JPG/200x200/std.lang.all/85/09/asset-3678509.jpg,3074457345616721850
3991325,4188-P,PHILADELPHIA original light 320g,PHILADELPHIA original light 320g,"3,35","10,47",EUR,Y,true,,Zuivel en plantaardige alternatieven > Kaas,https://www.collectandgo.be/wcsstore/CollectAndGoSFAS/images/JPG/200x200/std.lang.all/85/11/asset-3678511.jpg,3074457345616741044
3646226,31025-P,PHILADELPHIA Light look&fijne kruid 185g,PHILADELPHIA Light look&fijne kruid 185g,"3,15","17,03",EUR,Y,true,,Zuivel en plantaardige alternatieven > Kaas,https://www.collectandgo.be/wcsstore/CollectAndGoSFAS/images/JPG/200x200/std.lang.all/85/10/asset-3678510.jpg,3074457345616723148
4118919,6066-P,NOORD HOLLANDER Belegen sneetjes 350g,NOORD HOLLANDER Belegen sneetjes 350g,"7,15","20,43",EUR,Y,true,,Zuivel en plantaardige alternatieven > Kaas,https://www.collectandgo.be/wcsstore/CollectAndGoSFAS/images/JPG/200x200/std.lang.all/32/52/asset-3513252.jpg,3074457345616740008
4631489,10978-P,DELIMELO duopack salami-kaas 325g,DELIMELO duopack salami-kaas 325g,"5,51","16,96",EUR,Y,true,,Zuivel en plantaardige alternatieven > Kaas,https://www.collectandgo.be/wcsstore/CollectAndGoSFAS/images/JPG/200x200/std.lang.all/60/24/asset-2946024.jpg,3074457345616802486
4286801,23181-P,BRUGGE Oud Kubus 200g,BRUGGE Oud Kubus 200g,"6,10","30,50",EUR,Y,true,,Zuivel en plantaardige alternatieven > Kaas,https://www.collectandgo.be/wcsstore/CollectAndGoSFAS/images/JPG/200x200/std.lang.all/26/78/asset-2912678.jpg,3074457345616755254
4027755,5427-P,BRUGGE jong blokjes 200g,BRUGGE jong blokjes 200g,"5,59","27,95",EUR,Y,true,,Zuivel en plantaardige alternatieven > Kaas,https://www.collectandgo.be/wcsstore/CollectAndGoSFAS/images/JPG/200x200/std.lang.all/01/27/asset-3620127.jpg,3074457345616733310
1677493,27389-P,BONI Franse brie ±385g,BONI Franse brie ±385g,"9,95","9,95",EUR,Y,true,,Zuivel en plantaardige alternatieven > Kaas,https://www.collectandgo.be/wcsstore/CollectAndGoSFAS/images/JPG/200x200/std.lang.all/31/49/asset-3323149.jpg,3074457345616690830
4900352,20428-P,VACHE BLEUE Fun Cheese Strings 80g,VACHE BLEUE Fun Cheese Strings 80g,"3,29","41,13",EUR,Y,true,,Zuivel en plantaardige alternatieven > Kaas,https://www.collectandgo.be/wcsstore/CollectAndGoSFAS/images/JPG/200x200/std.lang.all/78/29/asset-3887829.jpg,3074457345616852706
4025498,5335-P,FLANDRIEN licht gerijpt kubus 200g,FLANDRIEN licht gerijpt kubus 200g,"6,15","30,75",EUR,Y,true,,Zuivel en plantaardige alternatieven > Kaas,https://www.collectandgo.be/wcsstore/CollectAndGoSFAS/images/JPG/200x200/std.lang.all/97/52/asset-3679752.jpg,3074457345616732558
4800228,14619-P,NOORD HOLLANDER Gouda Kubus 200g,NOORD HOLLANDER Gouda Kubus 200g,"4,90","24,50",EUR,Y,true,,Zuivel en plantaardige alternatieven > Kaas,https://www.collectandgo.be/wcsstore/CollectAndGoSFAS/images/JPG/200x200/std.lang.all/87/90/asset-3498790.jpg,3074457345616831284
3682671,41857-P,GRIMBERGEN kaas abdij blokjes 280g,GRIMBERGEN kaas abdij blokjes 280g,"8,80","31,43",EUR,Y,true,,Zuivel en plantaardige alternatieven > Kaas,https://www.collectandgo.be/wcsstore/CollectAndGoSFAS/images/JPG/200x200/std.lang.all/36/73/asset-3423673.jpg,3074457345616727112
3963206,2489-P,BONI gevulde brie bieslook 180g,BONI gevulde brie bieslook 180g,"2,78","15,45",EUR,Y,true,,Zuivel en plantaardige alternatieven > Kaas,https://www.collectandgo.be/wcsstore/CollectAndGoSFAS/images/JPG/200x200/std.lang.all/68/67/asset-1606867.jpg,3074457345616732568
26638,26638-P,ISIGNY STE MÈRE camembert rauw melk 250g,ISIGNY STE MÈRE camembert rauw melk 250g,"3,99","15,96",EUR,Y,true,,Zuivel en plantaardige alternatieven > Kaas,https://www.collectandgo.be/wcsstore/CollectAndGoSFAS/images/JPG/200x200/std.lang.all/58/21/asset-905821.jpg,3074457345616679374
3855499,21799-P,ENTREMONT Comté blok 10 md 250g,ENTREMONT Comté blok 10 md 250g,"7,99","31,96",EUR,Y,true,,Zuivel en plantaardige alternatieven > Kaas,https://www.collectandgo.be/wcsstore/CollectAndGoSFAS/images/JPG/200x200/std.lang.all/13/81/asset-3951381.jpg,3074457345616736142
4483073,18399-P,BRIE DE MEAUX AOP ±250g,BRIE DE MEAUX AOP ±250g,"23,88","23,88",EUR,Y,true,,Zuivel en plantaardige alternatieven > Kaas,https://www.collectandgo.be/wcsstore/CollectAndGoSFAS/images/JPG/200x200/std.lang.all/82/66/asset-2628266.jpg,3074457345616781726
4411237,25413-P,PHILADELPHIA extra protein 175g,PHILADELPHIA extra protein 175g,"3,89","22,23",EUR,Y,true,,Zuivel en plantaardige alternatieven > Kaas,https://www.collectandgo.be/wcsstore/CollectAndGoSFAS/images/JPG/200x200/std.lang.all/85/13/asset-3678513.jpg,3074457345616773172
4136481,9609-P,PHILADELPHIA original 6x25g 150g,PHILADELPHIA original 6x25g 150g,"3,95","26,34",EUR,Y,true,,Zuivel en plantaardige alternatieven > Kaas,https://www.collectandgo.be/wcsstore/CollectAndGoSFAS/images/JPG/200x200/std.lang.all/11/42/asset-2451142.jpg,3074457345616731652
4876207,38985-P,PHILADELPHIA Feta komkommer 175g,PHILADELPHIA Feta komkommer 175g,"3,05","17,43",EUR,Y,true,,Zuivel en plantaardige alternatieven > Kaas,https://www.collectandgo.be/wcsstore/CollectAndGoSFAS/images/JPG/200x200/std.lang.all/06/55/asset-4070655.jpg,3074457345616846026
4959648,1527-P,PHILADELPHIA Cottage cheese protein 200g,PHILADELPHIA Cottage cheese protein 200g,"1,99","9,95",EUR,Y,true,,Zuivel en plantaardige alternatieven > Kaas,https://www.collectandgo.be/wcsstore/CollectAndGoSFAS/images/JPG/200x200/std.lang.all/74/33/asset-4097433.jpg,3074457345616875384
3955285,2065-P,CAMEMBERT di bufala 150g,CAMEMBERT di bufala 150g,"4,79","31,94",EUR,Y,true,,Zuivel en plantaardige alternatieven > Kaas,https://www.collectandgo.be/wcsstore/CollectAndGoSFAS/images/JPG/200x200/std.lang.all/17/54/asset-1901754.jpg,3074457345616733270
4837145,31507-P,LINDAHLS Schapenkaas Light 135g,LINDAHLS Schapenkaas Light 135g,"3,09","22,89",EUR,Y,true,,Zuivel en plantaardige alternatieven > Kaas,https://www.collectandgo.be/wcsstore/CollectAndGoSFAS/images/JPG/200x200/std.lang.all/74/27/asset-3727427.jpg,3074457345616838896
3682697,41864-P,GRIMBERGEN kaas abdij tuinkr.blokje 280g,GRIMBERGEN kaas abdij tuinkr.blokje 280g,"8,99","32,11",EUR,Y,true,,Zuivel en plantaardige alternatieven > Kaas,https://www.collectandgo.be/wcsstore/CollectAndGoSFAS/images/JPG/200x200/std.lang.all/88/32/asset-2378832.jpg,3074457345616727242
4957801,21236-P,PHILADELPHIA Mediteraanse kruiden 185g,PHILADELPHIA Mediteraanse kruiden 185g,"3,05","16,49",EUR,Y,true,,Zuivel en plantaardige alternatieven > Kaas,,3074457345616874856
2320164,16957-P,MINERVA fetakaas Bio 150g,MINERVA fetakaas Bio 150g,"3,59","23,94",EUR,Y,true,,Zuivel en plantaardige alternatieven > Kaas,https://www.collectandgo.be/wcsstore/CollectAndGoSFAS/images/JPG/200x200/std.lang.all/31/10/asset-3493110.jpg,3074457345616699764
4669813,30153-P,BABYBEL mini 6st 120g,BABYBEL mini 6st 120g,"3,75","31,25",EUR,Y,true,,Zuivel en plantaardige alternatieven > Kaas,https://www.collectandgo.be/wcsstore/CollectAndGoSFAS/images/JPG/200x200/std.lang.all/13/12/asset-3991312.jpg,3074457345616806134
2739906,40750-P,MAREDSOUS kaas abdij light sneetjes 300g,MAREDSOUS kaas abdij light sneetjes 300g,"12,62","42,07",EUR,Y,true,,Zuivel en plantaardige alternatieven > Kaas,https://www.collectandgo.be/wcsstore/CollectAndGoSFAS/images/JPG/200x200/std.lang.all/32/79/asset-573279.jpg,3074457345616698202
4419808,25641-P,CHAVROUX geitenkaas natuur 225g,CHAVROUX geitenkaas natuur 225g,"3,29","14,63",EUR,Y,true,,Zuivel en plantaardige alternatieven > Kaas,https://www.collectandgo.be/wcsstore/CollectAndGoSFAS/images/JPG/200x200/std.lang.all/34/28/asset-3223428.jpg,3074457345616775106
4884762,20167-P,CHAVROUX Romig 150g,CHAVROUX Romig 150g,"4,09","27,27",EUR,Y,true,,Zuivel en plantaardige alternatieven > Kaas,https://www.collectandgo.be/wcsstore/CollectAndGoSFAS/images/JPG/200x200/std.lang.all/86/95/asset-3848695.jpg,3074457345616848284
4947580,40504-P,SOIGNON Pyramide tomaat basilicum 150g,SOIGNON Pyramide tomaat basilicum 150g,"3,49","23,27",EUR,Y,true,,Zuivel en plantaardige alternatieven > Kaas,https://www.collectandgo.be/wcsstore/CollectAndGoSFAS/images/JPG/200x200/std.lang.all/57/12/asset-4075712.jpg,3074457345616870854
4901883,26154-P,GRAN SORESINA Gran.Pad.BOB Ger. 100g,GRAN SORESINA Gran.Pad.BOB Ger. 100g,"1,99","19,90",EUR,Y,true,,Zuivel en plantaardige alternatieven > Kaas,https://www.collectandgo.be/wcsstore/CollectAndGoSFAS/images/JPG/200x200/std.lang.all/78/20/asset-3887820.jpg,3074457345616853182
4208128,16149-P,ST MÔRET Le Gout Primeur natuur Bio 150g,ST MÔRET Le Gout Primeur natuur Bio 150g,"4,99","33,27",EUR,Y,true,,Zuivel en plantaardige alternatieven > Kaas,https://www.collectandgo.be/wcsstore/CollectAndGoSFAS/images/JPG/200x200/std.lang.all/63/21/asset-1956321.jpg,3074457345616747708
1105744,26502-P,PAYSAN BRETON MADAME LOÏK natuur 150g,PAYSAN BRETON MADAME LOÏK natuur 150g,"3,19","21,27",EUR,Y,true,,Zuivel en plantaardige alternatieven > Kaas,https://www.collectandgo.be/wcsstore/CollectAndGoSFAS/images/JPG/200x200/std.lang.all/83/73/asset-3178373.jpg,3074457345616681512
2933215,38671-P,ST MÔRET natuur 150g,ST MÔRET natuur 150g,"3,99","26,60",EUR,Y,true,,Zuivel en plantaardige alternatieven > Kaas,https://www.collectandgo.be/wcsstore/CollectAndGoSFAS/images/JPG/200x200/std.lang.all/90/03/asset-1779003.jpg,3074457345616700390
4915298,12382-P,TARTARE Verse kaas knofl f.kruiden 150g,TARTARE Verse kaas knofl f.kruiden 150g,"3,19","21,27",EUR,Y,true,,Zuivel en plantaardige alternatieven > Kaas,https://www.collectandgo.be/wcsstore/CollectAndGoSFAS/images/JPG/200x200/std.lang.all/39/37/asset-3943937.jpg,3074457345616857218
1163524,26589-P,PRÉSIDENT camembert crème 125g,PRÉSIDENT camembert crème 125g,"3,39","27,12",EUR,Y,true,,Zuivel en plantaardige alternatieven > Kaas,https://www.collectandgo.be/wcsstore/CollectAndGoSFAS/images/JPG/200x200/std.lang.all/98/32/asset-3789832.jpg,3074457345616685456
4240261,19376-P,KIRI verse kaas romige melk 12x18g,KIRI verse kaas romige melk 12x18g,"6,29","29,13",EUR,Y,true,,Zuivel en plantaardige alternatieven > Kaas,https://www.collectandgo.be/wcsstore/CollectAndGoSFAS/images/JPG/200x200/std.lang.all/77/57/asset-3637757.jpg,3074457345616749414
2318182,16922-P,ST MÔRET Léger 150g,ST MÔRET Léger 150g,"3,85","25,67",EUR,Y,true,,Zuivel en plantaardige alternatieven > Kaas,https://www.collectandgo.be/wcsstore/CollectAndGoSFAS/images/JPG/200x200/std.lang.all/44/55/asset-1914455.jpg,3074457345616699148
1617310,26209-P,PASCHKA verse kaas choco Pot 275g,PASCHKA verse kaas choco Pot 275g,"6,10","22,19",EUR,Y,true,,Zuivel en plantaardige alternatieven > Kaas,https://www.collectandgo.be/wcsstore/CollectAndGoSFAS/images/JPG/200x200/std.lang.all/17/35/asset-2371735.jpg,3074457345616685258
4255258,21824-P,ST MORET family pack 280g,ST MORET family pack 280g,"4,45","15,90",EUR,Y,true,,Zuivel en plantaardige alternatieven > Kaas,https://www.collectandgo.be/wcsstore/CollectAndGoSFAS/images/JPG/200x200/std.lang.all/27/06/asset-2092706.jpg,3074457345616719592
1436207,16143-P,RABEKO Choco light 250g,RABEKO Choco light 250g,"3,62","14,48",EUR,Y,true,,Zuivel en plantaardige alternatieven > Kaas,https://www.collectandgo.be/wcsstore/CollectAndGoSFAS/images/JPG/200x200/std.lang.all/62/86/asset-876286.jpg,3074457345616688556
4948151,40638-P,PAYSAN BRETON MADAME LOÏK -25%zout 150g,PAYSAN BRETON MADAME LOÏK -25%zout 150g,"3,90","26,00",EUR,Y,true,,Zuivel en plantaardige alternatieven > Kaas,,3074457345616871022
2218519,26802-P,CASTELLO verse kaas ananas 125g,CASTELLO verse kaas ananas 125g,"3,29","26,32",EUR,Y,true,,Zuivel en plantaardige alternatieven > Kaas,https://www.collectandgo.be/wcsstore/CollectAndGoSFAS/images/JPG/200x200/std.lang.all/50/17/asset-395017.jpg,3074457345616686870
4704874,31345-P,PAYSAN BRETON MADAME LOÏK lo.f.kru. 150g,PAYSAN BRETON MADAME LOÏK lo.f.kru. 150g,"3,25","21,67",EUR,Y,true,,Zuivel en plantaardige alternatieven > Kaas,https://www.collectandgo.be/wcsstore/CollectAndGoSFAS/images/JPG/200x200/std.lang.all/85/77/asset-3178577.jpg,3074457345616811310
4333897,15793-P,PAYSAN BRETON MADAME LOÏK met noten 150g,PAYSAN BRETON MADAME LOÏK met noten 150g,"3,90","26,00",EUR,Y,true,,Zuivel en plantaardige alternatieven > Kaas,https://www.collectandgo.be/wcsstore/CollectAndGoSFAS/images/JPG/200x200/std.lang.all/84/76/asset-2838476.jpg,3074457345616761824
3003595,7660-P,CHALET smeerkaas gruyère 6p 140g,CHALET smeerkaas gruyère 6p 140g,"5,99","42,79",EUR,Y,true,,Zuivel en plantaardige alternatieven > Kaas,https://www.collectandgo.be/wcsstore/CollectAndGoSFAS/images/JPG/200x200/std.lang.all/02/96/asset-380296.jpg,3074457345616704454
1908423,35233-P,PAYSAN BRETON MADAME LOÏK sja-biesl 150g,PAYSAN BRETON MADAME LOÏK sja-biesl 150g,"3,25","21,67",EUR,Y,true,,Zuivel en plantaardige alternatieven > Kaas,https://www.collectandgo.be/wcsstore/CollectAndGoSFAS/images/JPG/200x200/std.lang.all/85/74/asset-3178574.jpg,3074457345616691734
4437982,21334-P,KIRI smeerkaas kuipje 150g,KIRI smeerkaas kuipje 150g,"4,55","30,34",EUR,Y,true,,Zuivel en plantaardige alternatieven > Kaas,https://www.collectandgo.be/wcsstore/CollectAndGoSFAS/images/JPG/200x200/std.lang.all/01/90/asset-2920190.jpg,3074457345616776846
3528343,21601-P,HERVE SOCIÉTÉ smeerkaas kuipje 150g,HERVE SOCIÉTÉ smeerkaas kuipje 150g,"4,75","31,67",EUR,Y,true,,Zuivel en plantaardige alternatieven > Kaas,https://www.collectandgo.be/wcsstore/CollectAndGoSFAS/images/JPG/200x200/std.lang.all/03/47/asset-1580347.jpg,3074457345616714248
4947534,40496-P,TARTARE Bieslook sjalot 150g,TARTARE Bieslook sjalot 150g,"3,59","23,94",EUR,Y,true,,Zuivel en plantaardige alternatieven > Kaas,https://www.collectandgo.be/wcsstore/CollectAndGoSFAS/images/JPG/200x200/std.lang.all/02/90/asset-4070290.jpg,3074457345616870962
4459854,21158-P,FAIREBEL verse kaas met kruiden 150g,FAIREBEL verse kaas met kruiden 150g,"3,10","20,67",EUR,Y,true,,Zuivel en plantaardige alternatieven > Kaas,https://www.collectandgo.be/wcsstore/CollectAndGoSFAS/images/JPG/200x200/std.lang.all/50/52/asset-3535052.jpg,3074457345616778438
4885471,26373-P,RIANS Le roulé ananas 125g,RIANS Le roulé ananas 125g,"4,74","37,92",EUR,Y,true,,Zuivel en plantaardige alternatieven > Kaas,https://www.collectandgo.be/wcsstore/CollectAndGoSFAS/images/JPG/200x200/std.lang.all/33/38/asset-3933338.jpg,3074457345616848436
4329779,7372-P,PASSENDALE Caractère blok ±200g,PASSENDALE Caractère blok ±200g,"41,98","41,98",EUR,Y,true,,Zuivel en plantaardige alternatieven > Kaas,https://www.collectandgo.be/wcsstore/CollectAndGoSFAS/images/JPG/200x200/std.lang.all/31/05/asset-3423105.jpg,3074457345616761222
1902888,2231-P,BASTIAANSEN jonge kaas bio 150g,BASTIAANSEN jonge kaas bio 150g,"3,39","22,60",EUR,Y,true,,Zuivel en plantaardige alternatieven > Kaas,https://www.collectandgo.be/wcsstore/CollectAndGoSFAS/images/JPG/200x200/std.lang.all/80/14/asset-2448014.jpg,3074457345616686800
1902891,2233-P,BASTIAANSEN Belegen bio 150g,BASTIAANSEN Belegen bio 150g,"4,09","27,27",EUR,Y,true,,Zuivel en plantaardige alternatieven > Kaas,https://www.collectandgo.be/wcsstore/CollectAndGoSFAS/images/JPG/200x200/std.lang.all/02/05/asset-3180205.jpg,3074457345616686804
1902895,2237-P,BASTIAANSEN kaas basilicum-look bio 150g,BASTIAANSEN kaas basilicum-look bio 150g,"3,69","24,60",EUR,Y,true,,Zuivel en plantaardige alternatieven > Kaas,https://www.collectandgo.be/wcsstore/CollectAndGoSFAS/images/JPG/200x200/std.lang.all/91/94/asset-339194.jpg,3074457345616686806
3192347,9068-P,BASTIAANSEN kaas komijn sn. bio 150g,BASTIAANSEN kaas komijn sn. bio 150g,"3,49","23,27",EUR,Y,true,,Zuivel en plantaardige alternatieven > Kaas,https://www.collectandgo.be/wcsstore/CollectAndGoSFAS/images/JPG/200x200/std.lang.all/12/38/asset-381238.jpg,3074457345616709154
3617198,40333-P,BASTIAANSEN oud sneetjes Bio 150g,BASTIAANSEN oud sneetjes Bio 150g,"4,29","28,60",EUR,Y,true,,Zuivel en plantaardige alternatieven > Kaas,https://www.collectandgo.be/wcsstore/CollectAndGoSFAS/images/JPG/200x200/std.lang.all/23/48/asset-1142348.jpg,3074457345616719550
2541061,39862-P,EVERYDAY gouda jong belegen blokjes 280g,EVERYDAY gouda jong belegen blokjes 280g,"3,80","13,58",EUR,Y,true,,Zuivel en plantaardige alternatieven > Kaas,https://www.collectandgo.be/wcsstore/CollectAndGoSFAS/images/JPG/200x200/std.lang.all/49/83/asset-724983.jpg,3074457345616693498
3968017,2910-P,EVERYDAY camembert 250g,EVERYDAY camembert 250g,"1,55","6,20",EUR,Y,true,,Zuivel en plantaardige alternatieven > Kaas,https://www.collectandgo.be/wcsstore/CollectAndGoSFAS/images/JPG/200x200/std.lang.all/38/09/asset-2243809.jpg,3074457345616737380
4119092,8484-P,FLANDRIEN licht gerijpt sneet 200g,FLANDRIEN licht gerijpt sneet 200g,"3,99","19,95",EUR,Y,true,,Zuivel en plantaardige alternatieven > Kaas,https://www.collectandgo.be/wcsstore/CollectAndGoSFAS/images/JPG/200x200/std.lang.all/97/46/asset-3679746.jpg,3074457345616739978
1979592,16840-P,BONI smeerkaas 24st 400g,BONI smeerkaas 24st 400g,"2,69","6,73",EUR,Y,true,,Zuivel en plantaardige alternatieven > Kaas,https://www.collectandgo.be/wcsstore/CollectAndGoSFAS/images/JPG/200x200/std.lang.all/25/74/asset-1932574.jpg,3074457345616690048
4900613,21067-P,ZARPELLON Parmig. Regg. gerasp.DOP 100g,ZARPELLON Parmig. Regg. gerasp.DOP 100g,"2,79","27,90",EUR,Y,true,,Zuivel en plantaardige alternatieven > Kaas,https://www.collectandgo.be/wcsstore/CollectAndGoSFAS/images/JPG/200x200/std.lang.all/78/31/asset-3887831.jpg,3074457345616852772
3960397,1890-P,EVERYDAY dubbele room 200g,EVERYDAY dubbele room 200g,"1,66","8,30",EUR,Y,true,,Zuivel en plantaardige alternatieven > Kaas,https://www.collectandgo.be/wcsstore/CollectAndGoSFAS/images/JPG/200x200/std.lang.all/55/16/asset-1695516.jpg,3074457345616737526
2477583,39145-P,ENTREMONT emmental Fr. geraspt 2x250g,ENTREMONT emmental Fr. geraspt 2x250g,"6,79","13,58",EUR,Y,true,,Zuivel en plantaardige alternatieven > Kaas,https://www.collectandgo.be/wcsstore/CollectAndGoSFAS/images/JPG/200x200/std.lang.all/40/83/asset-2964083.jpg,3074457345616694840
26585,26585-P,ROQUEFORT kaas blauwschimmel 100g,ROQUEFORT kaas blauwschimmel 100g,"1,59","15,90",EUR,Y,true,,Zuivel en plantaardige alternatieven > Kaas,https://www.collectandgo.be/wcsstore/CollectAndGoSFAS/images/JPG/200x200/std.lang.all/34/57/asset-1013457.jpg,3074457345616679290
4709962,2618-P,BONI roomkaas look fijne kruiden 200g,BONI roomkaas look fijne kruiden 200g,"1,22","6,10",EUR,Y,true,,Zuivel en plantaardige alternatieven > Kaas,https://www.collectandgo.be/wcsstore/CollectAndGoSFAS/images/JPG/200x200/std.lang.all/01/23/asset-3240123.jpg,3074457345616812570
2929671,19836-P,BONI smeerkaas kuipje 200g,BONI smeerkaas kuipje 200g,"1,73","8,65",EUR,Y,true,,Zuivel en plantaardige alternatieven > Kaas,https://www.collectandgo.be/wcsstore/CollectAndGoSFAS/images/JPG/200x200/std.lang.all/19/21/asset-2231921.jpg,3074457345616701580
1123669,16836-P,KRAFT Pamesello geraspt 100g,KRAFT Pamesello geraspt 100g,"3,99","39,90",EUR,Y,true,,Zuivel en plantaardige alternatieven > Kaas,https://www.collectandgo.be/wcsstore/CollectAndGoSFAS/images/JPG/200x200/std.lang.all/85/30/asset-3928530.jpg,3074457345616686056
3421435,30369-P,BONI geitenkaas rol 125g,BONI geitenkaas rol 125g,"1,89","15,12",EUR,Y,true,,Zuivel en plantaardige alternatieven > Kaas,https://www.collectandgo.be/wcsstore/CollectAndGoSFAS/images/JPG/200x200/std.lang.all/92/56/asset-3349256.jpg,3074457345616715992
4900511,20587-P,ZARPELLON Pecorino Romano D.O.P. 275g,ZARPELLON Pecorino Romano D.O.P. 275g,"6,86","24,95",EUR,Y,true,,Zuivel en plantaardige alternatieven > Kaas,https://www.collectandgo.be/wcsstore/CollectAndGoSFAS/images/JPG/200x200/std.lang.all/78/30/asset-3887830.jpg,3074457345616852750
4454924,26672-P,FLANDRIEN extra gerijpt sneden 200g,FLANDRIEN extra gerijpt sneden 200g,"6,29","31,45",EUR,Y,true,,Zuivel en plantaardige alternatieven > Kaas,https://www.collectandgo.be/wcsstore/CollectAndGoSFAS/images/JPG/200x200/std.lang.all/97/47/asset-3679747.jpg,3074457345616778044
4893559,12771-P,BONI Gorgonzola 200g,BONI Gorgonzola 200g,"2,19","10,95",EUR,Y,true,,Zuivel en plantaardige alternatieven > Kaas,https://www.collectandgo.be/wcsstore/CollectAndGoSFAS/images/JPG/200x200/std.lang.all/78/42/asset-4017842.jpg,3074457345616850664
3586498,33076-P,ECONOM gouda jong belegen blokjes 1kg,ECONOM gouda jong belegen blokjes 1kg,"13,56","13,56",EUR,Y,true,,Zuivel en plantaardige alternatieven > Kaas,https://www.collectandgo.be/wcsstore/CollectAndGoSFAS/images/JPG/200x200/std.lang.all/34/33/asset-3193433.jpg,3074457345616720678
4877257,39034-P,BONI Ham 48+ 200g,BONI Ham 48+ 200g,"1,79","8,95",EUR,Y,true,,Zuivel en plantaardige alternatieven > Kaas,https://www.collectandgo.be/wcsstore/CollectAndGoSFAS/images/JPG/200x200/std.lang.all/31/05/asset-3933105.jpg,3074457345616846104
2853537,34004-P,JURAFLORE Comté 15 maanden 200g,JURAFLORE Comté 15 maanden 200g,"5,82","29,10",EUR,Y,true,,Zuivel en plantaardige alternatieven > Kaas,https://www.collectandgo.be/wcsstore/CollectAndGoSFAS/images/JPG/200x200/std.lang.all/42/48/asset-2934248.jpg,3074457345616702138
26532,26532-P,BLEU D'AUVERGNE kaas blauwschimmel 125g,BLEU D'AUVERGNE kaas blauwschimmel 125g,"2,29","18,32",EUR,Y,true,,Zuivel en plantaardige alternatieven > Kaas,https://www.collectandgo.be/wcsstore/CollectAndGoSFAS/images/JPG/200x200/std.lang.all/59/60/asset-3775960.jpg,3074457345616679510
4910682,37042-P,ZETA Parmigiano Reggiano BOB bio 150g,ZETA Parmigiano Reggiano BOB bio 150g,"6,19","41,27",EUR,Y,true,,Zuivel en plantaardige alternatieven > Kaas,https://www.collectandgo.be/wcsstore/CollectAndGoSFAS/images/JPG/200x200/std.lang.all/55/51/asset-3965551.jpg,3074457345616855222
26770,26770-P,OLD AMSTERDAM kaas gouda oud blok ±440g,OLD AMSTERDAM kaas gouda oud blok ±440g,"21,80","21,80",EUR,Y,true,,Zuivel en plantaardige alternatieven > Kaas,https://www.collectandgo.be/wcsstore/CollectAndGoSFAS/images/JPG/200x200/std.lang.all/31/57/asset-1043157.jpg,3074457345616679434
26540,26540-P,CAMBOZOLA kaas Classic ±185g,CAMBOZOLA kaas Classic ±185g,"27,48","27,48",EUR,Y,true,,Zuivel en plantaardige alternatieven > Kaas,https://www.collectandgo.be/wcsstore/CollectAndGoSFAS/images/JPG/200x200/std.lang.all/23/67/asset-3342367.jpg,3074457345616679520
26545,26545-P,LEERDAMMER Original blok ±350g,LEERDAMMER Original blok ±350g,"19,40","19,40",EUR,Y,true,,Zuivel en plantaardige alternatieven > Kaas,https://www.collectandgo.be/wcsstore/CollectAndGoSFAS/images/JPG/200x200/std.lang.all/81/85/asset-3448185.jpg,3074457345616679524
1740048,33541-P,NOORD HOLLANDER Gouda belegen blok ±475g,NOORD HOLLANDER Gouda belegen blok ±475g,"19,80","19,80",EUR,Y,true,,Zuivel en plantaardige alternatieven > Kaas,https://www.collectandgo.be/wcsstore/CollectAndGoSFAS/images/JPG/200x200/std.lang.all/82/15/asset-3508215.jpg,3074457345616687340
4436345,18940-P,FLANDRIEN oud blok 230g,FLANDRIEN oud blok 230g,"6,26","27,22",EUR,Y,true,,Zuivel en plantaardige alternatieven > Kaas,https://www.collectandgo.be/wcsstore/CollectAndGoSFAS/images/JPG/200x200/std.lang.all/01/96/asset-2660196.jpg,3074457345616776754
16910,16910-P,GALBANI Paesano strooibus 250g,GALBANI Paesano strooibus 250g,"6,99","27,96",EUR,Y,true,,Zuivel en plantaardige alternatieven > Kaas,https://www.collectandgo.be/wcsstore/CollectAndGoSFAS/images/JPG/200x200/std.lang.all/04/90/asset-1490490.jpg,3074457345616676832
4951621,41350-P,ZARPELLON Pecorino Romano BOB ger. 100g,ZARPELLON Pecorino Romano BOB ger. 100g,"2,49","24,90",EUR,Y,true,,Zuivel en plantaardige alternatieven > Kaas,,3074457345616872546
1862456,26777-P,GRIMBERGEN Grand Cru ext.ger.blok ±425g,GRIMBERGEN Grand Cru ext.ger.blok ±425g,"22,50","22,50",EUR,Y,true,,Zuivel en plantaardige alternatieven > Kaas,https://www.collectandgo.be/wcsstore/CollectAndGoSFAS/images/JPG/200x200/std.lang.all/63/87/asset-3946387.jpg,3074457345616691624
4499201,27872-P,BEEMSTER jong beleg.blok ±300g,BEEMSTER jong beleg.blok ±300g,"22,18","22,18",EUR,Y,true,,Zuivel en plantaardige alternatieven > Kaas,https://www.collectandgo.be/wcsstore/CollectAndGoSFAS/images/JPG/200x200/std.lang.all/83/23/asset-3948323.jpg,3074457345616783056
1145356,26624-P,GALBANI gorgonzola Cremoso 150g,GALBANI gorgonzola Cremoso 150g,"4,49","29,94",EUR,Y,true,,Zuivel en plantaardige alternatieven > Kaas,https://www.collectandgo.be/wcsstore/CollectAndGoSFAS/images/JPG/200x200/std.lang.all/22/21/asset-2172221.jpg,3074457345616682986
26534,26534-P,NAZARETH kaas blok ±425g,NAZARETH kaas blok ±425g,"23,16","23,16",EUR,Y,true,,Zuivel en plantaardige alternatieven > Kaas,https://www.collectandgo.be/wcsstore/CollectAndGoSFAS/images/JPG/200x200/std.lang.all/50/41/asset-2245041.jpg,3074457345616679512
4885460,26185-P,BONI Smeerkaas ham 24 st 400g,BONI Smeerkaas ham 24 st 400g,"2,65","6,63",EUR,Y,true,,Zuivel en plantaardige alternatieven > Kaas,https://www.collectandgo.be/wcsstore/CollectAndGoSFAS/images/JPG/200x200/std.lang.all/94/62/asset-3949462.jpg,3074457345616848430
4894209,14400-P,Gris du perigord blok ±220g,Gris du perigord blok ±220g,"28,30","28,30",EUR,Y,true,,Zuivel en plantaardige alternatieven > Kaas,https://www.collectandgo.be/wcsstore/CollectAndGoSFAS/images/JPG/200x200/std.lang.all/78/28/asset-3887828.jpg,3074457345616851202
4487101,25695-P,PITTHEMNAER blok ±180g,PITTHEMNAER blok ±180g,"23,65","23,65",EUR,Y,true,,Zuivel en plantaardige alternatieven > Kaas,https://www.collectandgo.be/wcsstore/CollectAndGoSFAS/images/JPG/200x200/std.lang.all/98/10/asset-2829810.jpg,3074457345616782084
3125649,42892-P,OLD AMSTERDAM gouda oud sneetjes ±305g,OLD AMSTERDAM gouda oud sneetjes ±305g,"24,95","24,95",EUR,Y,true,,Zuivel en plantaardige alternatieven > Kaas,https://www.collectandgo.be/wcsstore/CollectAndGoSFAS/images/JPG/200x200/std.lang.all/26/73/asset-3252673.jpg,3074457345616706338
4949385,40962-P,IGNALAT Burrata met basilicum 125g,IGNALAT Burrata met basilicum 125g,"2,29","18,32",EUR,Y,true,,Zuivel en plantaardige alternatieven > Kaas,https://www.collectandgo.be/wcsstore/CollectAndGoSFAS/images/JPG/200x200/std.lang.all/53/89/asset-4085389.jpg,3074457345616872068
4643443,20718-P,BONI Appenzeller mild pikant ±300g,BONI Appenzeller mild pikant ±300g,"31,30","31,30",EUR,Y,true,,Zuivel en plantaardige alternatieven > Kaas,https://www.collectandgo.be/wcsstore/CollectAndGoSFAS/images/JPG/200x200/std.lang.all/13/46/asset-3271346.jpg,3074457345616803374
4185064,13198-P,ECHTE LOO kaas ±240g,ECHTE LOO kaas ±240g,"24,16","24,16",EUR,Y,true,,Zuivel en plantaardige alternatieven > Kaas,https://www.collectandgo.be/wcsstore/CollectAndGoSFAS/images/JPG/200x200/std.lang.all/27/59/asset-2892759.jpg,3074457345616744886
4844873,38170-P,DE MOERENAAR Boerderijk. Sneetjes 200g,DE MOERENAAR Boerderijk. Sneetjes 200g,"3,99","19,95",EUR,Y,true,,Zuivel en plantaardige alternatieven > Kaas,https://www.collectandgo.be/wcsstore/CollectAndGoSFAS/images/JPG/200x200/std.lang.all/87/31/asset-3698731.jpg,3074457345616840916
26539,26539-P,WIJNENDALE kaas zacht ±220g,WIJNENDALE kaas zacht ±220g,"38,32","38,32",EUR,Y,true,,Zuivel en plantaardige alternatieven > Kaas,https://www.collectandgo.be/wcsstore/CollectAndGoSFAS/images/JPG/200x200/std.lang.all/38/43/asset-3403843.jpg,3074457345616679518
4889932,39509-P,FINEST SELECTION Gouda Brandn. Blok 225g,FINEST SELECTION Gouda Brandn. Blok 225g,"3,99","17,74",EUR,Y,true,,Zuivel en plantaardige alternatieven > Kaas,https://www.collectandgo.be/wcsstore/CollectAndGoSFAS/images/JPG/200x200/std.lang.all/53/62/asset-4085362.jpg,3074457345616849288
2478754,38090-P,GARCIA BAQUERO kaas Iberico blok 250g,GARCIA BAQUERO kaas Iberico blok 250g,"6,15","24,60",EUR,Y,true,,Zuivel en plantaardige alternatieven > Kaas,https://www.collectandgo.be/wcsstore/CollectAndGoSFAS/images/JPG/200x200/std.lang.all/19/85/asset-2111985.jpg,3074457345616693780
3789238,40494-P,ANA LUZ Vijgenbrood met amandelen 200g,ANA LUZ Vijgenbrood met amandelen 200g,"2,19","10,95",EUR,Y,true,,Zuivel en plantaardige alternatieven > Kaas,https://www.collectandgo.be/wcsstore/CollectAndGoSFAS/images/JPG/200x200/std.lang.all/33/27/asset-2623327.jpg,3074457345616739456
4329763,7353-P,BONI roulé met look & fijne kruiden 150g,BONI roulé met look & fijne kruiden 150g,"3,00","20,00",EUR,Y,true,,Zuivel en plantaardige alternatieven > Kaas,https://www.collectandgo.be/wcsstore/CollectAndGoSFAS/images/JPG/200x200/std.lang.all/05/84/asset-2390584.jpg,3074457345616761220
4430780,11063-P,POCHAT & FILS tommette de savoie 250g,POCHAT & FILS tommette de savoie 250g,"4,75","19,00",EUR,Y,true,,Zuivel en plantaardige alternatieven > Kaas,https://www.collectandgo.be/wcsstore/CollectAndGoSFAS/images/JPG/200x200/std.lang.all/17/19/asset-2451719.jpg,3074457345616776374
4889854,39503-P,PASSENDALE Lightesse 175g,PASSENDALE Lightesse 175g,"4,09","23,38",EUR,Y,true,,Zuivel en plantaardige alternatieven > Kaas,https://www.collectandgo.be/wcsstore/CollectAndGoSFAS/images/JPG/200x200/std.lang.all/10/25/asset-3911025.jpg,3074457345616849276
4954310,12820-P,BONI geitenkaas natuur bio 125g,BONI geitenkaas natuur bio 125g,"3,59","28,72",EUR,Y,true,,Zuivel en plantaardige alternatieven > Kaas,,3074457345616873370
1571903,29878-P,SOCIÉTÉ Roquefort 100g,SOCIÉTÉ Roquefort 100g,"5,59","55,90",EUR,Y,true,,Zuivel en plantaardige alternatieven > Kaas,https://www.collectandgo.be/wcsstore/CollectAndGoSFAS/images/JPG/200x200/std.lang.all/54/09/asset-395409.jpg,3074457345616687760
4216433,8516-P,WESTHOEK sneetjes 200g,WESTHOEK sneetjes 200g,"4,50","22,50",EUR,Y,true,,Zuivel en plantaardige alternatieven > Kaas,https://www.collectandgo.be/wcsstore/CollectAndGoSFAS/images/JPG/200x200/std.lang.all/08/13/asset-3530813.jpg,3074457345616699616
4849133,38322-P,LANDANA Walnoot 200g,LANDANA Walnoot 200g,"4,53","22,65",EUR,Y,true,,Zuivel en plantaardige alternatieven > Kaas,https://www.collectandgo.be/wcsstore/CollectAndGoSFAS/images/JPG/200x200/std.lang.all/59/16/asset-3695916.jpg,3074457345616842240
4836916,28831-P,LINDAHLS Sneetjes 125g,LINDAHLS Sneetjes 125g,"2,45","19,60",EUR,Y,true,,Zuivel en plantaardige alternatieven > Kaas,https://www.collectandgo.be/wcsstore/CollectAndGoSFAS/images/JPG/200x200/std.lang.all/85/70/asset-3948570.jpg,3074457345616838858
4419839,25650-P,BONI bladerdeeg geitenkaas honing 2x50g,BONI bladerdeeg geitenkaas honing 2x50g,"3,19","31,90",EUR,Y,true,,Zuivel en plantaardige alternatieven > Kaas,https://www.collectandgo.be/wcsstore/CollectAndGoSFAS/images/JPG/200x200/std.lang.all/58/01/asset-2425801.jpg,3074457345616775114
4374046,24185-P,FAIREBEL abdij sneden 250g,FAIREBEL abdij sneden 250g,"5,49","21,96",EUR,Y,true,,Zuivel en plantaardige alternatieven > Kaas,https://www.collectandgo.be/wcsstore/CollectAndGoSFAS/images/JPG/200x200/std.lang.all/72/48/asset-2387248.jpg,3074457345616769226
4885224,23486-P,DE MOERENAAR Kaas It.kruiden blok ±200g,DE MOERENAAR Kaas It.kruiden blok ±200g,"22,90","22,90",EUR,Y,true,,Zuivel en plantaardige alternatieven > Kaas,https://www.collectandgo.be/wcsstore/CollectAndGoSFAS/images/JPG/200x200/std.lang.all/31/07/asset-3933107.jpg,3074457345616848360
4951935,1104-P,Edam bol 900g,Edam bol 900g,"11,99","13,33",EUR,Y,true,,Zuivel en plantaardige alternatieven > Kaas,https://www.collectandgo.be/wcsstore/CollectAndGoSFAS/images/JPG/200x200/std.lang.all/53/65/asset-4085365.jpg,3074457345616872680
4875419,38951-P,DE MOERENAAR Kaas Moerengoud blok ±250g,DE MOERENAAR Kaas Moerengoud blok ±250g,"17,49","17,49",EUR,Y,true,,Zuivel en plantaardige alternatieven > Kaas,https://www.collectandgo.be/wcsstore/CollectAndGoSFAS/images/JPG/200x200/std.lang.all/02/25/asset-3800225.jpg,3074457345616845960
4823884,6940-P,BONI PLAN'T Look & Biesl. ±8sn. Bio 140g,BONI PLAN'T Look & Biesl. ±8sn. Bio 140g,"2,79","19,93",EUR,Y,true,,Zuivel en plantaardige alternatieven > Kaas,https://www.collectandgo.be/wcsstore/CollectAndGoSFAS/images/JPG/200x200/std.lang.all/22/14/asset-3682214.jpg,3074457345616836064
4796806,35931-P,BONI Belegen Belg. blok ±300g,BONI Belegen Belg. blok ±300g,"12,85","12,85",EUR,Y,true,,Zuivel en plantaardige alternatieven > Kaas,https://www.collectandgo.be/wcsstore/CollectAndGoSFAS/images/JPG/200x200/std.lang.all/51/78/asset-3465178.jpg,3074457345616830738
4649337,2574-P,BONI Franse gruyère blok ±300g,BONI Franse gruyère blok ±300g,"25,90","25,90",EUR,Y,true,,Zuivel en plantaardige alternatieven > Kaas,https://www.collectandgo.be/wcsstore/CollectAndGoSFAS/images/JPG/200x200/std.lang.all/37/88/asset-3233788.jpg,3074457345616803762
4122500,9092-P,EVERYDAY gouda jong sn.zond.korst 500g,EVERYDAY gouda jong sn.zond.korst 500g,"3,19","6,38",EUR,Y,true,,Zuivel en plantaardige alternatieven > Kaas,https://www.collectandgo.be/wcsstore/CollectAndGoSFAS/images/JPG/200x200/std.lang.all/11/67/asset-1971167.jpg,3074457345616740176
2477576,39137-P,EVERYDAY emmental geraspt 500g,EVERYDAY emmental geraspt 500g,"4,10","8,20",EUR,Y,true,,Zuivel en plantaardige alternatieven > Kaas,https://www.collectandgo.be/wcsstore/CollectAndGoSFAS/images/JPG/200x200/std.lang.all/58/62/asset-2075862.jpg,3074457345616695782
26516,26516-P,EVERYDAY verse kaas look&f.kruiden 150g,EVERYDAY verse kaas look&f.kruiden 150g,"0,79","5,27",EUR,Y,true,,Zuivel en plantaardige alternatieven > Kaas,https://www.collectandgo.be/wcsstore/CollectAndGoSFAS/images/JPG/200x200/std.lang.all/52/25/asset-2305225.jpg,3074457345616679502
4122487,9090-P,EVERYDAY gouda jong sneetjes korst 500g,EVERYDAY gouda jong sneetjes korst 500g,"4,42","8,84",EUR,Y,true,,Zuivel en plantaardige alternatieven > Kaas,https://www.collectandgo.be/wcsstore/CollectAndGoSFAS/images/JPG/200x200/std.lang.all/80/04/asset-2108004.jpg,3074457345616740172
4122481,9089-P,EVERYDAY emmental sneetjes 300g,EVERYDAY emmental sneetjes 300g,"2,87","9,57",EUR,Y,true,,Zuivel en plantaardige alternatieven > Kaas,https://www.collectandgo.be/wcsstore/CollectAndGoSFAS/images/JPG/200x200/std.lang.all/48/71/asset-1994871.jpg,3074457345616740170
4122445,9087-P,EVERYDAY gouda belegen sneetjes 500g,EVERYDAY gouda belegen sneetjes 500g,"5,99","11,98",EUR,Y,true,,Zuivel en plantaardige alternatieven > Kaas,https://www.collectandgo.be/wcsstore/CollectAndGoSFAS/images/JPG/200x200/std.lang.all/59/14/asset-2945914.jpg,3074457345616740166
26871,26871-P,EVERYDAY gouda jong blok ±700g,EVERYDAY gouda jong blok ±700g,"7,90","7,90",EUR,Y,true,,Zuivel en plantaardige alternatieven > Kaas,https://www.collectandgo.be/wcsstore/CollectAndGoSFAS/images/JPG/200x200/std.lang.all/01/43/asset-1320143.jpg,3074457345616679442
1713540,32980-P,EVERYDAY gouda jong blok ±425g,EVERYDAY gouda jong blok ±425g,"7,70","7,70",EUR,Y,true,,Zuivel en plantaardige alternatieven > Kaas,https://www.collectandgo.be/wcsstore/CollectAndGoSFAS/images/JPG/200x200/std.lang.all/25/28/asset-722528.jpg,3074457345616688744
3659423,17243-P,ECONOM geraspte kaas 1kg,ECONOM geraspte kaas 1kg,"8,20","8,20",EUR,Y,true,,Zuivel en plantaardige alternatieven > Kaas,https://www.collectandgo.be/wcsstore/CollectAndGoSFAS/images/JPG/200x200/std.lang.all/29/31/asset-1842931.jpg,3074457345616721276
26931,26931-P,EVERYDAY emmental blok ±700g,EVERYDAY emmental blok ±700g,"9,10","9,10",EUR,Y,true,,Zuivel en plantaardige alternatieven > Kaas,https://www.collectandgo.be/wcsstore/CollectAndGoSFAS/images/JPG/200x200/std.lang.all/45/24/asset-2344524.jpg,3074457345616679462
4118940,6979-P,PASSENDALE kaas sneetjes Classic 350g,PASSENDALE kaas sneetjes Classic 350g,"6,75","19,29",EUR,Y,true,,Zuivel en plantaardige alternatieven > Kaas,https://www.collectandgo.be/wcsstore/CollectAndGoSFAS/images/JPG/200x200/std.lang.all/17/19/asset-2741719.jpg,3074457345616740020
4329752,7341-P,PASSENDALE kaas sneetjes Caractère 300g,PASSENDALE kaas sneetjes Caractère 300g,"8,55","28,50",EUR,Y,true,,Zuivel en plantaardige alternatieven > Kaas,https://www.collectandgo.be/wcsstore/CollectAndGoSFAS/images/JPG/200x200/std.lang.all/50/51/asset-2245051.jpg,3074457345616761218
4118934,6362-P,PASSENDALE kaas sneetjes Fruitig 350g,PASSENDALE kaas sneetjes Fruitig 350g,"8,15","23,29",EUR,Y,true,,Zuivel en plantaardige alternatieven > Kaas,https://www.collectandgo.be/wcsstore/CollectAndGoSFAS/images/JPG/200x200/std.lang.all/74/07/asset-2717407.jpg,3074457345616740012
4119054,7954-P,MAREDSOUS abdijkaas Traditie sn. 330g,MAREDSOUS abdijkaas Traditie sn. 330g,"7,08","21,46",EUR,Y,true,,Zuivel en plantaardige alternatieven > Kaas,https://www.collectandgo.be/wcsstore/CollectAndGoSFAS/images/JPG/200x200/std.lang.all/18/75/asset-3441875.jpg,3074457345616740064
4506961,27981-P,POSTEL abdij belegen sneetjes 180g,POSTEL abdij belegen sneetjes 180g,"4,55","25,28",EUR,Y,true,,Zuivel en plantaardige alternatieven > Kaas,https://www.collectandgo.be/wcsstore/CollectAndGoSFAS/images/JPG/200x200/std.lang.all/12/25/asset-2641225.jpg,3074457345616788272
4630669,9016-P,POSTEL kaas jong sneetjes 180g,POSTEL kaas jong sneetjes 180g,"4,09","22,73",EUR,Y,true,,Zuivel en plantaardige alternatieven > Kaas,https://www.collectandgo.be/wcsstore/CollectAndGoSFAS/images/JPG/200x200/std.lang.all/92/03/asset-2929203.jpg,3074457345616802450
4119061,8047-P,PERE JOSEPH abdijkaas sn.Original 350g,PERE JOSEPH abdijkaas sn.Original 350g,"7,90","22,58",EUR,Y,true,,Zuivel en plantaardige alternatieven > Kaas,https://www.collectandgo.be/wcsstore/CollectAndGoSFAS/images/JPG/200x200/std.lang.all/77/81/asset-3587781.jpg,3074457345616740066
4118997,7512-P,GRIMBERGEN abdijkaas Caractère sn. 300g,GRIMBERGEN abdijkaas Caractère sn. 300g,"6,25","20,84",EUR,Y,true,,Zuivel en plantaardige alternatieven > Kaas,https://www.collectandgo.be/wcsstore/CollectAndGoSFAS/images/JPG/200x200/std.lang.all/68/27/asset-2706827.jpg,3074457345616740050
4118990,7511-P,CHIMAY Trappistenkaas sneden 275g,CHIMAY Trappistenkaas sneden 275g,"7,84","28,51",EUR,Y,true,,Zuivel en plantaardige alternatieven > Kaas,https://www.collectandgo.be/wcsstore/CollectAndGoSFAS/images/JPG/200x200/std.lang.all/10/62/asset-3751062.jpg,3074457345616740048
4228728,9413-P,BONI BIO Belgische adbijkaas 6sne. 200g,BONI BIO Belgische adbijkaas 6sne. 200g,"4,49","22,45",EUR,Y,true,,Zuivel en plantaardige alternatieven > Kaas,https://www.collectandgo.be/wcsstore/CollectAndGoSFAS/images/JPG/200x200/std.lang.all/36/21/asset-2153621.jpg,3074457345616700386
4753585,23094-P,ROCHEFORT sneden 250g,ROCHEFORT sneden 250g,"6,29","25,16",EUR,Y,true,,Zuivel en plantaardige alternatieven > Kaas,https://www.collectandgo.be/wcsstore/CollectAndGoSFAS/images/JPG/200x200/std.lang.all/06/67/asset-3330667.jpg,3074457345616821910
4119052,7938-P,VAL DIEU sneetjes 200g,VAL DIEU sneetjes 200g,"6,85","34,25",EUR,Y,true,,Zuivel en plantaardige alternatieven > Kaas,https://www.collectandgo.be/wcsstore/CollectAndGoSFAS/images/JPG/200x200/std.lang.all/19/86/asset-2621986.jpg,3074457345616740062
4119080,8347-P,AFFLIGEM sneetjes 350g,AFFLIGEM sneetjes 350g,"7,15","20,43",EUR,Y,true,,Zuivel en plantaardige alternatieven > Kaas,https://www.collectandgo.be/wcsstore/CollectAndGoSFAS/images/JPG/200x200/std.lang.all/81/62/asset-2868162.jpg,3074457345616739976
3653497,21719-P,LANDANA kaas olijf-tomaat 150g,LANDANA kaas olijf-tomaat 150g,"2,99","19,94",EUR,Y,true,,Zuivel en plantaardige alternatieven > Kaas,https://www.collectandgo.be/wcsstore/CollectAndGoSFAS/images/JPG/200x200/std.lang.all/28/30/asset-2372830.jpg,3074457345616721764
4580584,4525-P,COLLA MAE.FORM. Grana Padano poeder 100g,COLLA MAE.FORM. Grana Padano poeder 100g,"1,99","19,90",EUR,N,true,,Zuivel en plantaardige alternatieven > Kaas,https://www.collectandgo.be/wcsstore/CollectAndGoSFAS/images/JPG/200x200/std.lang.all/66/06/asset-2826606.jpg,3074457345616795900
3009397,17784-P,VAL-DIEU raclettekaas sneetjes 350g,VAL-DIEU raclettekaas sneetjes 350g,"10,74","30,69",EUR,N,true,,Zuivel en plantaardige alternatieven > Kaas,https://www.collectandgo.be/wcsstore/CollectAndGoSFAS/images/JPG/200x200/std.lang.all/03/68/asset-3320368.jpg,3074457345616704928
4371365,16309-P,BONI BIO geitenkaas sneden 200g,BONI BIO geitenkaas sneden 200g,"4,79","23,95",EUR,N,true,,Zuivel en plantaardige alternatieven > Kaas,https://www.collectandgo.be/wcsstore/CollectAndGoSFAS/images/JPG/200x200/std.lang.all/48/85/asset-2404885.jpg,3074457345616768734
4118938,6441-P,BONI Zwitserse raclette sneetjes 400g,BONI Zwitserse raclette sneetjes 400g,"8,98","22,45",EUR,N,true,,Zuivel en plantaardige alternatieven > Kaas,https://www.collectandgo.be/wcsstore/CollectAndGoSFAS/images/JPG/200x200/std.lang.all/42/19/asset-2704219.jpg,3074457345616740016
4945417,1631-P,GALBANI Mozzarella Fior di Latte 125g,GALBANI Mozzarella Fior di Latte 125g,"2,19","17,52",EUR,N,true,,Zuivel en plantaardige alternatieven > Kaas,https://www.collectandgo.be/wcsstore/CollectAndGoSFAS/images/JPG/200x200/std.lang.all/21/70/asset-4092170.jpg,3074457345616870180
4820027,21472-P,ZÜGER Filona kuiden Vegan BIO 150g,ZÜGER Filona kuiden Vegan BIO 150g,"2,79","18,60",EUR,N,true,,Zuivel en plantaardige alternatieven > Kaas,https://www.collectandgo.be/wcsstore/CollectAndGoSFAS/images/JPG/200x200/std.lang.all/48/41/asset-3504841.jpg,3074457345616835462
4607894,29512-P,ZÜGER MozzaVella Bio 125g,ZÜGER MozzaVella Bio 125g,"2,99","23,92",EUR,N,true,,Zuivel en plantaardige alternatieven > Kaas,https://www.collectandgo.be/wcsstore/CollectAndGoSFAS/images/JPG/200x200/std.lang.all/42/77/asset-2844277.jpg,3074457345616798590
4118928,6344-P,NOORD HOLLANDER jong sneetjes 400g,NOORD HOLLANDER jong sneetjes 400g,"5,89","14,73",EUR,N,true,,Zuivel en plantaardige alternatieven > Kaas,https://www.collectandgo.be/wcsstore/CollectAndGoSFAS/images/JPG/200x200/std.lang.all/81/42/asset-3508142.jpg,3074457345616740010
1788497,34010-P,"DANONE Cottage Cheese mager 3,9%vg 200g","DANONE Cottage Cheese mager 3,9%vg 200g","2,19","10,95",EUR,Y,true,,Zuivel en plantaardige alternatieven > Verse kaas,https://www.collectandgo.be/wcsstore/CollectAndGoSFAS/images/JPG/200x200/std.lang.all/18/08/asset-3321808.jpg,3074457345616692192
26216,26216-P,"BONI Petit Suisse 3,6%vg 6x60g","BONI Petit Suisse 3,6%vg 6x60g","1,19","3,31",EUR,Y,true,,Zuivel en plantaardige alternatieven > Verse kaas,https://www.collectandgo.be/wcsstore/CollectAndGoSFAS/images/JPG/200x200/std.lang.all/01/55/asset-3950155.jpg,3074457345616679160
4724035,22622-P,DANONE Cottage cheese 400g,DANONE Cottage cheese 400g,"3,99","9,98",EUR,Y,true,,Zuivel en plantaardige alternatieven > Verse kaas,https://www.collectandgo.be/wcsstore/CollectAndGoSFAS/images/JPG/200x200/std.lang.all/11/18/asset-3311118.jpg,3074457345616815874
1984593,35754-P,DANONE Petit Suisse Gervais 20%vg 6x60g,DANONE Petit Suisse Gervais 20%vg 6x60g,"2,49","6,92",EUR,Y,true,,Zuivel en plantaardige alternatieven > Verse kaas,https://www.collectandgo.be/wcsstore/CollectAndGoSFAS/images/JPG/200x200/nl_be/84/89/asset-2488489.jpg,3074457345616687134
4718143,5364-P,LINDAHLS kvarg straciatella 2x160g,LINDAHLS kvarg straciatella 2x160g,"2,23","6,97",EUR,Y,true,,Zuivel en plantaardige alternatieven > Verse kaas,https://www.collectandgo.be/wcsstore/CollectAndGoSFAS/images/JPG/200x200/std.lang.all/47/40/asset-3204740.jpg,3074457345616815006
26260,26260-P,DANONE verse kaas mager natuur 500g,DANONE verse kaas mager natuur 500g,"2,09","4,18",EUR,Y,true,,Zuivel en plantaardige alternatieven > Verse kaas,https://www.collectandgo.be/wcsstore/CollectAndGoSFAS/images/JPG/200x200/std.lang.all/34/53/asset-3553453.jpg,3074457345616679166
4723908,21772-P,DANIO Kers 165g,DANIO Kers 165g,"1,59","9,64",EUR,Y,true,,Zuivel en plantaardige alternatieven > Verse kaas,https://www.collectandgo.be/wcsstore/CollectAndGoSFAS/images/JPG/200x200/std.lang.all/06/00/asset-3710600.jpg,3074457345616815718
4724023,22481-P,DANIO Verse kaas exotisch fruit 165g,DANIO Verse kaas exotisch fruit 165g,"1,39","8,43",EUR,Y,true,,Zuivel en plantaardige alternatieven > Verse kaas,https://www.collectandgo.be/wcsstore/CollectAndGoSFAS/images/JPG/200x200/std.lang.all/05/09/asset-3710509.jpg,3074457345616815744
4723987,22008-P,DANIO Verse kaas perzik 165g,DANIO Verse kaas perzik 165g,"1,59","9,64",EUR,Y,true,,Zuivel en plantaardige alternatieven > Verse kaas,https://www.collectandgo.be/wcsstore/CollectAndGoSFAS/images/JPG/200x200/std.lang.all/06/02/asset-3710602.jpg,3074457345616815734
4723999,22033-P,DANIO Verse kaas aardbei 165g,DANIO Verse kaas aardbei 165g,"1,59","9,64",EUR,Y,true,,Zuivel en plantaardige alternatieven > Verse kaas,https://www.collectandgo.be/wcsstore/CollectAndGoSFAS/images/JPG/200x200/std.lang.all/05/06/asset-3710506.jpg,3074457345616815738
4724010,22036-P,DANIO Verse kaas vanille 165g,DANIO Verse kaas vanille 165g,"1,39","8,43",EUR,Y,true,,Zuivel en plantaardige alternatieven > Verse kaas,https://www.collectandgo.be/wcsstore/CollectAndGoSFAS/images/JPG/200x200/std.lang.all/05/07/asset-3710507.jpg,3074457345616815740
4723991,22030-P,DANIO Verse kaas Rode Vruchten/Gr. 150g,DANIO Verse kaas Rode Vruchten/Gr. 150g,"2,29","15,27",EUR,Y,true,,Zuivel en plantaardige alternatieven > Verse kaas,https://www.collectandgo.be/wcsstore/CollectAndGoSFAS/images/JPG/200x200/std.lang.all/05/05/asset-3710505.jpg,3074457345616815736
4724015,22387-P,DANIO Verse kaas stracciatella 165g,DANIO Verse kaas stracciatella 165g,"1,59","9,64",EUR,Y,true,,Zuivel en plantaardige alternatieven > Verse kaas,https://www.collectandgo.be/wcsstore/CollectAndGoSFAS/images/JPG/200x200/std.lang.all/05/08/asset-3710508.jpg,3074457345616815742
4723939,21953-P,DANIO Verse kaas topper speculoos 148g,DANIO Verse kaas topper speculoos 148g,"2,45","16,56",EUR,Y,true,,Zuivel en plantaardige alternatieven > Verse kaas,https://www.collectandgo.be/wcsstore/CollectAndGoSFAS/images/JPG/200x200/std.lang.all/06/01/asset-3710601.jpg,3074457345616815724
4723902,21669-P,DANIO Verse kaas Gele Vrucht/Granen 150g,DANIO Verse kaas Gele Vrucht/Granen 150g,"2,45","16,34",EUR,Y,true,,Zuivel en plantaardige alternatieven > Verse kaas,https://www.collectandgo.be/wcsstore/CollectAndGoSFAS/images/JPG/200x200/std.lang.all/05/99/asset-3710599.jpg,3074457345616815716
4920914,18966-P,MAREDSOUS Fris en romig 150g,MAREDSOUS Fris en romig 150g,"2,99","19,94",EUR,Y,true,,Zuivel en plantaardige alternatieven > Verse kaas,https://www.collectandgo.be/wcsstore/CollectAndGoSFAS/images/JPG/200x200/std.lang.all/79/90/asset-3947990.jpg,3074457345616858962
4920909,18901-P,MAREDSOUS Fris romig bieslook 150g,MAREDSOUS Fris romig bieslook 150g,"2,99","19,94",EUR,Y,true,,Zuivel en plantaardige alternatieven > Verse kaas,https://www.collectandgo.be/wcsstore/CollectAndGoSFAS/images/JPG/200x200/std.lang.all/74/61/asset-3947461.jpg,3074457345616858960
26221,26221-P,CAMPINA plattekaas vol 500g,CAMPINA plattekaas vol 500g,"4,49","8,98",EUR,Y,true,,Zuivel en plantaardige alternatieven > Verse kaas,https://www.collectandgo.be/wcsstore/CollectAndGoSFAS/images/JPG/200x200/nl_be/13/33/asset-3161333.jpg,3074457345616679164
4955830,41543-P,DILEA ZERO LACT. Verse kaas Nat.Mag 150g,DILEA ZERO LACT. Verse kaas Nat.Mag 150g,"2,25","15,00",EUR,Y,true,,Zuivel en plantaardige alternatieven > Verse kaas,https://www.collectandgo.be/wcsstore/CollectAndGoSFAS/images/JPG/200x200/std.lang.all/04/65/asset-4080465.jpg,3074457345616873834
4095836,8299-P,ZÜGER Cottage cheese Bio 200g,ZÜGER Cottage cheese Bio 200g,"1,89","9,45",EUR,Y,true,,Zuivel en plantaardige alternatieven > Verse kaas,https://www.collectandgo.be/wcsstore/CollectAndGoSFAS/images/JPG/200x200/std.lang.all/52/27/asset-1785227.jpg,3074457345616736284
1798391,34137-P,RIANS verse kaas vol hoevekaas 6%vg 500g,RIANS verse kaas vol hoevekaas 6%vg 500g,"5,49","10,98",EUR,Y,true,,Zuivel en plantaardige alternatieven > Verse kaas,https://www.collectandgo.be/wcsstore/CollectAndGoSFAS/images/JPG/200x200/std.lang.all/63/79/asset-376379.jpg,3074457345616692048
4948158,40639-P,RIANS Vers geitenkaas rozemarijn 125g,RIANS Vers geitenkaas rozemarijn 125g,"2,19","17,52",EUR,Y,true,,Zuivel en plantaardige alternatieven > Verse kaas,https://www.collectandgo.be/wcsstore/CollectAndGoSFAS/images/JPG/200x200/nl_be/46/55/asset-4074655.jpg,3074457345616871024
3866572,42309-P,PETIT NOVA Verse kaas Fruit Bio 6x50g,PETIT NOVA Verse kaas Fruit Bio 6x50g,"2,79","9,30",EUR,Y,true,,Zuivel en plantaardige alternatieven > Verse kaas,https://www.collectandgo.be/wcsstore/CollectAndGoSFAS/images/JPG/200x200/std.lang.all/66/98/asset-1516698.jpg,3074457345616739608
4762009,17054-P,BONI Verse kaas mager 500g,BONI Verse kaas mager 500g,"1,02","2,04",EUR,Y,true,,Zuivel en plantaardige alternatieven > Verse kaas,https://www.collectandgo.be/wcsstore/CollectAndGoSFAS/images/JPG/200x200/std.lang.all/92/25/asset-3709225.jpg,3074457345616823810
26182,26182-P,BONI verse kaas halfvol natuur 500g,BONI verse kaas halfvol natuur 500g,"1,39","2,78",EUR,Y,true,,Zuivel en plantaardige alternatieven > Verse kaas,https://www.collectandgo.be/wcsstore/CollectAndGoSFAS/images/JPG/200x200/std.lang.all/01/43/asset-3950143.jpg,3074457345616679148
2944792,18011-P,BONI verse kaas aardbei 180g,BONI verse kaas aardbei 180g,"0,59","3,28",EUR,Y,true,,Zuivel en plantaardige alternatieven > Verse kaas,https://www.collectandgo.be/wcsstore/CollectAndGoSFAS/images/JPG/200x200/std.lang.all/02/31/asset-3950231.jpg,3074457345616701448
4762213,17949-P,BONI Verse kaas vol 500g,BONI Verse kaas vol 500g,"1,29","2,58",EUR,Y,true,,Zuivel en plantaardige alternatieven > Verse kaas,https://www.collectandgo.be/wcsstore/CollectAndGoSFAS/images/JPG/200x200/std.lang.all/01/42/asset-3950142.jpg,3074457345616824172
2944759,18088-P,BONI verse kaas perzik 180g,BONI verse kaas perzik 180g,"0,59","3,28",EUR,Y,true,,Zuivel en plantaardige alternatieven > Verse kaas,https://www.collectandgo.be/wcsstore/CollectAndGoSFAS/images/JPG/200x200/std.lang.all/08/56/asset-3950856.jpg,3074457345616701444
2944791,18087-P,BONI verse kaas bosvrucht 180g,BONI verse kaas bosvrucht 180g,"0,59","3,28",EUR,Y,true,,Zuivel en plantaardige alternatieven > Verse kaas,https://www.collectandgo.be/wcsstore/CollectAndGoSFAS/images/JPG/200x200/std.lang.all/59/85/asset-3815985.jpg,3074457345616701446
3294767,37485-P,BONI verse kaas stracciatella 180g,BONI verse kaas stracciatella 180g,"0,60","3,34",EUR,Y,true,,Zuivel en plantaardige alternatieven > Verse kaas,https://www.collectandgo.be/wcsstore/CollectAndGoSFAS/images/JPG/200x200/std.lang.all/02/33/asset-3950233.jpg,3074457345616710848
2944742,18086-P,BONI verse kaas vanille 180g,BONI verse kaas vanille 180g,"0,59","3,28",EUR,Y,true,,Zuivel en plantaardige alternatieven > Verse kaas,https://www.collectandgo.be/wcsstore/CollectAndGoSFAS/images/JPG/200x200/std.lang.all/71/92/asset-3947192.jpg,3074457345616701440
26267,26267-P,BONI verse kaas 0%vg 4x100g,BONI verse kaas 0%vg 4x100g,"1,69","4,23",EUR,Y,true,,Zuivel en plantaardige alternatieven > Verse kaas,https://www.collectandgo.be/wcsstore/CollectAndGoSFAS/images/JPG/200x200/std.lang.all/01/56/asset-3950156.jpg,3074457345616679170
1768277,33742-P,BONI BIO verse kaas 0%vg 500g,BONI BIO verse kaas 0%vg 500g,"1,89","3,78",EUR,Y,true,,Zuivel en plantaardige alternatieven > Verse kaas,https://www.collectandgo.be/wcsstore/CollectAndGoSFAS/images/JPG/200x200/std.lang.all/71/58/asset-3307158.jpg,3074457345616688812
4947582,40505-P,SOIGNON Geiten roomkaas kruiden 150g,SOIGNON Geiten roomkaas kruiden 150g,"3,49","23,27",EUR,Y,true,,Zuivel en plantaardige alternatieven > Verse kaas,https://www.collectandgo.be/wcsstore/CollectAndGoSFAS/images/JPG/200x200/std.lang.all/57/13/asset-4075713.jpg,3074457345616870856
26189,26189-P,EVERYDAY verse kaas opgeklopt 150g,EVERYDAY verse kaas opgeklopt 150g,"0,59","3,94",EUR,Y,true,,Zuivel en plantaardige alternatieven > Verse kaas,https://www.collectandgo.be/wcsstore/CollectAndGoSFAS/images/JPG/200x200/std.lang.all/38/90/asset-2013890.jpg,3074457345616679152
26459,26459-P,EVERYDAY verse kaas aardbei 150g,EVERYDAY verse kaas aardbei 150g,"0,69","4,60",EUR,Y,true,,Zuivel en plantaardige alternatieven > Verse kaas,https://www.collectandgo.be/wcsstore/CollectAndGoSFAS/images/JPG/200x200/std.lang.all/89/48/asset-1148948.jpg,3074457345616679198
1460510,40635-P,SOJADE sojaspec. met bifidus bio 400g,SOJADE sojaspec. met bifidus bio 400g,"2,15","5,38",EUR,Y,true,,Zuivel en plantaardige alternatieven > Yoghurt en plantaardige alternatieven,https://www.collectandgo.be/wcsstore/CollectAndGoSFAS/images/JPG/200x200/std.lang.all/44/22/asset-3984422.jpg,3074457345616688922
4415734,15457-P,BONI Skyr natuur 500g,BONI Skyr natuur 500g,"1,29","2,58",EUR,Y,true,,Zuivel en plantaardige alternatieven > Yoghurt en plantaardige alternatieven,https://www.collectandgo.be/wcsstore/CollectAndGoSFAS/images/JPG/200x200/std.lang.all/87/10/asset-3928710.jpg,3074457345616774784
4383966,24419-P,OIKOS volle yogh. natuur 4x115g,OIKOS volle yogh. natuur 4x115g,"2,59","5,64",EUR,Y,true,,Zuivel en plantaardige alternatieven > Yoghurt en plantaardige alternatieven,https://www.collectandgo.be/wcsstore/CollectAndGoSFAS/images/JPG/200x200/std.lang.all/06/36/asset-3710636.jpg,3074457345616770200
4680619,30425-P,ARLA Magere yoghurt Skyr vanille 450g,ARLA Magere yoghurt Skyr vanille 450g,"2,49","5,54",EUR,Y,true,,Zuivel en plantaardige alternatieven > Yoghurt en plantaardige alternatieven,https://www.collectandgo.be/wcsstore/CollectAndGoSFAS/images/JPG/200x200/std.lang.all/11/73/asset-3561173.jpg,3074457345616807116
4680680,30434-P,ARLA Magere yoghurt Skyr aardbei 450g,ARLA Magere yoghurt Skyr aardbei 450g,"2,49","5,54",EUR,Y,true,,Zuivel en plantaardige alternatieven > Yoghurt en plantaardige alternatieven,https://www.collectandgo.be/wcsstore/CollectAndGoSFAS/images/JPG/200x200/std.lang.all/06/88/asset-3570688.jpg,3074457345616807132
3581674,31061-P,ÖING kefir halfvol 500g,ÖING kefir halfvol 500g,"1,19","2,38",EUR,Y,true,,Zuivel en plantaardige alternatieven > Yoghurt en plantaardige alternatieven,https://www.collectandgo.be/wcsstore/CollectAndGoSFAS/images/JPG/200x200/std.lang.all/71/16/asset-3467116.jpg,3074457345616724116
3199022,23959-P,BONI Griekse yoghurt natuur 0%vg 2x170g,BONI Griekse yoghurt natuur 0%vg 2x170g,"1,70","5,00",EUR,Y,true,,Zuivel en plantaardige alternatieven > Yoghurt en plantaardige alternatieven,https://www.collectandgo.be/wcsstore/CollectAndGoSFAS/images/JPG/200x200/std.lang.all/01/61/asset-3950161.jpg,3074457345616710290
4388017,5061-P,OIKOS Yoghurt 0% natuur 480g,OIKOS Yoghurt 0% natuur 480g,"3,49","7,28",EUR,Y,true,,Zuivel en plantaardige alternatieven > Yoghurt en plantaardige alternatieven,https://www.collectandgo.be/wcsstore/CollectAndGoSFAS/images/JPG/200x200/std.lang.all/04/54/asset-3950454.jpg,3074457345616770784
3194798,23587-P,BONI Griekse yoghurt vol natuur 2x170g,BONI Griekse yoghurt vol natuur 2x170g,"2,85","8,39",EUR,Y,true,,Zuivel en plantaardige alternatieven > Yoghurt en plantaardige alternatieven,https://www.collectandgo.be/wcsstore/CollectAndGoSFAS/images/JPG/200x200/std.lang.all/01/60/asset-3950160.jpg,3074457345616710274
4383925,24411-P,OIKOS griekse yogh. bosbes 4x115g,OIKOS griekse yogh. bosbes 4x115g,"3,99","8,68",EUR,Y,true,,Zuivel en plantaardige alternatieven > Yoghurt en plantaardige alternatieven,https://www.collectandgo.be/wcsstore/CollectAndGoSFAS/images/JPG/200x200/std.lang.all/05/42/asset-3950542.jpg,3074457345616770188
4253089,21114-P,KRI KRI Greek yoghurt 0% 500g,KRI KRI Greek yoghurt 0% 500g,"3,62","7,24",EUR,Y,true,,Zuivel en plantaardige alternatieven > Yoghurt en plantaardige alternatieven,https://www.collectandgo.be/wcsstore/CollectAndGoSFAS/images/JPG/200x200/std.lang.all/21/04/asset-4102104.jpg,3074457345616751582
3258313,8384-P,PUR NATUR Greek Style natuur bio 700g,PUR NATUR Greek Style natuur bio 700g,"5,29","7,56",EUR,Y,true,,Zuivel en plantaardige alternatieven > Yoghurt en plantaardige alternatieven,https://www.collectandgo.be/wcsstore/CollectAndGoSFAS/images/JPG/200x200/std.lang.all/21/51/asset-4102151.jpg,3074457345616710868
3966369,2803-P,PUR NATUR BIO skyr 400g,PUR NATUR BIO skyr 400g,"3,19","7,98",EUR,Y,true,,Zuivel en plantaardige alternatieven > Yoghurt en plantaardige alternatieven,https://www.collectandgo.be/wcsstore/CollectAndGoSFAS/images/JPG/200x200/std.lang.all/65/81/asset-3316581.jpg,3074457345616739244
4388027,5062-P,OIKOS Yoghurt 0% natuur 2x145g,OIKOS Yoghurt 0% natuur 2x145g,"3,09","10,66",EUR,Y,true,,Zuivel en plantaardige alternatieven > Yoghurt en plantaardige alternatieven,https://www.collectandgo.be/wcsstore/CollectAndGoSFAS/images/JPG/200x200/std.lang.all/04/55/asset-3950455.jpg,3074457345616770786
4277284,23151-P,HIPRO drink aardbei framb. 300g,HIPRO drink aardbei framb. 300g,"2,79","9,30",EUR,Y,true,,Zuivel en plantaardige alternatieven > Yoghurt en plantaardige alternatieven,https://www.collectandgo.be/wcsstore/CollectAndGoSFAS/images/JPG/200x200/std.lang.all/44/13/asset-3774413.jpg,3074457345616752724
4413778,8186-P,PUR NATUR kefir yoghurt Bio 400g,PUR NATUR kefir yoghurt Bio 400g,"2,49","6,23",EUR,Y,true,,Zuivel en plantaardige alternatieven > Yoghurt en plantaardige alternatieven,https://www.collectandgo.be/wcsstore/CollectAndGoSFAS/images/JPG/200x200/std.lang.all/04/06/asset-2500406.jpg,3074457345616774256
4885194,23373-P,BONI High Protein Drink Choc 330ml,BONI High Protein Drink Choc 330ml,"1,99","6,04",EUR,Y,true,,Zuivel en plantaardige alternatieven > Yoghurt en plantaardige alternatieven,https://www.collectandgo.be/wcsstore/CollectAndGoSFAS/images/JPG/200x200/std.lang.all/89/16/asset-3978916.jpg,3074457345616848354
4885178,23330-P,BONI High Protein Drink Vani 330ml,BONI High Protein Drink Vani 330ml,"1,99","6,04",EUR,Y,true,,Zuivel en plantaardige alternatieven > Yoghurt en plantaardige alternatieven,https://www.collectandgo.be/wcsstore/CollectAndGoSFAS/images/JPG/200x200/std.lang.all/89/15/asset-3978915.jpg,3074457345616848350
4277689,23172-P,HIPRO yoghurt vanille 0% 2x160g,HIPRO yoghurt vanille 0% 2x160g,"2,99","9,35",EUR,Y,true,,Zuivel en plantaardige alternatieven > Yoghurt en plantaardige alternatieven,https://www.collectandgo.be/wcsstore/CollectAndGoSFAS/images/JPG/200x200/std.lang.all/02/15/asset-3280215.jpg,3074457345616752756
4724026,22614-P,ACTIMEL kids aardbei banaan 6x100g,ACTIMEL kids aardbei banaan 6x100g,"3,99","6,65",EUR,Y,true,,Zuivel en plantaardige alternatieven > Yoghurt en plantaardige alternatieven,https://www.collectandgo.be/wcsstore/CollectAndGoSFAS/images/JPG/200x200/std.lang.all/03/91/asset-3950391.jpg,3074457345616815746
4277353,23166-P,HIPRO yoghurt bosbes 0% 2x160g,HIPRO yoghurt bosbes 0% 2x160g,"3,09","9,66",EUR,Y,true,,Zuivel en plantaardige alternatieven > Yoghurt en plantaardige alternatieven,https://www.collectandgo.be/wcsstore/CollectAndGoSFAS/images/JPG/200x200/std.lang.all/01/31/asset-3280131.jpg,3074457345616752738
4710279,2658-P,HIPRO yogh. stracc. 0% 2x160g,HIPRO yogh. stracc. 0% 2x160g,"2,99","9,35",EUR,Y,true,,Zuivel en plantaardige alternatieven > Yoghurt en plantaardige alternatieven,https://www.collectandgo.be/wcsstore/CollectAndGoSFAS/images/JPG/200x200/std.lang.all/99/91/asset-3279991.jpg,3074457345616812612
4557184,25365-P,PUR NATUR yogh greek citroen Bio 400g,PUR NATUR yogh greek citroen Bio 400g,"4,99","12,48",EUR,Y,true,,Zuivel en plantaardige alternatieven > Yoghurt en plantaardige alternatieven,https://www.collectandgo.be/wcsstore/CollectAndGoSFAS/images/JPG/200x200/std.lang.all/17/29/asset-2741729.jpg,3074457345616793812
4696458,30757-P,HIPRO Dr.yog.0%sm.man.prot. 300ml,HIPRO Dr.yog.0%sm.man.prot. 300ml,"2,99","9,97",EUR,Y,true,,Zuivel en plantaardige alternatieven > Yoghurt en plantaardige alternatieven,https://www.collectandgo.be/wcsstore/CollectAndGoSFAS/images/JPG/200x200/std.lang.all/83/59/asset-3838359.jpg,3074457345616809782
4417630,20721-P,HIPRO drink 0%vanil/cookies 300g,HIPRO drink 0%vanil/cookies 300g,"2,99","9,97",EUR,Y,true,,Zuivel en plantaardige alternatieven > Yoghurt en plantaardige alternatieven,https://www.collectandgo.be/wcsstore/CollectAndGoSFAS/images/JPG/200x200/std.lang.all/44/14/asset-3774414.jpg,3074457345616774938
4557287,25873-P,PUR NATUR Yoghurt Greek Framb.Bio 400g,PUR NATUR Yoghurt Greek Framb.Bio 400g,"4,99","12,48",EUR,Y,true,,Zuivel en plantaardige alternatieven > Yoghurt en plantaardige alternatieven,https://www.collectandgo.be/wcsstore/CollectAndGoSFAS/images/JPG/200x200/std.lang.all/17/30/asset-2741730.jpg,3074457345616793824
4812197,37604-P,LINDAHLS Snack Chocolade 40g,LINDAHLS Snack Chocolade 40g,"1,39","34,75",EUR,Y,true,,Zuivel en plantaardige alternatieven > Yoghurt en plantaardige alternatieven,https://www.collectandgo.be/wcsstore/CollectAndGoSFAS/images/JPG/200x200/std.lang.all/07/22/asset-3530722.jpg,3074457345616834492
4754903,4933-P,LINDAHLS Snack coco 40g,LINDAHLS Snack coco 40g,"1,49","37,25",EUR,Y,true,,Zuivel en plantaardige alternatieven > Yoghurt en plantaardige alternatieven,https://www.collectandgo.be/wcsstore/CollectAndGoSFAS/images/JPG/200x200/std.lang.all/43/12/asset-4044312.jpg,3074457345616822222
4710375,285073-P,BAREBELLS Milkshake vanille 33cl,BAREBELLS Milkshake vanille 33cl,"2,99","9,07",EUR,Y,true,,Zuivel en plantaardige alternatieven > Yoghurt en plantaardige alternatieven,https://www.collectandgo.be/wcsstore/CollectAndGoSFAS/images/JPG/200x200/std.lang.all/12/14/asset-3711214.jpg,3074457345616812782
4710372,285071-P,BAREBELLS Milkshake aardbei 33cl,BAREBELLS Milkshake aardbei 33cl,"2,99","9,07",EUR,Y,true,,Zuivel en plantaardige alternatieven > Yoghurt en plantaardige alternatieven,https://www.collectandgo.be/wcsstore/CollectAndGoSFAS/images/JPG/200x200/std.lang.all/13/12/asset-3711312.jpg,3074457345616812778
2756027,42688-P,ALPRO vanille 500g,ALPRO vanille 500g,"1,99","3,98",EUR,Y,true,,Zuivel en plantaardige alternatieven > Yoghurt en plantaardige alternatieven,https://www.collectandgo.be/wcsstore/CollectAndGoSFAS/images/JPG/200x200/std.lang.all/08/52/asset-4040852.jpg,3074457345616697750
3338290,13644-P,VOLLE MAAN geitenmelkyoghurt Bio 350g,VOLLE MAAN geitenmelkyoghurt Bio 350g,"2,85","8,15",EUR,Y,true,,Zuivel en plantaardige alternatieven > Yoghurt en plantaardige alternatieven,https://www.collectandgo.be/wcsstore/CollectAndGoSFAS/images/JPG/200x200/std.lang.all/45/25/asset-4014525.jpg,3074457345616715476
4893999,14028-P,YOPLAIT SKYR Yoghurt Natuur 850g,YOPLAIT SKYR Yoghurt Natuur 850g,"4,79","5,64",EUR,Y,true,,Zuivel en plantaardige alternatieven > Yoghurt en plantaardige alternatieven,https://www.collectandgo.be/wcsstore/CollectAndGoSFAS/images/JPG/200x200/std.lang.all/85/60/asset-3928560.jpg,3074457345616851190
1748822,33615-P,ALPRO natuur 500g,ALPRO natuur 500g,"1,99","3,98",EUR,Y,true,,Zuivel en plantaardige alternatieven > Yoghurt en plantaardige alternatieven,https://www.collectandgo.be/wcsstore/CollectAndGoSFAS/images/JPG/200x200/std.lang.all/04/12/asset-3950412.jpg,3074457345616689282
4910644,36055-P,ARLA Magere yoghurt Skyr kokosnoot 450g,ARLA Magere yoghurt Skyr kokosnoot 450g,"2,49","5,54",EUR,Y,true,,Zuivel en plantaardige alternatieven > Yoghurt en plantaardige alternatieven,https://www.collectandgo.be/wcsstore/CollectAndGoSFAS/images/JPG/200x200/std.lang.all/06/41/asset-3910641.jpg,3074457345616855216
4930551,1456-P,ARLA Skyr Natuur 1kg,ARLA Skyr Natuur 1kg,"2,77","2,77",EUR,Y,true,,Zuivel en plantaardige alternatieven > Yoghurt en plantaardige alternatieven,https://www.collectandgo.be/wcsstore/CollectAndGoSFAS/images/JPG/200x200/std.lang.all/55/53/asset-3965553.jpg,3074457345616862784
4051894,6649-P,ALPRO blauwe bosbes 500g,ALPRO blauwe bosbes 500g,"2,99","5,98",EUR,Y,true,,Zuivel en plantaardige alternatieven > Yoghurt en plantaardige alternatieven,https://www.collectandgo.be/wcsstore/CollectAndGoSFAS/images/JPG/200x200/std.lang.all/08/59/asset-4040859.jpg,3074457345616742284
4894005,14123-P,YOPLAIT SKYR Yoghurt Natuur 4x100g,YOPLAIT SKYR Yoghurt Natuur 4x100g,"2,99","7,48",EUR,Y,true,,Zuivel en plantaardige alternatieven > Yoghurt en plantaardige alternatieven,https://www.collectandgo.be/wcsstore/CollectAndGoSFAS/images/JPG/200x200/std.lang.all/20/43/asset-3922043.jpg,3074457345616851192
3770965,42046-P,ALPRO natuur zonder suikers 500g,ALPRO natuur zonder suikers 500g,"2,59","5,18",EUR,Y,true,,Zuivel en plantaardige alternatieven > Yoghurt en plantaardige alternatieven,https://www.collectandgo.be/wcsstore/CollectAndGoSFAS/images/JPG/200x200/std.lang.all/05/16/asset-3950516.jpg,3074457345616730596
3453451,30634-P,ALPRO Greek Style natuur 400g,ALPRO Greek Style natuur 400g,"2,59","6,48",EUR,Y,true,,Zuivel en plantaardige alternatieven > Yoghurt en plantaardige alternatieven,https://www.collectandgo.be/wcsstore/CollectAndGoSFAS/images/JPG/200x200/std.lang.all/05/15/asset-3950515.jpg,3074457345616717106
4580536,4353-P,ALPRO Mild&Creamy natuur 755g,ALPRO Mild&Creamy natuur 755g,"2,59","3,44",EUR,Y,true,,Zuivel en plantaardige alternatieven > Yoghurt en plantaardige alternatieven,https://www.collectandgo.be/wcsstore/CollectAndGoSFAS/images/JPG/200x200/std.lang.all/04/09/asset-3950409.jpg,3074457345616795894
3127274,3782-P,ALPRO aardbei-banaan/peer-perzik 4x125g,ALPRO aardbei-banaan/peer-perzik 4x125g,"3,75","7,50",EUR,Y,true,,Zuivel en plantaardige alternatieven > Yoghurt en plantaardige alternatieven,https://www.collectandgo.be/wcsstore/CollectAndGoSFAS/images/JPG/200x200/std.lang.all/83/41/asset-3838341.jpg,3074457345616700584
3805844,21003-P,ALPRO kers 500g,ALPRO kers 500g,"2,99","5,98",EUR,Y,true,,Zuivel en plantaardige alternatieven > Yoghurt en plantaardige alternatieven,https://www.collectandgo.be/wcsstore/CollectAndGoSFAS/images/JPG/200x200/std.lang.all/08/56/asset-4040856.jpg,3074457345616729590
4367682,24143-P,ALPRO Greek Style natuur z.s. 400g,ALPRO Greek Style natuur z.s. 400g,"2,59","6,48",EUR,Y,true,,Zuivel en plantaardige alternatieven > Yoghurt en plantaardige alternatieven,https://www.collectandgo.be/wcsstore/CollectAndGoSFAS/images/JPG/200x200/std.lang.all/04/05/asset-3950405.jpg,3074457345616767700
3104188,43459-P,ALPRO blauwe bosbes/kers 4x125g,ALPRO blauwe bosbes/kers 4x125g,"3,75","7,50",EUR,Y,true,,Zuivel en plantaardige alternatieven > Yoghurt en plantaardige alternatieven,https://www.collectandgo.be/wcsstore/CollectAndGoSFAS/images/JPG/200x200/std.lang.all/07/22/asset-3710722.jpg,3074457345616700482
3104957,43460-P,ALPRO perzik/ananas-passievrucht 4x125g,ALPRO perzik/ananas-passievrucht 4x125g,"3,75","7,50",EUR,Y,true,,Zuivel en plantaardige alternatieven > Yoghurt en plantaardige alternatieven,https://www.collectandgo.be/wcsstore/CollectAndGoSFAS/images/JPG/200x200/std.lang.all/07/23/asset-3710723.jpg,3074457345616700796
4640447,18042-P,ALPRO Geferm. soja limoen-citroen 500g,ALPRO Geferm. soja limoen-citroen 500g,"3,15","6,30",EUR,Y,true,,Zuivel en plantaardige alternatieven > Yoghurt en plantaardige alternatieven,https://www.collectandgo.be/wcsstore/CollectAndGoSFAS/images/JPG/200x200/std.lang.all/08/61/asset-4040861.jpg,3074457345616803222
3848568,20773-P,ALPRO perzik 500g,ALPRO perzik 500g,"2,99","5,98",EUR,Y,true,,Zuivel en plantaardige alternatieven > Yoghurt en plantaardige alternatieven,https://www.collectandgo.be/wcsstore/CollectAndGoSFAS/images/JPG/200x200/std.lang.all/08/57/asset-4040857.jpg,3074457345616741554
4051814,6646-P,ALPRO aardbei 500g,ALPRO aardbei 500g,"2,99","5,98",EUR,Y,true,,Zuivel en plantaardige alternatieven > Yoghurt en plantaardige alternatieven,https://www.collectandgo.be/wcsstore/CollectAndGoSFAS/images/JPG/200x200/std.lang.all/08/58/asset-4040858.jpg,3074457345616742450
4839164,37980-P,Alpro Vegan alternatief Rode vruchten 200g,ALPRO Rode vruchten 200g,"2,05","10,25",EUR,Y,true,,Zuivel en plantaardige alternatieven > Yoghurt en plantaardige alternatieven,https://www.collectandgo.be/wcsstore/CollectAndGoSFAS/images/JPG/200x200/std.lang.all/82/77/asset-3838277.jpg,3074457345616839712
4910953,39575-P,ACTIVIA Kefir Natuur 345g,ACTIVIA Kefir Natuur 345g,"1,89","5,48",EUR,Y,true,,Zuivel en plantaardige alternatieven > Yoghurt en plantaardige alternatieven,https://www.collectandgo.be/wcsstore/CollectAndGoSFAS/images/JPG/200x200/std.lang.all/04/40/asset-3950440.jpg,3074457345616855680
4918777,16291-P,ACTIVIA Kefir Bosbes 280ml,ACTIVIA Kefir Bosbes 280ml,"1,49","5,33",EUR,Y,true,,Zuivel en plantaardige alternatieven > Yoghurt en plantaardige alternatieven,https://www.collectandgo.be/wcsstore/CollectAndGoSFAS/images/JPG/200x200/std.lang.all/86/41/asset-3918641.jpg,3074457345616858746
4051977,6663-P,ALPRO mango z. toegevoegde suikers 400g,ALPRO mango z. toegevoegde suikers 400g,"3,25","8,13",EUR,Y,true,,Zuivel en plantaardige alternatieven > Yoghurt en plantaardige alternatieven,https://www.collectandgo.be/wcsstore/CollectAndGoSFAS/images/JPG/200x200/std.lang.all/08/60/asset-4040860.jpg,3074457345616742496
4840580,4292-P,ALPRO Mango | Banaan 200g,ALPRO Mango | Banaan 200g,"2,05","10,25",EUR,Y,true,,Zuivel en plantaardige alternatieven > Yoghurt en plantaardige alternatieven,https://www.collectandgo.be/wcsstore/CollectAndGoSFAS/images/JPG/200x200/std.lang.all/14/26/asset-4091426.jpg,3074457345616840250
4797845,3141-P,ACTIVIA Kefir Natuur 280ml,ACTIVIA Kefir Natuur 280ml,"1,45","5,18",EUR,Y,true,,Zuivel en plantaardige alternatieven > Yoghurt en plantaardige alternatieven,https://www.collectandgo.be/wcsstore/CollectAndGoSFAS/images/JPG/200x200/std.lang.all/86/39/asset-3918639.jpg,3074457345616830906
4598261,1902-P,ALPRO rode vruchten zond.toeg.suik. 400g,ALPRO rode vruchten zond.toeg.suik. 400g,"3,15","7,88",EUR,Y,true,,Zuivel en plantaardige alternatieven > Yoghurt en plantaardige alternatieven,https://www.collectandgo.be/wcsstore/CollectAndGoSFAS/images/JPG/200x200/std.lang.all/04/10/asset-3950410.jpg,3074457345616797546
4051936,6655-P,ALPRO aardbei 4x125g,ALPRO aardbei 4x125g,"3,75","7,50",EUR,Y,true,,Zuivel en plantaardige alternatieven > Yoghurt en plantaardige alternatieven,https://www.collectandgo.be/wcsstore/CollectAndGoSFAS/images/JPG/200x200/std.lang.all/05/80/asset-3710580.jpg,3074457345616742428
4436858,20588-P,ALPRO Exotic z. toegevoegde suikers 400g,ALPRO Exotic z. toegevoegde suikers 400g,"3,55","8,88",EUR,Y,true,,Zuivel en plantaardige alternatieven > Yoghurt en plantaardige alternatieven,https://www.collectandgo.be/wcsstore/CollectAndGoSFAS/images/JPG/200x200/std.lang.all/04/06/asset-3950406.jpg,3074457345616776796
4253123,21153-P,ALPRO kokos natuur 350g,ALPRO kokos natuur 350g,"3,65","10,43",EUR,Y,true,,Zuivel en plantaardige alternatieven > Yoghurt en plantaardige alternatieven,https://www.collectandgo.be/wcsstore/CollectAndGoSFAS/images/JPG/200x200/std.lang.all/04/99/asset-3710499.jpg,3074457345616751590
4927857,3842-P,HIPRO Pudding Pistache 200g,HIPRO Pudding Pistache 200g,"2,45","12,25",EUR,Y,true,,Zuivel en plantaardige alternatieven > Yoghurt en plantaardige alternatieven,https://www.collectandgo.be/wcsstore/CollectAndGoSFAS/images/JPG/200x200/std.lang.all/81/15/asset-3978115.jpg,3074457345616860528
4915926,14485-P,HIPRO Hipro Drink Banaan 300ml,HIPRO Hipro Drink Banaan 300ml,"2,99","9,97",EUR,Y,true,,Zuivel en plantaardige alternatieven > Yoghurt en plantaardige alternatieven,https://www.collectandgo.be/wcsstore/CollectAndGoSFAS/images/JPG/200x200/std.lang.all/80/14/asset-3978014.jpg,3074457345616857804
3258300,31599-P,ALPRO natuur met kokosnoot 500g,ALPRO natuur met kokosnoot 500g,"3,69","7,38",EUR,Y,true,,Zuivel en plantaardige alternatieven > Yoghurt en plantaardige alternatieven,https://www.collectandgo.be/wcsstore/CollectAndGoSFAS/images/JPG/200x200/std.lang.all/08/54/asset-4040854.jpg,3074457345616710866
4411157,25390-P,PUR NATUR Skyr yoghurt bosbes Bio 400g,PUR NATUR Skyr yoghurt bosbes Bio 400g,"5,45","13,63",EUR,Y,true,,Zuivel en plantaardige alternatieven > Yoghurt en plantaardige alternatieven,https://www.collectandgo.be/wcsstore/CollectAndGoSFAS/images/JPG/200x200/std.lang.all/65/82/asset-3316582.jpg,3074457345616773154
1308331,26299-P,DANONE dan'up aardbei 600ml,DANONE dan'up aardbei 600ml,"3,69","6,15",EUR,Y,true,,Zuivel en plantaardige alternatieven > Yoghurt en plantaardige alternatieven,https://www.collectandgo.be/wcsstore/CollectAndGoSFAS/images/JPG/200x200/std.lang.all/04/51/asset-3950451.jpg,3074457345616685106
4411159,25391-P,PUR NATUR Skyr perzik maracuja bio 400g,PUR NATUR Skyr perzik maracuja bio 400g,"5,59","13,98",EUR,Y,true,,Zuivel en plantaardige alternatieven > Yoghurt en plantaardige alternatieven,https://www.collectandgo.be/wcsstore/CollectAndGoSFAS/images/JPG/200x200/std.lang.all/65/83/asset-3316583.jpg,3074457345616773156
4956461,6373-P,YOPLAIT SKYR Skyr Rode Vru.Bosb 8x100g,YOPLAIT SKYR Skyr Rode Vru.Bosb 8x100g,"5,49","6,87",EUR,Y,true,,Zuivel en plantaardige alternatieven > Yoghurt en plantaardige alternatieven,https://www.collectandgo.be/wcsstore/CollectAndGoSFAS/images/JPG/200x200/std.lang.all/05/41/asset-4080541.jpg,3074457345616874202
4890552,1239-P,HIPRO Hipro Drinkyoghurt Vanille 330ml,HIPRO Hipro Drinkyoghurt Vanille 330ml,"3,25","9,85",EUR,Y,true,,Zuivel en plantaardige alternatieven > Yoghurt en plantaardige alternatieven,https://www.collectandgo.be/wcsstore/CollectAndGoSFAS/images/JPG/200x200/std.lang.all/83/02/asset-3838302.jpg,3074457345616849690
3729851,30125-P,BIOFERME standyoghurt schaap nat. 470g,BIOFERME standyoghurt schaap nat. 470g,"3,99","8,49",EUR,Y,true,,Zuivel en plantaardige alternatieven > Yoghurt en plantaardige alternatieven,https://www.collectandgo.be/wcsstore/CollectAndGoSFAS/images/JPG/200x200/std.lang.all/48/59/asset-1334859.jpg,3074457345616724934
3232064,36019-P,DILEA ZERO LACTOSE yoghurt natuur 4x125g,DILEA ZERO LACTOSE yoghurt natuur 4x125g,"5,75","11,50",EUR,Y,true,,Zuivel en plantaardige alternatieven > Yoghurt en plantaardige alternatieven,https://www.collectandgo.be/wcsstore/CollectAndGoSFAS/images/JPG/200x200/std.lang.all/63/81/asset-2776381.jpg,3074457345616708728
4938207,31330-P,LINDAHLS Yogh Crun granola Choco 2x127g,LINDAHLS Yogh Crun granola Choco 2x127g,"1,86","7,33",EUR,Y,true,,Zuivel en plantaardige alternatieven > Yoghurt en plantaardige alternatieven,https://www.collectandgo.be/wcsstore/CollectAndGoSFAS/images/JPG/200x200/std.lang.all/74/79/asset-3997479.jpg,3074457345616867684
4938209,31396-P,LINDAHLS Yogh Crun granola Aardb 2x127g,LINDAHLS Yogh Crun granola Aardb 2x127g,"1,86","7,33",EUR,Y,true,,Zuivel en plantaardige alternatieven > Yoghurt en plantaardige alternatieven,https://www.collectandgo.be/wcsstore/CollectAndGoSFAS/images/JPG/200x200/std.lang.all/74/80/asset-3997480.jpg,3074457345616867688
4879046,39119-P,LINDAHLS kvarg framboos 2x160g,LINDAHLS kvarg framboos 2x160g,"1,99","6,22",EUR,Y,true,,Zuivel en plantaardige alternatieven > Yoghurt en plantaardige alternatieven,https://www.collectandgo.be/wcsstore/CollectAndGoSFAS/images/JPG/200x200/std.lang.all/25/08/asset-3802508.jpg,3074457345616846300
2788449,45877-P,BIEDERMANN lactosevr.yogh.mango Bio 200g,BIEDERMANN lactosevr.yogh.mango Bio 200g,"1,59","7,95",EUR,Y,true,,Zuivel en plantaardige alternatieven > Yoghurt en plantaardige alternatieven,https://www.collectandgo.be/wcsstore/CollectAndGoSFAS/images/JPG/200x200/std.lang.all/32/42/asset-3143242.jpg,3074457345616698254
2324049,16987-P,BIEDERMANN lactosevr.framb.yogh.Bio 200g,BIEDERMANN lactosevr.framb.yogh.Bio 200g,"1,59","7,95",EUR,Y,true,,Zuivel en plantaardige alternatieven > Yoghurt en plantaardige alternatieven,https://www.collectandgo.be/wcsstore/CollectAndGoSFAS/images/JPG/200x200/std.lang.all/32/41/asset-3143241.jpg,3074457345616697588
4833471,21896-P,BONI Drinkyoghurt Aardbei 850g,BONI Drinkyoghurt Aardbei 850g,"1,42","1,68",EUR,Y,true,,Zuivel en plantaardige alternatieven > Yoghurt en plantaardige alternatieven,https://www.collectandgo.be/wcsstore/CollectAndGoSFAS/images/JPG/200x200/std.lang.all/45/01/asset-4034501.jpg,3074457345616838240
4833463,21892-P,BONI Drinkyoghurt Exotisch fruit 850g,BONI Drinkyoghurt Exotisch fruit 850g,"1,46","1,72",EUR,Y,true,,Zuivel en plantaardige alternatieven > Yoghurt en plantaardige alternatieven,https://www.collectandgo.be/wcsstore/CollectAndGoSFAS/images/JPG/200x200/std.lang.all/06/80/asset-4030680.jpg,3074457345616838238
4280624,10768-P,BIEDERMANN Yogh.nat.Lactosevrij Bio 450g,BIEDERMANN Yogh.nat.Lactosevrij Bio 450g,"2,29","5,09",EUR,Y,true,,Zuivel en plantaardige alternatieven > Yoghurt en plantaardige alternatieven,https://www.collectandgo.be/wcsstore/CollectAndGoSFAS/images/JPG/200x200/std.lang.all/33/75/asset-3143375.jpg,3074457345616686178
4820440,23431-P,BIEDERMANN Yoghu.Vanille LV bio 200g,BIEDERMANN Yoghu.Vanille LV bio 200g,"1,69","8,45",EUR,Y,true,,Zuivel en plantaardige alternatieven > Yoghurt en plantaardige alternatieven,https://www.collectandgo.be/wcsstore/CollectAndGoSFAS/images/JPG/200x200/std.lang.all/44/17/asset-3534417.jpg,3074457345616835526
4742445,32429-P,SOBBEKE Roomkefir bosbes bio 150g,SOBBEKE Roomkefir bosbes bio 150g,"1,49","9,94",EUR,Y,true,,Zuivel en plantaardige alternatieven > Yoghurt en plantaardige alternatieven,https://www.collectandgo.be/wcsstore/CollectAndGoSFAS/images/JPG/200x200/std.lang.all/29/65/asset-3422965.jpg,3074457345616820224
4676035,8017-P,SOBBEKE Kefir Mango-Vanille Bio 150g,SOBBEKE Kefir Mango-Vanille Bio 150g,"1,49","9,94",EUR,Y,true,,Zuivel en plantaardige alternatieven > Yoghurt en plantaardige alternatieven,https://www.collectandgo.be/wcsstore/CollectAndGoSFAS/images/JPG/200x200/std.lang.all/48/42/asset-3934842.jpg,3074457345616806588
4501799,9150-P,BONI PLAN'T Vegan alternatief Coco 400g,BONI PLAN'T Vegan alternatief Coco 400g,"1,99","4,98",EUR,Y,true,,Zuivel en plantaardige alternatieven > Yoghurt en plantaardige alternatieven,https://www.collectandgo.be/wcsstore/CollectAndGoSFAS/images/JPG/200x200/std.lang.all/73/55/asset-3927355.jpg,3074457345616787104
4950401,41208-P,"Campina Yoghurt Grieks | 1,5% V.G. 1kg","CAMPINA Yoghurt Grieks 1,5% VG 1kg","3,99","3,99",EUR,Y,true,,Zuivel en plantaardige alternatieven > Yoghurt en plantaardige alternatieven,https://www.collectandgo.be/wcsstore/CollectAndGoSFAS/images/JPG/200x200/nl_be/48/47/asset-4054847.jpg,3074457345616872282
4862142,20504-P,BONI PLAN'T Vegan Ongezoet 500g,BONI PLAN'T Vegan Ongezoet 500g,"1,29","2,58",EUR,Y,true,,Zuivel en plantaardige alternatieven > Yoghurt en plantaardige alternatieven,https://www.collectandgo.be/wcsstore/CollectAndGoSFAS/images/JPG/200x200/std.lang.all/59/51/asset-3855951.jpg,3074457345616844200
4950394,41205-P,Campina Yoghurt Grieks | 5% V.G. 1kg,CAMPINA Yoghurt Grieks 5% VG 1kg,"3,99","3,99",EUR,Y,true,,Zuivel en plantaardige alternatieven > Yoghurt en plantaardige alternatieven,https://www.collectandgo.be/wcsstore/CollectAndGoSFAS/images/JPG/200x200/nl_be/48/46/asset-4054846.jpg,3074457345616872278
4862115,19774-P,Boni Selection Plan't Vegan alternatief Bosbes 500g,BONI PLAN'T Vegan Bosbes 500g,"1,39","2,78",EUR,Y,true,,Zuivel en plantaardige alternatieven > Yoghurt en plantaardige alternatieven,https://www.collectandgo.be/wcsstore/CollectAndGoSFAS/images/JPG/200x200/std.lang.all/76/84/asset-3867684.jpg,3074457345616844194
4893628,13434-P,BONI Verse Kaas Prot Vani 200g,BONI Verse Kaas Prot Vani 200g,"1,19","5,95",EUR,Y,true,,Zuivel en plantaardige alternatieven > Yoghurt en plantaardige alternatieven,https://www.collectandgo.be/wcsstore/CollectAndGoSFAS/images/JPG/200x200/std.lang.all/60/79/asset-3986079.jpg,3074457345616850694
4893655,13590-P,BONI Verse Kaas Prot Bosb 200g,BONI Verse Kaas Prot Bosb 200g,"1,19","5,95",EUR,Y,true,,Zuivel en plantaardige alternatieven > Yoghurt en plantaardige alternatieven,https://www.collectandgo.be/wcsstore/CollectAndGoSFAS/images/JPG/200x200/std.lang.all/60/80/asset-3986080.jpg,3074457345616850702
4088072,2742-P,GAZI AYRAN 250ml,GAZI AYRAN 250ml,"0,98","3,92",EUR,Y,true,,Zuivel en plantaardige alternatieven > Yoghurt en plantaardige alternatieven,https://www.collectandgo.be/wcsstore/CollectAndGoSFAS/images/JPG/200x200/std.lang.all/44/32/asset-4034432.jpg,3074457345616731172
4862157,20704-P,BONI PLAN'T Vegan Vanille 500g,BONI PLAN'T Vegan Vanille 500g,"1,39","2,78",EUR,Y,true,,Zuivel en plantaardige alternatieven > Yoghurt en plantaardige alternatieven,https://www.collectandgo.be/wcsstore/CollectAndGoSFAS/images/JPG/200x200/std.lang.all/88/39/asset-3928839.jpg,3074457345616844204
4938269,31766-P,NESTLÉ I Love Kefir Natuur 6x100g,NESTLÉ I Love Kefir Natuur 6x100g,"3,69","6,15",EUR,Y,true,,Zuivel en plantaardige alternatieven > Yoghurt en plantaardige alternatieven,https://www.collectandgo.be/wcsstore/CollectAndGoSFAS/images/JPG/200x200/std.lang.all/73/87/asset-3997387.jpg,3074457345616867698
4938920,34456-P,NESTLÉ I Love Kefir Natuur 2x150g,NESTLÉ I Love Kefir Natuur 2x150g,"2,99","9,97",EUR,Y,true,,Zuivel en plantaardige alternatieven > Yoghurt en plantaardige alternatieven,https://www.collectandgo.be/wcsstore/CollectAndGoSFAS/images/JPG/200x200/std.lang.all/73/88/asset-3997388.jpg,3074457345616868188
3952990,1958-P,OIKOS volle yogh. natuur 480g,OIKOS volle yogh. natuur 480g,"3,49","7,28",EUR,Y,true,,Zuivel en plantaardige alternatieven > Yoghurt en plantaardige alternatieven,https://www.collectandgo.be/wcsstore/CollectAndGoSFAS/images/JPG/200x200/std.lang.all/04/52/asset-3950452.jpg,3074457345616732744
4797779,2220-P,OIKOS Oikos vol yoghurt Natuur 900g,OIKOS Oikos vol yoghurt Natuur 900g,"5,49","6,10",EUR,Y,true,,Zuivel en plantaardige alternatieven > Yoghurt en plantaardige alternatieven,https://www.collectandgo.be/wcsstore/CollectAndGoSFAS/images/JPG/200x200/std.lang.all/04/47/asset-3950447.jpg,3074457345616830888
26153,26153-P,PUR NATUR yoghurt vol nat.bio glas 500g,PUR NATUR yoghurt vol nat.bio glas 500g,"1,39","2,78",EUR,Y,true,,Zuivel en plantaardige alternatieven > Yoghurt en plantaardige alternatieven,https://www.collectandgo.be/wcsstore/CollectAndGoSFAS/images/JPG/200x200/std.lang.all/63/31/asset-4076331.jpg,3074457345616679272
1965153,45205-P,PUR NATUR yoghurt natuur bio 1kg,PUR NATUR yoghurt natuur bio 1kg,"3,59","3,59",EUR,Y,true,,Zuivel en plantaardige alternatieven > Yoghurt en plantaardige alternatieven,https://www.collectandgo.be/wcsstore/CollectAndGoSFAS/images/JPG/200x200/std.lang.all/62/53/asset-3586253.jpg,3074457345616687158
2321128,18350-P,PUR NATUR yoghurt vol natuur bio 750g,PUR NATUR yoghurt vol natuur bio 750g,"2,99","3,99",EUR,Y,true,,Zuivel en plantaardige alternatieven > Yoghurt en plantaardige alternatieven,https://www.collectandgo.be/wcsstore/CollectAndGoSFAS/images/JPG/200x200/std.lang.all/38/29/asset-3373829.jpg,3074457345616696932
3313617,1883-P,PUR NATUR yoghurt vol van.bio glas 500g,PUR NATUR yoghurt vol van.bio glas 500g,"2,79","5,58",EUR,Y,true,,Zuivel en plantaardige alternatieven > Yoghurt en plantaardige alternatieven,https://www.collectandgo.be/wcsstore/CollectAndGoSFAS/images/JPG/200x200/std.lang.all/70/53/asset-1557053.jpg,3074457345616710176
2456107,37254-P,PUR NATUR yoghurt mager natuur Bio 750g,PUR NATUR yoghurt mager natuur Bio 750g,"3,45","4,60",EUR,Y,true,,Zuivel en plantaardige alternatieven > Yoghurt en plantaardige alternatieven,https://www.collectandgo.be/wcsstore/CollectAndGoSFAS/images/JPG/200x200/std.lang.all/21/50/asset-4102150.jpg,3074457345616693782
3313648,1948-P,PUR NATUR yogh.vol gran.ap.bio glas 500g,PUR NATUR yogh.vol gran.ap.bio glas 500g,"2,99","5,98",EUR,Y,true,,Zuivel en plantaardige alternatieven > Yoghurt en plantaardige alternatieven,https://www.collectandgo.be/wcsstore/CollectAndGoSFAS/images/JPG/200x200/std.lang.all/76/30/asset-4077630.jpg,3074457345616710178
3322631,32486-P,PUR NATUR yoghurt vol bosbes bio 700g,PUR NATUR yoghurt vol bosbes bio 700g,"5,39","7,70",EUR,Y,true,,Zuivel en plantaardige alternatieven > Yoghurt en plantaardige alternatieven,https://www.collectandgo.be/wcsstore/CollectAndGoSFAS/images/JPG/200x200/std.lang.all/25/55/asset-1602555.jpg,3074457345616709994
4411177,25392-P,PUR NATUR magere yoghurt bio 1kg,PUR NATUR magere yoghurt bio 1kg,"5,01","5,01",EUR,Y,true,,Zuivel en plantaardige alternatieven > Yoghurt en plantaardige alternatieven,https://www.collectandgo.be/wcsstore/CollectAndGoSFAS/images/JPG/200x200/std.lang.all/81/75/asset-3408175.jpg,3074457345616773158
3322678,32562-P,PUR NATUR yoghurt vol aardbei bio 700g,PUR NATUR yoghurt vol aardbei bio 700g,"5,39","7,70",EUR,Y,true,,Zuivel en plantaardige alternatieven > Yoghurt en plantaardige alternatieven,https://www.collectandgo.be/wcsstore/CollectAndGoSFAS/images/JPG/200x200/std.lang.all/52/92/asset-3125292.jpg,3074457345616708270
3441728,30502-P,PUR NATUR yog.mager natuur bio glas 500g,PUR NATUR yog.mager natuur bio glas 500g,"2,75","5,50",EUR,Y,true,,Zuivel en plantaardige alternatieven > Yoghurt en plantaardige alternatieven,https://www.collectandgo.be/wcsstore/CollectAndGoSFAS/images/JPG/200x200/std.lang.all/34/98/asset-3263498.jpg,3074457345616716000
3166150,21660-P,PUR NATUR yoghurt woudvruchten bio 500g,PUR NATUR yoghurt woudvruchten bio 500g,"3,99","7,98",EUR,Y,true,,Zuivel en plantaardige alternatieven > Yoghurt en plantaardige alternatieven,https://www.collectandgo.be/wcsstore/CollectAndGoSFAS/images/JPG/200x200/std.lang.all/37/18/asset-2723718.jpg,3074457345616709286
1473092,40771-P,PUR NATUR yoghurt mango-vanille bio 500g,PUR NATUR yoghurt mango-vanille bio 500g,"4,25","8,50",EUR,Y,true,,Zuivel en plantaardige alternatieven > Yoghurt en plantaardige alternatieven,https://www.collectandgo.be/wcsstore/CollectAndGoSFAS/images/JPG/200x200/std.lang.all/36/68/asset-2723668.jpg,3074457345616688520
4800161,14412-P,PUR NATUR Bio Activ 700g,PUR NATUR Bio Activ 700g,"5,40","7,72",EUR,Y,true,,Zuivel en plantaardige alternatieven > Yoghurt en plantaardige alternatieven,https://www.collectandgo.be/wcsstore/CollectAndGoSFAS/images/JPG/200x200/std.lang.all/64/75/asset-3436475.jpg,3074457345616831270
4622740,2105-P,SOJADE bosbes kers z.toeg.suik.Bio 400g,SOJADE bosbes kers z.toeg.suik.Bio 400g,"3,79","9,48",EUR,Y,true,,Zuivel en plantaardige alternatieven > Yoghurt en plantaardige alternatieven,https://www.collectandgo.be/wcsstore/CollectAndGoSFAS/images/JPG/200x200/std.lang.all/03/99/asset-3360399.jpg,3074457345616801906
4283142,17729-P,SOJADE soja bosbes Bio 400g,SOJADE soja bosbes Bio 400g,"3,59","8,98",EUR,Y,true,,Zuivel en plantaardige alternatieven > Yoghurt en plantaardige alternatieven,https://www.collectandgo.be/wcsstore/CollectAndGoSFAS/images/JPG/200x200/std.lang.all/57/40/asset-3245740.jpg,3074457345616720650
4739158,2699-P,SOJADE Greek Style Vanilla Bio 400g,SOJADE Greek Style Vanilla Bio 400g,"3,39","8,48",EUR,Y,true,,Zuivel en plantaardige alternatieven > Yoghurt en plantaardige alternatieven,https://www.collectandgo.be/wcsstore/CollectAndGoSFAS/images/JPG/200x200/std.lang.all/13/08/asset-3241308.jpg,3074457345616819734
4915299,12403-P,ÖING Yoghurt Aardbei 1kg,ÖING Yoghurt Aardbei 1kg,"1,99","1,99",EUR,Y,true,,Zuivel en plantaardige alternatieven > Yoghurt en plantaardige alternatieven,https://www.collectandgo.be/wcsstore/CollectAndGoSFAS/images/JPG/200x200/std.lang.all/87/06/asset-3928706.jpg,3074457345616857220
4725807,12884-P,ABBOT KINNEY'S Coc.Dai.Del.Vani.Bio 350g,ABBOT KINNEY'S Coc.Dai.Del.Vani.Bio 350g,"3,49","9,98",EUR,Y,true,,Zuivel en plantaardige alternatieven > Yoghurt en plantaardige alternatieven,https://www.collectandgo.be/wcsstore/CollectAndGoSFAS/images/JPG/200x200/std.lang.all/11/27/asset-4021127.jpg,3074457345616816124
4136186,9602-P,KRI KRI greek yoghurt vol 10% 500g,KRI KRI greek yoghurt vol 10% 500g,"3,73","7,46",EUR,Y,true,,Zuivel en plantaardige alternatieven > Yoghurt en plantaardige alternatieven,https://www.collectandgo.be/wcsstore/CollectAndGoSFAS/images/JPG/200x200/std.lang.all/21/53/asset-4102153.jpg,3074457345616731584
3836212,21080-P,GAZI yoghurt 10% 1kg,GAZI yoghurt 10% 1kg,"3,59","3,59",EUR,Y,true,,Zuivel en plantaardige alternatieven > Yoghurt en plantaardige alternatieven,https://www.collectandgo.be/wcsstore/CollectAndGoSFAS/images/JPG/200x200/std.lang.all/44/31/asset-4034431.jpg,3074457345616741628
4798154,6992-P,ABBOT KINNEY'S Coco ori. Mango bio 350g,ABBOT KINNEY'S Coco ori. Mango bio 350g,"3,99","11,40",EUR,Y,true,,Zuivel en plantaardige alternatieven > Yoghurt en plantaardige alternatieven,https://www.collectandgo.be/wcsstore/CollectAndGoSFAS/images/JPG/200x200/std.lang.all/37/74/asset-3433774.jpg,3074457345616830980
4725193,8374-P,ABBOT KINNEY'S Coc.St.Ori.Nat bio 350g,ABBOT KINNEY'S Coc.St.Ori.Nat bio 350g,"3,75","10,72",EUR,Y,true,,Zuivel en plantaardige alternatieven > Yoghurt en plantaardige alternatieven,https://www.collectandgo.be/wcsstore/CollectAndGoSFAS/images/JPG/200x200/std.lang.all/11/24/asset-4021124.jpg,3074457345616815862
4220974,17670-P,BONI Griekse yoghurt 10% 1kg,BONI Griekse yoghurt 10% 1kg,"1,79","1,79",EUR,Y,true,,Zuivel en plantaardige alternatieven > Yoghurt en plantaardige alternatieven,https://www.collectandgo.be/wcsstore/CollectAndGoSFAS/images/JPG/200x200/std.lang.all/02/35/asset-3950235.jpg,3074457345616751426
4217195,12533-P,BONI Griekse yoghurt 2% 1kg,BONI Griekse yoghurt 2% 1kg,"2,49","2,49",EUR,Y,true,,Zuivel en plantaardige alternatieven > Yoghurt en plantaardige alternatieven,https://www.collectandgo.be/wcsstore/CollectAndGoSFAS/images/JPG/200x200/std.lang.all/02/34/asset-3950234.jpg,3074457345616714134
3781311,40144-P,BONI BIO yoghurt mager natuur 1L,BONI BIO yoghurt mager natuur 1L,"1,49","1,49",EUR,Y,true,,Zuivel en plantaardige alternatieven > Yoghurt en plantaardige alternatieven,https://www.collectandgo.be/wcsstore/CollectAndGoSFAS/images/JPG/200x200/std.lang.all/18/22/asset-3031822.jpg,3074457345616726252
3781321,40147-P,BONI BIO yoghurt vol natuur 1kg,BONI BIO yoghurt vol natuur 1kg,"2,29","2,29",EUR,Y,true,,Zuivel en plantaardige alternatieven > Yoghurt en plantaardige alternatieven,https://www.collectandgo.be/wcsstore/CollectAndGoSFAS/images/JPG/200x200/std.lang.all/18/23/asset-3031823.jpg,3074457345616730560
26168,26168-P,EVERYDAY yoghurt vol Brik 1L,EVERYDAY yoghurt vol Brik 1L,"1,49","1,49",EUR,Y,true,,Zuivel en plantaardige alternatieven > Yoghurt en plantaardige alternatieven,https://www.collectandgo.be/wcsstore/CollectAndGoSFAS/images/JPG/200x200/std.lang.all/10/81/asset-521081.jpg,3074457345616679144
26169,26169-P,EVERYDAY yoghurt mager Brik 1L,EVERYDAY yoghurt mager Brik 1L,"0,89","0,89",EUR,Y,true,,Zuivel en plantaardige alternatieven > Yoghurt en plantaardige alternatieven,https://www.collectandgo.be/wcsstore/CollectAndGoSFAS/images/JPG/200x200/std.lang.all/28/14/asset-382814.jpg,3074457345616679146
4915294,12122-P,ÖING Yoghurt Perzik Passievrucht 1kg,ÖING Yoghurt Perzik Passievrucht 1kg,"1,99","1,99",EUR,Y,true,,Zuivel en plantaardige alternatieven > Yoghurt en plantaardige alternatieven,https://www.collectandgo.be/wcsstore/CollectAndGoSFAS/images/JPG/200x200/std.lang.all/87/05/asset-3928705.jpg,3074457345616857214
26286,26286-P,DANONINO aardbei/ban/abr 12x50g,DANONINO aardbei/ban/abr 12x50g,"2,78","4,64",EUR,Y,true,,Zuivel en plantaardige alternatieven > Yoghurt en plantaardige alternatieven,https://www.collectandgo.be/wcsstore/CollectAndGoSFAS/images/JPG/200x200/std.lang.all/46/87/asset-3344687.jpg,3074457345616679178
4844176,27122-P,DANONE Skyr Aardbei 2x145g,DANONE Skyr Aardbei 2x145g,"2,65","9,14",EUR,Y,true,,Zuivel en plantaardige alternatieven > Yoghurt en plantaardige alternatieven,https://www.collectandgo.be/wcsstore/CollectAndGoSFAS/images/JPG/200x200/std.lang.all/04/49/asset-3950449.jpg,3074457345616840620
4383958,24418-P,OIKOS volle yogh. framb. 4x115g,OIKOS volle yogh. framb. 4x115g,"2,89","6,29",EUR,Y,true,,Zuivel en plantaardige alternatieven > Yoghurt en plantaardige alternatieven,https://www.collectandgo.be/wcsstore/CollectAndGoSFAS/images/JPG/200x200/std.lang.all/05/45/asset-3950545.jpg,3074457345616770198
3641664,40594-P,ACTIVIA yoghurt vezels muesli 4x125g,ACTIVIA yoghurt vezels muesli 4x125g,"2,09","4,18",EUR,Y,true,,Zuivel en plantaardige alternatieven > Yoghurt en plantaardige alternatieven,https://www.collectandgo.be/wcsstore/CollectAndGoSFAS/images/JPG/200x200/std.lang.all/04/42/asset-3950442.jpg,3074457345616722586
4844117,27026-P,DANONE Skyr Perzik | Abrik 2x145g,DANONE Skyr Perzik | Abrik 2x145g,"2,65","9,14",EUR,Y,true,,Zuivel en plantaardige alternatieven > Yoghurt en plantaardige alternatieven,https://www.collectandgo.be/wcsstore/CollectAndGoSFAS/images/JPG/200x200/std.lang.all/04/48/asset-3950448.jpg,3074457345616840612
4383932,24413-P,OIKOS volle yogh.aardbei 4x115g,OIKOS volle yogh.aardbei 4x115g,"2,89","6,29",EUR,Y,true,,Zuivel en plantaardige alternatieven > Yoghurt en plantaardige alternatieven,https://www.collectandgo.be/wcsstore/CollectAndGoSFAS/images/JPG/200x200/std.lang.all/04/59/asset-3950459.jpg,3074457345616770192
1222188,26327-P,ACTIVIA yoghurt vanillesmaak 4x125g,ACTIVIA yoghurt vanillesmaak 4x125g,"2,19","4,38",EUR,Y,true,,Zuivel en plantaardige alternatieven > Yoghurt en plantaardige alternatieven,https://www.collectandgo.be/wcsstore/CollectAndGoSFAS/images/JPG/200x200/std.lang.all/04/39/asset-3950439.jpg,3074457345616684990
3641680,40610-P,ACTIVIA yoghurt vezels granen 4x125g,ACTIVIA yoghurt vezels granen 4x125g,"2,09","4,18",EUR,Y,true,,Zuivel en plantaardige alternatieven > Yoghurt en plantaardige alternatieven,https://www.collectandgo.be/wcsstore/CollectAndGoSFAS/images/JPG/200x200/std.lang.all/04/43/asset-3950443.jpg,3074457345616723644
1852222,34829-P,DANONE yoghurt mager natuur 8x125g,DANONE yoghurt mager natuur 8x125g,"3,19","3,19",EUR,Y,true,,Zuivel en plantaardige alternatieven > Yoghurt en plantaardige alternatieven,https://www.collectandgo.be/wcsstore/CollectAndGoSFAS/images/JPG/200x200/std.lang.all/13/16/asset-3311316.jpg,3074457345616690894
1846700,34799-P,ACTIVIA yoghurt aardbei 4x125g,ACTIVIA yoghurt aardbei 4x125g,"1,89","3,78",EUR,Y,true,,Zuivel en plantaardige alternatieven > Yoghurt en plantaardige alternatieven,https://www.collectandgo.be/wcsstore/CollectAndGoSFAS/images/JPG/200x200/std.lang.all/03/93/asset-3950393.jpg,3074457345616692102
2474890,38973-P,ACTIVIA yoghurt kokosnootsmaak 4x125g,ACTIVIA yoghurt kokosnootsmaak 4x125g,"2,63","5,26",EUR,Y,true,,Zuivel en plantaardige alternatieven > Yoghurt en plantaardige alternatieven,https://www.collectandgo.be/wcsstore/CollectAndGoSFAS/images/JPG/200x200/std.lang.all/03/94/asset-3950394.jpg,3074457345616699518
1377162,26349-P,DANONE yoghurt mager fruit 12x125g,DANONE yoghurt mager fruit 12x125g,"4,95","3,30",EUR,Y,true,,Zuivel en plantaardige alternatieven > Yoghurt en plantaardige alternatieven,https://www.collectandgo.be/wcsstore/CollectAndGoSFAS/images/JPG/200x200/std.lang.all/56/84/asset-4075684.jpg,3074457345616683948
4844181,27318-P,DANONE Skyr Kokos 2x145g,DANONE Skyr Kokos 2x145g,"2,65","9,14",EUR,Y,true,,Zuivel en plantaardige alternatieven > Yoghurt en plantaardige alternatieven,https://www.collectandgo.be/wcsstore/CollectAndGoSFAS/images/JPG/200x200/std.lang.all/04/50/asset-3950450.jpg,3074457345616840626
4383888,24399-P,OIKOS volle yogh.stracc. 4x115g,OIKOS volle yogh.stracc. 4x115g,"3,49","7,59",EUR,Y,true,,Zuivel en plantaardige alternatieven > Yoghurt en plantaardige alternatieven,https://www.collectandgo.be/wcsstore/CollectAndGoSFAS/images/JPG/200x200/std.lang.all/12/55/asset-3711255.jpg,3074457345616770178
4383929,24412-P,OIKOS v.yogh.passievrucht 4x115g,OIKOS v.yogh.passievrucht 4x115g,"3,99","8,68",EUR,Y,true,,Zuivel en plantaardige alternatieven > Yoghurt en plantaardige alternatieven,https://www.collectandgo.be/wcsstore/CollectAndGoSFAS/images/JPG/200x200/std.lang.all/04/58/asset-3950458.jpg,3074457345616770190
4383904,24408-P,OIKOS volle yogh.vanille 4x115g,OIKOS volle yogh.vanille 4x115g,"3,49","7,59",EUR,Y,true,,Zuivel en plantaardige alternatieven > Yoghurt en plantaardige alternatieven,https://www.collectandgo.be/wcsstore/CollectAndGoSFAS/images/JPG/200x200/std.lang.all/05/40/asset-3950540.jpg,3074457345616770182
2769693,44444-P,ACTIVIA yoghurt citroensmaak 4x125g,ACTIVIA yoghurt citroensmaak 4x125g,"2,59","5,18",EUR,Y,true,,Zuivel en plantaardige alternatieven > Yoghurt en plantaardige alternatieven,https://www.collectandgo.be/wcsstore/CollectAndGoSFAS/images/JPG/200x200/std.lang.all/04/41/asset-3950441.jpg,3074457345616697882
1377165,26350-P,DANONE yoghurt mager aardbei 4x125g,DANONE yoghurt mager aardbei 4x125g,"2,85","5,70",EUR,Y,true,,Zuivel en plantaardige alternatieven > Yoghurt en plantaardige alternatieven,https://www.collectandgo.be/wcsstore/CollectAndGoSFAS/images/JPG/200x200/std.lang.all/56/85/asset-4075685.jpg,3074457345616683950
3288679,35159-P,DANONINO aardbei 6x100g,DANONINO aardbei 6x100g,"5,49","9,15",EUR,Y,true,,Zuivel en plantaardige alternatieven > Yoghurt en plantaardige alternatieven,https://www.collectandgo.be/wcsstore/CollectAndGoSFAS/images/JPG/200x200/std.lang.all/45/99/asset-3344599.jpg,3074457345616710818
3472385,30788-P,DANONE yoghurt mager nat.suiker 8x125g,DANONE yoghurt mager nat.suiker 8x125g,"3,49","3,49",EUR,Y,true,,Zuivel en plantaardige alternatieven > Yoghurt en plantaardige alternatieven,https://www.collectandgo.be/wcsstore/CollectAndGoSFAS/images/JPG/200x200/std.lang.all/11/17/asset-3311117.jpg,3074457345616719898
3287083,34324-P,ACTIVIA yoghurt 0%vg perzik 4x125g,ACTIVIA yoghurt 0%vg perzik 4x125g,"2,67","5,34",EUR,Y,true,,Zuivel en plantaardige alternatieven > Yoghurt en plantaardige alternatieven,https://www.collectandgo.be/wcsstore/CollectAndGoSFAS/images/JPG/200x200/std.lang.all/65/72/asset-3276572.jpg,3074457345616707630
1455320,28569-P,ACTIVIA yoghurt natuur 8x125g,ACTIVIA yoghurt natuur 8x125g,"3,00","3,00",EUR,Y,true,,Zuivel en plantaardige alternatieven > Yoghurt en plantaardige alternatieven,https://www.collectandgo.be/wcsstore/CollectAndGoSFAS/images/JPG/200x200/std.lang.all/65/62/asset-3276562.jpg,3074457345616688644
4383897,24407-P,OIKOS volle yogh.app-kan 4x115g,OIKOS volle yogh.app-kan 4x115g,"3,99","8,68",EUR,Y,true,,Zuivel en plantaardige alternatieven > Yoghurt en plantaardige alternatieven,https://www.collectandgo.be/wcsstore/CollectAndGoSFAS/images/JPG/200x200/std.lang.all/04/53/asset-3950453.jpg,3074457345616770180
3288693,35639-P,DANONINO duo aardb-banaan 6x100g,DANONINO duo aardb-banaan 6x100g,"5,65","9,42",EUR,Y,true,,Zuivel en plantaardige alternatieven > Yoghurt en plantaardige alternatieven,https://www.collectandgo.be/wcsstore/CollectAndGoSFAS/images/JPG/200x200/std.lang.all/46/00/asset-3344600.jpg,3074457345616710828
3052619,24250-P,VITALINEA &Fruits aardbei 0% 4x125g,VITALINEA &Fruits aardbei 0% 4x125g,"3,39","6,78",EUR,Y,true,,Zuivel en plantaardige alternatieven > Yoghurt en plantaardige alternatieven,https://www.collectandgo.be/wcsstore/CollectAndGoSFAS/images/JPG/200x200/std.lang.all/65/71/asset-3276571.jpg,3074457345616704120
4603940,14531-P,DANONE yoghurt vol 8x125g,DANONE yoghurt vol 8x125g,"4,79","4,79",EUR,Y,true,,Zuivel en plantaardige alternatieven > Yoghurt en plantaardige alternatieven,https://www.collectandgo.be/wcsstore/CollectAndGoSFAS/images/JPG/200x200/std.lang.all/56/89/asset-4075689.jpg,3074457345616798194
4383943,24416-P,OIKOS volle yogh. perzik 4x115g,OIKOS volle yogh. perzik 4x115g,"3,99","8,68",EUR,Y,true,,Zuivel en plantaardige alternatieven > Yoghurt en plantaardige alternatieven,https://www.collectandgo.be/wcsstore/CollectAndGoSFAS/images/JPG/200x200/std.lang.all/05/44/asset-3950544.jpg,3074457345616770196
2878545,34809-P,VITALINEA &Fruits kers 0% 4x125g,VITALINEA &Fruits kers 0% 4x125g,"3,39","6,78",EUR,Y,true,,Zuivel en plantaardige alternatieven > Yoghurt en plantaardige alternatieven,https://www.collectandgo.be/wcsstore/CollectAndGoSFAS/images/JPG/200x200/std.lang.all/65/67/asset-3276567.jpg,3074457345616702324
3826995,21711-P,DANONE fruix yoghurt rode vrucht 8x125g,DANONE fruix yoghurt rode vrucht 8x125g,"5,65","5,65",EUR,Y,true,,Zuivel en plantaardige alternatieven > Yoghurt en plantaardige alternatieven,https://www.collectandgo.be/wcsstore/CollectAndGoSFAS/images/JPG/200x200/std.lang.all/53/93/asset-4075393.jpg,3074457345616729816
4844401,28670-P,HIPRO Yoghurt Aardbe 2x160g,HIPRO Yoghurt Aardbe 2x160g,"2,99","9,35",EUR,Y,true,,Zuivel en plantaardige alternatieven > Yoghurt en plantaardige alternatieven,https://www.collectandgo.be/wcsstore/CollectAndGoSFAS/images/JPG/200x200/std.lang.all/82/80/asset-3838280.jpg,3074457345616840654
3021243,18357-P,ACTIVIA aard/abr/kiwi/man 8x125g,ACTIVIA aard/abr/kiwi/man 8x125g,"6,25","6,25",EUR,Y,true,,Zuivel en plantaardige alternatieven > Yoghurt en plantaardige alternatieven,https://www.collectandgo.be/wcsstore/CollectAndGoSFAS/images/JPG/200x200/std.lang.all/53/91/asset-4075391.jpg,3074457345616700234
1422491,28334-P,VITALINEA &Fruits mix 0% 12x125g,VITALINEA &Fruits mix 0% 12x125g,"7,98","5,32",EUR,Y,true,,Zuivel en plantaardige alternatieven > Yoghurt en plantaardige alternatieven,https://www.collectandgo.be/wcsstore/CollectAndGoSFAS/images/JPG/200x200/std.lang.all/56/86/asset-4075686.jpg,3074457345616689554
4958613,25861-P,DANONE Yogh.Mag.Perzik.Passievr 4x125g,DANONE Yogh.Mag.Perzik.Passievr 4x125g,"3,30","6,60",EUR,Y,true,,Zuivel en plantaardige alternatieven > Yoghurt en plantaardige alternatieven,,3074457345616875192
4383936,24415-P,OIKOS volle yoghurt peer 4x115g,OIKOS volle yoghurt peer 4x115g,"3,99","8,68",EUR,Y,true,,Zuivel en plantaardige alternatieven > Yoghurt en plantaardige alternatieven,https://www.collectandgo.be/wcsstore/CollectAndGoSFAS/images/JPG/200x200/std.lang.all/05/43/asset-3950543.jpg,3074457345616770194
4383913,24410-P,OIKOS volle yogh.nat.suik. 4x115g,OIKOS volle yogh.nat.suik. 4x115g,"3,89","8,46",EUR,Y,true,,Zuivel en plantaardige alternatieven > Yoghurt en plantaardige alternatieven,https://www.collectandgo.be/wcsstore/CollectAndGoSFAS/images/JPG/200x200/std.lang.all/05/03/asset-3710503.jpg,3074457345616770186
4844261,27357-P,ACTIVIA Yoghurt Granen Walnoot 4x125g,ACTIVIA Yoghurt Granen Walnoot 4x125g,"2,67","5,34",EUR,Y,true,,Zuivel en plantaardige alternatieven > Yoghurt en plantaardige alternatieven,https://www.collectandgo.be/wcsstore/CollectAndGoSFAS/images/JPG/200x200/std.lang.all/09/89/asset-4040989.jpg,3074457345616840636
4383911,24409-P,OIKOS gezouten karamel 4x115g,OIKOS gezouten karamel 4x115g,"3,99","8,68",EUR,Y,true,,Zuivel en plantaardige alternatieven > Yoghurt en plantaardige alternatieven,https://www.collectandgo.be/wcsstore/CollectAndGoSFAS/images/JPG/200x200/std.lang.all/05/41/asset-3950541.jpg,3074457345616770184
3287133,34613-P,ACTIVIA yoghurt vijgen 4x125g,ACTIVIA yoghurt vijgen 4x125g,"2,67","5,34",EUR,Y,true,,Zuivel en plantaardige alternatieven > Yoghurt en plantaardige alternatieven,https://www.collectandgo.be/wcsstore/CollectAndGoSFAS/images/JPG/200x200/std.lang.all/03/97/asset-3950397.jpg,3074457345616709574
3826951,21708-P,DANONE fruix fruityoghurt 12x125g,DANONE fruix fruityoghurt 12x125g,"7,29","4,86",EUR,Y,true,,Zuivel en plantaardige alternatieven > Yoghurt en plantaardige alternatieven,https://www.collectandgo.be/wcsstore/CollectAndGoSFAS/images/JPG/200x200/std.lang.all/53/92/asset-4075392.jpg,3074457345616727958
1955465,35520-P,ACTIVIA yoghurt 0%vg aardbei 4x125g,ACTIVIA yoghurt 0%vg aardbei 4x125g,"2,67","5,34",EUR,Y,true,,Zuivel en plantaardige alternatieven > Yoghurt en plantaardige alternatieven,https://www.collectandgo.be/wcsstore/CollectAndGoSFAS/images/JPG/200x200/std.lang.all/65/65/asset-3276565.jpg,3074457345616687174
2988726,7490-P,ACTIVIA yoghurt fruit 0%vg 8x125g,ACTIVIA yoghurt fruit 0%vg 8x125g,"6,45","6,45",EUR,Y,true,,Zuivel en plantaardige alternatieven > Yoghurt en plantaardige alternatieven,https://www.collectandgo.be/wcsstore/CollectAndGoSFAS/images/JPG/200x200/std.lang.all/56/87/asset-4075687.jpg,3074457345616700174
1861827,26356-P,ACTIVIA yoghurt natuur 0% 8x125g,ACTIVIA yoghurt natuur 0% 8x125g,"4,00","4,00",EUR,Y,true,,Zuivel en plantaardige alternatieven > Yoghurt en plantaardige alternatieven,https://www.collectandgo.be/wcsstore/CollectAndGoSFAS/images/JPG/200x200/std.lang.all/65/64/asset-3276564.jpg,3074457345616691616
3021240,18306-P,ACTIVIA vijg/fram/prui/rab 8x125g,ACTIVIA vijg/fram/prui/rab 8x125g,"6,25","6,25",EUR,Y,true,,Zuivel en plantaardige alternatieven > Yoghurt en plantaardige alternatieven,https://www.collectandgo.be/wcsstore/CollectAndGoSFAS/images/JPG/200x200/std.lang.all/53/90/asset-4075390.jpg,3074457345616700232
4092037,8158-P,INEX halfvolle yoghurt banaan 4x125g,INEX halfvolle yoghurt banaan 4x125g,"2,49","4,98",EUR,Y,true,,Zuivel en plantaardige alternatieven > Yoghurt en plantaardige alternatieven,https://www.collectandgo.be/wcsstore/CollectAndGoSFAS/images/JPG/200x200/std.lang.all/66/79/asset-2246679.jpg,3074457345616740350
4442325,7898-P,HIPRO yogh. banan.peanutb. 2x160g,HIPRO yogh. banan.peanutb. 2x160g,"2,99","9,35",EUR,Y,true,,Zuivel en plantaardige alternatieven > Yoghurt en plantaardige alternatieven,https://www.collectandgo.be/wcsstore/CollectAndGoSFAS/images/JPG/200x200/nl_be/84/96/asset-2488496.jpg,3074457345616777158
26117,26117-P,VITALINEA &Fruits mix 0% 8x125g,VITALINEA &Fruits mix 0% 8x125g,"5,89","5,89",EUR,Y,true,,Zuivel en plantaardige alternatieven > Yoghurt en plantaardige alternatieven,https://www.collectandgo.be/wcsstore/CollectAndGoSFAS/images/JPG/200x200/std.lang.all/56/82/asset-4075682.jpg,3074457345616679258
2557347,14347-P,INEX yoghurt halfvol natuur 4x125g,INEX yoghurt halfvol natuur 4x125g,"2,49","4,98",EUR,Y,true,,Zuivel en plantaardige alternatieven > Yoghurt en plantaardige alternatieven,https://www.collectandgo.be/wcsstore/CollectAndGoSFAS/images/JPG/200x200/std.lang.all/03/47/asset-2460347.jpg,3074457345616698930
3024599,1768-P,PUR NATUR yogh. vol nat. bio 6x125g,PUR NATUR yogh. vol nat. bio 6x125g,"4,15","5,54",EUR,Y,true,,Zuivel en plantaardige alternatieven > Yoghurt en plantaardige alternatieven,https://www.collectandgo.be/wcsstore/CollectAndGoSFAS/images/JPG/200x200/std.lang.all/61/45/asset-1616145.jpg,3074457345616700208
4810419,25224-P,PUR NATUR Yog. Bosb. Aardb bio 4x150g,PUR NATUR Yog. Bosb. Aardb bio 4x150g,"6,36","10,60",EUR,Y,true,,Zuivel en plantaardige alternatieven > Yoghurt en plantaardige alternatieven,https://www.collectandgo.be/wcsstore/CollectAndGoSFAS/images/JPG/200x200/std.lang.all/62/32/asset-3486232.jpg,3074457345616834032
4810433,25606-P,PUR NATUR Yogh Framboos Abrik bio 4x150g,PUR NATUR Yogh Framboos Abrik bio 4x150g,"7,16","11,94",EUR,Y,true,,Zuivel en plantaardige alternatieven > Yoghurt en plantaardige alternatieven,https://www.collectandgo.be/wcsstore/CollectAndGoSFAS/images/JPG/200x200/std.lang.all/95/12/asset-3479512.jpg,3074457345616834040
2464439,38126-P,PUR NATUR yoghurt nat.mager Bio 4x125g,PUR NATUR yoghurt nat.mager Bio 4x125g,"3,79","7,58",EUR,Y,true,,Zuivel en plantaardige alternatieven > Yoghurt en plantaardige alternatieven,https://www.collectandgo.be/wcsstore/CollectAndGoSFAS/images/JPG/200x200/std.lang.all/50/23/asset-3385023.jpg,3074457345616699286
3338404,33253-P,PUR NATUR yoghurt bosbes muesli Bio 160g,PUR NATUR yoghurt bosbes muesli Bio 160g,"2,19","13,69",EUR,Y,true,,Zuivel en plantaardige alternatieven > Yoghurt en plantaardige alternatieven,https://www.collectandgo.be/wcsstore/CollectAndGoSFAS/images/JPG/200x200/std.lang.all/52/02/asset-3545202.jpg,3074457345616712050
3168827,18595-P,PUR NATUR yogh.vol rietsuiker bio 6x125g,PUR NATUR yogh.vol rietsuiker bio 6x125g,"4,85","6,47",EUR,Y,true,,Zuivel en plantaardige alternatieven > Yoghurt en plantaardige alternatieven,https://www.collectandgo.be/wcsstore/CollectAndGoSFAS/images/JPG/200x200/std.lang.all/34/18/asset-3493418.jpg,3074457345616707418
4802018,36072-P,PUR NATUR Yoghurt Citr. Muesli bio 160g,PUR NATUR Yoghurt Citr. Muesli bio 160g,"2,00","12,50",EUR,Y,true,,Zuivel en plantaardige alternatieven > Yoghurt en plantaardige alternatieven,https://www.collectandgo.be/wcsstore/CollectAndGoSFAS/images/JPG/200x200/std.lang.all/98/32/asset-3499832.jpg,3074457345616832450
4868649,11852-P,KOLIOS Griekse Yoghurt 10% vet bio 150g,KOLIOS Griekse Yoghurt 10% vet bio 150g,"1,09","7,27",EUR,Y,true,,Zuivel en plantaardige alternatieven > Yoghurt en plantaardige alternatieven,https://www.collectandgo.be/wcsstore/CollectAndGoSFAS/images/JPG/200x200/std.lang.all/21/13/asset-3722113.jpg,3074457345616845216
4868652,12036-P,KOLIOS Griekse Yoghurt 0% vet bio 150g,KOLIOS Griekse Yoghurt 0% vet bio 150g,"1,05","7,00",EUR,Y,true,,Zuivel en plantaardige alternatieven > Yoghurt en plantaardige alternatieven,https://www.collectandgo.be/wcsstore/CollectAndGoSFAS/images/JPG/200x200/std.lang.all/21/14/asset-3722114.jpg,3074457345616845220
2557341,14632-P,INEX yoghurt halfvol framboos 4x125g,INEX yoghurt halfvol framboos 4x125g,"1,99","3,98",EUR,Y,true,,Zuivel en plantaardige alternatieven > Yoghurt en plantaardige alternatieven,https://www.collectandgo.be/wcsstore/CollectAndGoSFAS/images/JPG/200x200/std.lang.all/02/76/asset-2460276.jpg,3074457345616698928
4773241,33012-P,YOPLAIT PANIER Gele Vruchten 8x125g,YOPLAIT PANIER Gele Vruchten 8x125g,"4,70","4,70",EUR,Y,true,,Zuivel en plantaardige alternatieven > Yoghurt en plantaardige alternatieven,https://www.collectandgo.be/wcsstore/CollectAndGoSFAS/images/JPG/200x200/std.lang.all/35/37/asset-3393537.jpg,3074457345616826278
4773510,33018-P,YOPLAIT PANIER Rood Fruit 8x125g,YOPLAIT PANIER Rood Fruit 8x125g,"4,70","4,70",EUR,Y,true,,Zuivel en plantaardige alternatieven > Yoghurt en plantaardige alternatieven,https://www.collectandgo.be/wcsstore/CollectAndGoSFAS/images/JPG/200x200/std.lang.all/35/38/asset-3393538.jpg,3074457345616826282
2779084,32672-P,INEX halfvolle yoghurt aardbei 4x125g,INEX halfvolle yoghurt aardbei 4x125g,"2,39","4,78",EUR,Y,true,,Zuivel en plantaardige alternatieven > Yoghurt en plantaardige alternatieven,https://www.collectandgo.be/wcsstore/CollectAndGoSFAS/images/JPG/200x200/std.lang.all/03/48/asset-2460348.jpg,3074457345616698022
4725784,12432-P,ABBOT KINNEY'S Coco Greek Styl.Bio 350g,ABBOT KINNEY'S Coco Greek Styl.Bio 350g,"3,75","10,72",EUR,Y,true,,Zuivel en plantaardige alternatieven > Yoghurt en plantaardige alternatieven,https://www.collectandgo.be/wcsstore/CollectAndGoSFAS/images/JPG/200x200/std.lang.all/11/26/asset-4021126.jpg,3074457345616816120
3486659,30834-P,YOPLAIT MINI YOP drinkyogh.aardb. 8x100g,YOPLAIT MINI YOP drinkyogh.aardb. 8x100g,"4,65","5,82",EUR,Y,true,,Zuivel en plantaardige alternatieven > Yoghurt en plantaardige alternatieven,https://www.collectandgo.be/wcsstore/CollectAndGoSFAS/images/JPG/200x200/std.lang.all/22/73/asset-2402273.jpg,3074457345616749910
3294663,44541-P,BONI yoghurt gemixt fruit 3smaken 8x125g,BONI yoghurt gemixt fruit 3smaken 8x125g,"2,59","2,59",EUR,Y,true,,Zuivel en plantaardige alternatieven > Yoghurt en plantaardige alternatieven,https://www.collectandgo.be/wcsstore/CollectAndGoSFAS/images/JPG/200x200/std.lang.all/01/62/asset-3950162.jpg,3074457345616710734
3043358,18304-P,BONI Griekse yoghurt framb/braam 4x150g,BONI Griekse yoghurt framb/braam 4x150g,"2,85","4,75",EUR,Y,true,,Zuivel en plantaardige alternatieven > Yoghurt en plantaardige alternatieven,https://www.collectandgo.be/wcsstore/CollectAndGoSFAS/images/JPG/200x200/std.lang.all/01/59/asset-3950159.jpg,3074457345616703814
4238130,18999-P,BONI Griekse yoghurt vanille 4x150g,BONI Griekse yoghurt vanille 4x150g,"2,85","4,75",EUR,Y,true,,Zuivel en plantaardige alternatieven > Yoghurt en plantaardige alternatieven,https://www.collectandgo.be/wcsstore/CollectAndGoSFAS/images/JPG/200x200/std.lang.all/01/65/asset-3950165.jpg,3074457345616749494
4254849,21674-P,BONI Griekse yoghurt straciatella 4x150g,BONI Griekse yoghurt straciatella 4x150g,"2,89","4,82",EUR,Y,true,,Zuivel en plantaardige alternatieven > Yoghurt en plantaardige alternatieven,https://www.collectandgo.be/wcsstore/CollectAndGoSFAS/images/JPG/200x200/std.lang.all/01/66/asset-3950166.jpg,3074457345616749720
4227989,8004-P,BONI grenadine yoghurt 4x100g,BONI grenadine yoghurt 4x100g,"1,22","3,05",EUR,Y,true,,Zuivel en plantaardige alternatieven > Yoghurt en plantaardige alternatieven,https://www.collectandgo.be/wcsstore/CollectAndGoSFAS/images/JPG/200x200/std.lang.all/32/00/asset-4093200.jpg,3074457345616715310
1011178,26229-P,BONI yoghurt fruit 5 smaken 0% 12x125g,BONI yoghurt fruit 5 smaken 0% 12x125g,"3,11","2,08",EUR,Y,true,,Zuivel en plantaardige alternatieven > Yoghurt en plantaardige alternatieven,https://www.collectandgo.be/wcsstore/CollectAndGoSFAS/images/JPG/200x200/std.lang.all/94/12/asset-1959412.jpg,3074457345616681640
3043356,18349-P,BONI Griekse yoghurt abr/perzik 4x150g,BONI Griekse yoghurt abr/perzik 4x150g,"2,99","4,99",EUR,Y,true,,Zuivel en plantaardige alternatieven > Yoghurt en plantaardige alternatieven,https://www.collectandgo.be/wcsstore/CollectAndGoSFAS/images/JPG/200x200/std.lang.all/01/58/asset-3950158.jpg,3074457345616703812
4846690,15975-P,BONI Yoghurt Mag Nat Su 8x125g,BONI Yoghurt Mag Nat Su 8x125g,"1,49","1,49",EUR,Y,true,,Zuivel en plantaardige alternatieven > Yoghurt en plantaardige alternatieven,https://www.collectandgo.be/wcsstore/CollectAndGoSFAS/images/JPG/200x200/std.lang.all/35/37/asset-3943537.jpg,3074457345616841258
3995681,4346-P,BONI BIO yoghurt vol natuur 4x125g,BONI BIO yoghurt vol natuur 4x125g,"1,85","3,70",EUR,Y,true,,Zuivel en plantaardige alternatieven > Yoghurt en plantaardige alternatieven,https://www.collectandgo.be/wcsstore/CollectAndGoSFAS/images/JPG/200x200/std.lang.all/28/25/asset-3352825.jpg,3074457345616736950
4006031,4680-P,BONI yoghurt zwarte kers 200g,BONI yoghurt zwarte kers 200g,"1,06","5,30",EUR,Y,true,,Zuivel en plantaardige alternatieven > Yoghurt en plantaardige alternatieven,https://www.collectandgo.be/wcsstore/CollectAndGoSFAS/images/JPG/200x200/std.lang.all/30/52/asset-3703052.jpg,3074457345616738560
1006110,26186-P,BONI Petit Boni fruit 12x50g,BONI Petit Boni fruit 12x50g,"2,45","4,09",EUR,Y,true,,Zuivel en plantaardige alternatieven > Yoghurt en plantaardige alternatieven,https://www.collectandgo.be/wcsstore/CollectAndGoSFAS/images/JPG/200x200/std.lang.all/31/99/asset-4093199.jpg,3074457345616681532
4006066,4687-P,BONI yoghurt aardbei 200g,BONI yoghurt aardbei 200g,"1,06","5,30",EUR,Y,true,,Zuivel en plantaardige alternatieven > Yoghurt en plantaardige alternatieven,https://www.collectandgo.be/wcsstore/CollectAndGoSFAS/images/JPG/200x200/std.lang.all/39/50/asset-3683950.jpg,3074457345616732348
4006080,4692-P,BONI yoghurt perzik-maracuja 200g,BONI yoghurt perzik-maracuja 200g,"1,09","5,45",EUR,Y,true,,Zuivel en plantaardige alternatieven > Yoghurt en plantaardige alternatieven,https://www.collectandgo.be/wcsstore/CollectAndGoSFAS/images/JPG/200x200/std.lang.all/39/51/asset-3683951.jpg,3074457345616732352
3780198,20391-P,BONI pouch aardbei 4x90g,BONI pouch aardbei 4x90g,"1,99","5,53",EUR,Y,true,,Zuivel en plantaardige alternatieven > Yoghurt en plantaardige alternatieven,https://www.collectandgo.be/wcsstore/CollectAndGoSFAS/images/JPG/200x200/std.lang.all/77/04/asset-3987704.jpg,3074457345616728976
3995377,4333-P,BONI BIO fruityoghurt 8x125g,BONI BIO fruityoghurt 8x125g,"3,99","3,99",EUR,Y,true,,Zuivel en plantaardige alternatieven > Yoghurt en plantaardige alternatieven,https://www.collectandgo.be/wcsstore/CollectAndGoSFAS/images/JPG/200x200/std.lang.all/29/22/asset-3352922.jpg,3074457345616736806
3438631,21703-P,BONI Cheesy Choc aardbei/choc 2x110g,BONI Cheesy Choc aardbei/choc 2x110g,"2,19","9,96",EUR,Y,true,,Zuivel en plantaardige alternatieven > Yoghurt en plantaardige alternatieven,https://www.collectandgo.be/wcsstore/CollectAndGoSFAS/images/JPG/200x200/std.lang.all/75/67/asset-3997567.jpg,3074457345616717340
4832116,19542-P,BONI yoghurt aardbei muesli 170g,BONI yoghurt aardbei muesli 170g,"1,79","10,53",EUR,Y,true,,Zuivel en plantaardige alternatieven > Yoghurt en plantaardige alternatieven,https://www.collectandgo.be/wcsstore/CollectAndGoSFAS/images/JPG/200x200/std.lang.all/17/82/asset-3921782.jpg,3074457345616838040
26196,26196-P,EVERYDAY yoghurt mager fruit 12x125g,EVERYDAY yoghurt mager fruit 12x125g,"2,59","1,73",EUR,Y,true,,Zuivel en plantaardige alternatieven > Yoghurt en plantaardige alternatieven,https://www.collectandgo.be/wcsstore/CollectAndGoSFAS/images/JPG/200x200/std.lang.all/16/82/asset-3921682.jpg,3074457345616679154
26202,26202-P,EVERYDAY yoghurt mager 8x125g,EVERYDAY yoghurt mager 8x125g,"1,19","1,19",EUR,Y,true,,Zuivel en plantaardige alternatieven > Yoghurt en plantaardige alternatieven,https://www.collectandgo.be/wcsstore/CollectAndGoSFAS/images/JPG/200x200/std.lang.all/67/47/asset-3756747.jpg,3074457345616679156
1633502,26291-P,Everyday Verse kaas Mager | Fruit | Suiker 6x100g,EVERYDAY verse kaas met fruit 6x100g,"1,46","2,44",EUR,Y,true,,Zuivel en plantaardige alternatieven > Yoghurt en plantaardige alternatieven,https://www.collectandgo.be/wcsstore/CollectAndGoSFAS/images/JPG/200x200/std.lang.all/20/24/asset-742024.jpg,3074457345616688038
1925682,35373-P,EVERYDAY yoghurt room vol fruit 150g,EVERYDAY yoghurt room vol fruit 150g,"0,45","3,00",EUR,Y,true,,Zuivel en plantaardige alternatieven > Yoghurt en plantaardige alternatieven,https://www.collectandgo.be/wcsstore/CollectAndGoSFAS/images/JPG/200x200/std.lang.all/69/24/asset-2966924.jpg,3074457345616687194
26183,26183-P,EVERYDAY yoghurt vol fruit 12x125g,EVERYDAY yoghurt vol fruit 12x125g,"2,99","2,00",EUR,Y,true,,Zuivel en plantaardige alternatieven > Yoghurt en plantaardige alternatieven,https://www.collectandgo.be/wcsstore/CollectAndGoSFAS/images/JPG/200x200/std.lang.all/76/00/asset-2507600.jpg,3074457345616679150
4062755,7040-P,SOJADE Nature Greek Style Bio 400g,SOJADE Nature Greek Style Bio 400g,"2,89","7,23",EUR,Y,true,,Zuivel en plantaardige alternatieven > Yoghurt en plantaardige alternatieven,https://www.collectandgo.be/wcsstore/CollectAndGoSFAS/images/JPG/200x200/std.lang.all/88/64/asset-2528864.jpg,3074457345616734962
4710366,285065-P,BAREBELLS Milkshake chocolade 33cl,BAREBELLS Milkshake chocolade 33cl,"2,99","9,07",EUR,N,true,,Zuivel en plantaardige alternatieven > Yoghurt en plantaardige alternatieven,https://www.collectandgo.be/wcsstore/CollectAndGoSFAS/images/JPG/200x200/std.lang.all/73/68/asset-3737368.jpg,3074457345616812776
4710373,285072-P,BAREBELLS Milkshake banaan 33cl,BAREBELLS Milkshake banaan 33cl,"3,78","11,46",EUR,N,true,,Zuivel en plantaardige alternatieven > Yoghurt en plantaardige alternatieven,https://www.collectandgo.be/wcsstore/CollectAndGoSFAS/images/JPG/200x200/std.lang.all/28/62/asset-3172862.jpg,3074457345616812780
3277127,40510-P,BONI yoghurt vol natuur 750g,BONI yoghurt vol natuur 750g,"2,09","2,79",EUR,N,true,,Zuivel en plantaardige alternatieven > Yoghurt en plantaardige alternatieven,https://www.collectandgo.be/wcsstore/CollectAndGoSFAS/images/JPG/200x200/std.lang.all/02/32/asset-3950232.jpg,3074457345616713142
2839784,32873-P,BONI yoghurt mager natuur 750g,BONI yoghurt mager natuur 750g,"1,49","1,99",EUR,N,true,,Zuivel en plantaardige alternatieven > Yoghurt en plantaardige alternatieven,https://www.collectandgo.be/wcsstore/CollectAndGoSFAS/images/JPG/200x200/std.lang.all/01/44/asset-3950144.jpg,3074457345616701272
4880808,39189-P,BREAKER Stracciatella 200g,BREAKER Stracciatella 200g,"1,95","9,75",EUR,N,true,,Zuivel en plantaardige alternatieven > Yoghurt en plantaardige alternatieven,https://www.collectandgo.be/wcsstore/CollectAndGoSFAS/images/JPG/200x200/std.lang.all/17/23/asset-3921723.jpg,3074457345616846400
4753185,21128-P,ACTIMEL big bottle multivruchten 645ml,ACTIMEL big bottle multivruchten 645ml,"2,99","4,64",EUR,Y,true,,Zuivel en plantaardige alternatieven > Zuiveldranken,https://www.collectandgo.be/wcsstore/CollectAndGoSFAS/images/JPG/200x200/std.lang.all/81/06/asset-3358106.jpg,3074457345616821880
3829697,42217-P,ACTIMEL aardbei 14x100g,ACTIMEL aardbei 14x100g,"5,36","3,83",EUR,Y,true,,Zuivel en plantaardige alternatieven > Zuiveldranken,https://www.collectandgo.be/wcsstore/CollectAndGoSFAS/images/JPG/200x200/std.lang.all/03/89/asset-3950389.jpg,3074457345616728476
4814506,37839-P,ACTIMEL Multivruchten 14x100g,ACTIMEL Multivruchten 14x100g,"6,06","4,33",EUR,Y,true,,Zuivel en plantaardige alternatieven > Zuiveldranken,https://www.collectandgo.be/wcsstore/CollectAndGoSFAS/images/JPG/200x200/std.lang.all/03/85/asset-3950385.jpg,3074457345616834934
3728883,20556-P,ACTIMEL aardbei 8x100g,ACTIMEL aardbei 8x100g,"3,99","4,99",EUR,Y,true,,Zuivel en plantaardige alternatieven > Zuiveldranken,https://www.collectandgo.be/wcsstore/CollectAndGoSFAS/images/JPG/200x200/std.lang.all/03/87/asset-3950387.jpg,3074457345616725054
3728888,20599-P,ACTIMEL multifruit 8x100g,ACTIMEL multifruit 8x100g,"3,59","4,49",EUR,Y,true,,Zuivel en plantaardige alternatieven > Zuiveldranken,https://www.collectandgo.be/wcsstore/CollectAndGoSFAS/images/JPG/200x200/std.lang.all/03/88/asset-3950388.jpg,3074457345616725056
1756972,33649-P,ACTIMEL original 12x100g,ACTIMEL original 12x100g,"6,44","5,37",EUR,Y,true,,Zuivel en plantaardige alternatieven > Zuiveldranken,https://www.collectandgo.be/wcsstore/CollectAndGoSFAS/images/JPG/200x200/std.lang.all/03/86/asset-3950386.jpg,3074457345616687368
3839175,21176-P,ACTIMEL aardbei 0% 8x100g,ACTIMEL aardbei 0% 8x100g,"4,99","6,24",EUR,Y,true,,Zuivel en plantaardige alternatieven > Zuiveldranken,https://www.collectandgo.be/wcsstore/CollectAndGoSFAS/images/JPG/200x200/std.lang.all/13/19/asset-3311319.jpg,3074457345616731874
3839156,21170-P,ACTIMEL natuur 0% 12x100g,ACTIMEL natuur 0% 12x100g,"7,79","6,50",EUR,Y,true,,Zuivel en plantaardige alternatieven > Zuiveldranken,https://www.collectandgo.be/wcsstore/CollectAndGoSFAS/images/JPG/200x200/std.lang.all/03/90/asset-3950390.jpg,3074457345616743478
2175700,35895-P,YAKULT melkdrank gerferm.orig. 15x65ml,YAKULT melkdrank gerferm.orig. 15x65ml,"6,69","6,87",EUR,Y,true,,Zuivel en plantaardige alternatieven > Zuiveldranken,https://www.collectandgo.be/wcsstore/CollectAndGoSFAS/images/JPG/200x200/std.lang.all/09/05/asset-3320905.jpg,3074457345616690594
4277257,23145-P,YAKULT original 8x65ml,YAKULT original 8x65ml,"3,89","7,49",EUR,Y,true,,Zuivel en plantaardige alternatieven > Zuiveldranken,https://www.collectandgo.be/wcsstore/CollectAndGoSFAS/images/JPG/200x200/std.lang.all/09/07/asset-3320907.jpg,3074457345616752754
4277247,23137-P,YAKULT Balance pack 8x65ml,YAKULT Balance pack 8x65ml,"3,49","6,72",EUR,Y,true,,Zuivel en plantaardige alternatieven > Zuiveldranken,https://www.collectandgo.be/wcsstore/CollectAndGoSFAS/images/JPG/200x200/std.lang.all/09/06/asset-3320906.jpg,3074457345616752750
2453749,37080-P,"BENECOL drinkyoghurt aardbei 8x67,5g","BENECOL drinkyoghurt aardbei 8x67,5g","7,49","13,88",EUR,Y,true,,Zuivel en plantaardige alternatieven > Zuiveldranken,https://www.collectandgo.be/wcsstore/CollectAndGoSFAS/images/JPG/200x200/std.lang.all/41/91/asset-2504191.jpg,3074457345616695544
4658273,29749-P,HIPRO Pudding Choco 200g,HIPRO Pudding Choco 200g,"2,39","11,95",EUR,Y,true,,Zuivel en plantaardige alternatieven > Desserts,https://www.collectandgo.be/wcsstore/CollectAndGoSFAS/images/JPG/200x200/nl_be/27/08/asset-2932708.jpg,3074457345616804232
4736470,32264-P,ALPRO dessert proteïne chocolade 200g,ALPRO dessert proteïne chocolade 200g,"2,29","11,45",EUR,Y,true,,Zuivel en plantaardige alternatieven > Desserts,https://www.collectandgo.be/wcsstore/CollectAndGoSFAS/images/JPG/200x200/std.lang.all/06/38/asset-3710638.jpg,3074457345616819094
4653843,15802-P,HIPRO pudding vanille 200g,HIPRO pudding vanille 200g,"2,39","11,95",EUR,Y,true,,Zuivel en plantaardige alternatieven > Desserts,https://www.collectandgo.be/wcsstore/CollectAndGoSFAS/images/JPG/200x200/nl_be/27/06/asset-2932706.jpg,3074457345616803966
4790403,31038-P,BONI PLAN'T Chocolademousse Vegan 4x55g,BONI PLAN'T Chocolademousse Vegan 4x55g,"2,99","13,60",EUR,Y,true,,Zuivel en plantaardige alternatieven > Desserts,https://www.collectandgo.be/wcsstore/CollectAndGoSFAS/images/JPG/200x200/std.lang.all/98/40/asset-4039840.jpg,3074457345616828520
4489080,9759-P,LINDAHLS pudding vanille 150g,LINDAHLS pudding vanille 150g,"1,35","9,00",EUR,Y,true,,Zuivel en plantaardige alternatieven > Desserts,https://www.collectandgo.be/wcsstore/CollectAndGoSFAS/images/JPG/200x200/std.lang.all/98/52/asset-4039852.jpg,3074457345616782442
3287058,33764-P,DANETTE roomdessert vanille 4x125g,DANETTE roomdessert vanille 4x125g,"2,29","4,58",EUR,Y,true,,Zuivel en plantaardige alternatieven > Desserts,https://www.collectandgo.be/wcsstore/CollectAndGoSFAS/images/JPG/200x200/std.lang.all/05/33/asset-3950533.jpg,3074457345616709542
2790822,46133-P,LA LAITIÈRE rijstpap vanille 4x115g,LA LAITIÈRE rijstpap vanille 4x115g,"1,64","3,57",EUR,Y,true,,Zuivel en plantaardige alternatieven > Desserts,https://www.collectandgo.be/wcsstore/CollectAndGoSFAS/images/JPG/200x200/std.lang.all/22/45/asset-3492245.jpg,3074457345616698518
4323112,16224-P,DANETTE roomdessert chocolade 4x125g,DANETTE roomdessert chocolade 4x125g,"2,69","5,38",EUR,Y,true,,Zuivel en plantaardige alternatieven > Desserts,https://www.collectandgo.be/wcsstore/CollectAndGoSFAS/images/JPG/200x200/std.lang.all/05/34/asset-3950534.jpg,3074457345616760922
2432757,25182-P,DANETTE crème vanil-choc 8x125g,DANETTE crème vanil-choc 8x125g,"3,98","3,98",EUR,Y,true,,Zuivel en plantaardige alternatieven > Desserts,https://www.collectandgo.be/wcsstore/CollectAndGoSFAS/images/JPG/200x200/std.lang.all/05/30/asset-3950530.jpg,3074457345616750658
1692374,32681-P,LA LAITIÈRE rijstpap vanille 180g,LA LAITIÈRE rijstpap vanille 180g,"0,99","5,50",EUR,Y,true,,Zuivel en plantaardige alternatieven > Desserts,https://www.collectandgo.be/wcsstore/CollectAndGoSFAS/images/JPG/200x200/std.lang.all/24/56/asset-3942456.jpg,3074457345616691014
1369349,26010-P,LA LAITIÈRE rijstpap van. 8x115g,LA LAITIÈRE rijstpap van. 8x115g,"4,29","4,67",EUR,Y,true,,Zuivel en plantaardige alternatieven > Desserts,https://www.collectandgo.be/wcsstore/CollectAndGoSFAS/images/JPG/200x200/std.lang.all/33/23/asset-3513323.jpg,3074457345616686214
2754899,42654-P,DANETTE POP vanille 4x117g,DANETTE POP vanille 4x117g,"3,99","8,53",EUR,Y,true,,Zuivel en plantaardige alternatieven > Desserts,https://www.collectandgo.be/wcsstore/CollectAndGoSFAS/images/JPG/200x200/std.lang.all/05/31/asset-3950531.jpg,3074457345616698694
1631542,26250-P,DANETTE roomdessert expresso 4x125g,DANETTE roomdessert expresso 4x125g,"3,59","7,18",EUR,Y,true,,Zuivel en plantaardige alternatieven > Desserts,https://www.collectandgo.be/wcsstore/CollectAndGoSFAS/images/JPG/200x200/std.lang.all/05/27/asset-3950527.jpg,3074457345616687956
4945793,8227-P,DANETTE Crèmedess.Dubai Pis.Choco 4x125g,DANETTE Crèmedess.Dubai Pis.Choco 4x125g,"4,14","8,28",EUR,Y,true,,Zuivel en plantaardige alternatieven > Desserts,https://www.collectandgo.be/wcsstore/CollectAndGoSFAS/images/JPG/200x200/std.lang.all/12/56/asset-4091256.jpg,3074457345616870278
4787199,33352-P,DANETTE Roomdessert DS Van-Karam 4x125g,DANETTE Roomdessert DS Van-Karam 4x125g,"2,75","5,50",EUR,Y,true,,Zuivel en plantaardige alternatieven > Desserts,https://www.collectandgo.be/wcsstore/CollectAndGoSFAS/images/JPG/200x200/std.lang.all/06/22/asset-3710622.jpg,3074457345616827518
2194105,35974-P,DANETTE roomdessert vanille 8x125g,DANETTE roomdessert vanille 8x125g,"5,70","5,70",EUR,Y,true,,Zuivel en plantaardige alternatieven > Desserts,https://www.collectandgo.be/wcsstore/CollectAndGoSFAS/images/JPG/200x200/std.lang.all/05/28/asset-3950528.jpg,3074457345616695992
2754908,42656-P,DANETTE POP chocolade 4x117g,DANETTE POP chocolade 4x117g,"3,99","8,53",EUR,Y,true,,Zuivel en plantaardige alternatieven > Desserts,https://www.collectandgo.be/wcsstore/CollectAndGoSFAS/images/JPG/200x200/std.lang.all/05/32/asset-3950532.jpg,3074457345616698696
4926865,27031-P,DANETTE Twix limited Edition 4x115g,DANETTE Twix limited Edition 4x115g,"3,19","6,94",EUR,Y,true,,Zuivel en plantaardige alternatieven > Desserts,https://www.collectandgo.be/wcsstore/CollectAndGoSFAS/images/JPG/200x200/std.lang.all/09/90/asset-4040990.jpg,3074457345616860294
1769822,33758-P,LA LAITIÈRE rijstpap vanille 500g,LA LAITIÈRE rijstpap vanille 500g,"2,75","5,50",EUR,Y,true,,Zuivel en plantaardige alternatieven > Desserts,https://www.collectandgo.be/wcsstore/CollectAndGoSFAS/images/JPG/200x200/std.lang.all/22/44/asset-3492244.jpg,3074457345616689384
2194107,35975-P,DANETTE roomdessert chocolade 8x125g,DANETTE roomdessert chocolade 8x125g,"6,59","6,59",EUR,Y,true,,Zuivel en plantaardige alternatieven > Desserts,https://www.collectandgo.be/wcsstore/CollectAndGoSFAS/images/JPG/200x200/std.lang.all/05/29/asset-3950529.jpg,3074457345616695994
4821506,35997-P,ALPRO Proteïne Vanille 200g,ALPRO Proteïne Vanille 200g,"2,29","11,45",EUR,Y,true,,Zuivel en plantaardige alternatieven > Desserts,https://www.collectandgo.be/wcsstore/CollectAndGoSFAS/images/JPG/200x200/std.lang.all/13/76/asset-4091376.jpg,3074457345616835716
1099974,26062-P,LA LAITIÈRE chocomousse 8x61g,LA LAITIÈRE chocomousse 8x61g,"3,05","6,25",EUR,Y,true,,Zuivel en plantaardige alternatieven > Desserts,https://www.collectandgo.be/wcsstore/CollectAndGoSFAS/images/JPG/200x200/std.lang.all/18/54/asset-3491854.jpg,3074457345616681132
1544711,26452-P,JOYVALLE pudding griesmeel natuur 135g,JOYVALLE pudding griesmeel natuur 135g,"1,34","9,93",EUR,Y,true,,Zuivel en plantaardige alternatieven > Desserts,https://www.collectandgo.be/wcsstore/CollectAndGoSFAS/images/JPG/200x200/std.lang.all/54/58/asset-335458.jpg,3074457345616689536
2993893,12129-P,LA LAITIÈRE chocomousse 4x61g,LA LAITIÈRE chocomousse 4x61g,"1,79","7,34",EUR,Y,true,,Zuivel en plantaardige alternatieven > Desserts,https://www.collectandgo.be/wcsstore/CollectAndGoSFAS/images/JPG/200x200/std.lang.all/21/56/asset-4062156.jpg,3074457345616700248
1004664,5648-P,ALPRO dessert vanille 4x125g,ALPRO dessert vanille 4x125g,"2,69","5,38",EUR,Y,true,,Zuivel en plantaardige alternatieven > Desserts,https://www.collectandgo.be/wcsstore/CollectAndGoSFAS/images/JPG/200x200/std.lang.all/04/88/asset-3710488.jpg,3074457345616681500
1955054,6176-P,ALPRO dessert fondant 4x125g,ALPRO dessert fondant 4x125g,"2,69","5,38",EUR,Y,true,,Zuivel en plantaardige alternatieven > Desserts,https://www.collectandgo.be/wcsstore/CollectAndGoSFAS/images/JPG/200x200/std.lang.all/05/72/asset-3710572.jpg,3074457345616687074
3447116,30565-P,LA LAITIÈRE chocomousse feuilleté 4x57g,LA LAITIÈRE chocomousse feuilleté 4x57g,"2,92","12,81",EUR,Y,true,,Zuivel en plantaardige alternatieven > Desserts,https://www.collectandgo.be/wcsstore/CollectAndGoSFAS/images/JPG/200x200/std.lang.all/98/07/asset-4039807.jpg,3074457345616714044
1955079,6193-P,ALPRO dessert karamel 4x125g,ALPRO dessert karamel 4x125g,"2,79","5,58",EUR,Y,true,,Zuivel en plantaardige alternatieven > Desserts,https://www.collectandgo.be/wcsstore/CollectAndGoSFAS/images/JPG/200x200/std.lang.all/81/09/asset-3358109.jpg,3074457345616687142
4887858,39362-P,Hipro Danone Dessert Proteïne bar | Chocolade | Caramel 45g,HIPRO Proteïne bar Choco Caramel 45g,"2,29","50,89",EUR,Y,true,,Zuivel en plantaardige alternatieven > Desserts,https://www.collectandgo.be/wcsstore/CollectAndGoSFAS/images/JPG/200x200/std.lang.all/83/00/asset-3838300.jpg,3074457345616848692
4887875,39363-P,HIPRO Proteïne bar Choco Banaan 45g,HIPRO Proteïne bar Choco Banaan 45g,"2,29","50,89",EUR,Y,true,,Zuivel en plantaardige alternatieven > Desserts,https://www.collectandgo.be/wcsstore/CollectAndGoSFAS/images/JPG/200x200/std.lang.all/83/01/asset-3838301.jpg,3074457345616848694
4185013,13189-P,HOMEMADE DESSERTS tiram.crumb.spec. 95g,HOMEMADE DESSERTS tiram.crumb.spec. 95g,"2,19","23,06",EUR,Y,true,,Zuivel en plantaardige alternatieven > Desserts,https://www.collectandgo.be/wcsstore/CollectAndGoSFAS/images/JPG/200x200/std.lang.all/21/70/asset-2752170.jpg,3074457345616744882
2489676,39461-P,NESTLÉ LE VIENNOIS Chocolade 4x100g,NESTLÉ LE VIENNOIS Chocolade 4x100g,"3,55","8,88",EUR,Y,true,,Zuivel en plantaardige alternatieven > Desserts,https://www.collectandgo.be/wcsstore/CollectAndGoSFAS/images/JPG/200x200/std.lang.all/15/34/asset-3491534.jpg,3074457345616696786
2895719,26997-P,LA LAITIÈRE flan karamel 4x100g,LA LAITIÈRE flan karamel 4x100g,"2,06","5,15",EUR,Y,true,,Zuivel en plantaardige alternatieven > Desserts,https://www.collectandgo.be/wcsstore/CollectAndGoSFAS/images/JPG/200x200/std.lang.all/22/41/asset-3492241.jpg,3074457345616702440
3691862,40434-P,LA LAITIÈRE pudding vanille 4x115g,LA LAITIÈRE pudding vanille 4x115g,"2,96","6,44",EUR,Y,true,,Zuivel en plantaardige alternatieven > Desserts,https://www.collectandgo.be/wcsstore/CollectAndGoSFAS/images/JPG/200x200/std.lang.all/21/57/asset-4062157.jpg,3074457345616726614
2489434,39416-P,NESTLÉ LE VIENNOIS dessert koffie 4x100g,NESTLÉ LE VIENNOIS dessert koffie 4x100g,"3,65","9,13",EUR,Y,true,,Zuivel en plantaardige alternatieven > Desserts,https://www.collectandgo.be/wcsstore/CollectAndGoSFAS/images/JPG/200x200/std.lang.all/15/33/asset-3491533.jpg,3074457345616696770
3468299,30109-P,VITALINEA roomdessert vanille 4x120g,VITALINEA roomdessert vanille 4x120g,"3,99","8,32",EUR,Y,true,,Zuivel en plantaardige alternatieven > Desserts,https://www.collectandgo.be/wcsstore/CollectAndGoSFAS/images/JPG/200x200/std.lang.all/65/76/asset-3276576.jpg,3074457345616715710
1099956,26035-P,LA LAITIÈRE flan karamel 8x100g,LA LAITIÈRE flan karamel 8x100g,"3,99","4,99",EUR,Y,true,,Zuivel en plantaardige alternatieven > Desserts,https://www.collectandgo.be/wcsstore/CollectAndGoSFAS/images/JPG/200x200/std.lang.all/16/09/asset-3491609.jpg,3074457345616681130
4858984,38609-P,HOMEMADE DESSERTS Mousse Cappu choco 90g,HOMEMADE DESSERTS Mousse Cappu choco 90g,"2,30","25,56",EUR,Y,true,,Zuivel en plantaardige alternatieven > Desserts,https://www.collectandgo.be/wcsstore/CollectAndGoSFAS/images/JPG/200x200/std.lang.all/42/28/asset-4044228.jpg,3074457345616844028
4333381,15412-P,LA LAITIÈRE Liegois vanil.madagas 4x100g,LA LAITIÈRE Liegois vanil.madagas 4x100g,"2,96","7,40",EUR,Y,true,,Zuivel en plantaardige alternatieven > Desserts,https://www.collectandgo.be/wcsstore/CollectAndGoSFAS/images/JPG/200x200/std.lang.all/03/94/asset-4100394.jpg,3074457345616761768
4051907,6652-P,LA LAITIÈRE Lieg.choco.Bel 4x100g,LA LAITIÈRE Lieg.choco.Bel 4x100g,"3,37","8,43",EUR,Y,true,,Zuivel en plantaardige alternatieven > Desserts,https://www.collectandgo.be/wcsstore/CollectAndGoSFAS/images/JPG/200x200/std.lang.all/15/32/asset-3491532.jpg,3074457345616742426
4938211,31448-P,LA LAITIÈRE pudding chocolade 4x115g,LA LAITIÈRE pudding chocolade 4x115g,"2,96","6,44",EUR,Y,true,,Zuivel en plantaardige alternatieven > Desserts,https://www.collectandgo.be/wcsstore/CollectAndGoSFAS/images/JPG/200x200/std.lang.all/76/48/asset-4097648.jpg,3074457345616867690
4755415,8714-P,HOMEMADE DESSERTS pud.van.crum.spec 125g,HOMEMADE DESSERTS pud.van.crum.spec 125g,"2,09","15,49",EUR,Y,true,,Zuivel en plantaardige alternatieven > Desserts,https://www.collectandgo.be/wcsstore/CollectAndGoSFAS/images/JPG/200x200/std.lang.all/66/87/asset-3756687.jpg,3074457345616822320
4886968,39287-P,IMPERIAL Flan Vanille 4x50g,IMPERIAL Flan Vanille 4x50g,"4,82","24,10",EUR,Y,true,,Zuivel en plantaardige alternatieven > Desserts,https://www.collectandgo.be/wcsstore/CollectAndGoSFAS/images/JPG/200x200/std.lang.all/94/63/asset-3789463.jpg,3074457345616848560
4701832,31161-P,HOMEMADE DESSERTS Duo chocol. mousse 80g,HOMEMADE DESSERTS Duo chocol. mousse 80g,"2,19","27,38",EUR,Y,true,,Zuivel en plantaardige alternatieven > Desserts,https://www.collectandgo.be/wcsstore/CollectAndGoSFAS/images/JPG/200x200/std.lang.all/58/29/asset-4025829.jpg,3074457345616810322
4739855,7227-P,SOJADE Soya Vanilla Dessert Bio 4x100g,SOJADE Soya Vanilla Dessert Bio 4x100g,"2,99","7,48",EUR,Y,true,,Zuivel en plantaardige alternatieven > Desserts,https://www.collectandgo.be/wcsstore/CollectAndGoSFAS/images/JPG/200x200/std.lang.all/54/20/asset-3245420.jpg,3074457345616819874
4820073,21768-P,THE BRIDGE rijstdessert Van. bio 2x130g,THE BRIDGE rijstdessert Van. bio 2x130g,"2,19","8,43",EUR,Y,true,,Zuivel en plantaardige alternatieven > Desserts,https://www.collectandgo.be/wcsstore/CollectAndGoSFAS/images/JPG/200x200/std.lang.all/58/10/asset-3505810.jpg,3074457345616835476
4820077,21817-P,THE BRIDGE Rijstdessert cacao bio 2x130g,THE BRIDGE Rijstdessert cacao bio 2x130g,"2,15","8,27",EUR,Y,true,,Zuivel en plantaardige alternatieven > Desserts,https://www.collectandgo.be/wcsstore/CollectAndGoSFAS/images/JPG/200x200/std.lang.all/58/11/asset-3505811.jpg,3074457345616835478
4832155,20202-P,THE BRIDGE Haver met vanille bio 2x130g,THE BRIDGE Haver met vanille bio 2x130g,"2,09","8,04",EUR,Y,true,,Zuivel en plantaardige alternatieven > Desserts,https://www.collectandgo.be/wcsstore/CollectAndGoSFAS/images/JPG/200x200/std.lang.all/17/75/asset-3561775.jpg,3074457345616838050
4832170,20542-P,THE BRIDGE Haver met chocol. bio 2x130g,THE BRIDGE Haver met chocol. bio 2x130g,"2,09","8,04",EUR,Y,true,,Zuivel en plantaardige alternatieven > Desserts,https://www.collectandgo.be/wcsstore/CollectAndGoSFAS/images/JPG/200x200/std.lang.all/18/55/asset-3561855.jpg,3074457345616838052
4415754,15469-P,VAN HENGELO duo dessert choc/vanil 450g,VAN HENGELO duo dessert choc/vanil 450g,"2,49","5,54",EUR,Y,true,,Zuivel en plantaardige alternatieven > Desserts,https://www.collectandgo.be/wcsstore/CollectAndGoSFAS/images/JPG/200x200/std.lang.all/67/26/asset-2976726.jpg,3074457345616774788
3706679,40178-P,RACHELLI tiramisu Bio 90g,RACHELLI tiramisu Bio 90g,"1,99","22,12",EUR,Y,true,,Zuivel en plantaardige alternatieven > Desserts,https://www.collectandgo.be/wcsstore/CollectAndGoSFAS/images/JPG/200x200/std.lang.all/33/53/asset-3323353.jpg,3074457345616726922
3990752,4182-P,BONI BIO rijstpap 150g,BONI BIO rijstpap 150g,"1,45","9,67",EUR,Y,true,,Zuivel en plantaardige alternatieven > Desserts,https://www.collectandgo.be/wcsstore/CollectAndGoSFAS/images/JPG/200x200/std.lang.all/89/50/asset-2148950.jpg,3074457345616740822
4799006,9736-P,BONI Flan Karamel 4x100g,BONI Flan Karamel 4x100g,"0,99","2,48",EUR,Y,true,,Zuivel en plantaardige alternatieven > Desserts,https://www.collectandgo.be/wcsstore/CollectAndGoSFAS/images/JPG/200x200/std.lang.all/59/44/asset-3665944.jpg,3074457345616831104
4914344,5735-P,BONI Rijstpap Vanille 6x115g,BONI Rijstpap Vanille 6x115g,"2,49","3,61",EUR,Y,true,,Zuivel en plantaardige alternatieven > Desserts,https://www.collectandgo.be/wcsstore/CollectAndGoSFAS/images/JPG/200x200/std.lang.all/39/09/asset-4063909.jpg,3074457345616857040
2259350,4226-P,KINDER melkschijfje met honing 5x28g,KINDER melkschijfje met honing 5x28g,"1,69","12,08",EUR,Y,true,,Zuivel en plantaardige alternatieven > Desserts,https://www.collectandgo.be/wcsstore/CollectAndGoSFAS/images/JPG/200x200/std.lang.all/18/37/asset-1461837.jpg,3074457345616699412
4927194,27858-P,BONI Tiramisu 4x80g,BONI Tiramisu 4x80g,"2,35","7,35",EUR,Y,true,,Zuivel en plantaardige alternatieven > Desserts,https://www.collectandgo.be/wcsstore/CollectAndGoSFAS/images/JPG/200x200/std.lang.all/47/60/asset-4054760.jpg,3074457345616860398
3829479,42212-P,BONI chocolademousse 75g,BONI chocolademousse 75g,"1,09","14,54",EUR,Y,true,,Zuivel en plantaardige alternatieven > Desserts,https://www.collectandgo.be/wcsstore/CollectAndGoSFAS/images/JPG/200x200/std.lang.all/50/41/asset-3565041.jpg,3074457345616728556
4907799,14000-P,BONI Pudding Chocolade Protein 200g,BONI Pudding Chocolade Protein 200g,"1,19","5,95",EUR,Y,true,,Zuivel en plantaardige alternatieven > Desserts,https://www.collectandgo.be/wcsstore/CollectAndGoSFAS/images/JPG/200x200/std.lang.all/60/82/asset-3986082.jpg,3074457345616854410
2259349,4075-P,KINDER Pingui cake melk chocolade 4x30g,KINDER Pingui cake melk chocolade 4x30g,"2,49","20,75",EUR,Y,true,,Zuivel en plantaardige alternatieven > Desserts,https://www.collectandgo.be/wcsstore/CollectAndGoSFAS/images/JPG/200x200/std.lang.all/32/31/asset-2543231.jpg,3074457345616699410
4779855,16439-P,BONI Creme Liégeois Koffie 4x100g,BONI Creme Liégeois Koffie 4x100g,"2,59","6,48",EUR,Y,true,,Zuivel en plantaardige alternatieven > Desserts,https://www.collectandgo.be/wcsstore/CollectAndGoSFAS/images/JPG/200x200/std.lang.all/72/99/asset-3607299.jpg,3074457345616826742
3832697,20861-P,BONI fondant chocolademousse 75g,BONI fondant chocolademousse 75g,"1,09","14,54",EUR,Y,true,,Zuivel en plantaardige alternatieven > Desserts,https://www.collectandgo.be/wcsstore/CollectAndGoSFAS/images/JPG/200x200/std.lang.all/30/17/asset-3653017.jpg,3074457345616730000
4907783,13790-P,BONI Pudding Vanille Protein 200g,BONI Pudding Vanille Protein 200g,"1,19","5,95",EUR,Y,true,,Zuivel en plantaardige alternatieven > Desserts,https://www.collectandgo.be/wcsstore/CollectAndGoSFAS/images/JPG/200x200/std.lang.all/60/81/asset-3986081.jpg,3074457345616854398
1858010,23370-P,PAULA pudding vanille-chocolade 4x125g,PAULA pudding vanille-chocolade 4x125g,"3,29","6,58",EUR,Y,true,,Zuivel en plantaardige alternatieven > Desserts,https://www.collectandgo.be/wcsstore/CollectAndGoSFAS/images/JPG/200x200/std.lang.all/92/18/asset-2759218.jpg,3074457345616691142
3361060,16250-P,BONI Pudding Vanille 500g,BONI Pudding Vanille 500g,"2,27","4,54",EUR,Y,true,,Zuivel en plantaardige alternatieven > Desserts,https://www.collectandgo.be/wcsstore/CollectAndGoSFAS/images/JPG/200x200/std.lang.all/44/63/asset-3944463.jpg,3074457345616712548
2911177,23642-P,BONI Liégeois vanille 4x100g,BONI Liégeois vanille 4x100g,"3,29","8,23",EUR,Y,true,,Zuivel en plantaardige alternatieven > Desserts,https://www.collectandgo.be/wcsstore/CollectAndGoSFAS/images/JPG/200x200/std.lang.all/35/92/asset-3673592.jpg,3074457345616701180
3832256,40050-P,BONI koffie mousse 75g,BONI koffie mousse 75g,"1,19","15,87",EUR,Y,true,,Zuivel en plantaardige alternatieven > Desserts,https://www.collectandgo.be/wcsstore/CollectAndGoSFAS/images/JPG/200x200/std.lang.all/30/16/asset-3653016.jpg,3074457345616729636
2736888,40627-P,BONI crème brûlée glas 2x100g,BONI crème brûlée glas 2x100g,"1,99","9,95",EUR,Y,true,,Zuivel en plantaardige alternatieven > Desserts,https://www.collectandgo.be/wcsstore/CollectAndGoSFAS/images/JPG/200x200/std.lang.all/22/67/asset-3622267.jpg,3074457345616698002
26447,26447-P,BONI tiramisu 500g,BONI tiramisu 500g,"4,09","8,18",EUR,Y,true,,Zuivel en plantaardige alternatieven > Desserts,https://www.collectandgo.be/wcsstore/CollectAndGoSFAS/images/JPG/200x200/std.lang.all/07/34/asset-3790734.jpg,3074457345616679190
3361057,16292-P,BONI Pudding chocolade 500g,BONI Pudding chocolade 500g,"2,27","4,54",EUR,Y,true,,Zuivel en plantaardige alternatieven > Desserts,https://www.collectandgo.be/wcsstore/CollectAndGoSFAS/images/JPG/200x200/std.lang.all/64/83/asset-4006483.jpg,3074457345616712546
4066695,1459-P,BONI chocolademousse 250g,BONI chocolademousse 250g,"2,64","10,56",EUR,Y,true,,Zuivel en plantaardige alternatieven > Desserts,https://www.collectandgo.be/wcsstore/CollectAndGoSFAS/images/JPG/200x200/std.lang.all/53/54/asset-3755354.jpg,3074457345616735154
4208858,1737-P,BONI panna cotta rode vruchten 2x120g,BONI panna cotta rode vruchten 2x120g,"3,49","14,55",EUR,Y,true,,Zuivel en plantaardige alternatieven > Desserts,https://www.collectandgo.be/wcsstore/CollectAndGoSFAS/images/JPG/200x200/std.lang.all/23/50/asset-2132350.jpg,3074457345616708506
3764630,16008-P,NESTLÉ Nesquik petit 6x60g,NESTLÉ Nesquik petit 6x60g,"3,89","10,81",EUR,Y,true,,Zuivel en plantaardige alternatieven > Desserts,https://www.collectandgo.be/wcsstore/CollectAndGoSFAS/images/JPG/200x200/std.lang.all/98/08/asset-4039808.jpg,3074457345616729028
4951662,41377-P,ALPRO Dessert Citroen Cheesecake 135g,ALPRO Dessert Citroen Cheesecake 135g,"1,49","11,04",EUR,Y,true,,Zuivel en plantaardige alternatieven > Desserts,https://www.collectandgo.be/wcsstore/CollectAndGoSFAS/images/JPG/200x200/std.lang.all/04/63/asset-4080463.jpg,3074457345616872568
2163552,26437-P,EVERYDAY crème dessert vanille 4x125g,EVERYDAY crème dessert vanille 4x125g,"0,95","1,90",EUR,Y,true,,Zuivel en plantaardige alternatieven > Desserts,https://www.collectandgo.be/wcsstore/CollectAndGoSFAS/images/JPG/200x200/std.lang.all/76/02/asset-2507602.jpg,3074457345616692728
2163555,26438-P,EVERYDAY crème dessert chocolade 4x125g,EVERYDAY crème dessert chocolade 4x125g,"0,95","1,90",EUR,Y,true,,Zuivel en plantaardige alternatieven > Desserts,https://www.collectandgo.be/wcsstore/CollectAndGoSFAS/images/JPG/200x200/std.lang.all/10/12/asset-1731012.jpg,3074457345616692730
26442,26442-P,EVERYDAY dessert liégeois chocolade 200g,EVERYDAY dessert liégeois chocolade 200g,"0,29","1,45",EUR,Y,true,,Zuivel en plantaardige alternatieven > Desserts,https://www.collectandgo.be/wcsstore/CollectAndGoSFAS/images/JPG/200x200/std.lang.all/84/47/asset-1198447.jpg,3074457345616679186
1243452,26208-P,EVERYDAY chocomousse 8x60g,EVERYDAY chocomousse 8x60g,"1,80","3,75",EUR,Y,true,,Zuivel en plantaardige alternatieven > Desserts,https://www.collectandgo.be/wcsstore/CollectAndGoSFAS/images/JPG/200x200/std.lang.all/30/04/asset-3133004.jpg,3074457345616684174
2158329,32660-P,ZOTT MONTE pudding Maxi melk-choc 4x100g,ZOTT MONTE pudding Maxi melk-choc 4x100g,"3,29","8,23",EUR,Y,true,,Zuivel en plantaardige alternatieven > Desserts,https://www.collectandgo.be/wcsstore/CollectAndGoSFAS/images/JPG/200x200/std.lang.all/68/54/asset-3756854.jpg,3074457345616693794
3655963,12494-P,ZOTT MONTE pudd.choc-hazeln top cup 70g,ZOTT MONTE pudd.choc-hazeln top cup 70g,"1,64","23,43",EUR,Y,true,,Zuivel en plantaardige alternatieven > Desserts,https://www.collectandgo.be/wcsstore/CollectAndGoSFAS/images/JPG/200x200/std.lang.all/29/97/asset-1682997.jpg,3074457345616721226
26457,26457-P,EVERYDAY rijstpap vanille 200g,EVERYDAY rijstpap vanille 200g,"0,42","2,10",EUR,N,true,,Zuivel en plantaardige alternatieven > Desserts,https://www.collectandgo.be/wcsstore/CollectAndGoSFAS/images/JPG/200x200/std.lang.all/14/47/asset-2361447.jpg,3074457345616679196
26104,26104-P,BONI bladerdeeg 230g,BONI bladerdeeg 230g,"0,67","2,92",EUR,Y,true,,"Zuivel en plantaardige alternatieven > Pizzadeeg, kruimeldeeg en bladerdeeg",https://www.collectandgo.be/wcsstore/CollectAndGoSFAS/images/JPG/200x200/std.lang.all/03/75/asset-2400375.jpg,3074457345616679254
3998305,1110-P,HERTA bladerdeeg 230g,HERTA bladerdeeg 230g,"1,89","8,22",EUR,Y,true,,"Zuivel en plantaardige alternatieven > Pizzadeeg, kruimeldeeg en bladerdeeg",https://www.collectandgo.be/wcsstore/CollectAndGoSFAS/images/JPG/200x200/std.lang.all/23/30/asset-2802330.jpg,3074457345616737058
3384584,21836-P,BONI BIO bladerdeeg 230g,BONI BIO bladerdeeg 230g,"2,19","9,53",EUR,Y,true,,"Zuivel en plantaardige alternatieven > Pizzadeeg, kruimeldeeg en bladerdeeg",https://www.collectandgo.be/wcsstore/CollectAndGoSFAS/images/JPG/200x200/std.lang.all/55/52/asset-2175552.jpg,3074457345616711472
4771243,32893-P,BONI bladerdeeg GV LV 280g,BONI bladerdeeg GV LV 280g,"3,99","14,25",EUR,Y,true,,"Zuivel en plantaardige alternatieven > Pizzadeeg, kruimeldeeg en bladerdeeg",https://www.collectandgo.be/wcsstore/CollectAndGoSFAS/images/JPG/200x200/std.lang.all/34/72/asset-3533472.jpg,3074457345616826080
26105,26105-P,BONI kruimeldeeg 230g,BONI kruimeldeeg 230g,"0,85","3,70",EUR,Y,true,,"Zuivel en plantaardige alternatieven > Pizzadeeg, kruimeldeeg en bladerdeeg",https://www.collectandgo.be/wcsstore/CollectAndGoSFAS/images/JPG/200x200/std.lang.all/11/16/asset-1921116.jpg,3074457345616679256
4332663,13043-P,HERTA kruimeldeeg 230g,HERTA kruimeldeeg 230g,"1,99","8,66",EUR,Y,true,,"Zuivel en plantaardige alternatieven > Pizzadeeg, kruimeldeeg en bladerdeeg",https://www.collectandgo.be/wcsstore/CollectAndGoSFAS/images/JPG/200x200/std.lang.all/23/31/asset-2802331.jpg,3074457345616761690
1793047,34049-P,BONI pizzadeeg gist 260g,BONI pizzadeeg gist 260g,"1,09","4,20",EUR,Y,true,,"Zuivel en plantaardige alternatieven > Pizzadeeg, kruimeldeeg en bladerdeeg",https://www.collectandgo.be/wcsstore/CollectAndGoSFAS/images/JPG/200x200/std.lang.all/14/37/asset-3551437.jpg,3074457345616691510
3876935,22734-P,BONI vers pizzadeeg 550g,BONI vers pizzadeeg 550g,"2,31","4,20",EUR,Y,true,,"Zuivel en plantaardige alternatieven > Pizzadeeg, kruimeldeeg en bladerdeeg",https://www.collectandgo.be/wcsstore/CollectAndGoSFAS/images/JPG/200x200/std.lang.all/83/97/asset-1758397.jpg,3074457345616736122
4835527,24526-P,PINSAMI Classica Il Forno 230g,PINSAMI Classica Il Forno 230g,"3,79","16,48",EUR,Y,true,,"Zuivel en plantaardige alternatieven > Pizzadeeg, kruimeldeeg en bladerdeeg",https://www.collectandgo.be/wcsstore/CollectAndGoSFAS/images/JPG/200x200/std.lang.all/63/15/asset-3706315.jpg,3074457345616838694
4592829,29157-P,HERTA pizzadeeg 265g,HERTA pizzadeeg 265g,"2,59","9,78",EUR,Y,true,,"Zuivel en plantaardige alternatieven > Pizzadeeg, kruimeldeeg en bladerdeeg",https://www.collectandgo.be/wcsstore/CollectAndGoSFAS/images/JPG/200x200/std.lang.all/23/32/asset-2802332.jpg,3074457345616797316
4592848,29168-P,HERTA pizzadeeg rechthoekig 390g,HERTA pizzadeeg rechthoekig 390g,"3,29","8,44",EUR,Y,true,,"Zuivel en plantaardige alternatieven > Pizzadeeg, kruimeldeeg en bladerdeeg",https://www.collectandgo.be/wcsstore/CollectAndGoSFAS/images/JPG/200x200/std.lang.all/23/33/asset-2802333.jpg,3074457345616797320
4773752,33029-P,BONI filodeeg 300g,BONI filodeeg 300g,"1,99","6,64",EUR,Y,true,,"Zuivel en plantaardige alternatieven > Pizzadeeg, kruimeldeeg en bladerdeeg",https://www.collectandgo.be/wcsstore/CollectAndGoSFAS/images/JPG/200x200/std.lang.all/12/41/asset-3541241.jpg,3074457345616826294
4939625,39789-P,CROUSTIPATE 10 Brickvellen 170g,CROUSTIPATE 10 Brickvellen 170g,"1,10","6,48",EUR,Y,true,,"Zuivel en plantaardige alternatieven > Pizzadeeg, kruimeldeeg en bladerdeeg",https://www.collectandgo.be/wcsstore/CollectAndGoSFAS/images/JPG/200x200/std.lang.all/49/73/asset-3994973.jpg,3074457345616868270
4718530,6419-P,"BELVIVA Klassieke frieten 1,6kg","BELVIVA Klassieke frieten 1,6kg","8,99","5,62",EUR,Y,true,,"Diepvries > Frietjes, kroketten en aardappelbereidingen",https://www.collectandgo.be/wcsstore/CollectAndGoSFAS/images/JPG/200x200/std.lang.all/40/32/asset-3274032.jpg,3074457345616815056
4261859,5204-P,BELVIVA Klassiek oven friet 600g,BELVIVA Klassiek oven friet 600g,"3,99","6,65",EUR,Y,true,,"Diepvries > Frietjes, kroketten en aardappelbereidingen",https://www.collectandgo.be/wcsstore/CollectAndGoSFAS/images/JPG/200x200/std.lang.all/86/97/asset-3308697.jpg,3074457345616749700
4718519,6324-P,"BELVIVA belgische frieten 1,6kg","BELVIVA belgische frieten 1,6kg","7,30","4,57",EUR,Y,true,,"Diepvries > Frietjes, kroketten en aardappelbereidingen",https://www.collectandgo.be/wcsstore/CollectAndGoSFAS/images/JPG/200x200/std.lang.all/40/31/asset-3274031.jpg,3074457345616815050
4040403,5958-P,BELVIVA Belgische ovenfriet 600g,BELVIVA Belgische ovenfriet 600g,"4,19","6,99",EUR,Y,true,,"Diepvries > Frietjes, kroketten en aardappelbereidingen",https://www.collectandgo.be/wcsstore/CollectAndGoSFAS/images/JPG/200x200/std.lang.all/86/94/asset-3308694.jpg,3074457345616738770
4852649,6593-P,BELVIVA Belgische kroketten 700g,BELVIVA Belgische kroketten 700g,"4,29","6,13",EUR,Y,true,,"Diepvries > Frietjes, kroketten en aardappelbereidingen",https://www.collectandgo.be/wcsstore/CollectAndGoSFAS/images/JPG/200x200/std.lang.all/26/91/asset-3802691.jpg,3074457345616842504
4803243,36283-P,BELVIVA Allumettes | 3 Bakwijze 600g,BELVIVA Allumettes | 3 Bakwijze 600g,"5,09","8,49",EUR,Y,true,,"Diepvries > Frietjes, kroketten en aardappelbereidingen",https://www.collectandgo.be/wcsstore/CollectAndGoSFAS/images/JPG/200x200/std.lang.all/74/93/asset-3697493.jpg,3074457345616832514
4902402,26507-P,BELVIVA Belgische purée 700g,BELVIVA Belgische purée 700g,"4,99","7,13",EUR,Y,true,,"Diepvries > Frietjes, kroketten en aardappelbereidingen",https://www.collectandgo.be/wcsstore/CollectAndGoSFAS/images/JPG/200x200/std.lang.all/31/61/asset-4053161.jpg,3074457345616853218
4578184,28938-P,BELVIVA Zig zag frieten 600g,BELVIVA Zig zag frieten 600g,"5,39","8,99",EUR,Y,true,,"Diepvries > Frietjes, kroketten en aardappelbereidingen",https://www.collectandgo.be/wcsstore/CollectAndGoSFAS/images/JPG/200x200/std.lang.all/54/18/asset-3365418.jpg,3074457345616795678
4885427,25869-P,BELVIVA Gebakken Patatjes 600g,BELVIVA Gebakken Patatjes 600g,"3,89","6,49",EUR,Y,true,,"Diepvries > Frietjes, kroketten en aardappelbereidingen",https://www.collectandgo.be/wcsstore/CollectAndGoSFAS/images/JPG/200x200/std.lang.all/53/87/asset-4085387.jpg,3074457345616848422
4952745,4231-P,BELVIVA wafelfrieten 600g,BELVIVA wafelfrieten 600g,"4,49","7,49",EUR,Y,true,,"Diepvries > Frietjes, kroketten en aardappelbereidingen",https://www.collectandgo.be/wcsstore/CollectAndGoSFAS/images/JPG/200x200/std.lang.all/85/34/asset-4078534.jpg,3074457345616872864
4946749,22739-P,BELVIVA klassiek oven airfryer friet 1kg,BELVIVA klassiek oven airfryer friet 1kg,"7,79","7,79",EUR,Y,true,,"Diepvries > Frietjes, kroketten en aardappelbereidingen",https://www.collectandgo.be/wcsstore/CollectAndGoSFAS/images/JPG/200x200/std.lang.all/53/88/asset-4085388.jpg,3074457345616870474
4670124,1839-P,MCCAIN Airfryer Klassiek Frieten 600g,MCCAIN Airfryer Klassiek Frieten 600g,"4,59","7,65",EUR,Y,true,,"Diepvries > Frietjes, kroketten en aardappelbereidingen",https://www.collectandgo.be/wcsstore/CollectAndGoSFAS/images/JPG/200x200/std.lang.all/74/40/asset-3577440.jpg,3074457345616806154
2328961,18770-P,MCCAIN Country Potatoes met Kruiden 750g,MCCAIN Country Potatoes met Kruiden 750g,"4,79","6,39",EUR,Y,true,,"Diepvries > Frietjes, kroketten en aardappelbereidingen",https://www.collectandgo.be/wcsstore/CollectAndGoSFAS/images/JPG/200x200/nl_be/87/85/asset-2508785.jpg,3074457345616699554
4671121,9655-P,MCCAIN Airfryer Allumettes Frieten 600g,MCCAIN Airfryer Allumettes Frieten 600g,"4,99","8,32",EUR,Y,true,,"Diepvries > Frietjes, kroketten en aardappelbereidingen",https://www.collectandgo.be/wcsstore/CollectAndGoSFAS/images/JPG/200x200/std.lang.all/47/22/asset-3644722.jpg,3074457345616806216
4921166,19218-P,MCCAIN Klassiek | Oven + 280g gr. 980g,MCCAIN Klassiek | Oven + 280g gr. 980g,"3,99","4,08",EUR,Y,true,,"Diepvries > Frietjes, kroketten en aardappelbereidingen",https://www.collectandgo.be/wcsstore/CollectAndGoSFAS/images/JPG/200x200/std.lang.all/33/81/asset-3973381.jpg,3074457345616859208
3336080,12018-P,MCCAIN Allumettes Frieten Fijn 1kg,MCCAIN Allumettes Frieten Fijn 1kg,"3,09","3,09",EUR,Y,true,,"Diepvries > Frietjes, kroketten en aardappelbereidingen",https://www.collectandgo.be/wcsstore/CollectAndGoSFAS/images/JPG/200x200/std.lang.all/03/48/asset-3800348.jpg,3074457345616712042
3653485,21712-P,MCCAIN Kroketten Klassiek 1kg,MCCAIN Kroketten Klassiek 1kg,"2,99","2,99",EUR,Y,true,,"Diepvries > Frietjes, kroketten en aardappelbereidingen",https://www.collectandgo.be/wcsstore/CollectAndGoSFAS/images/JPG/200x200/nl_be/86/13/asset-2508613.jpg,3074457345616721760
4921179,19225-P,"MCCAIN Trad. | Klas. + 400g gr. 1,4kg","MCCAIN Trad. | Klas. + 400g gr. 1,4kg","3,99","2,85",EUR,Y,true,,"Diepvries > Frietjes, kroketten en aardappelbereidingen",https://www.collectandgo.be/wcsstore/CollectAndGoSFAS/images/JPG/200x200/std.lang.all/33/82/asset-3973382.jpg,3074457345616859216
4662447,29888-P,MCCAIN Oven Allumettes Frieten 700g,MCCAIN Oven Allumettes Frieten 700g,"5,95","8,50",EUR,Y,true,,"Diepvries > Frietjes, kroketten en aardappelbereidingen",https://www.collectandgo.be/wcsstore/CollectAndGoSFAS/images/JPG/200x200/std.lang.all/82/20/asset-3728220.jpg,3074457345616805326
4812153,37596-P,MCCAIN Kroket Special Oven 1kg,MCCAIN Kroket Special Oven 1kg,"6,15","6,15",EUR,Y,true,,"Diepvries > Frietjes, kroketten en aardappelbereidingen",https://www.collectandgo.be/wcsstore/CollectAndGoSFAS/images/JPG/200x200/std.lang.all/94/21/asset-3949421.jpg,3074457345616834478
4784441,33109-P,MCCAIN Oven Breed Frieten 700g,MCCAIN Oven Breed Frieten 700g,"5,99","8,56",EUR,Y,true,,"Diepvries > Frietjes, kroketten en aardappelbereidingen",https://www.collectandgo.be/wcsstore/CollectAndGoSFAS/images/JPG/200x200/std.lang.all/42/22/asset-3674222.jpg,3074457345616827174
30267,30267-P,BONI frieten 1kg,BONI frieten 1kg,"1,25","1,25",EUR,Y,true,,"Diepvries > Frietjes, kroketten en aardappelbereidingen",https://www.collectandgo.be/wcsstore/CollectAndGoSFAS/images/JPG/200x200/std.lang.all/45/56/asset-3384556.jpg,3074457345616682262
1132838,30421-P,BONI aardappelpuree 1kg,BONI aardappelpuree 1kg,"1,99","1,99",EUR,Y,true,,"Diepvries > Frietjes, kroketten en aardappelbereidingen",https://www.collectandgo.be/wcsstore/CollectAndGoSFAS/images/JPG/200x200/std.lang.all/48/17/asset-3924817.jpg,3074457345616679732
3053709,24719-P,BONI frieten 2kg,BONI frieten 2kg,"2,63","1,32",EUR,Y,true,,"Diepvries > Frietjes, kroketten en aardappelbereidingen",https://www.collectandgo.be/wcsstore/CollectAndGoSFAS/images/JPG/200x200/std.lang.all/93/85/asset-3559385.jpg,3074457345616704518
4256611,22160-P,BONI aardappelkroketten oven 1kg,BONI aardappelkroketten oven 1kg,"1,78","1,78",EUR,Y,true,,"Diepvries > Frietjes, kroketten en aardappelbereidingen",https://www.collectandgo.be/wcsstore/CollectAndGoSFAS/images/JPG/200x200/std.lang.all/21/58/asset-4062158.jpg,3074457345616751312
2016417,30312-P,BONI aardappelpuree spinazie 1kg,BONI aardappelpuree spinazie 1kg,"2,79","2,79",EUR,Y,true,,"Diepvries > Frietjes, kroketten en aardappelbereidingen",https://www.collectandgo.be/wcsstore/CollectAndGoSFAS/images/JPG/200x200/std.lang.all/12/00/asset-3331200.jpg,3074457345616690616
3104852,40528-P,BONI Pommes Duchesse 1kg,BONI Pommes Duchesse 1kg,"1,59","1,59",EUR,Y,true,,"Diepvries > Frietjes, kroketten en aardappelbereidingen",https://www.collectandgo.be/wcsstore/CollectAndGoSFAS/images/JPG/200x200/std.lang.all/07/53/asset-3330753.jpg,3074457345616700662
3052291,25788-P,BONI aardappelnootjes 1kg,BONI aardappelnootjes 1kg,"1,65","1,65",EUR,Y,true,,"Diepvries > Frietjes, kroketten en aardappelbereidingen",https://www.collectandgo.be/wcsstore/CollectAndGoSFAS/images/JPG/200x200/std.lang.all/55/20/asset-3515520.jpg,3074457345616703904
2016419,30315-P,BONI aardappelpuree wortel 1kg,BONI aardappelpuree wortel 1kg,"2,87","2,87",EUR,Y,true,,"Diepvries > Frietjes, kroketten en aardappelbereidingen",https://www.collectandgo.be/wcsstore/CollectAndGoSFAS/images/JPG/200x200/std.lang.all/07/51/asset-3330751.jpg,3074457345616690618
4939891,39800-P,BONI gratin dauphinois 1kg,BONI gratin dauphinois 1kg,"6,23","6,23",EUR,Y,true,,"Diepvries > Frietjes, kroketten en aardappelbereidingen",https://www.collectandgo.be/wcsstore/CollectAndGoSFAS/images/JPG/200x200/std.lang.all/53/35/asset-4025335.jpg,3074457345616868672
30252,30252-P,BONI aardappelblokjes 1kg,BONI aardappelblokjes 1kg,"2,09","2,09",EUR,Y,true,,"Diepvries > Frietjes, kroketten en aardappelbereidingen",https://www.collectandgo.be/wcsstore/CollectAndGoSFAS/images/JPG/200x200/std.lang.all/51/88/asset-2755188.jpg,3074457345616682258
3052253,25748-P,BONI aardappelkroketten 1kg,BONI aardappelkroketten 1kg,"1,49","1,49",EUR,Y,true,,"Diepvries > Frietjes, kroketten en aardappelbereidingen",https://www.collectandgo.be/wcsstore/CollectAndGoSFAS/images/JPG/200x200/std.lang.all/40/92/asset-2204092.jpg,3074457345616705172
3052553,24659-P,BONI fijne frieten 2kg,BONI fijne frieten 2kg,"2,58","1,29",EUR,Y,true,,"Diepvries > Frietjes, kroketten en aardappelbereidingen",https://www.collectandgo.be/wcsstore/CollectAndGoSFAS/images/JPG/200x200/std.lang.all/76/73/asset-3957673.jpg,3074457345616704114
30273,30273-P,BONI frieten superfrit 2kg,BONI frieten superfrit 2kg,"3,43","1,72",EUR,Y,true,,"Diepvries > Frietjes, kroketten en aardappelbereidingen",https://www.collectandgo.be/wcsstore/CollectAndGoSFAS/images/JPG/200x200/std.lang.all/92/84/asset-3989284.jpg,3074457345616682264
4704496,31309-P,BELVIVA röstis 600g,BELVIVA röstis 600g,"4,49","7,49",EUR,Y,true,,"Diepvries > Frietjes, kroketten en aardappelbereidingen",https://www.collectandgo.be/wcsstore/CollectAndGoSFAS/images/JPG/200x200/std.lang.all/46/50/asset-3374650.jpg,3074457345616811234
2962649,35524-P,BONI aardappelpuree broccoli 1kg,BONI aardappelpuree broccoli 1kg,"3,79","3,79",EUR,Y,true,,"Diepvries > Frietjes, kroketten en aardappelbereidingen",https://www.collectandgo.be/wcsstore/CollectAndGoSFAS/images/JPG/200x200/std.lang.all/45/26/asset-3334526.jpg,3074457345616703338
4704506,31313-P,BELVIVA ovenkroketten 600g,BELVIVA ovenkroketten 600g,"4,29","7,15",EUR,Y,true,,"Diepvries > Frietjes, kroketten en aardappelbereidingen",https://www.collectandgo.be/wcsstore/CollectAndGoSFAS/images/JPG/200x200/std.lang.all/87/01/asset-3308701.jpg,3074457345616811242
4881596,39249-P,BONI oven Airf. frit. allumet. friet 1kg,BONI oven Airf. frit. allumet. friet 1kg,"1,85","1,85",EUR,Y,true,,"Diepvries > Frietjes, kroketten en aardappelbereidingen",https://www.collectandgo.be/wcsstore/CollectAndGoSFAS/images/JPG/200x200/std.lang.all/78/38/asset-4037838.jpg,3074457345616847920
4704488,31306-P,BELVIVA duchesses 600g,BELVIVA duchesses 600g,"3,95","6,59",EUR,Y,true,,"Diepvries > Frietjes, kroketten en aardappelbereidingen",https://www.collectandgo.be/wcsstore/CollectAndGoSFAS/images/JPG/200x200/std.lang.all/46/49/asset-3374649.jpg,3074457345616811230
2758463,42076-P,"BONI gratin broccoli 1,2kg","BONI gratin broccoli 1,2kg","7,48","6,24",EUR,Y,true,,"Diepvries > Frietjes, kroketten en aardappelbereidingen",https://www.collectandgo.be/wcsstore/CollectAndGoSFAS/images/JPG/200x200/std.lang.all/07/52/asset-3330752.jpg,3074457345616698346
4921108,19167-P,BONI zoete aardappelgratin 960g,BONI zoete aardappelgratin 960g,"8,98","9,36",EUR,Y,true,,"Diepvries > Frietjes, kroketten en aardappelbereidingen",https://www.collectandgo.be/wcsstore/CollectAndGoSFAS/images/JPG/200x200/std.lang.all/28/03/asset-3942803.jpg,3074457345616859186
4704940,31355-P,MCCAIN Airfryer Kroketten 600g,MCCAIN Airfryer Kroketten 600g,"5,09","8,49",EUR,Y,true,,"Diepvries > Frietjes, kroketten en aardappelbereidingen",https://www.collectandgo.be/wcsstore/CollectAndGoSFAS/images/JPG/200x200/std.lang.all/81/41/asset-3728141.jpg,3074457345616811322
4941373,39893-P,ECOFROST aardappelschijfjes 1kg,ECOFROST aardappelschijfjes 1kg,"2,00","2,00",EUR,Y,true,,"Diepvries > Frietjes, kroketten en aardappelbereidingen",https://www.collectandgo.be/wcsstore/CollectAndGoSFAS/images/JPG/200x200/std.lang.all/80/58/asset-3998058.jpg,3074457345616868866
4704500,31310-P,BELVIVA pom'pin 600g,BELVIVA pom'pin 600g,"3,49","5,82",EUR,Y,true,,"Diepvries > Frietjes, kroketten en aardappelbereidingen",https://www.collectandgo.be/wcsstore/CollectAndGoSFAS/images/JPG/200x200/std.lang.all/46/51/asset-3374651.jpg,3074457345616811236
4931622,9663-P,BONI rösti 1kg,BONI rösti 1kg,"2,50","2,50",EUR,Y,true,,"Diepvries > Frietjes, kroketten en aardappelbereidingen",https://www.collectandgo.be/wcsstore/CollectAndGoSFAS/images/JPG/200x200/std.lang.all/51/59/asset-4025159.jpg,3074457345616863706
4704503,31312-P,BELVIVA mini kroketten 600g,BELVIVA mini kroketten 600g,"4,39","7,32",EUR,Y,true,,"Diepvries > Frietjes, kroketten en aardappelbereidingen",https://www.collectandgo.be/wcsstore/CollectAndGoSFAS/images/JPG/200x200/std.lang.all/74/98/asset-3697498.jpg,3074457345616811240
3052527,24652-P,"EVERYDAY fijne frieten 2,5kg","EVERYDAY fijne frieten 2,5kg","3,19","1,28",EUR,Y,true,,"Diepvries > Frietjes, kroketten en aardappelbereidingen",https://www.collectandgo.be/wcsstore/CollectAndGoSFAS/images/JPG/200x200/std.lang.all/51/87/asset-2755187.jpg,3074457345616704112
3052282,25749-P,"EVERYDAY aardappelkroketten 2,5kg","EVERYDAY aardappelkroketten 2,5kg","3,59","1,44",EUR,Y,true,,"Diepvries > Frietjes, kroketten en aardappelbereidingen",https://www.collectandgo.be/wcsstore/CollectAndGoSFAS/images/JPG/200x200/std.lang.all/35/33/asset-3953533.jpg,3074457345616703900
4380628,24328-P,BONI frieten Airfryer oven 1kg,BONI frieten Airfryer oven 1kg,"1,85","1,85",EUR,Y,true,,"Diepvries > Frietjes, kroketten en aardappelbereidingen",https://www.collectandgo.be/wcsstore/CollectAndGoSFAS/images/JPG/200x200/std.lang.all/70/46/asset-3637046.jpg,3074457345616769762
4774822,33073-P,BONI Zoete aardappel | Oven 750g,BONI Zoete aardappel | Oven 750g,"4,32","5,76",EUR,Y,true,,"Diepvries > Frietjes, kroketten en aardappelbereidingen",https://www.collectandgo.be/wcsstore/CollectAndGoSFAS/images/JPG/200x200/std.lang.all/45/24/asset-3714524.jpg,3074457345616826390
3762966,15410-P,BONI BIO frieten oven 1kg,BONI BIO frieten oven 1kg,"4,48","4,48",EUR,Y,true,,"Diepvries > Frietjes, kroketten en aardappelbereidingen",https://www.collectandgo.be/wcsstore/CollectAndGoSFAS/images/JPG/200x200/std.lang.all/42/12/asset-2354212.jpg,3074457345616728788
4755983,10908-P,BELVIVA Uglies Gekke frietjes 750g,BELVIVA Uglies Gekke frietjes 750g,"3,55","4,74",EUR,N,true,,"Diepvries > Frietjes, kroketten en aardappelbereidingen",https://www.collectandgo.be/wcsstore/CollectAndGoSFAS/images/JPG/200x200/std.lang.all/42/58/asset-3354258.jpg,3074457345616822396
4685435,20074-P,MCCAIN Klassiek | Oven 700g,MCCAIN Klassiek | Oven 700g,"3,99","5,70",EUR,N,true,,"Diepvries > Frietjes, kroketten en aardappelbereidingen",https://www.collectandgo.be/wcsstore/CollectAndGoSFAS/images/JPG/200x200/std.lang.all/65/43/asset-3566543.jpg,3074457345616808684
4253151,21172-P,MCCAIN Tradition Frieten Klassiek 1kg,MCCAIN Tradition Frieten Klassiek 1kg,"3,99","3,99",EUR,N,true,,"Diepvries > Frietjes, kroketten en aardappelbereidingen",https://www.collectandgo.be/wcsstore/CollectAndGoSFAS/images/JPG/200x200/std.lang.all/34/24/asset-3853424.jpg,3074457345616751594
4934886,25562-P,BONI aardappelpartjes gekruid 1kg,BONI aardappelpartjes gekruid 1kg,"2,65","2,65",EUR,N,true,,"Diepvries > Frietjes, kroketten en aardappelbereidingen",https://www.collectandgo.be/wcsstore/CollectAndGoSFAS/images/JPG/200x200/std.lang.all/19/68/asset-4001968.jpg,3074457345616864368
4933361,21319-P,BONI gratin broccoli 960g,BONI gratin broccoli 960g,"5,98","6,23",EUR,N,true,,"Diepvries > Frietjes, kroketten en aardappelbereidingen",https://www.collectandgo.be/wcsstore/CollectAndGoSFAS/images/JPG/200x200/std.lang.all/13/14/asset-3991314.jpg,3074457345616864126
4292496,2066-P,"IGLO gehakte spinazie roomsaus 1,2kg","IGLO gehakte spinazie roomsaus 1,2kg","2,38","1,99",EUR,Y,true,,Diepvries > Diepvriesgroenten,https://www.collectandgo.be/wcsstore/CollectAndGoSFAS/images/JPG/200x200/std.lang.all/96/35/asset-3559635.jpg,3074457345616756364
4459306,19443-P,IGLO ALPRO spinazie gehakt 750g,IGLO ALPRO spinazie gehakt 750g,"5,58","7,44",EUR,Y,true,,Diepvries > Diepvriesgroenten,https://www.collectandgo.be/wcsstore/CollectAndGoSFAS/images/JPG/200x200/std.lang.all/74/97/asset-3697497.jpg,3074457345616778400
4950671,41230-P,IGLO bladspinazie mozzarella 450g,IGLO bladspinazie mozzarella 450g,"4,99","11,09",EUR,Y,true,,Diepvries > Diepvriesgroenten,https://www.collectandgo.be/wcsstore/CollectAndGoSFAS/images/JPG/200x200/std.lang.all/57/20/asset-4075720.jpg,3074457345616872330
2782582,45787-P,IGLO wortelen tijm-honing 450g,IGLO wortelen tijm-honing 450g,"5,85","13,00",EUR,Y,true,,Diepvries > Diepvriesgroenten,https://www.collectandgo.be/wcsstore/CollectAndGoSFAS/images/JPG/200x200/std.lang.all/59/65/asset-1795965.jpg,3074457345616698408
4250933,17966-P,NISSUI Edamame sojabonen 400g,NISSUI Edamame sojabonen 400g,"6,45","16,13",EUR,Y,true,,Diepvries > Diepvriesgroenten,https://www.collectandgo.be/wcsstore/CollectAndGoSFAS/images/JPG/200x200/std.lang.all/27/08/asset-2082708.jpg,3074457345616697142
30027,30027-P,BONI broccoli in roosjes 1kg,BONI broccoli in roosjes 1kg,"1,99","1,99",EUR,Y,true,,Diepvries > Diepvriesgroenten,https://www.collectandgo.be/wcsstore/CollectAndGoSFAS/images/JPG/200x200/std.lang.all/37/84/asset-3243784.jpg,3074457345616676728
30039,30039-P,"BONI erwten extra fijn 1,5kg","BONI erwten extra fijn 1,5kg","2,50","1,67",EUR,Y,true,,Diepvries > Diepvriesgroenten,https://www.collectandgo.be/wcsstore/CollectAndGoSFAS/images/JPG/200x200/std.lang.all/61/73/asset-3506173.jpg,3074457345616681168
3461993,30699-P,BONI BIO erwten 600g,BONI BIO erwten 600g,"1,69","2,82",EUR,Y,true,,Diepvries > Diepvriesgroenten,https://www.collectandgo.be/wcsstore/CollectAndGoSFAS/images/JPG/200x200/std.lang.all/56/69/asset-2155669.jpg,3074457345616717310
30023,30023-P,BONI bloemkool in roosjes 1kg,BONI bloemkool in roosjes 1kg,"1,14","1,14",EUR,Y,true,,Diepvries > Diepvriesgroenten,https://www.collectandgo.be/wcsstore/CollectAndGoSFAS/images/JPG/200x200/std.lang.all/00/54/asset-3330054.jpg,3074457345616676724
30051,30051-P,"BONI sperziebonen extra fijn 1,5kg","BONI sperziebonen extra fijn 1,5kg","2,48","1,66",EUR,Y,true,,Diepvries > Diepvriesgroenten,https://www.collectandgo.be/wcsstore/CollectAndGoSFAS/images/JPG/200x200/std.lang.all/37/77/asset-3233777.jpg,3074457345616681178
1546028,30042-P,"BONI wortelen schijfjes 1,5kg","BONI wortelen schijfjes 1,5kg","1,93","1,29",EUR,Y,true,,Diepvries > Diepvriesgroenten,https://www.collectandgo.be/wcsstore/CollectAndGoSFAS/images/JPG/200x200/std.lang.all/47/30/asset-3964730.jpg,3074457345616689592
30043,30043-P,"BONI sperziebonen zeer fijn 1,5kg","BONI sperziebonen zeer fijn 1,5kg","2,97","1,98",EUR,Y,true,,Diepvries > Diepvriesgroenten,https://www.collectandgo.be/wcsstore/CollectAndGoSFAS/images/JPG/200x200/std.lang.all/61/12/asset-3496112.jpg,3074457345616681170
30038,30038-P,"BONI bladspinazie in porties 1,5kg","BONI bladspinazie in porties 1,5kg","1,88","1,26",EUR,Y,true,,Diepvries > Diepvriesgroenten,https://www.collectandgo.be/wcsstore/CollectAndGoSFAS/images/JPG/200x200/std.lang.all/41/60/asset-3414160.jpg,3074457345616681166
30065,30065-P,BONI ui ringen gesneden 1kg,BONI ui ringen gesneden 1kg,"2,39","2,39",EUR,Y,true,,Diepvries > Diepvriesgroenten,https://www.collectandgo.be/wcsstore/CollectAndGoSFAS/images/JPG/200x200/std.lang.all/46/00/asset-3794600.jpg,3074457345616679032
1103290,30050-P,BONI knoflook fijngesneden 250g,BONI knoflook fijngesneden 250g,"3,74","14,96",EUR,Y,true,,Diepvries > Diepvriesgroenten,https://www.collectandgo.be/wcsstore/CollectAndGoSFAS/images/JPG/200x200/std.lang.all/38/75/asset-4053875.jpg,3074457345616681468
30044,30044-P,"BONI groenteblokjes 1,5kg","BONI groenteblokjes 1,5kg","2,13","1,42",EUR,Y,true,,Diepvries > Diepvriesgroenten,https://www.collectandgo.be/wcsstore/CollectAndGoSFAS/images/JPG/200x200/std.lang.all/68/21/asset-3206821.jpg,3074457345616681172
1656115,32083-P,BONI pompoen blokjes 1kg,BONI pompoen blokjes 1kg,"2,09","2,09",EUR,Y,true,,Diepvries > Diepvriesgroenten,https://www.collectandgo.be/wcsstore/CollectAndGoSFAS/images/JPG/200x200/std.lang.all/67/52/asset-4046752.jpg,3074457345616689380
3462548,30706-P,BONI BIO prinsessenbonen zeer fijn 600g,BONI BIO prinsessenbonen zeer fijn 600g,"1,95","3,25",EUR,Y,true,,Diepvries > Diepvriesgroenten,https://www.collectandgo.be/wcsstore/CollectAndGoSFAS/images/JPG/200x200/std.lang.all/56/70/asset-2155670.jpg,3074457345616717228
30048,30048-P,"BONI prei gesneden 1,5kg","BONI prei gesneden 1,5kg","2,23","1,49",EUR,Y,true,,Diepvries > Diepvriesgroenten,https://www.collectandgo.be/wcsstore/CollectAndGoSFAS/images/JPG/200x200/std.lang.all/84/97/asset-3438497.jpg,3074457345616681174
1103287,30046-P,BONI ui fijngesneden 250g,BONI ui fijngesneden 250g,"1,98","7,92",EUR,Y,true,,Diepvries > Diepvriesgroenten,https://www.collectandgo.be/wcsstore/CollectAndGoSFAS/images/JPG/200x200/std.lang.all/88/98/asset-3448898.jpg,3074457345616681464
30064,30064-P,BONI groenten minestrone 1kg,BONI groenten minestrone 1kg,"1,67","1,67",EUR,Y,true,,Diepvries > Diepvriesgroenten,https://www.collectandgo.be/wcsstore/CollectAndGoSFAS/images/JPG/200x200/std.lang.all/51/83/asset-3755183.jpg,3074457345616679030
30055,30055-P,BONI groentenreepjes 1kg,BONI groentenreepjes 1kg,"2,19","2,19",EUR,Y,true,,Diepvries > Diepvriesgroenten,https://www.collectandgo.be/wcsstore/CollectAndGoSFAS/images/JPG/200x200/std.lang.all/94/23/asset-3949423.jpg,3074457345616679024
4190734,14660-P,BONI wokmix groenten 1kg,BONI wokmix groenten 1kg,"2,99","2,99",EUR,Y,true,,Diepvries > Diepvriesgroenten,https://www.collectandgo.be/wcsstore/CollectAndGoSFAS/images/JPG/200x200/std.lang.all/90/98/asset-3589098.jpg,3074457345616745184
1775105,33849-P,BONI courgettes in schijfjes 1kg,BONI courgettes in schijfjes 1kg,"2,39","2,39",EUR,Y,true,,Diepvries > Diepvriesgroenten,https://www.collectandgo.be/wcsstore/CollectAndGoSFAS/images/JPG/200x200/std.lang.all/98/14/asset-759814.jpg,3074457345616687538
30058,30058-P,"BONI paprika reepjes 1,5kg","BONI paprika reepjes 1,5kg","5,29","3,53",EUR,Y,true,,Diepvries > Diepvriesgroenten,https://www.collectandgo.be/wcsstore/CollectAndGoSFAS/images/JPG/200x200/std.lang.all/88/01/asset-3378801.jpg,3074457345616679028
4744285,32548-P,BONI PLAN'T Sojabonen 750g,BONI PLAN'T Sojabonen 750g,"4,98","6,64",EUR,Y,true,,Diepvries > Diepvriesgroenten,https://www.collectandgo.be/wcsstore/CollectAndGoSFAS/images/JPG/200x200/std.lang.all/76/41/asset-3677641.jpg,3074457345616820432
1815406,34266-P,BONI champignons schijfjes 1kg,BONI champignons schijfjes 1kg,"2,64","2,64",EUR,Y,true,,Diepvries > Diepvriesgroenten,https://www.collectandgo.be/wcsstore/CollectAndGoSFAS/images/JPG/200x200/std.lang.all/66/67/asset-3276667.jpg,3074457345616692106
30049,30049-P,BONI rode kool met appel 1kg,BONI rode kool met appel 1kg,"2,91","2,91",EUR,Y,true,,Diepvries > Diepvriesgroenten,https://www.collectandgo.be/wcsstore/CollectAndGoSFAS/images/JPG/200x200/std.lang.all/51/82/asset-3755182.jpg,3074457345616681176
2388283,32396-P,BONI groenten mix 1kg,BONI groenten mix 1kg,"3,29","3,29",EUR,Y,true,,Diepvries > Diepvriesgroenten,https://www.collectandgo.be/wcsstore/CollectAndGoSFAS/images/JPG/200x200/std.lang.all/33/00/asset-553300.jpg,3074457345616699042
30034,30034-P,"BONI erwten en jonge wortelen 1,5kg","BONI erwten en jonge wortelen 1,5kg","2,69","1,80",EUR,Y,true,,Diepvries > Diepvriesgroenten,https://www.collectandgo.be/wcsstore/CollectAndGoSFAS/images/JPG/200x200/std.lang.all/92/22/asset-4079222.jpg,3074457345616676732
1103289,30047-P,BONI ui sjalot fijngesneden 250g,BONI ui sjalot fijngesneden 250g,"2,61","10,44",EUR,Y,true,,Diepvries > Diepvriesgroenten,https://www.collectandgo.be/wcsstore/CollectAndGoSFAS/images/JPG/200x200/std.lang.all/44/29/asset-3454429.jpg,3074457345616681466
2456529,26016-P,BONI rode soepmix 1kg,BONI rode soepmix 1kg,"1,67","1,67",EUR,Y,true,,Diepvries > Diepvriesgroenten,https://www.collectandgo.be/wcsstore/CollectAndGoSFAS/images/JPG/200x200/std.lang.all/45/95/asset-3344595.jpg,3074457345616693784
30003,30003-P,"BONI broccoli mix 1,5kg","BONI broccoli mix 1,5kg","4,13","2,76",EUR,Y,true,,Diepvries > Diepvriesgroenten,https://www.collectandgo.be/wcsstore/CollectAndGoSFAS/images/JPG/200x200/std.lang.all/68/19/asset-3206819.jpg,3074457345616676702
3462514,30703-P,BONI BIO broccoli roosjes 600g,BONI BIO broccoli roosjes 600g,"2,21","3,69",EUR,Y,true,,Diepvries > Diepvriesgroenten,https://www.collectandgo.be/wcsstore/CollectAndGoSFAS/images/JPG/200x200/std.lang.all/35/56/asset-2223556.jpg,3074457345616717124
30006,30006-P,"BONI spruiten 1,5kg","BONI spruiten 1,5kg","2,43","1,62",EUR,Y,true,,Diepvries > Diepvriesgroenten,https://www.collectandgo.be/wcsstore/CollectAndGoSFAS/images/JPG/200x200/std.lang.all/84/96/asset-3438496.jpg,3074457345616676706
4775236,1131-P,BONI Ratatouille 1kg,BONI Ratatouille 1kg,"3,99","3,99",EUR,Y,true,,Diepvries > Diepvriesgroenten,https://www.collectandgo.be/wcsstore/CollectAndGoSFAS/images/JPG/200x200/std.lang.all/65/36/asset-3566536.jpg,3074457345616826410
30068,30068-P,BONI BIO bladspinazie 1kg,BONI BIO bladspinazie 1kg,"2,82","2,82",EUR,Y,true,,Diepvries > Diepvriesgroenten,https://www.collectandgo.be/wcsstore/CollectAndGoSFAS/images/JPG/200x200/std.lang.all/77/24/asset-2137724.jpg,3074457345616679034
30005,30005-P,BONI peterselie fijngesneden 250g,BONI peterselie fijngesneden 250g,"1,95","7,80",EUR,Y,true,,Diepvries > Diepvriesgroenten,https://www.collectandgo.be/wcsstore/CollectAndGoSFAS/images/JPG/200x200/std.lang.all/75/67/asset-4067567.jpg,3074457345616676704
2316226,17932-P,BONI knolselder blokjes 1kg,BONI knolselder blokjes 1kg,"1,92","1,92",EUR,Y,true,,Diepvries > Diepvriesgroenten,https://www.collectandgo.be/wcsstore/CollectAndGoSFAS/images/JPG/200x200/std.lang.all/77/86/asset-3207786.jpg,3074457345616696044
2810377,12654-P,BONI preiwit gesneden 1kg,BONI preiwit gesneden 1kg,"3,58","3,58",EUR,Y,true,,Diepvries > Diepvriesgroenten,https://www.collectandgo.be/wcsstore/CollectAndGoSFAS/images/JPG/200x200/std.lang.all/49/23/asset-3304923.jpg,3074457345616702630
4726061,14053-P,BONI Mediterraanse ovenschotel 1kg,BONI Mediterraanse ovenschotel 1kg,"4,69","4,69",EUR,Y,true,,Diepvries > Diepvriesgroenten,https://www.collectandgo.be/wcsstore/CollectAndGoSFAS/images/JPG/200x200/std.lang.all/23/27/asset-3552327.jpg,3074457345616816188
2456546,26037-P,BONI groene soepmix 1kg,BONI groene soepmix 1kg,"3,79","3,79",EUR,Y,true,,Diepvries > Diepvriesgroenten,https://www.collectandgo.be/wcsstore/CollectAndGoSFAS/images/JPG/200x200/std.lang.all/45/96/asset-3344596.jpg,3074457345616693786
30076,30076-P,BONI groenten chinamix 1kg,BONI groenten chinamix 1kg,"3,69","3,69",EUR,Y,true,,Diepvries > Diepvriesgroenten,https://www.collectandgo.be/wcsstore/CollectAndGoSFAS/images/JPG/200x200/std.lang.all/20/53/asset-552053.jpg,3074457345616679042
30011,30011-P,BONI bladspinazie los diepgevroren 1kg,BONI bladspinazie los diepgevroren 1kg,"1,18","1,18",EUR,Y,true,,Diepvries > Diepvriesgroenten,https://www.collectandgo.be/wcsstore/CollectAndGoSFAS/images/JPG/200x200/std.lang.all/78/23/asset-3467823.jpg,3074457345616676712
4528459,2748-P,BONI Franse groentenmix gekruid 750g,BONI Franse groentenmix gekruid 750g,"3,62","4,83",EUR,Y,true,,Diepvries > Diepvriesgroenten,https://www.collectandgo.be/wcsstore/CollectAndGoSFAS/images/JPG/200x200/std.lang.all/51/84/asset-3755184.jpg,3074457345616790768
30007,30007-P,BONI kervel in porties 1kg,BONI kervel in porties 1kg,"3,95","3,95",EUR,Y,true,,Diepvries > Diepvriesgroenten,https://www.collectandgo.be/wcsstore/CollectAndGoSFAS/images/JPG/200x200/std.lang.all/74/87/asset-3207487.jpg,3074457345616676708
4721008,14177-P,BONI Zoete aardappelbl. groentenmix 1kg,BONI Zoete aardappelbl. groentenmix 1kg,"4,83","4,83",EUR,Y,true,,Diepvries > Diepvriesgroenten,https://www.collectandgo.be/wcsstore/CollectAndGoSFAS/images/JPG/200x200/std.lang.all/88/13/asset-3378813.jpg,3074457345616815414
30024,30024-P,BONI snijbonen gesneden 1kg,BONI snijbonen gesneden 1kg,"2,69","2,69",EUR,Y,true,,Diepvries > Diepvriesgroenten,https://www.collectandgo.be/wcsstore/CollectAndGoSFAS/images/JPG/200x200/std.lang.all/49/21/asset-3304921.jpg,3074457345616676726
30008,30008-P,BONI prei room in porties 1kg,BONI prei room in porties 1kg,"3,09","3,09",EUR,Y,true,,Diepvries > Diepvriesgroenten,https://www.collectandgo.be/wcsstore/CollectAndGoSFAS/images/JPG/200x200/std.lang.all/84/81/asset-3268481.jpg,3074457345616676710
30057,30057-P,BONI boterbonen 1kg,BONI boterbonen 1kg,"2,89","2,89",EUR,Y,true,,Diepvries > Diepvriesgroenten,https://www.collectandgo.be/wcsstore/CollectAndGoSFAS/images/JPG/200x200/std.lang.all/70/59/asset-3317059.jpg,3074457345616679026
30016,30016-P,BONI groenten couscous 1kg,BONI groenten couscous 1kg,"2,65","2,65",EUR,Y,true,,Diepvries > Diepvriesgroenten,https://www.collectandgo.be/wcsstore/CollectAndGoSFAS/images/JPG/200x200/std.lang.all/10/61/asset-2181061.jpg,3074457345616676718
4933987,23404-P,BONI ital. groenten pesto mozzarella 1kg,BONI ital. groenten pesto mozzarella 1kg,"4,95","4,95",EUR,Y,true,,Diepvries > Diepvriesgroenten,https://www.collectandgo.be/wcsstore/CollectAndGoSFAS/images/JPG/200x200/std.lang.all/84/45/asset-4048445.jpg,3074457345616864256
4666668,4529-P,BONI BIO paprika mix bio 600g,BONI BIO paprika mix bio 600g,"3,49","5,82",EUR,Y,true,,Diepvries > Diepvriesgroenten,https://www.collectandgo.be/wcsstore/CollectAndGoSFAS/images/JPG/200x200/std.lang.all/95/89/asset-2949589.jpg,3074457345616805748
2456551,26087-P,BONI gele soepmix 1kg,BONI gele soepmix 1kg,"3,89","3,89",EUR,Y,true,,Diepvries > Diepvriesgroenten,https://www.collectandgo.be/wcsstore/CollectAndGoSFAS/images/JPG/200x200/std.lang.all/08/94/asset-3950894.jpg,3074457345616693788
4190737,14664-P,BONI forestière mix 1kg,BONI forestière mix 1kg,"4,69","4,69",EUR,Y,true,,Diepvries > Diepvriesgroenten,https://www.collectandgo.be/wcsstore/CollectAndGoSFAS/images/JPG/200x200/std.lang.all/27/18/asset-3772718.jpg,3074457345616745186
30020,30020-P,BONI tomaten blokjes 1kg,BONI tomaten blokjes 1kg,"2,96","2,96",EUR,Y,true,,Diepvries > Diepvriesgroenten,https://www.collectandgo.be/wcsstore/CollectAndGoSFAS/images/JPG/200x200/std.lang.all/72/84/asset-3397284.jpg,3074457345616676722
4930130,19440-P,BONI Uienringen 450g,BONI Uienringen 450g,"1,75","3,89",EUR,Y,true,,Diepvries > Diepvriesgroenten,https://www.collectandgo.be/wcsstore/CollectAndGoSFAS/images/JPG/200x200/std.lang.all/03/02/asset-4000302.jpg,3074457345616862764
4931562,8501-P,BONI bakplaatgroenten met feta 750g,BONI bakplaatgroenten met feta 750g,"3,95","5,27",EUR,Y,true,,Diepvries > Diepvriesgroenten,https://www.collectandgo.be/wcsstore/CollectAndGoSFAS/images/JPG/200x200/std.lang.all/47/73/asset-4034773.jpg,3074457345616863690
3866963,42338-P,BONI bloemkoolrijst 1kg,BONI bloemkoolrijst 1kg,"3,79","3,79",EUR,Y,true,,Diepvries > Diepvriesgroenten,https://www.collectandgo.be/wcsstore/CollectAndGoSFAS/images/JPG/200x200/std.lang.all/69/82/asset-1946982.jpg,3074457345616728140
30070,30070-P,BONI BIO 7 soepgroenten 1kg,BONI BIO 7 soepgroenten 1kg,"3,69","3,69",EUR,Y,true,,Diepvries > Diepvriesgroenten,https://www.collectandgo.be/wcsstore/CollectAndGoSFAS/images/JPG/200x200/std.lang.all/10/38/asset-2711038.jpg,3074457345616679036
3462535,30704-P,BONI BIO bloemkoolroosjes 600g,BONI BIO bloemkoolroosjes 600g,"1,89","3,15",EUR,Y,true,,Diepvries > Diepvriesgroenten,https://www.collectandgo.be/wcsstore/CollectAndGoSFAS/images/JPG/200x200/std.lang.all/18/23/asset-2101823.jpg,3074457345616717226
4676986,11710-P,BONI Gember 250g,BONI Gember 250g,"2,69","10,76",EUR,Y,true,,Diepvries > Diepvriesgroenten,https://www.collectandgo.be/wcsstore/CollectAndGoSFAS/images/JPG/200x200/std.lang.all/34/98/asset-3703498.jpg,3074457345616806812
4736563,32276-P,BONI Pastinaak 1kg,BONI Pastinaak 1kg,"2,29","2,29",EUR,Y,true,,Diepvries > Diepvriesgroenten,https://www.collectandgo.be/wcsstore/CollectAndGoSFAS/images/JPG/200x200/std.lang.all/16/85/asset-3361685.jpg,3074457345616819110
30029,30029-P,BONI asperges witte 1kg,BONI asperges witte 1kg,"9,95","9,95",EUR,Y,true,,Diepvries > Diepvriesgroenten,https://www.collectandgo.be/wcsstore/CollectAndGoSFAS/images/JPG/200x200/std.lang.all/70/38/asset-3637038.jpg,3074457345616676730
4707980,31591-P,IGLO Broccoli roomsaus 400g,IGLO Broccoli roomsaus 400g,"4,99","12,48",EUR,Y,true,,Diepvries > Diepvriesgroenten,https://www.collectandgo.be/wcsstore/CollectAndGoSFAS/images/JPG/200x200/std.lang.all/65/84/asset-3276584.jpg,3074457345616812186
4931548,8376-P,BONI teriyaki groenten 1kg,BONI teriyaki groenten 1kg,"3,95","3,95",EUR,Y,true,,Diepvries > Diepvriesgroenten,https://www.collectandgo.be/wcsstore/CollectAndGoSFAS/images/JPG/200x200/std.lang.all/32/05/asset-4003205.jpg,3074457345616863686
4707947,31590-P,IGLO Bloemkool in roomsaus 400g,IGLO Bloemkool in roomsaus 400g,"5,25","13,13",EUR,Y,true,,Diepvries > Diepvriesgroenten,https://www.collectandgo.be/wcsstore/CollectAndGoSFAS/images/JPG/200x200/std.lang.all/65/83/asset-3276583.jpg,3074457345616812184
4906364,5128-P,BONI PLAN'T Wellness mix Gr.Meng. 750g,BONI PLAN'T Wellness mix Gr.Meng. 750g,"2,95","3,94",EUR,Y,true,,Diepvries > Diepvriesgroenten,https://www.collectandgo.be/wcsstore/CollectAndGoSFAS/images/JPG/200x200/std.lang.all/76/26/asset-3907626.jpg,3074457345616853662
4528519,3014-P,BONI Mexicaanse groentenmix 750g,BONI Mexicaanse groentenmix 750g,"2,95","3,94",EUR,Y,true,,Diepvries > Diepvriesgroenten,https://www.collectandgo.be/wcsstore/CollectAndGoSFAS/images/JPG/200x200/std.lang.all/48/97/asset-3754897.jpg,3074457345616790772
4879314,39136-P,BONI PLAN'T Garden grain mix 750g,BONI PLAN'T Garden grain mix 750g,"3,49","4,66",EUR,Y,true,,Diepvries > Diepvriesgroenten,https://www.collectandgo.be/wcsstore/CollectAndGoSFAS/images/JPG/200x200/std.lang.all/46/75/asset-3964675.jpg,3074457345616846322
30077,30077-P,BONI schorseneren geschild 1kg,BONI schorseneren geschild 1kg,"3,07","3,07",EUR,Y,true,,Diepvries > Diepvriesgroenten,https://www.collectandgo.be/wcsstore/CollectAndGoSFAS/images/JPG/200x200/std.lang.all/15/99/asset-3391599.jpg,3074457345616679044
4909132,23183-P,BONI PLAN'T MEXICAANSE MIX 750g,BONI PLAN'T MEXICAANSE MIX 750g,"3,75","5,00",EUR,Y,true,,Diepvries > Diepvriesgroenten,https://www.collectandgo.be/wcsstore/CollectAndGoSFAS/images/JPG/200x200/std.lang.all/58/34/asset-3935834.jpg,3074457345616854706
3166746,18294-P,BONI groenten gegrild mix 1kg,BONI groenten gegrild mix 1kg,"3,99","3,99",EUR,Y,true,,Diepvries > Diepvriesgroenten,https://www.collectandgo.be/wcsstore/CollectAndGoSFAS/images/JPG/200x200/std.lang.all/32/53/asset-3463253.jpg,3074457345616709380
3347133,9567-P,BONI zilveruitjes 450g,BONI zilveruitjes 450g,"2,09","4,65",EUR,Y,true,,Diepvries > Diepvriesgroenten,https://www.collectandgo.be/wcsstore/CollectAndGoSFAS/images/JPG/200x200/std.lang.all/98/19/asset-759819.jpg,3074457345616709920
30013,30013-P,EVERYDAY spinazie roomsaus 450g,EVERYDAY spinazie roomsaus 450g,"0,59","1,32",EUR,Y,true,,Diepvries > Diepvriesgroenten,https://www.collectandgo.be/wcsstore/CollectAndGoSFAS/images/JPG/200x200/std.lang.all/39/12/asset-383912.jpg,3074457345616676716
30018,30018-P,"EVERYDAY spinazie in porties 1,5kg","EVERYDAY spinazie in porties 1,5kg","2,52","1,68",EUR,Y,true,,Diepvries > Diepvriesgroenten,https://www.collectandgo.be/wcsstore/CollectAndGoSFAS/images/JPG/200x200/std.lang.all/34/08/asset-2313408.jpg,3074457345616676720
30052,30052-P,"EVERYDAY soepgroenten 1,5kg","EVERYDAY soepgroenten 1,5kg","2,09","1,40",EUR,Y,true,,Diepvries > Diepvriesgroenten,https://www.collectandgo.be/wcsstore/CollectAndGoSFAS/images/JPG/200x200/std.lang.all/57/10/asset-1405710.jpg,3074457345616681180
30073,30073-P,BONI frambozen 1kg,BONI frambozen 1kg,"6,52","6,52",EUR,Y,true,,Diepvries > Diepvriesfruit en smoothies,https://www.collectandgo.be/wcsstore/CollectAndGoSFAS/images/JPG/200x200/std.lang.all/58/06/asset-3355806.jpg,3074457345616679038
3106556,43292-P,BONI blauwe bessen 450g,BONI blauwe bessen 450g,"2,99","6,65",EUR,Y,true,,Diepvries > Diepvriesfruit en smoothies,https://www.collectandgo.be/wcsstore/CollectAndGoSFAS/images/JPG/200x200/std.lang.all/70/40/asset-3637040.jpg,3074457345616706862
30074,30074-P,BONI bosvruchten 1kg,BONI bosvruchten 1kg,"5,50","5,50",EUR,Y,true,,Diepvries > Diepvriesfruit en smoothies,https://www.collectandgo.be/wcsstore/CollectAndGoSFAS/images/JPG/200x200/std.lang.all/11/09/asset-3321109.jpg,3074457345616679040
1397612,30407-P,BONI aardbeien 1kg,BONI aardbeien 1kg,"3,99","3,99",EUR,Y,true,,Diepvries > Diepvriesfruit en smoothies,https://www.collectandgo.be/wcsstore/CollectAndGoSFAS/images/JPG/200x200/std.lang.all/25/76/asset-3372576.jpg,3074457345616683158
2446009,24169-P,BONI mango stukjes 1kg,BONI mango stukjes 1kg,"5,29","5,29",EUR,Y,true,,Diepvries > Diepvriesfruit en smoothies,https://www.collectandgo.be/wcsstore/CollectAndGoSFAS/images/JPG/200x200/std.lang.all/35/02/asset-3413502.jpg,3074457345616696692
3723270,13091-P,BONI Tropical Fruitmix 1kg,BONI Tropical Fruitmix 1kg,"4,32","4,32",EUR,Y,true,,Diepvries > Diepvriesfruit en smoothies,https://www.collectandgo.be/wcsstore/CollectAndGoSFAS/images/JPG/200x200/std.lang.all/75/55/asset-4067555.jpg,3074457345616724278
3867399,13484-P,BONI ingevroren avocado 600g,BONI ingevroren avocado 600g,"4,95","8,25",EUR,Y,true,,Diepvries > Diepvriesfruit en smoothies,https://www.collectandgo.be/wcsstore/CollectAndGoSFAS/images/JPG/200x200/std.lang.all/63/27/asset-3806327.jpg,3074457345616737682
4941978,39947-P,BONI aardbei banaan 450g,BONI aardbei banaan 450g,"2,55","5,67",EUR,Y,true,,Diepvries > Diepvriesfruit en smoothies,https://www.collectandgo.be/wcsstore/CollectAndGoSFAS/images/JPG/200x200/std.lang.all/36/43/asset-4023643.jpg,3074457345616868970
2446008,24187-P,BONI ananas stukjes 1kg,BONI ananas stukjes 1kg,"5,89","5,89",EUR,Y,true,,Diepvries > Diepvriesfruit en smoothies,https://www.collectandgo.be/wcsstore/CollectAndGoSFAS/images/JPG/200x200/std.lang.all/44/65/asset-4034465.jpg,3074457345616696690
4619219,11707-P,BONI Ontbijt topper classic 450g,BONI Ontbijt topper classic 450g,"3,79","8,43",EUR,Y,true,,Diepvries > Diepvriesfruit en smoothies,https://www.collectandgo.be/wcsstore/CollectAndGoSFAS/images/JPG/200x200/std.lang.all/07/83/asset-3480783.jpg,3074457345616801200
4777856,8941-P,BONI Granaatappelpitjes 450g,BONI Granaatappelpitjes 450g,"3,40","7,56",EUR,Y,true,,Diepvries > Diepvriesfruit en smoothies,https://www.collectandgo.be/wcsstore/CollectAndGoSFAS/images/JPG/200x200/std.lang.all/61/39/asset-3486139.jpg,3074457345616826624
4770369,27574-P,BONI Ontbijt Topper Rode vruchtenm. 450g,BONI Ontbijt Topper Rode vruchtenm. 450g,"3,95","8,78",EUR,Y,true,,Diepvries > Diepvriesfruit en smoothies,https://www.collectandgo.be/wcsstore/CollectAndGoSFAS/images/JPG/200x200/std.lang.all/63/96/asset-3406396.jpg,3074457345616825950
4941971,39946-P,BONI kiwi blokjes 450g,BONI kiwi blokjes 450g,"3,95","8,78",EUR,Y,true,,Diepvries > Diepvriesfruit en smoothies,https://www.collectandgo.be/wcsstore/CollectAndGoSFAS/images/JPG/200x200/std.lang.all/95/80/asset-4019580.jpg,3074457345616868964
4941991,39951-P,BONI passievrucht 250g,BONI passievrucht 250g,"2,99","11,96",EUR,Y,true,,Diepvries > Diepvriesfruit en smoothies,https://www.collectandgo.be/wcsstore/CollectAndGoSFAS/images/JPG/200x200/std.lang.all/51/61/asset-4025161.jpg,3074457345616868978
4075431,7347-P,BONI frambozencoulis 4x50g,BONI frambozencoulis 4x50g,"2,65","13,25",EUR,Y,true,,Diepvries > Diepvriesfruit en smoothies,https://www.collectandgo.be/wcsstore/CollectAndGoSFAS/images/JPG/200x200/std.lang.all/84/35/asset-3178435.jpg,3074457345616734564
4941982,39948-P,BONI citroenschijfjes 600g,BONI citroenschijfjes 600g,"3,95","6,59",EUR,Y,true,,Diepvries > Diepvriesfruit en smoothies,https://www.collectandgo.be/wcsstore/CollectAndGoSFAS/images/JPG/200x200/std.lang.all/51/60/asset-4025160.jpg,3074457345616868974
4941987,39949-P,BONI watermeloen blokjes 600g,BONI watermeloen blokjes 600g,"3,95","6,59",EUR,Y,true,,Diepvries > Diepvriesfruit en smoothies,https://www.collectandgo.be/wcsstore/CollectAndGoSFAS/images/JPG/200x200/std.lang.all/43/16/asset-4034316.jpg,3074457345616868976
3698895,30461-P,BONI gehaktbal kip voorgegaard 1kg,BONI gehaktbal kip voorgegaard 1kg,"6,98","6,98",EUR,Y,true,,Diepvries > Vlees,https://www.collectandgo.be/wcsstore/CollectAndGoSFAS/images/JPG/200x200/std.lang.all/95/18/asset-1959518.jpg,3074457345616727270
3660304,30191-P,Boni Selection Kebab Voorgebakken diepvries 1kg,BONI kebab voorgebakken 1kg,"11,37","11,37",EUR,Y,true,,Diepvries > Vlees,https://www.collectandgo.be/wcsstore/CollectAndGoSFAS/images/JPG/200x200/std.lang.all/00/38/asset-2330038.jpg,3074457345616721286
4773123,32976-P,BONI kip krokant 800g,BONI kip krokant 800g,"13,19","16,49",EUR,Y,true,,Diepvries > Vlees,https://www.collectandgo.be/wcsstore/CollectAndGoSFAS/images/JPG/200x200/std.lang.all/98/21/asset-3419821.jpg,3074457345616826270
4915317,12474-P,"BONI Kippendonuts 0,8kg","BONI Kippendonuts 0,8kg","10,99","13,74",EUR,Y,true,,Diepvries > Vlees,https://www.collectandgo.be/wcsstore/CollectAndGoSFAS/images/JPG/200x200/std.lang.all/37/18/asset-3943718.jpg,3074457345616857224
3435988,30445-P,BONI schnitzel vol-au-vent 1kg,BONI schnitzel vol-au-vent 1kg,"12,20","12,20",EUR,Y,true,,Diepvries > Vlees,https://www.collectandgo.be/wcsstore/CollectAndGoSFAS/images/JPG/200x200/std.lang.all/27/16/asset-3372716.jpg,3074457345616717262
4936311,28351-P,BONI Kalkoen rollade diepvries 700g,BONI Kalkoen rollade diepvries 700g,"8,39","11,99",EUR,Y,true,,Diepvries > Vlees,https://www.collectandgo.be/wcsstore/CollectAndGoSFAS/images/JPG/200x200/std.lang.all/85/35/asset-3998535.jpg,3074457345616865184
4758685,1163-P,BONI beter welzijns kip.borstfil ±1kg,BONI beter welzijns kip.borstfil ±1kg,"11,99","11,99",EUR,Y,true,,Diepvries > Vlees,https://www.collectandgo.be/wcsstore/CollectAndGoSFAS/images/JPG/200x200/std.lang.all/32/08/asset-3933208.jpg,3074457345616823472
3985569,3951-P,EVERYDAY Cordon Bleu kip kalkoen 500g,EVERYDAY Cordon Bleu kip kalkoen 500g,"4,30","8,60",EUR,Y,true,,Diepvries > Vlees,https://www.collectandgo.be/wcsstore/CollectAndGoSFAS/images/JPG/200x200/std.lang.all/00/50/asset-3340050.jpg,3074457345616740924
3796348,41584-P,EVERYDAY kippenfilets 1kg,EVERYDAY kippenfilets 1kg,"9,49","9,49",EUR,Y,true,,Diepvries > Vlees,https://www.collectandgo.be/wcsstore/CollectAndGoSFAS/images/JPG/200x200/std.lang.all/29/66/asset-1472966.jpg,3074457345616729420
3974014,3416-P,EVERYDAY kalkoenschnitzel 8x125g,EVERYDAY kalkoenschnitzel 8x125g,"16,85","16,85",EUR,Y,true,,Diepvries > Vlees,https://www.collectandgo.be/wcsstore/CollectAndGoSFAS/images/JPG/200x200/std.lang.all/46/38/asset-3274638.jpg,3074457345616739012
4226750,3756-P,IGLO fish sticks MSC 28st 840g,IGLO fish sticks MSC 28st 840g,"6,09","7,25",EUR,Y,true,,Diepvries > Vis en schaaldieren,https://www.collectandgo.be/wcsstore/CollectAndGoSFAS/images/JPG/200x200/std.lang.all/35/09/asset-3523509.jpg,3074457345616684102
4700730,31095-P,IGLO 15 Fish Sticks MSC 450g,IGLO 15 Fish Sticks MSC 450g,"3,29","7,32",EUR,Y,true,,Diepvries > Vis en schaaldieren,https://www.collectandgo.be/wcsstore/CollectAndGoSFAS/images/JPG/200x200/std.lang.all/35/17/asset-3523517.jpg,3074457345616810230
4701554,31154-P,IGLO Kombinos Tomaat MozzarellaMSC 600g,IGLO Kombinos Tomaat MozzarellaMSC 600g,"10,15","16,92",EUR,Y,true,,Diepvries > Vis en schaaldieren,https://www.collectandgo.be/wcsstore/CollectAndGoSFAS/images/JPG/200x200/std.lang.all/44/97/asset-3384497.jpg,3074457345616810302
4701522,31150-P,IGLO Kombinos spinazie MSC 600g,IGLO Kombinos spinazie MSC 600g,"10,15","16,92",EUR,Y,true,,Diepvries > Vis en schaaldieren,https://www.collectandgo.be/wcsstore/CollectAndGoSFAS/images/JPG/200x200/std.lang.all/90/89/asset-3139089.jpg,3074457345616810294
30092,30092-P,ALFRIO inktvisringen 500g,ALFRIO inktvisringen 500g,"6,49","12,98",EUR,Y,true,,Diepvries > Vis en schaaldieren,https://www.collectandgo.be/wcsstore/CollectAndGoSFAS/images/JPG/200x200/std.lang.all/11/73/asset-1181173.jpg,3074457345616679054
3803606,20652-P,IGLO gepaneerde Alaska Pollak 4st 400g,IGLO gepaneerde Alaska Pollak 4st 400g,"6,15","15,38",EUR,Y,true,,Diepvries > Vis en schaaldieren,https://www.collectandgo.be/wcsstore/CollectAndGoSFAS/images/JPG/200x200/std.lang.all/08/30/asset-3590830.jpg,3074457345616730842
3540079,30212-P,IGLO fishstick fish&chips wijze 26s 728g,IGLO fishstick fish&chips wijze 26s 728g,"8,99","12,35",EUR,Y,true,,Diepvries > Vis en schaaldieren,https://www.collectandgo.be/wcsstore/CollectAndGoSFAS/images/JPG/200x200/std.lang.all/74/95/asset-3697495.jpg,3074457345616718844
4701540,31153-P,IGLO Kombinos broccoli MSC 600g,IGLO Kombinos broccoli MSC 600g,"9,98","16,64",EUR,Y,true,,Diepvries > Vis en schaaldieren,https://www.collectandgo.be/wcsstore/CollectAndGoSFAS/images/JPG/200x200/std.lang.all/36/04/asset-3133604.jpg,3074457345616810300
3832841,20983-P,IGLO gepaneerde kabeljauwfilets 4st 400g,IGLO gepaneerde kabeljauwfilets 4st 400g,"13,89","34,73",EUR,Y,true,,Diepvries > Vis en schaaldieren,https://www.collectandgo.be/wcsstore/CollectAndGoSFAS/images/JPG/200x200/std.lang.all/94/37/asset-3279437.jpg,3074457345616728522
4831256,15922-P,IGLO Fish sticks Glutenfree 12st 360g,IGLO Fish sticks Glutenfree 12st 360g,"6,49","18,03",EUR,Y,true,,Diepvries > Vis en schaaldieren,https://www.collectandgo.be/wcsstore/CollectAndGoSFAS/images/JPG/200x200/std.lang.all/04/55/asset-3810455.jpg,3074457345616837970
4740137,9441-P,IGLO Fish & Fun | Zeeschatten 11st 352g,IGLO Fish & Fun | Zeeschatten 11st 352g,"4,99","14,18",EUR,Y,true,,Diepvries > Vis en schaaldieren,https://www.collectandgo.be/wcsstore/CollectAndGoSFAS/images/JPG/200x200/std.lang.all/01/90/asset-3810190.jpg,3074457345616819922
4226773,3932-P,IGLO visgratin tomaat/mozarella MSC 380g,IGLO visgratin tomaat/mozarella MSC 380g,"5,99","15,77",EUR,Y,true,,Diepvries > Vis en schaaldieren,https://www.collectandgo.be/wcsstore/CollectAndGoSFAS/images/JPG/200x200/std.lang.all/94/39/asset-3279439.jpg,3074457345616693836
4811422,37527-P,IGLO Fish Burger 2st 227g,IGLO Fish Burger 2st 227g,"3,90","17,19",EUR,Y,true,,Diepvries > Vis en schaaldieren,https://www.collectandgo.be/wcsstore/CollectAndGoSFAS/images/JPG/200x200/std.lang.all/08/82/asset-3680882.jpg,3074457345616834396
4946751,22802-P,IGLO Kombinos Kaas & Peterselie 300g,IGLO Kombinos Kaas & Peterselie 300g,"5,49","18,30",EUR,Y,true,,Diepvries > Vis en schaaldieren,https://www.collectandgo.be/wcsstore/CollectAndGoSFAS/images/JPG/200x200/std.lang.all/57/19/asset-4075719.jpg,3074457345616870478
4701512,31149-P,IGLO 3 kombinos tomaat mozzarella 300g,IGLO 3 kombinos tomaat mozzarella 300g,"4,99","16,64",EUR,Y,true,,Diepvries > Vis en schaaldieren,https://www.collectandgo.be/wcsstore/CollectAndGoSFAS/images/JPG/200x200/std.lang.all/94/41/asset-3279441.jpg,3074457345616810292
4226844,3966-P,IGLO visgratin spinazie room MSC 380g,IGLO visgratin spinazie room MSC 380g,"6,29","16,56",EUR,Y,true,,Diepvries > Vis en schaaldieren,https://www.collectandgo.be/wcsstore/CollectAndGoSFAS/images/JPG/200x200/std.lang.all/27/30/asset-3332730.jpg,3074457345616710986
4812605,37655-P,IGLO Fish Nuggets 10st 245g,IGLO Fish Nuggets 10st 245g,"4,49","18,33",EUR,Y,true,,Diepvries > Vis en schaaldieren,https://www.collectandgo.be/wcsstore/CollectAndGoSFAS/images/JPG/200x200/std.lang.all/47/15/asset-3924715.jpg,3074457345616834604
4887969,39381-P,IGLO Fish & Fun | Fish | Rösti 250g,IGLO Fish & Fun | Fish | Rösti 250g,"6,18","24,72",EUR,Y,true,,Diepvries > Vis en schaaldieren,https://www.collectandgo.be/wcsstore/CollectAndGoSFAS/images/JPG/200x200/std.lang.all/57/57/asset-3835757.jpg,3074457345616848714
4244696,20063-P,ARBI Arbi Vongole 450g,ARBI Arbi Vongole 450g,"4,99","11,09",EUR,Y,true,,Diepvries > Vis en schaaldieren,https://www.collectandgo.be/wcsstore/CollectAndGoSFAS/images/JPG/200x200/std.lang.all/27/93/asset-2112793.jpg,3074457345616685040
3199896,43033-P,BONI calamari fritti 50-90st 1kg,BONI calamari fritti 50-90st 1kg,"8,95","8,95",EUR,Y,true,,Diepvries > Vis en schaaldieren,https://www.collectandgo.be/wcsstore/CollectAndGoSFAS/images/JPG/200x200/std.lang.all/48/19/asset-3924819.jpg,3074457345616709040
4671492,14035-P,"BONI zalmfilet 1,5kg","BONI zalmfilet 1,5kg","37,95","25,30",EUR,Y,true,,Diepvries > Vis en schaaldieren,https://www.collectandgo.be/wcsstore/CollectAndGoSFAS/images/JPG/200x200/std.lang.all/19/74/asset-4061974.jpg,3074457345616806234
3443440,30528-P,BONI party scampi klein 45-55 ASC 500g,BONI party scampi klein 45-55 ASC 500g,"9,99","19,98",EUR,Y,true,,Diepvries > Vis en schaaldieren,https://www.collectandgo.be/wcsstore/CollectAndGoSFAS/images/JPG/200x200/std.lang.all/20/26/asset-1382026.jpg,3074457345616716066
4858930,38601-P,BONI Kabeljauw Filet 1kg,BONI Kabeljauw Filet 1kg,"17,47","17,47",EUR,Y,true,,Diepvries > Vis en schaaldieren,https://www.collectandgo.be/wcsstore/CollectAndGoSFAS/images/JPG/200x200/std.lang.all/75/71/asset-4087571.jpg,3074457345616844022
4671485,13825-P,BONI zalmhaas 1kg,BONI zalmhaas 1kg,"30,75","30,75",EUR,Y,true,,Diepvries > Vis en schaaldieren,https://www.collectandgo.be/wcsstore/CollectAndGoSFAS/images/JPG/200x200/std.lang.all/42/98/asset-3454298.jpg,3074457345616806232
3454781,30654-P,BONI scharfilet dubbel graatloos MSC 1kg,BONI scharfilet dubbel graatloos MSC 1kg,"11,89","11,89",EUR,Y,true,,Diepvries > Vis en schaaldieren,https://www.collectandgo.be/wcsstore/CollectAndGoSFAS/images/JPG/200x200/std.lang.all/29/94/asset-2372994.jpg,3074457345616717184
4729582,32147-P,BONI Kabeljauw graatloos MSC 1kg,BONI Kabeljauw graatloos MSC 1kg,"25,95","25,95",EUR,Y,true,,Diepvries > Vis en schaaldieren,https://www.collectandgo.be/wcsstore/CollectAndGoSFAS/images/JPG/200x200/std.lang.all/56/71/asset-2155671.jpg,3074457345616817720
4889903,39505-P,BONI Alaska Pollak Port 4x100g,BONI Alaska Pollak Port 4x100g,"2,99","7,48",EUR,Y,true,,Diepvries > Vis en schaaldieren,https://www.collectandgo.be/wcsstore/CollectAndGoSFAS/images/JPG/200x200/std.lang.all/48/29/asset-3854829.jpg,3074457345616849280
4767256,32816-P,BONI Zalm op vel 4x125g,BONI Zalm op vel 4x125g,"12,65","25,30",EUR,Y,true,,Diepvries > Vis en schaaldieren,https://www.collectandgo.be/wcsstore/CollectAndGoSFAS/images/JPG/200x200/std.lang.all/75/81/asset-3357581.jpg,3074457345616824876
3426255,30388-P,BONI Frutti Di Mare meng.gekookt 1kg,BONI Frutti Di Mare meng.gekookt 1kg,"15,95","15,95",EUR,Y,true,,Diepvries > Vis en schaaldieren,https://www.collectandgo.be/wcsstore/CollectAndGoSFAS/images/JPG/200x200/std.lang.all/26/47/asset-2912647.jpg,3074457345616716532
3443495,30530-P,BONI Tiger scampi L.gep.18-23 ASC 500g,BONI Tiger scampi L.gep.18-23 ASC 500g,"18,50","37,00",EUR,Y,true,,Diepvries > Vis en schaaldieren,https://www.collectandgo.be/wcsstore/CollectAndGoSFAS/images/JPG/200x200/std.lang.all/77/85/asset-3137785.jpg,3074457345616716524
3821385,40671-P,BONI zeevruchtencocktail 1kg,BONI zeevruchtencocktail 1kg,"10,79","10,79",EUR,Y,true,,Diepvries > Vis en schaaldieren,https://www.collectandgo.be/wcsstore/CollectAndGoSFAS/images/JPG/200x200/std.lang.all/45/76/asset-2404576.jpg,3074457345616730806
3173001,13431-P,BONI tilapiafilet graatloos ASC 1kg,BONI tilapiafilet graatloos ASC 1kg,"11,35","11,35",EUR,Y,true,,Diepvries > Vis en schaaldieren,https://www.collectandgo.be/wcsstore/CollectAndGoSFAS/images/JPG/200x200/std.lang.all/16/00/asset-3341600.jpg,3074457345616707144
4899955,19680-P,BONI Crispy Fish Broccoli 4x100g,BONI Crispy Fish Broccoli 4x100g,"3,45","8,63",EUR,Y,true,,Diepvries > Vis en schaaldieren,https://www.collectandgo.be/wcsstore/CollectAndGoSFAS/images/JPG/200x200/std.lang.all/39/22/asset-3883922.jpg,3074457345616852670
3113815,40201-P,BONI wokmix vis MSC 1kg,BONI wokmix vis MSC 1kg,"15,95","15,95",EUR,Y,true,,Diepvries > Vis en schaaldieren,https://www.collectandgo.be/wcsstore/CollectAndGoSFAS/images/JPG/200x200/std.lang.all/79/58/asset-2107958.jpg,3074457345616706214
3194649,42681-P,BONI Alaska pollak graatl.5st MSC 800g,BONI Alaska pollak graatl.5st MSC 800g,"9,84","12,30",EUR,Y,true,,Diepvries > Vis en schaaldieren,https://www.collectandgo.be/wcsstore/CollectAndGoSFAS/images/JPG/200x200/std.lang.all/09/78/asset-3820978.jpg,3074457345616708880
3283337,9981-P,BONI Tiger scampi Medium ongep. ASC 500g,BONI Tiger scampi Medium ongep. ASC 500g,"14,95","29,90",EUR,Y,true,,Diepvries > Vis en schaaldieren,https://www.collectandgo.be/wcsstore/CollectAndGoSFAS/images/JPG/200x200/std.lang.all/55/72/asset-1165572.jpg,3074457345616709452
3451108,30598-P,"BONI Alaska-pollakfilet graatl.MSC 1,5kg","BONI Alaska-pollakfilet graatl.MSC 1,5kg","13,31","8,88",EUR,Y,true,,Diepvries > Vis en schaaldieren,https://www.collectandgo.be/wcsstore/CollectAndGoSFAS/images/JPG/200x200/std.lang.all/58/27/asset-2215827.jpg,3074457345616713954
4899884,18616-P,BONI Crispy Fish Tomato 4x100g,BONI Crispy Fish Tomato 4x100g,"3,95","9,88",EUR,Y,true,,Diepvries > Vis en schaaldieren,https://www.collectandgo.be/wcsstore/CollectAndGoSFAS/images/JPG/200x200/std.lang.all/39/35/asset-3883935.jpg,3074457345616852662
4733691,12103-P,BONI schelvishaasjes graatloos MSC 1kg,BONI schelvishaasjes graatloos MSC 1kg,"22,95","22,95",EUR,Y,true,,Diepvries > Vis en schaaldieren,https://www.collectandgo.be/wcsstore/CollectAndGoSFAS/images/JPG/200x200/std.lang.all/20/42/asset-4102042.jpg,3074457345616818706
30131,30131-P,BONI zalm port.Atl.graatloos ASC 10x100g,BONI zalm port.Atl.graatloos ASC 10x100g,"22,95","22,95",EUR,Y,true,,Diepvries > Vis en schaaldieren,https://www.collectandgo.be/wcsstore/CollectAndGoSFAS/images/JPG/200x200/std.lang.all/98/80/asset-3969880.jpg,3074457345616679060
3643979,17226-P,BONI Black Tiger gamba jumbo ASC 500g,BONI Black Tiger gamba jumbo ASC 500g,"12,95","25,90",EUR,Y,true,,Diepvries > Vis en schaaldieren,https://www.collectandgo.be/wcsstore/CollectAndGoSFAS/images/JPG/200x200/std.lang.all/78/22/asset-2857822.jpg,3074457345616721664
3111431,40175-P,BONI scharrolletjes graatloos MSC 1kg,BONI scharrolletjes graatloos MSC 1kg,"10,36","10,36",EUR,Y,true,,Diepvries > Vis en schaaldieren,https://www.collectandgo.be/wcsstore/CollectAndGoSFAS/images/JPG/200x200/std.lang.all/15/16/asset-3991516.jpg,3074457345616707092
4662740,29901-P,BONI Pladijsfilet zonder graten MSC 1kg,BONI Pladijsfilet zonder graten MSC 1kg,"23,05","23,05",EUR,Y,true,,Diepvries > Vis en schaaldieren,https://www.collectandgo.be/wcsstore/CollectAndGoSFAS/images/JPG/200x200/std.lang.all/25/91/asset-3372591.jpg,3074457345616805344
4662786,29907-P,BONI escargots bourguignonne 12st 89g,BONI escargots bourguignonne 12st 89g,"4,05","45,51",EUR,Y,true,,Diepvries > Vis en schaaldieren,https://www.collectandgo.be/wcsstore/CollectAndGoSFAS/images/JPG/200x200/std.lang.all/16/81/asset-3361681.jpg,3074457345616805352
3443523,30532-P,BONI Tiger scampi jumbo 8-14 ASC 500g,BONI Tiger scampi jumbo 8-14 ASC 500g,"19,99","39,98",EUR,Y,true,,Diepvries > Vis en schaaldieren,https://www.collectandgo.be/wcsstore/CollectAndGoSFAS/images/JPG/200x200/std.lang.all/34/52/asset-1403452.jpg,3074457345616716122
2949863,15986-P,BONI vispannetjes langoustine saus 300g,BONI vispannetjes langoustine saus 300g,"5,09","16,97",EUR,Y,true,,Diepvries > Vis en schaaldieren,https://www.collectandgo.be/wcsstore/CollectAndGoSFAS/images/JPG/200x200/std.lang.all/91/22/asset-3409122.jpg,3074457345616701458
4899824,18307-P,BONI Visfilet gratin tomaat 2x200g,BONI Visfilet gratin tomaat 2x200g,"3,45","8,63",EUR,Y,true,,Diepvries > Vis en schaaldieren,https://www.collectandgo.be/wcsstore/CollectAndGoSFAS/images/JPG/200x200/std.lang.all/45/32/asset-3884532.jpg,3074457345616852658
4283631,1090-P,BONI hele sardines 9-18st 600g,BONI hele sardines 9-18st 600g,"5,93","9,89",EUR,Y,true,,Diepvries > Vis en schaaldieren,https://www.collectandgo.be/wcsstore/CollectAndGoSFAS/images/JPG/200x200/std.lang.all/85/16/asset-2288516.jpg,3074457345616680438
4919932,12193-P,BONI Gemarin.Zalm Sriracha 2st ASC 250g,BONI Gemarin.Zalm Sriracha 2st ASC 250g,"7,95","31,80",EUR,Y,true,,Diepvries > Vis en schaaldieren,https://www.collectandgo.be/wcsstore/CollectAndGoSFAS/images/JPG/200x200/std.lang.all/71/91/asset-3947191.jpg,3074457345616858844
4891466,5192-P,BONI Kabeljauwgepaneerd 4x100g,BONI Kabeljauwgepaneerd 4x100g,"7,95","19,88",EUR,Y,true,,Diepvries > Vis en schaaldieren,https://www.collectandgo.be/wcsstore/CollectAndGoSFAS/images/JPG/200x200/std.lang.all/86/23/asset-3878623.jpg,3074457345616849802
4723491,21082-P,BONI tonijnsteak graatloos MSC 1kg,BONI tonijnsteak graatloos MSC 1kg,"24,09","24,09",EUR,Y,true,,Diepvries > Vis en schaaldieren,https://www.collectandgo.be/wcsstore/CollectAndGoSFAS/images/JPG/200x200/std.lang.all/96/09/asset-3309609.jpg,3074457345616815692
4899938,19034-P,BONI Visfilet gratin spinazie 2x200g,BONI Visfilet gratin spinazie 2x200g,"3,45","8,63",EUR,Y,true,,Diepvries > Vis en schaaldieren,https://www.collectandgo.be/wcsstore/CollectAndGoSFAS/images/JPG/200x200/std.lang.all/41/21/asset-3884121.jpg,3074457345616852668
4921271,19483-P,BONI Scampi Gemarineerd paprika 300g,BONI Scampi Gemarineerd paprika 300g,"5,95","19,84",EUR,Y,true,,Diepvries > Vis en schaaldieren,https://www.collectandgo.be/wcsstore/CollectAndGoSFAS/images/JPG/200x200/std.lang.all/05/86/asset-4080586.jpg,3074457345616859232
4917711,11582-P,BONI Gemarineerde Zalm 4st ASC 500g,BONI Gemarineerde Zalm 4st ASC 500g,"13,95","27,90",EUR,Y,true,,Diepvries > Vis en schaaldieren,https://www.collectandgo.be/wcsstore/CollectAndGoSFAS/images/JPG/200x200/std.lang.all/71/90/asset-3947190.jpg,3074457345616858330
4727177,23343-P,BONI Mantelschelpnoten z.koraal 500g,BONI Mantelschelpnoten z.koraal 500g,"17,55","35,10",EUR,Y,true,,Diepvries > Vis en schaaldieren,https://www.collectandgo.be/wcsstore/CollectAndGoSFAS/images/JPG/200x200/std.lang.all/40/92/asset-3674092.jpg,3074457345616816368
4731438,1632-P,BONI koolvishaasje graatloos MSC 1kg,BONI koolvishaasje graatloos MSC 1kg,"17,49","17,49",EUR,Y,true,,Diepvries > Vis en schaaldieren,https://www.collectandgo.be/wcsstore/CollectAndGoSFAS/images/JPG/200x200/std.lang.all/09/06/asset-3820906.jpg,3074457345616818178
4889849,39502-P,BONI Zalmburger 4x100g,BONI Zalmburger 4x100g,"6,95","17,38",EUR,Y,true,,Diepvries > Vis en schaaldieren,https://www.collectandgo.be/wcsstore/CollectAndGoSFAS/images/JPG/200x200/std.lang.all/50/94/asset-3975094.jpg,3074457345616849274
30325,30325-P,BONI paling in het groen 400g,BONI paling in het groen 400g,"9,99","24,98",EUR,Y,true,,Diepvries > Vis en schaaldieren,https://www.collectandgo.be/wcsstore/CollectAndGoSFAS/images/JPG/200x200/std.lang.all/53/24/asset-3755324.jpg,3074457345616682286
4917569,8082-P,BONI Gemarineerde Scampi Easypeel 400g,BONI Gemarineerde Scampi Easypeel 400g,"8,95","22,38",EUR,Y,true,,Diepvries > Vis en schaaldieren,https://www.collectandgo.be/wcsstore/CollectAndGoSFAS/images/JPG/200x200/std.lang.all/38/73/asset-4053873.jpg,3074457345616858280
4727058,21947-P,BONI zalmforel ASC 1kg,BONI zalmforel ASC 1kg,"29,95","29,95",EUR,Y,true,,Diepvries > Vis en schaaldieren,https://www.collectandgo.be/wcsstore/CollectAndGoSFAS/images/JPG/200x200/std.lang.all/46/90/asset-3734690.jpg,3074457345616816334
3129832,42602-P,BONI kreeft gekookt MSC 450g,BONI kreeft gekookt MSC 450g,"16,96","37,69",EUR,Y,true,,Diepvries > Vis en schaaldieren,https://www.collectandgo.be/wcsstore/CollectAndGoSFAS/images/JPG/200x200/std.lang.all/67/14/asset-2956714.jpg,3074457345616700734
4915643,13568-P,BONI Atlantisch Zalm Portie BIO 5x150g,BONI Atlantisch Zalm Portie BIO 5x150g,"26,95","35,94",EUR,Y,true,,Diepvries > Vis en schaaldieren,https://www.collectandgo.be/wcsstore/CollectAndGoSFAS/images/JPG/200x200/std.lang.all/98/78/asset-3969878.jpg,3074457345616857766
4727223,23526-P,BONI RAUWE KREEFTENSTAART 2st,BONI RAUWE KREEFTENSTAART 2st,"22,50","90,00",EUR,Y,true,,Diepvries > Vis en schaaldieren,https://www.collectandgo.be/wcsstore/CollectAndGoSFAS/images/JPG/200x200/std.lang.all/33/91/asset-3973391.jpg,3074457345616816428
3153684,17514-P,EVERYDAY scampi M gepeld 38-51 ASC 500g,EVERYDAY scampi M gepeld 38-51 ASC 500g,"10,95","21,90",EUR,Y,true,,Diepvries > Vis en schaaldieren,https://www.collectandgo.be/wcsstore/CollectAndGoSFAS/images/JPG/200x200/std.lang.all/80/01/asset-2068001.jpg,3074457345616706306
3453971,30641-P,EVERYDAY scampi medium 32-37 ASC 500g,EVERYDAY scampi medium 32-37 ASC 500g,"9,32","18,64",EUR,Y,true,,Diepvries > Vis en schaaldieren,https://www.collectandgo.be/wcsstore/CollectAndGoSFAS/images/JPG/200x200/std.lang.all/62/48/asset-1886248.jpg,3074457345616714116
3171886,12763-P,EVERYDAY pangasiusfilet graatl.ASC 1kg,EVERYDAY pangasiusfilet graatl.ASC 1kg,"5,76","5,76",EUR,Y,true,,Diepvries > Vis en schaaldieren,https://www.collectandgo.be/wcsstore/CollectAndGoSFAS/images/JPG/200x200/std.lang.all/11/23/asset-2181123.jpg,3074457345616707410
3454767,30650-P,EVERYDAY roze zalm Pac.graatl.MSC 1kg,EVERYDAY roze zalm Pac.graatl.MSC 1kg,"14,36","14,36",EUR,Y,true,,Diepvries > Vis en schaaldieren,https://www.collectandgo.be/wcsstore/CollectAndGoSFAS/images/JPG/200x200/std.lang.all/92/35/asset-1359235.jpg,3074457345616717178
4899971,19909-P,BONI Fishsticks Graatloos 15x30g,BONI Fishsticks Graatloos 15x30g,"1,69","3,76",EUR,N,true,,Diepvries > Vis en schaaldieren,https://www.collectandgo.be/wcsstore/CollectAndGoSFAS/images/JPG/200x200/std.lang.all/74/35/asset-3887435.jpg,3074457345616852674
4889402,39482-P,BONI Zalmfilet Atl. Graatls 2x125g,BONI Zalmfilet Atl. Graatls 2x125g,"5,99","23,96",EUR,N,true,,Diepvries > Vis en schaaldieren,https://www.collectandgo.be/wcsstore/CollectAndGoSFAS/images/JPG/200x200/std.lang.all/56/41/asset-3855641.jpg,3074457345616849240
3283332,9970-P,BONI Tiger scampi groot ongep.ASC 500g,BONI Tiger scampi groot ongep.ASC 500g,"16,95","33,90",EUR,N,true,,Diepvries > Vis en schaaldieren,https://www.collectandgo.be/wcsstore/CollectAndGoSFAS/images/JPG/200x200/std.lang.all/79/20/asset-2277920.jpg,3074457345616709450
3443505,30531-P,BONI Tiger scampi M.gep.34-44 ASC 500g,BONI Tiger scampi M.gep.34-44 ASC 500g,"15,95","31,90",EUR,N,true,,Diepvries > Vis en schaaldieren,https://www.collectandgo.be/wcsstore/CollectAndGoSFAS/images/JPG/200x200/std.lang.all/89/49/asset-1358949.jpg,3074457345616716116
4880777,39186-P,BONI Atl kabeljauw 4x100g,BONI Atl kabeljauw 4x100g,"6,49","16,23",EUR,N,true,,Diepvries > Vis en schaaldieren,https://www.collectandgo.be/wcsstore/CollectAndGoSFAS/images/JPG/200x200/std.lang.all/13/46/asset-3841346.jpg,3074457345616846394
4831033,13611-P,BONI Kabeljauw gekweekt 600g,BONI Kabeljauw gekweekt 600g,"15,95","26,59",EUR,N,true,,Diepvries > Vis en schaaldieren,https://www.collectandgo.be/wcsstore/CollectAndGoSFAS/images/JPG/200x200/std.lang.all/92/75/asset-4069275.jpg,3074457345616837920
4947325,31570-P,WAGNER Mozzarella Snack Airfryer 195g,WAGNER Mozzarella Snack Airfryer 195g,"2,99","15,34",EUR,Y,true,,Diepvries > Diepvriespizza's,https://www.collectandgo.be/wcsstore/CollectAndGoSFAS/images/JPG/200x200/std.lang.all/97/55/asset-4049755.jpg,3074457345616870782
4947332,31606-P,WAGNER Salami Snack Airfryer 195g,WAGNER Salami Snack Airfryer 195g,"2,89","14,83",EUR,Y,true,,Diepvries > Diepvriespizza's,https://www.collectandgo.be/wcsstore/CollectAndGoSFAS/images/JPG/200x200/std.lang.all/97/56/asset-4049756.jpg,3074457345616870784
1705893,32836-P,DR.OETKER RISTORANTE Quattro Form. 340g,DR.OETKER RISTORANTE Quattro Form. 340g,"2,15","6,33",EUR,Y,true,,Diepvries > Diepvriespizza's,https://www.collectandgo.be/wcsstore/CollectAndGoSFAS/images/JPG/200x200/std.lang.all/08/02/asset-3240802.jpg,3074457345616690934
4584622,11704-P,DR.OETKER RISTORANTE Mozzarella 355g,DR.OETKER RISTORANTE Mozzarella 355g,"2,49","7,02",EUR,Y,true,,Diepvries > Diepvriespizza's,https://www.collectandgo.be/wcsstore/CollectAndGoSFAS/images/JPG/200x200/std.lang.all/53/86/asset-3215386.jpg,3074457345616796838
1705892,32835-P,DR.OETKER RISTORANTE pizza Hawaii 355g,DR.OETKER RISTORANTE pizza Hawaii 355g,"2,59","7,30",EUR,Y,true,,Diepvries > Diepvriespizza's,https://www.collectandgo.be/wcsstore/CollectAndGoSFAS/images/JPG/200x200/std.lang.all/54/80/asset-3215480.jpg,3074457345616690932
4584617,11302-P,DR.OETKER RISTORANTE pizza salame 320g,DR.OETKER RISTORANTE pizza salame 320g,"2,85","8,91",EUR,Y,true,,Diepvries > Diepvriespizza's,https://www.collectandgo.be/wcsstore/CollectAndGoSFAS/images/JPG/200x200/std.lang.all/97/86/asset-2829786.jpg,3074457345616796832
4584610,11165-P,DR.OETKER RISTORANTE Speciale 345g,DR.OETKER RISTORANTE Speciale 345g,"2,79","8,09",EUR,Y,true,,Diepvries > Diepvriespizza's,https://www.collectandgo.be/wcsstore/CollectAndGoSFAS/images/JPG/200x200/std.lang.all/53/85/asset-3215385.jpg,3074457345616796826
1234366,30664-P,DR.OETKER RISTORANTE pizza pollo 355g,DR.OETKER RISTORANTE pizza pollo 355g,"3,19","8,99",EUR,Y,true,,Diepvries > Diepvriespizza's,https://www.collectandgo.be/wcsstore/CollectAndGoSFAS/images/JPG/200x200/std.lang.all/97/76/asset-2829776.jpg,3074457345616683410
4584612,11172-P,DR.OETKER RISTORANTE Prosciutto 340g,DR.OETKER RISTORANTE Prosciutto 340g,"3,09","9,09",EUR,Y,true,,Diepvries > Diepvriespizza's,https://www.collectandgo.be/wcsstore/CollectAndGoSFAS/images/JPG/200x200/std.lang.all/54/59/asset-3215459.jpg,3074457345616796828
4383280,24388-P,DR.OETKER RISTORANTE margherita 295g,DR.OETKER RISTORANTE margherita 295g,"2,99","10,14",EUR,Y,true,,Diepvries > Diepvriespizza's,https://www.collectandgo.be/wcsstore/CollectAndGoSFAS/images/JPG/200x200/std.lang.all/54/89/asset-3215489.jpg,3074457345616769828
4905678,2333-P,DR.OETKER LA MARGHERITA Margherita Classica 297g,DR.OETKER LA MARGHERITA Margherita Classica 297g,"3,49","11,76",EUR,Y,true,,Diepvries > Diepvriespizza's,https://www.collectandgo.be/wcsstore/CollectAndGoSFAS/images/JPG/200x200/std.lang.all/80/91/asset-3868091.jpg,3074457345616853596
3736668,41952-P,DR.OETKER RISTORANTE pizza barbecue 340g,DR.OETKER RISTORANTE pizza barbecue 340g,"5,55","16,33",EUR,Y,true,,Diepvries > Diepvriespizza's,https://www.collectandgo.be/wcsstore/CollectAndGoSFAS/images/JPG/200x200/std.lang.all/97/81/asset-2829781.jpg,3074457345616730162
4944663,40356-P,DR.OETKER RISTORANTE ri.piz.spinaci 390g,DR.OETKER RISTORANTE ri.piz.spinaci 390g,"2,99","7,67",EUR,Y,true,,Diepvries > Diepvriespizza's,https://www.collectandgo.be/wcsstore/CollectAndGoSFAS/images/JPG/200x200/std.lang.all/10/28/asset-4061028.jpg,3074457345616869522
3309582,32378-P,DR.OETKER RISTORANTE Bologn.Formag. 375g,DR.OETKER RISTORANTE Bologn.Formag. 375g,"5,45","14,54",EUR,Y,true,,Diepvries > Diepvriespizza's,https://www.collectandgo.be/wcsstore/CollectAndGoSFAS/images/JPG/200x200/std.lang.all/54/87/asset-3215487.jpg,3074457345616709998
3371217,23709-P,DR.OETKER RISTORANTE salami&mozza. 360g,DR.OETKER RISTORANTE salami&mozza. 360g,"2,99","8,31",EUR,Y,true,,Diepvries > Diepvriespizza's,https://www.collectandgo.be/wcsstore/CollectAndGoSFAS/images/JPG/200x200/std.lang.all/46/10/asset-3274610.jpg,3074457345616715316
2180481,30371-P,DR.OETKER RISTORANTE pizza tonno 355g,DR.OETKER RISTORANTE pizza tonno 355g,"2,99","8,43",EUR,Y,true,,Diepvries > Diepvriespizza's,https://www.collectandgo.be/wcsstore/CollectAndGoSFAS/images/JPG/200x200/std.lang.all/79/27/asset-2847927.jpg,3074457345616697502
2550349,39977-P,DR.OETKER RISTORANTE Pepp-salami 320g,DR.OETKER RISTORANTE Pepp-salami 320g,"4,89","15,29",EUR,Y,true,,Diepvries > Diepvriespizza's,https://www.collectandgo.be/wcsstore/CollectAndGoSFAS/images/JPG/200x200/std.lang.all/74/66/asset-2287466.jpg,3074457345616695468
1471109,30356-P,DR.OETKER RISTORANTE pizza funghi 365g,DR.OETKER RISTORANTE pizza funghi 365g,"3,49","9,57",EUR,Y,true,,Diepvries > Diepvriespizza's,https://www.collectandgo.be/wcsstore/CollectAndGoSFAS/images/JPG/200x200/std.lang.all/79/91/asset-2847991.jpg,3074457345616688446
4061829,6885-P,DR.OETKER RISTORANTE Diavola 350g,DR.OETKER RISTORANTE Diavola 350g,"2,99","8,55",EUR,Y,true,,Diepvries > Diepvriespizza's,https://www.collectandgo.be/wcsstore/CollectAndGoSFAS/images/JPG/200x200/std.lang.all/37/16/asset-3343716.jpg,3074457345616736690
4059886,6835-P,DR.OETKER CASA DI MAMA Salame 390g,DR.OETKER CASA DI MAMA Salame 390g,"3,99","10,24",EUR,Y,true,,Diepvries > Diepvriespizza's,https://www.collectandgo.be/wcsstore/CollectAndGoSFAS/images/JPG/200x200/std.lang.all/24/57/asset-2122457.jpg,3074457345616736754
2180479,30417-P,DR.OETKER CASA DI MAMA 4 Formaggi 410g,DR.OETKER CASA DI MAMA 4 Formaggi 410g,"4,99","12,18",EUR,Y,true,,Diepvries > Diepvriespizza's,https://www.collectandgo.be/wcsstore/CollectAndGoSFAS/images/JPG/200x200/std.lang.all/24/54/asset-2122454.jpg,3074457345616697498
4726773,19746-P,DR.OETKER RISTORANTE Vegetale 385g,DR.OETKER RISTORANTE Vegetale 385g,"4,99","12,97",EUR,Y,true,,Diepvries > Diepvriespizza's,https://www.collectandgo.be/wcsstore/CollectAndGoSFAS/images/JPG/200x200/std.lang.all/55/40/asset-3215540.jpg,3074457345616816292
4732758,8248-P,DR.OETKER BIG AMERICANS Texas 435g,DR.OETKER BIG AMERICANS Texas 435g,"4,99","11,48",EUR,Y,true,,Diepvries > Diepvriespizza's,https://www.collectandgo.be/wcsstore/CollectAndGoSFAS/images/JPG/200x200/std.lang.all/66/48/asset-3236648.jpg,3074457345616818318
4584733,12002-P,DR.OETKER CASA DI MAMA pizza Hawaï 415g,DR.OETKER CASA DI MAMA pizza Hawaï 415g,"4,49","10,82",EUR,Y,true,,Diepvries > Diepvriespizza's,https://www.collectandgo.be/wcsstore/CollectAndGoSFAS/images/JPG/200x200/std.lang.all/24/56/asset-2122456.jpg,3074457345616796852
4876336,39004-P,DR.OETKER salame romano 425g,DR.OETKER salame romano 425g,"5,89","13,86",EUR,Y,true,,Diepvries > Diepvriespizza's,https://www.collectandgo.be/wcsstore/CollectAndGoSFAS/images/JPG/200x200/std.lang.all/44/38/asset-3784438.jpg,3074457345616846066
4876231,38989-P,DR.OETKER Cinque formaggi 424g,DR.OETKER Cinque formaggi 424g,"5,89","13,90",EUR,Y,true,,Diepvries > Diepvriespizza's,https://www.collectandgo.be/wcsstore/CollectAndGoSFAS/images/JPG/200x200/std.lang.all/38/67/asset-3893867.jpg,3074457345616846036
3673313,30811-P,DR.OETKER RISTORANTE mozzarella gv 370g,DR.OETKER RISTORANTE mozzarella gv 370g,"5,99","16,19",EUR,Y,true,,Diepvries > Diepvriespizza's,https://www.collectandgo.be/wcsstore/CollectAndGoSFAS/images/JPG/200x200/std.lang.all/54/88/asset-3215488.jpg,3074457345616750002
4876264,38992-P,DR.OETKER Calabrese&Nduja Tipo 454g,DR.OETKER Calabrese&Nduja Tipo 454g,"5,89","12,98",EUR,Y,true,,Diepvries > Diepvriespizza's,https://www.collectandgo.be/wcsstore/CollectAndGoSFAS/images/JPG/200x200/std.lang.all/38/68/asset-3893868.jpg,3074457345616846050
4812185,37600-P,DR.OETKER RISTORANTE Piccol.Salame 288g,DR.OETKER RISTORANTE Piccol.Salame 288g,"4,99","17,33",EUR,Y,true,,Diepvries > Diepvriespizza's,https://www.collectandgo.be/wcsstore/CollectAndGoSFAS/images/JPG/200x200/std.lang.all/59/92/asset-3505992.jpg,3074457345616834486
4812182,37599-P,DR.OETKER RISTORANTE Piccol.Prosc. 288g,DR.OETKER RISTORANTE Piccol.Prosc. 288g,"5,65","19,62",EUR,Y,true,,Diepvries > Diepvriespizza's,https://www.collectandgo.be/wcsstore/CollectAndGoSFAS/images/JPG/200x200/std.lang.all/38/33/asset-3503833.jpg,3074457345616834484
4921684,20636-P,DR.OETKER Casa di Mama Diavola 405g,DR.OETKER Casa di Mama Diavola 405g,"5,39","13,31",EUR,Y,true,,Diepvries > Diepvriespizza's,https://www.collectandgo.be/wcsstore/CollectAndGoSFAS/images/JPG/200x200/std.lang.all/28/55/asset-3902855.jpg,3074457345616859274
4921364,19618-P,DR.OETKER Big Americans Hawaii 460g,DR.OETKER Big Americans Hawaii 460g,"4,99","10,85",EUR,Y,true,,Diepvries > Diepvriespizza's,https://www.collectandgo.be/wcsstore/CollectAndGoSFAS/images/JPG/200x200/std.lang.all/28/53/asset-3902853.jpg,3074457345616859242
4921687,20644-P,DR.OETKER Ristor.Piadina 4 kazen 2s 280g,DR.OETKER Ristor.Piadina 4 kazen 2s 280g,"3,99","14,25",EUR,Y,true,,Diepvries > Diepvriespizza's,https://www.collectandgo.be/wcsstore/CollectAndGoSFAS/images/JPG/200x200/std.lang.all/28/56/asset-3902856.jpg,3074457345616859276
4921678,20600-P,DR.OETKER Ristor.Piadina Diavola 2s 280g,DR.OETKER Ristor.Piadina Diavola 2s 280g,"3,99","14,25",EUR,Y,true,,Diepvries > Diepvriespizza's,https://www.collectandgo.be/wcsstore/CollectAndGoSFAS/images/JPG/200x200/std.lang.all/28/54/asset-3902854.jpg,3074457345616859272
4958715,26641-P,DR.OETKER Margherita 414g,DR.OETKER Margherita 414g,"5,59","13,51",EUR,Y,true,,Diepvries > Diepvriespizza's,,3074457345616875270
4958711,26615-P,DR.OETKER BIG AMERICANS AirfrPepp. 140g,DR.OETKER BIG AMERICANS AirfrPepp. 140g,"2,89","20,65",EUR,Y,true,,Diepvries > Diepvriespizza's,,3074457345616875266
4836481,27735-P,BONI 4 Kazen 2x340g,BONI 4 Kazen 2x340g,"2,18","3,21",EUR,Y,true,,Diepvries > Diepvriespizza's,https://www.collectandgo.be/wcsstore/CollectAndGoSFAS/images/JPG/200x200/std.lang.all/97/51/asset-3679751.jpg,3074457345616838808
4877342,39040-P,BONI Pizza Speciale 2x330g,BONI Pizza Speciale 2x330g,"3,30","5,00",EUR,Y,true,,Diepvries > Diepvriespizza's,https://www.collectandgo.be/wcsstore/CollectAndGoSFAS/images/JPG/200x200/std.lang.all/29/82/asset-3982982.jpg,3074457345616846116
4877420,39045-P,BONI Pizza Mozzarella 2x335g,BONI Pizza Mozzarella 2x335g,"3,34","4,99",EUR,Y,true,,Diepvries > Diepvriespizza's,https://www.collectandgo.be/wcsstore/CollectAndGoSFAS/images/JPG/200x200/std.lang.all/29/83/asset-3982983.jpg,3074457345616846090
4829592,6945-P,BONI Prosciutto 2x330g,BONI Prosciutto 2x330g,"3,79","5,75",EUR,Y,true,,Diepvries > Diepvriespizza's,https://www.collectandgo.be/wcsstore/CollectAndGoSFAS/images/JPG/200x200/std.lang.all/29/81/asset-3982981.jpg,3074457345616837774
4829584,6719-P,BONI Pizza Hawai 2x355g,BONI Pizza Hawai 2x355g,"2,98","4,20",EUR,Y,true,,Diepvries > Diepvriespizza's,https://www.collectandgo.be/wcsstore/CollectAndGoSFAS/images/JPG/200x200/std.lang.all/75/41/asset-3987541.jpg,3074457345616837770
4923892,16733-P,BONI Pizza Chicken BBQ 390g,BONI Pizza Chicken BBQ 390g,"2,99","7,67",EUR,Y,true,,Diepvries > Diepvriespizza's,https://www.collectandgo.be/wcsstore/CollectAndGoSFAS/images/JPG/200x200/std.lang.all/88/70/asset-3968870.jpg,3074457345616859680
4923887,16326-P,BONI Pizza Premium Meat lover 410g,BONI Pizza Premium Meat lover 410g,"3,25","7,93",EUR,Y,true,,Diepvries > Diepvriespizza's,https://www.collectandgo.be/wcsstore/CollectAndGoSFAS/images/JPG/200x200/std.lang.all/05/21/asset-3970521.jpg,3074457345616859676
4923890,16419-P,BONI Pizza Premium 5 kazen 390g,BONI Pizza Premium 5 kazen 390g,"2,99","7,67",EUR,Y,true,,Diepvries > Diepvriespizza's,https://www.collectandgo.be/wcsstore/CollectAndGoSFAS/images/JPG/200x200/std.lang.all/05/22/asset-3970522.jpg,3074457345616859678
4923882,16263-P,BONI Pizza Premium Veggie 360g,BONI Pizza Premium Veggie 360g,"2,33","6,48",EUR,Y,true,,Diepvries > Diepvriespizza's,https://www.collectandgo.be/wcsstore/CollectAndGoSFAS/images/JPG/200x200/std.lang.all/05/20/asset-3970520.jpg,3074457345616859674
4877926,39057-P,BONI BIO BIO pizza veggie 425g,BONI BIO BIO pizza veggie 425g,"3,19","7,51",EUR,Y,true,,Diepvries > Diepvriespizza's,https://www.collectandgo.be/wcsstore/CollectAndGoSFAS/images/JPG/200x200/std.lang.all/31/27/asset-3983127.jpg,3074457345616846142
4605465,22973-P,MEKKAFOOD pizza Lahmacun 2x180g,MEKKAFOOD pizza Lahmacun 2x180g,"2,99","8,31",EUR,Y,true,,Diepvries > Diepvriespizza's,https://www.collectandgo.be/wcsstore/CollectAndGoSFAS/images/JPG/200x200/std.lang.all/92/24/asset-4079224.jpg,3074457345616798460
4877902,39055-P,EVERYDAY margherita 3x300g,EVERYDAY margherita 3x300g,"2,59","2,88",EUR,Y,true,,Diepvries > Diepvriespizza's,https://www.collectandgo.be/wcsstore/CollectAndGoSFAS/images/JPG/200x200/std.lang.all/86/76/asset-3808676.jpg,3074457345616846138
4726766,19509-P,DR.OETKER BIG AMERICANS BBQ Chicken 460g,DR.OETKER BIG AMERICANS BBQ Chicken 460g,"4,99","10,85",EUR,N,true,,Diepvries > Diepvriespizza's,https://www.collectandgo.be/wcsstore/CollectAndGoSFAS/images/JPG/200x200/std.lang.all/55/39/asset-3215539.jpg,3074457345616816290
3801935,20481-P,IGLO macaroni ham-kaas 450g,IGLO macaroni ham-kaas 450g,"3,89","8,65",EUR,Y,true,,Diepvries > Kant-en-klaarmaaltijden,https://www.collectandgo.be/wcsstore/CollectAndGoSFAS/images/JPG/200x200/std.lang.all/93/82/asset-3989382.jpg,3074457345616727442
3801962,20488-P,IGLO aardappelgratin gehakt spinaz. 450g,IGLO aardappelgratin gehakt spinaz. 450g,"7,19","15,98",EUR,Y,true,,Diepvries > Kant-en-klaarmaaltijden,https://www.collectandgo.be/wcsstore/CollectAndGoSFAS/images/JPG/200x200/std.lang.all/40/28/asset-3274028.jpg,3074457345616727776
3801972,20565-P,IGLO witloof gratin 450g,IGLO witloof gratin 450g,"7,39","16,43",EUR,Y,true,,Diepvries > Kant-en-klaarmaaltijden,https://www.collectandgo.be/wcsstore/CollectAndGoSFAS/images/JPG/200x200/std.lang.all/40/29/asset-3274029.jpg,3074457345616727778
4891327,3962-P,IGLO vol au vent 425g,IGLO vol au vent 425g,"6,45","15,18",EUR,Y,true,,Diepvries > Kant-en-klaarmaaltijden,https://www.collectandgo.be/wcsstore/CollectAndGoSFAS/images/JPG/200x200/std.lang.all/90/14/asset-4079014.jpg,3074457345616849768
4747371,32787-P,IGLO spaghetti bolognese 450g,IGLO spaghetti bolognese 450g,"4,99","11,09",EUR,Y,true,,Diepvries > Kant-en-klaarmaaltijden,https://www.collectandgo.be/wcsstore/CollectAndGoSFAS/images/JPG/200x200/std.lang.all/05/38/asset-3310538.jpg,3074457345616820854
4945033,40390-P,IGLO Protein Bowl Thaise curry Kip 350g,IGLO Protein Bowl Thaise curry Kip 350g,"6,99","19,98",EUR,Y,true,,Diepvries > Kant-en-klaarmaaltijden,https://www.collectandgo.be/wcsstore/CollectAndGoSFAS/images/JPG/200x200/std.lang.all/57/46/asset-4025746.jpg,3074457345616869594
4953675,9758-P,"IGLO Pasta kip,Broccoli,Boontjes 400g","IGLO Pasta kip,Broccoli,Boontjes 400g","6,99","17,48",EUR,Y,true,,Diepvries > Kant-en-klaarmaaltijden,https://www.collectandgo.be/wcsstore/CollectAndGoSFAS/images/JPG/200x200/std.lang.all/92/18/asset-4079218.jpg,3074457345616873234
2933598,38605-P,BONI kip in witloofsaus 500g,BONI kip in witloofsaus 500g,"3,50","7,00",EUR,Y,true,,Diepvries > Kant-en-klaarmaaltijden,https://www.collectandgo.be/wcsstore/CollectAndGoSFAS/images/JPG/200x200/std.lang.all/64/08/asset-3406408.jpg,3074457345616701846
30447,30447-P,BONI rundstong in maderasaus 400g,BONI rundstong in maderasaus 400g,"4,79","11,98",EUR,Y,true,,Diepvries > Kant-en-klaarmaaltijden,https://www.collectandgo.be/wcsstore/CollectAndGoSFAS/images/JPG/200x200/std.lang.all/64/07/asset-3406407.jpg,3074457345616681704
2933600,38606-P,BONI balletjes in tomatensaus 500g,BONI balletjes in tomatensaus 500g,"3,69","7,38",EUR,Y,true,,Diepvries > Kant-en-klaarmaaltijden,https://www.collectandgo.be/wcsstore/CollectAndGoSFAS/images/JPG/200x200/std.lang.all/25/29/asset-3342529.jpg,3074457345616701848
4711275,10789-P,BONI tagliatelli carbonara groenten 500g,BONI tagliatelli carbonara groenten 500g,"4,30","8,60",EUR,Y,true,,Diepvries > Kant-en-klaarmaaltijden,https://www.collectandgo.be/wcsstore/CollectAndGoSFAS/images/JPG/200x200/std.lang.all/30/53/asset-3373053.jpg,3074457345616812742
4712121,18784-P,BONI kip curry rijst groenten 500g,BONI kip curry rijst groenten 500g,"4,30","8,60",EUR,Y,true,,Diepvries > Kant-en-klaarmaaltijden,https://www.collectandgo.be/wcsstore/CollectAndGoSFAS/images/JPG/200x200/std.lang.all/47/25/asset-3644725.jpg,3074457345616812868
4940748,39875-P,KOREAN FOOD ST rice beef 300g,KOREAN FOOD ST rice beef 300g,"4,29","14,30",EUR,Y,true,,Diepvries > Kant-en-klaarmaaltijden,https://www.collectandgo.be/wcsstore/CollectAndGoSFAS/images/JPG/200x200/std.lang.all/15/32/asset-4001532.jpg,3074457345616868862
4773596,33026-P,BONI Lasagne 450g,BONI Lasagne 450g,"3,25","7,23",EUR,Y,true,,Diepvries > Kant-en-klaarmaaltijden,https://www.collectandgo.be/wcsstore/CollectAndGoSFAS/images/JPG/200x200/std.lang.all/45/97/asset-3404597.jpg,3074457345616826288
4941806,39930-P,KOREAN FOOD ST fried rice groent 300g,KOREAN FOOD ST fried rice groent 300g,"3,49","11,64",EUR,Y,true,,Diepvries > Kant-en-klaarmaaltijden,https://www.collectandgo.be/wcsstore/CollectAndGoSFAS/images/JPG/200x200/std.lang.all/15/34/asset-4001534.jpg,3074457345616868928
4944806,40373-P,ARBI Saus bas.zvrucht.garnal.tom. 450g,ARBI Saus bas.zvrucht.garnal.tom. 450g,"4,95","11,00",EUR,Y,true,,Diepvries > Kant-en-klaarmaaltijden,https://www.collectandgo.be/wcsstore/CollectAndGoSFAS/images/JPG/200x200/std.lang.all/49/51/asset-4084951.jpg,3074457345616869546
4235254,18503-P,EVERYDAY nasi goreng 750g,EVERYDAY nasi goreng 750g,"2,99","3,99",EUR,Y,true,,Diepvries > Kant-en-klaarmaaltijden,https://www.collectandgo.be/wcsstore/CollectAndGoSFAS/images/JPG/200x200/std.lang.all/03/81/asset-2400381.jpg,3074457345616751470
1226788,30644-P,EVERYDAY macaroni ham kaas 500g,EVERYDAY macaroni ham kaas 500g,"3,25","6,50",EUR,Y,true,,Diepvries > Kant-en-klaarmaaltijden,https://www.collectandgo.be/wcsstore/CollectAndGoSFAS/images/JPG/200x200/std.lang.all/56/46/asset-1405646.jpg,3074457345616684286
3931125,1017-P,EVERYDAY DV bami goreng 750g,EVERYDAY DV bami goreng 750g,"2,79","3,72",EUR,Y,true,,Diepvries > Kant-en-klaarmaaltijden,https://www.collectandgo.be/wcsstore/CollectAndGoSFAS/images/JPG/200x200/std.lang.all/98/54/asset-1889854.jpg,3074457345616732278
4846593,12246-P,"EVERYDAY Paella 1,5kg","EVERYDAY Paella 1,5kg","5,98","3,99",EUR,Y,true,,Diepvries > Kant-en-klaarmaaltijden,https://www.collectandgo.be/wcsstore/CollectAndGoSFAS/images/JPG/200x200/std.lang.all/51/81/asset-3755181.jpg,3074457345616841222
3386237,30147-P,BONI lasagne bolognese glutenvrij 400g,BONI lasagne bolognese glutenvrij 400g,"5,05","12,63",EUR,N,true,,Diepvries > Kant-en-klaarmaaltijden,https://www.collectandgo.be/wcsstore/CollectAndGoSFAS/images/JPG/200x200/std.lang.all/79/96/asset-2107996.jpg,3074457345616711454
3830282,42226-P,WAGNER PICCOLINIS tomaat-mozzar. 9x30g,WAGNER PICCOLINIS tomaat-mozzar. 9x30g,"3,49","12,93",EUR,Y,true,,Diepvries > Hapjes en snacks,https://www.collectandgo.be/wcsstore/CollectAndGoSFAS/images/JPG/200x200/std.lang.all/43/11/asset-3334311.jpg,3074457345616729866
30289,30289-P,BECKERS frikandellen 20x70g,BECKERS frikandellen 20x70g,"7,19","5,14",EUR,Y,true,,Diepvries > Hapjes en snacks,https://www.collectandgo.be/wcsstore/CollectAndGoSFAS/images/JPG/200x200/std.lang.all/84/90/asset-3808490.jpg,3074457345616682274
4793645,35831-P,MEXICANO Classic 4x90g,MEXICANO Classic 4x90g,"4,39","12,20",EUR,Y,true,,Diepvries > Hapjes en snacks,https://www.collectandgo.be/wcsstore/CollectAndGoSFAS/images/JPG/200x200/std.lang.all/34/45/asset-3463445.jpg,3074457345616829342
4890324,39544-P,BECKERS Bitterballen 34x20g,BECKERS Bitterballen 34x20g,"6,30","9,27",EUR,Y,true,,Diepvries > Hapjes en snacks,https://www.collectandgo.be/wcsstore/CollectAndGoSFAS/images/JPG/200x200/std.lang.all/34/19/asset-3853419.jpg,3074457345616849344
3145072,18177-P,BECKERS partymix classic 32st 608g,BECKERS partymix classic 32st 608g,"8,63","14,20",EUR,Y,true,,Diepvries > Hapjes en snacks,https://www.collectandgo.be/wcsstore/CollectAndGoSFAS/images/JPG/200x200/std.lang.all/28/41/asset-2522841.jpg,3074457345616710602
4906415,5788-P,BECKERS Boulet 4x120g,BECKERS Boulet 4x120g,"5,49","11,44",EUR,Y,true,,Diepvries > Hapjes en snacks,https://www.collectandgo.be/wcsstore/CollectAndGoSFAS/images/JPG/200x200/std.lang.all/94/29/asset-3869429.jpg,3074457345616853672
4715218,31939-P,BECKERS rundsvleeskroket 4x70g,BECKERS rundsvleeskroket 4x70g,"3,60","12,86",EUR,Y,true,,Diepvries > Hapjes en snacks,https://www.collectandgo.be/wcsstore/CollectAndGoSFAS/images/JPG/200x200/std.lang.all/45/55/asset-3334555.jpg,3074457345616813726
4715152,31932-P,BECKERS Bami topper 4x70g,BECKERS Bami topper 4x70g,"3,95","14,11",EUR,Y,true,,Diepvries > Hapjes en snacks,https://www.collectandgo.be/wcsstore/CollectAndGoSFAS/images/JPG/200x200/std.lang.all/63/85/asset-3196385.jpg,3074457345616813718
4058330,6693-P,MORA Oven rundvleesbitterballen 12x25g,MORA Oven rundvleesbitterballen 12x25g,"3,99","13,30",EUR,Y,true,,Diepvries > Hapjes en snacks,https://www.collectandgo.be/wcsstore/CollectAndGoSFAS/images/JPG/200x200/std.lang.all/94/40/asset-3869440.jpg,3074457345616730964
4326216,21165-P,MORA oven fun mix 16st,MORA oven fun mix 16st,"6,99","21,06",EUR,Y,true,,Diepvries > Hapjes en snacks,https://www.collectandgo.be/wcsstore/CollectAndGoSFAS/images/JPG/200x200/std.lang.all/45/82/asset-3884582.jpg,3074457345616761076
30364,30364-P,MORA chixfingers kip ±35st 550g,MORA chixfingers kip ±35st 550g,"10,56","19,20",EUR,Y,true,,Diepvries > Hapjes en snacks,https://www.collectandgo.be/wcsstore/CollectAndGoSFAS/images/JPG/200x200/std.lang.all/05/09/asset-4080509.jpg,3074457345616681678
30229,30229-P,MORA loempia kip ham 6st,MORA loempia kip ham 6st,"11,19","14,92",EUR,Y,true,,Diepvries > Hapjes en snacks,https://www.collectandgo.be/wcsstore/CollectAndGoSFAS/images/JPG/200x200/std.lang.all/45/26/asset-3714526.jpg,3074457345616679072
4414331,10923-P,MORA oven mini frikandellen 20st,MORA oven mini frikandellen 20st,"4,69","11,73",EUR,Y,true,,Diepvries > Hapjes en snacks,https://www.collectandgo.be/wcsstore/CollectAndGoSFAS/images/JPG/200x200/std.lang.all/31/96/asset-3963196.jpg,3074457345616774314
3876961,22735-P,MORA oven kaaskroketten 4x70g,MORA oven kaaskroketten 4x70g,"6,49","23,18",EUR,Y,true,,Diepvries > Hapjes en snacks,https://www.collectandgo.be/wcsstore/CollectAndGoSFAS/images/JPG/200x200/std.lang.all/45/81/asset-3884581.jpg,3074457345616737740
4888075,39400-P,MORA Oven & Airfryer Frikandel 8x70g,MORA Oven & Airfryer Frikandel 8x70g,"5,59","9,99",EUR,Y,true,,Diepvries > Hapjes en snacks,https://www.collectandgo.be/wcsstore/CollectAndGoSFAS/images/JPG/200x200/std.lang.all/10/23/asset-3981023.jpg,3074457345616848738
4713412,31829-P,MORA frikandellen friteuse 5x70g,MORA frikandellen friteuse 5x70g,"2,18","6,23",EUR,Y,true,,Diepvries > Hapjes en snacks,https://www.collectandgo.be/wcsstore/CollectAndGoSFAS/images/JPG/200x200/std.lang.all/37/81/asset-4023781.jpg,3074457345616813028
4183843,12826-P,MORA Oven&Airfryer garnaalkroket 4x60g,MORA Oven&Airfryer garnaalkroket 4x60g,"9,49","39,55",EUR,Y,true,,Diepvries > Hapjes en snacks,https://www.collectandgo.be/wcsstore/CollectAndGoSFAS/images/JPG/200x200/std.lang.all/94/63/asset-3869463.jpg,3074457345616744814
4044231,2356-P,MORA Oven goudse kaasballetjes 14x20g,MORA Oven goudse kaasballetjes 14x20g,"7,29","26,04",EUR,Y,true,,Diepvries > Hapjes en snacks,https://www.collectandgo.be/wcsstore/CollectAndGoSFAS/images/JPG/200x200/std.lang.all/94/39/asset-3869439.jpg,3074457345616738834
4590016,22533-P,MORA Oven&Airfryer kipnuggets 14x20g,MORA Oven&Airfryer kipnuggets 14x20g,"4,99","17,83",EUR,Y,true,,Diepvries > Hapjes en snacks,https://www.collectandgo.be/wcsstore/CollectAndGoSFAS/images/JPG/200x200/std.lang.all/05/10/asset-4080510.jpg,3074457345616797188
3456110,30655-P,MORA Fun Mix selection ±40st 630g,MORA Fun Mix selection ±40st 630g,"9,36","14,86",EUR,Y,true,,Diepvries > Hapjes en snacks,https://www.collectandgo.be/wcsstore/CollectAndGoSFAS/images/JPG/200x200/std.lang.all/27/25/asset-2112725.jpg,3074457345616715566
2480233,38066-P,MORA mini loempia's apéro 18st 360g,MORA mini loempia's apéro 18st 360g,"11,45","31,81",EUR,Y,true,,Diepvries > Hapjes en snacks,https://www.collectandgo.be/wcsstore/CollectAndGoSFAS/images/JPG/200x200/std.lang.all/76/72/asset-3957672.jpg,3074457345616699532
4922698,5882-P,MORA Crispy Chick'n Original 8x30g,MORA Crispy Chick'n Original 8x30g,"4,59","19,13",EUR,Y,true,,Diepvries > Hapjes en snacks,https://www.collectandgo.be/wcsstore/CollectAndGoSFAS/images/JPG/200x200/std.lang.all/92/15/asset-4079215.jpg,3074457345616859388
1434047,30627-P,MORA Sito Gold kalkoenbrochette 10x125g,MORA Sito Gold kalkoenbrochette 10x125g,"21,19","16,96",EUR,Y,true,,Diepvries > Hapjes en snacks,https://www.collectandgo.be/wcsstore/CollectAndGoSFAS/images/JPG/200x200/std.lang.all/43/81/asset-614381.jpg,3074457345616688472
4428999,3345-P,MORA oven & airfryer mmmixpack 440g,MORA oven & airfryer mmmixpack 440g,"8,59","19,53",EUR,Y,true,,Diepvries > Hapjes en snacks,https://www.collectandgo.be/wcsstore/CollectAndGoSFAS/images/JPG/200x200/std.lang.all/81/19/asset-3958119.jpg,3074457345616776210
4949026,40894-P,WAGNER PICCOLINIS Piccolini salami 9x30g,WAGNER PICCOLINIS Piccolini salami 9x30g,"3,99","14,78",EUR,Y,true,,Diepvries > Hapjes en snacks,https://www.collectandgo.be/wcsstore/CollectAndGoSFAS/images/JPG/200x200/std.lang.all/97/57/asset-4049757.jpg,3074457345616871992
4890278,39536-P,BICKY Hamburger Original 12x70g,BICKY Hamburger Original 12x70g,"7,49","8,92",EUR,Y,true,,Diepvries > Hapjes en snacks,https://www.collectandgo.be/wcsstore/CollectAndGoSFAS/images/JPG/200x200/std.lang.all/34/22/asset-3853422.jpg,3074457345616849330
4789813,21368-P,BICKY Crunchy Chicken Burger 4x70g,BICKY Crunchy Chicken Burger 4x70g,"5,94","21,22",EUR,Y,true,,Diepvries > Hapjes en snacks,https://www.collectandgo.be/wcsstore/CollectAndGoSFAS/images/JPG/200x200/std.lang.all/32/60/asset-3463260.jpg,3074457345616828418
3830270,42225-P,WAGNER PICCOLINIS Snack Prosciutto 9x30g,WAGNER PICCOLINIS Snack Prosciutto 9x30g,"3,99","14,78",EUR,Y,true,,Diepvries > Hapjes en snacks,https://www.collectandgo.be/wcsstore/CollectAndGoSFAS/images/JPG/200x200/std.lang.all/58/59/asset-3035859.jpg,3074457345616729864
3670196,16480-P,IGLO flapjes ham en kaas 6st 255g,IGLO flapjes ham en kaas 6st 255g,"5,09","19,97",EUR,Y,true,,Diepvries > Hapjes en snacks,https://www.collectandgo.be/wcsstore/CollectAndGoSFAS/images/JPG/200x200/std.lang.all/74/96/asset-3697496.jpg,3074457345616719488
4817951,15093-P,IGLO chicken nuggets 250g,IGLO chicken nuggets 250g,"4,99","19,96",EUR,Y,true,,Diepvries > Hapjes en snacks,https://www.collectandgo.be/wcsstore/CollectAndGoSFAS/images/JPG/200x200/std.lang.all/24/48/asset-3552448.jpg,3074457345616835302
4891266,3889-P,IGLO Chicken Wings 375g,IGLO Chicken Wings 375g,"6,09","16,24",EUR,Y,true,,Diepvries > Hapjes en snacks,https://www.collectandgo.be/wcsstore/CollectAndGoSFAS/images/JPG/200x200/std.lang.all/58/20/asset-3815820.jpg,3074457345616849766
4770887,32883-P,VICI gyoza chicken 600g,VICI gyoza chicken 600g,"5,38","8,97",EUR,Y,true,,Diepvries > Hapjes en snacks,https://www.collectandgo.be/wcsstore/CollectAndGoSFAS/images/JPG/200x200/std.lang.all/42/33/asset-3414233.jpg,3074457345616826062
4869710,19922-P,MEKKAFOOD ribburger 4x100g,MEKKAFOOD ribburger 4x100g,"4,13","10,33",EUR,Y,true,,Diepvries > Hapjes en snacks,https://www.collectandgo.be/wcsstore/CollectAndGoSFAS/images/JPG/200x200/std.lang.all/79/66/asset-3727966.jpg,3074457345616845356
4869353,16148-P,MEKKAFOOD Kipfrikandellen 10x70g,MEKKAFOOD Kipfrikandellen 10x70g,"5,87","8,39",EUR,Y,true,,Diepvries > Hapjes en snacks,https://www.collectandgo.be/wcsstore/CollectAndGoSFAS/images/JPG/200x200/std.lang.all/79/67/asset-3727967.jpg,3074457345616845430
4869332,15881-P,MEKKAFOOD Kebab 750g,MEKKAFOOD Kebab 750g,"8,99","11,99",EUR,Y,true,,Diepvries > Hapjes en snacks,https://www.collectandgo.be/wcsstore/CollectAndGoSFAS/images/JPG/200x200/std.lang.all/79/62/asset-3727962.jpg,3074457345616845292
4869664,18948-P,MEKKAFOOD Kipnuggets 500g,MEKKAFOOD Kipnuggets 500g,"4,99","9,98",EUR,Y,true,,Diepvries > Hapjes en snacks,https://www.collectandgo.be/wcsstore/CollectAndGoSFAS/images/JPG/200x200/std.lang.all/80/86/asset-3728086.jpg,3074457345616845432
4870277,21315-P,MEKKAFOOD Kipburger 12x65g,MEKKAFOOD Kipburger 12x65g,"10,07","12,92",EUR,Y,true,,Diepvries > Hapjes en snacks,https://www.collectandgo.be/wcsstore/CollectAndGoSFAS/images/JPG/200x200/std.lang.all/80/87/asset-3728087.jpg,3074457345616845436
4744873,32633-P,BONI kipnuggets 500g,BONI kipnuggets 500g,"2,69","5,38",EUR,Y,true,,Diepvries > Hapjes en snacks,https://www.collectandgo.be/wcsstore/CollectAndGoSFAS/images/JPG/200x200/std.lang.all/64/72/asset-3306472.jpg,3074457345616820544
4933784,23122-P,BONI kippenburgers 12x70g,BONI kippenburgers 12x70g,"2,29","2,73",EUR,Y,true,,Diepvries > Hapjes en snacks,https://www.collectandgo.be/wcsstore/CollectAndGoSFAS/images/JPG/200x200/std.lang.all/97/79/asset-3989779.jpg,3074457345616864234
4754772,3706-P,BONI oven&airfyer chicken fingers 280g,BONI oven&airfyer chicken fingers 280g,"4,60","16,43",EUR,Y,true,,Diepvries > Hapjes en snacks,https://www.collectandgo.be/wcsstore/CollectAndGoSFAS/images/JPG/200x200/std.lang.all/87/16/asset-3338716.jpg,3074457345616822190
2834298,20394-P,"BONI kippenhapjes 1,25kg","BONI kippenhapjes 1,25kg","10,50","8,40",EUR,Y,true,,Diepvries > Hapjes en snacks,https://www.collectandgo.be/wcsstore/CollectAndGoSFAS/images/JPG/200x200/std.lang.all/63/25/asset-3806325.jpg,3074457345616697962
4848034,30333-P,BONI Garnaalkroketten 12x60g,BONI Garnaalkroketten 12x60g,"14,75","20,49",EUR,Y,true,,Diepvries > Hapjes en snacks,https://www.collectandgo.be/wcsstore/CollectAndGoSFAS/images/JPG/200x200/std.lang.all/95/69/asset-3669569.jpg,3074457345616841678
3834265,16982-P,BONI loempia kip 4st 600g,BONI loempia kip 4st 600g,"6,99","11,65",EUR,Y,true,,Diepvries > Hapjes en snacks,https://www.collectandgo.be/wcsstore/CollectAndGoSFAS/images/JPG/200x200/std.lang.all/74/55/asset-3447455.jpg,3074457345616741374
4278523,3006-P,BONI Yakitori 12x30g,BONI Yakitori 12x30g,"7,70","21,39",EUR,Y,true,,Diepvries > Hapjes en snacks,https://www.collectandgo.be/wcsstore/CollectAndGoSFAS/images/JPG/200x200/std.lang.all/15/35/asset-4001535.jpg,3074457345616694704
4028763,5471-P,BONI minibouchées 20st 350g,BONI minibouchées 20st 350g,"5,49","15,69",EUR,Y,true,,Diepvries > Hapjes en snacks,https://www.collectandgo.be/wcsstore/CollectAndGoSFAS/images/JPG/200x200/std.lang.all/48/89/asset-3404889.jpg,3074457345616742718
30239,30239-P,BONI kaasballetjes 750g,BONI kaasballetjes 750g,"7,95","10,60",EUR,Y,true,,Diepvries > Hapjes en snacks,https://www.collectandgo.be/wcsstore/CollectAndGoSFAS/images/JPG/200x200/std.lang.all/63/58/asset-3676358.jpg,3074457345616679078
4841722,1259-P,BONI Kaaskroket OVAF 4st 4x50g,BONI Kaaskroket OVAF 4st 4x50g,"3,20","16,00",EUR,Y,true,,Diepvries > Hapjes en snacks,https://www.collectandgo.be/wcsstore/CollectAndGoSFAS/images/JPG/200x200/std.lang.all/55/54/asset-3835554.jpg,3074457345616840352
